event_id,seq,ts_ms,ax,ay,az,gx,gy,gz
1,0,10889,-3912,-79,-1180,-2,4,-3
1,1,10902,-3910,-99,-1178,0,3,-2
1,2,10914,-3921,-101,-1161,-1,3,-4
1,3,10927,-3917,-95,-1151,0,5,-3
1,4,10939,-3923,-94,-1141,1,2,-2
1,5,10952,-3921,-98,-1152,0,4,-2
1,6,10964,-3914,-103,-1166,1,5,-4
1,7,10977,-3911,-107,-1179,-3,4,-3
1,8,10990,-3913,-114,-1183,-1,4,-2
1,9,11002,-3920,-91,-1170,1,3,-1
1,10,11015,-3922,-81,-1163,-1,3,-2
1,11,11028,-3921,-70,-1141,2,3,-2
1,12,11040,-3917,-74,-1162,1,2,-2
1,13,11053,-3919,-98,-1171,1,4,0
1,14,11065,-3918,-112,-1174,1,3,-2
1,15,11078,-3918,-115,-1164,-1,3,-3
1,16,11091,-3914,-109,-1170,-2,4,-1
1,17,11103,-3918,-96,-1167,-1,2,0
1,18,11116,-3920,-87,-1158,-2,3,0
1,19,11128,-3922,-77,-1144,0,4,-2
1,20,11141,-3925,-84,-1162,-2,4,-4
1,21,11154,-3914,-102,-1175,0,3,-2
1,22,11166,-3916,-111,-1187,-2,2,-3
1,23,11179,-3913,-115,-1186,-1,3,-3
1,24,11192,-3920,-100,-1165,-2,4,-4
1,25,11204,-3924,-92,-1140,-2,2,-2
1,26,11217,-3928,-79,-1127,0,4,-2
1,27,11229,-3928,-69,-1135,2,3,-2
1,28,11242,-3910,-82,-1196,-2,7,-2
1,29,11254,-3904,-106,-1205,-1,5,-2
1,30,11267,-3908,-111,-1202,-2,2,-5
1,31,11280,-3908,-118,-1172,-2,2,0
1,32,11292,-3925,-86,-1130,1,3,-2
1,33,11305,-3930,-64,-1126,-1,3,-3
1,34,11318,-3934,-53,-1127,-1,5,-3
1,35,11330,-3923,-56,-1145,1,5,-3
1,36,11343,-3909,-113,-1200,1,4,-4
1,37,11355,-3905,-145,-1184,0,2,-4
1,38,11368,-3919,-148,-1161,0,1,-2
1,39,11381,-3922,-126,-1152,1,1,-4
1,40,11393,-3924,-61,-1153,-1,1,0
1,41,11406,-3925,-42,-1150,-1,4,-3
1,42,11419,-3919,-51,-1164,1,4,-3
1,43,11431,-3914,-87,-1169,1,1,-1
1,44,11444,-3920,-144,-1150,-2,7,-2
1,45,11456,-3930,-150,-1154,2,2,-2
1,46,11469,-3927,-123,-1152,0,1,-1
1,47,11481,-3921,-80,-1173,-1,4,0
1,48,11494,-3912,-21,-1192,0,2,-3
1,49,11507,-3916,-25,-1183,-1,4,-4
1,50,11519,-3922,-73,-1161,0,2,-2
1,51,11532,-3922,-120,-1145,0,3,-4
1,52,11545,-3922,-165,-1147,1,5,-3
1,53,11557,-3907,-156,-1179,1,5,-1
1,54,11570,-3904,-128,-1198,-1,2,-3
1,55,11582,-3912,-93,-1187,-2,2,-3
1,56,11595,-3931,-97,-1138,-2,3,-2
1,57,11608,-3938,-95,-1095,-3,8,-2
1,58,11620,-3938,-100,-1073,0,2,-1
1,59,11633,-3926,-77,-1157,1,9,-1
1,60,11646,-3898,-66,-1220,1,5,-1
1,61,11658,-3882,-66,-1258,-2,5,-1
1,62,11671,-3889,-63,-1263,-2,1,-4
1,63,11683,-3931,-85,-1139,1,3,-4
1,64,11696,-3939,-100,-1090,0,1,-4
1,65,11708,-3938,-111,-1095,0,3,-5
1,66,11721,-3932,-111,-1114,-1,4,-3
1,67,11734,-3926,-100,-1140,1,4,-3
1,68,11746,-3907,-95,-1184,2,8,-2
1,69,11759,-3895,-88,-1232,0,5,-4
1,70,11771,-3892,-78,-1254,-1,3,3
1,71,11784,-3904,-74,-1190,1,1,-6
1,72,11797,-3928,-79,-1129,-1,2,-3
1,73,11809,-3939,-83,-1090,1,3,-1
1,74,11822,-3942,-94,-1092,0,5,-1
1,75,11834,-3915,-118,-1166,-1,5,-3
1,76,11847,-3908,-128,-1209,2,5,-4
1,77,11859,-3902,-126,-1219,-3,2,-1
1,78,11872,-3901,-113,-1204,0,2,-1
1,79,11884,-3924,-75,-1151,-1,4,-2
1,80,11897,-3923,-61,-1135,2,2,-1
1,81,11910,-3926,-51,-1128,1,4,-3
1,82,11922,-3923,-63,-1125,-1,2,-2
1,83,11939,-3913,-102,-1179,1,5,-3
1,84,11951,-3906,-114,-1205,1,6,-1
1,85,11964,-3905,-129,-1204,-2,3,-3
1,86,11976,-3914,-115,-1172,-1,3,0
1,87,11989,-3920,-102,-1141,-1,3,-3
1,88,12001,-3937,-89,-1110,1,4,-1
1,89,12014,-3937,-81,-1113,0,6,-3
1,90,12027,-3915,-76,-1168,2,7,-2
1,91,12040,-3908,-80,-1209,0,2,-2
1,92,12052,-3904,-87,-1217,0,3,-3
1,93,12065,-3909,-95,-1203,-1,3,-4
1,94,12077,-3922,-100,-1154,0,3,0
1,95,12090,-3929,-102,-1132,-1,3,-3
1,96,12102,-3940,-100,-1129,-1,4,-2
1,97,12115,-3930,-94,-1127,-1,3,-1
1,98,12128,-3917,-103,-1169,0,3,-3
1,99,12140,-3902,-96,-1187,1,4,-3
1,100,12153,-3905,-85,-1192,0,4,-1
1,101,12166,-3912,-98,-1187,3,4,-4
1,102,12178,-3918,-84,-1153,0,4,-3
1,103,12191,-3919,-88,-1147,-3,3,-4
1,104,12203,-3928,-96,-1147,-1,5,-4
1,105,12216,-3918,-96,-1166,-2,5,-3
1,106,12229,-3918,-104,-1178,-1,5,-2
1,107,12241,-3907,-107,-1183,-1,3,-4
1,108,12254,-3912,-102,-1187,1,4,-2
1,109,12266,-3922,-95,-1154,-3,4,-2
1,110,12279,-3921,-85,-1149,-1,2,-3
1,111,12292,-3926,-88,-1142,2,2,-1
1,112,12304,-3924,-84,-1150,0,5,-2
1,113,12317,-3914,-91,-1173,0,5,-1
1,114,12330,-3916,-97,-1181,-1,4,-2
1,115,12342,-3904,-104,-1181,0,2,-2
1,116,12355,-3911,-103,-1170,-1,2,-2
1,117,12367,-3918,-104,-1168,0,2,-3
1,118,12380,-3914,-104,-1152,-1,-2,-3
1,119,12392,-3940,-84,-1131,0,3,-7
1,120,12405,-3915,-78,-1126,-3,11,5
1,121,12418,-3915,-80,-1195,1,-1,-3
1,122,12430,-3897,-84,-1205,2,2,-2
1,123,12443,-3918,-100,-1219,-2,2,0
1,124,12455,-3913,-109,-1166,-2,5,-4
1,125,12468,-3935,-119,-1108,1,4,-1
1,126,12481,-3931,-107,-1125,4,3,-2
1,127,12493,-3918,-105,-1148,0,3,-1
1,128,12506,-3918,-91,-1171,-1,3,-3
1,129,12518,-3922,-92,-1156,0,4,-3
1,130,12531,-3915,-90,-1158,1,3,-2
1,131,12544,-3914,-92,-1170,1,6,-2
1,132,12556,-3913,-96,-1182,1,2,-2
1,133,12569,-3917,-88,-1164,1,4,-5
1,134,12582,-3924,-97,-1151,-2,2,-4
1,135,12594,-3933,-92,-1137,-1,3,-5
1,136,12607,-3929,-91,-1141,-1,4,-1
1,137,12619,-3908,-88,-1180,1,3,-1
1,138,12632,-3907,-91,-1197,1,4,-3
1,139,12644,-3905,-95,-1189,0,3,-2
1,140,12657,-3918,-87,-1162,-2,1,-4
1,141,12670,-3923,-103,-1148,-2,2,-3
1,142,12682,-3922,-105,-1152,-1,3,-1
1,143,12695,-3915,-105,-1163,1,4,-2
1,144,12708,-3915,-101,-1167,-2,4,-2
1,145,12720,-3915,-103,-1174,0,4,-2
1,146,12733,-3922,-102,-1168,0,1,-4
1,147,12745,-3917,-97,-1168,0,3,-3
1,148,12758,-3924,-92,-1166,-1,3,-2
1,149,12770,-3926,-81,-1149,1,4,-3
1,150,12783,-3924,-84,-1150,1,5,-2
1,151,12796,-3918,-90,-1158,0,6,-2
1,152,12808,-3918,-96,-1164,1,3,-1
1,153,12821,-3916,-101,-1190,0,3,-3
1,154,12833,-3910,-101,-1175,0,4,-3
1,155,12846,-3928,-98,-1167,1,2,-2
1,156,12858,-3927,-97,-1162,-2,4,-2
1,157,12871,-3916,-97,-1152,0,2,-3
1,158,12884,-3923,-98,-1164,-1,4,-2
1,159,12896,-3919,-92,-1164,0,4,-1
1,160,12909,-3911,-91,-1170,2,2,-1
1,161,12922,-3921,-100,-1164,1,5,-1
1,162,12934,-3921,-99,-1163,-3,3,-2
1,163,12947,-3913,-99,-1163,2,4,-5
1,164,12959,-3913,-98,-1164,-1,3,-2
1,165,12972,-3917,-96,-1159,0,3,-2
1,166,12984,-3913,-96,-1167,0,4,-5
1,167,12997,-3915,-94,-1162,0,4,-2
1,168,13010,-3912,-91,-1169,0,3,-2
1,169,13022,-3919,-93,-1172,-2,3,-4
1,170,13035,-3918,-89,-1159,-1,4,-4
1,171,13048,-3921,-85,-1151,0,3,-2
1,172,13060,-3923,-90,-1155,0,3,-1
1,173,13073,-3917,-99,-1168,-1,4,0
1,174,13085,-3913,-104,-1172,-1,4,-4
1,175,13098,-3918,-99,-1170,1,4,-3
1,176,13110,-3919,-103,-1167,-1,4,-4
1,177,13123,-3913,-94,-1173,0,4,-3
1,178,13136,-3919,-92,-1172,-3,4,-5
1,179,13148,-3917,-93,-1169,0,5,-3
1,180,13161,-3918,-96,-1161,-2,5,-5
1,181,13174,-3916,-87,-1162,-1,2,-3
1,182,13186,-3912,-84,-1165,-1,4,-1
1,183,13202,-3915,-93,-1170,-1,2,-1
1,184,13215,-3913,-86,-1160,0,2,-3
1,185,13227,-3923,-91,-1150,-2,2,-2
1,186,13240,-3923,-97,-1152,-2,5,-1
1,187,13253,-3933,-102,-1152,1,3,-2
1,188,13265,-3918,-103,-1156,1,3,-2
1,189,13278,-3913,-108,-1154,0,4,-2
1,190,13291,-3921,-99,-1159,0,6,0
1,191,13303,-3916,-93,-1170,-1,2,-5
1,192,13316,-3921,-90,-1170,-1,3,0
1,193,13328,-3917,-92,-1162,3,5,0
1,194,13341,-3910,-92,-1171,0,5,-3
1,195,13353,-3920,-94,-1163,1,3,-1
1,196,13366,-3916,-104,-1175,0,1,-3
1,197,13379,-3915,-102,-1165,0,4,-3
1,198,13391,-3915,-102,-1153,1,1,-2
1,199,13404,-3923,-89,-1161,-1,6,-3
1,200,13417,-3919,-84,-1162,1,5,-2
1,201,13429,-3919,-81,-1173,2,3,-1
1,202,13442,-3920,-80,-1170,0,4,-4
1,203,13454,-3914,-94,-1162,0,2,-3
1,204,13467,-3920,-91,-1154,0,3,0
1,205,13479,-3916,-94,-1155,-3,5,-3
1,206,13492,-3921,-108,-1158,0,4,-2
1,207,13505,-3914,-112,-1158,-2,2,-2
1,208,13517,-3920,-107,-1165,0,3,-4
1,209,13530,-3923,-96,-1167,-2,2,-3
1,210,13543,-3918,-90,-1158,-1,4,-3
1,211,13555,-3923,-82,-1160,0,4,-3
1,212,13568,-3922,-75,-1174,-1,7,-1
1,213,13580,-3918,-83,-1175,0,4,-2
1,214,13593,-3917,-96,-1165,-2,2,-1
1,215,13605,-3909,-106,-1159,1,4,-2
1,216,13618,-3918,-108,-1159,1,4,-3
1,217,13631,-3914,-105,-1161,-1,3,0
1,218,13643,-3915,-93,-1172,0,3,-4
1,219,13656,-3918,-89,-1162,2,4,-1
1,220,13669,-3918,-88,-1163,0,4,-2
1,221,13681,-3913,-90,-1166,1,3,-4
1,222,13694,-3918,-94,-1160,-2,5,-2
1,223,13706,-3917,-96,-1153,0,3,-2
1,224,13719,-3918,-99,-1149,0,4,-4
1,225,13731,-3925,-98,-1155,-3,4,-3
1,226,13744,-3920,-96,-1163,2,5,-2
1,227,13756,-3922,-90,-1175,0,4,-2
1,228,13769,-3918,-90,-1176,-2,4,-2
1,229,13781,-3918,-98,-1172,-1,2,-5
1,230,13794,-3917,-88,-1160,2,2,1
1,231,13807,-3918,-101,-1162,0,3,-2
1,232,13819,-3921,-101,-1161,-2,1,-3
1,233,13832,-3921,-92,-1154,1,5,-3
1,234,13844,-3919,-91,-1146,0,4,-2
1,235,13857,-3908,-96,-1180,0,4,-5
1,236,13870,-3909,-93,-1183,-2,2,-2
1,237,13882,-3909,-100,-1182,0,3,-3
1,238,13895,-3921,-103,-1170,-2,3,-3
1,239,13907,-3926,-102,-1150,0,1,-2
1,240,13920,-3925,-90,-1147,1,6,-2
1,241,13933,-3917,-83,-1152,2,2,-2
1,242,13945,-3914,-74,-1159,-2,4,-1
1,243,13958,-3914,-91,-1162,-2,4,-4
1,244,13970,-3913,-100,-1163,0,4,-4
1,245,13983,-3917,-103,-1164,1,3,-3
1,246,13996,-3914,-104,-1178,-1,4,-3
1,247,14008,-3913,-108,-1175,1,4,-2
1,248,14021,-3917,-106,-1164,0,6,-4
1,249,14033,-3919,-101,-1144,-1,1,-3
1,250,14046,-3923,-96,-1141,-1,3,-2
1,251,14059,-3913,-72,-1158,1,4,0
1,252,14071,-3919,-78,-1164,-2,2,-3
1,253,14084,-3918,-78,-1181,-1,3,-2
1,254,14096,-3910,-77,-1184,0,3,-1
1,255,14109,-3926,-96,-1153,-1,5,-2
1,256,14121,-3925,-106,-1156,-1,2,-4
1,257,14134,-3917,-108,-1162,0,3,-2
1,258,14147,-3916,-107,-1170,1,4,-3
1,259,14159,-3920,-91,-1171,-1,3,-1
1,260,14172,-3919,-92,-1166,-1,5,-3
1,261,14184,-3923,-85,-1158,1,0,-1
1,262,14197,-3913,-98,-1149,-1,5,-4
1,263,14209,-3922,-94,-1156,-2,2,-1
1,264,14222,-3921,-97,-1150,-1,4,-4
1,265,14235,-3919,-102,-1146,-1,3,-3
1,266,14247,-3928,-110,-1153,1,6,-3
1,267,14260,-3905,-94,-1190,-1,4,-2
1,268,14272,-3900,-96,-1204,-1,2,-2
1,269,14285,-3903,-87,-1199,-4,4,-3
1,270,14298,-3908,-89,-1176,-1,4,-2
1,271,14310,-3915,-90,-1179,-1,3,-4
1,272,14323,-3917,-104,-1170,-1,2,-3
1,273,14335,-3918,-108,-1158,-1,3,-5
1,274,14348,-3929,-105,-1124,-3,3,-5
1,275,14360,-3932,-98,-1129,-1,5,-3
1,276,14373,-3925,-94,-1144,-1,5,-3
1,277,14386,-3914,-79,-1167,0,4,-4
1,278,14398,-3914,-64,-1179,-1,4,-3
1,279,14411,-3922,-68,-1173,0,2,-2
1,280,14424,-3917,-78,-1157,1,1,-5
1,281,14436,-3918,-82,-1153,1,3,-4
1,282,14449,-3926,-104,-1150,0,4,-2
1,283,14465,-3917,-109,-1148,1,6,-4
1,284,14477,-3913,-115,-1158,0,5,-1
1,285,14490,-3914,-112,-1173,3,3,-3
1,286,14503,-3916,-94,-1163,-2,5,-2
1,287,14515,-3927,-87,-1156,0,5,-3
1,288,14528,-3927,-81,-1145,-1,5,-3
1,289,14540,-3915,-63,-1166,-1,5,-5
1,290,14553,-3907,-73,-1182,0,2,-2
1,291,14566,-3909,-93,-1186,-2,4,-4
1,292,14578,-3912,-105,-1183,0,4,-4
1,293,14591,-3920,-112,-1162,0,3,-2
1,294,14603,-3926,-122,-1156,0,4,-2
1,295,14616,-3918,-126,-1154,1,5,-1
1,296,14628,-3917,-121,-1165,2,5,-3
1,297,14641,-3903,-108,-1185,-1,1,-2
1,298,14654,-3915,-112,-1179,-1,3,-5
1,299,14666,-3919,-108,-1167,1,5,-3
1,300,14679,-3926,-96,-1141,-1,2,-1
1,301,14692,-3924,-80,-1150,-2,5,-4
1,302,14704,-3920,-73,-1163,-1,4,-1
1,303,14717,-3915,-64,-1171,-1,3,-2
1,304,14729,-3914,-62,-1167,0,4,-5
1,305,14742,-3920,-77,-1170,2,1,-2
1,306,14754,-3916,-86,-1155,-1,4,-4
1,307,14767,-3921,-86,-1147,-1,2,-1
1,308,14780,-3932,-88,-1139,-1,1,-2
1,309,14792,-3922,-103,-1152,1,3,-3
1,310,14805,-3920,-105,-1169,0,5,-3
1,311,14817,-3913,-122,-1182,0,5,-2
1,312,14830,-3904,-114,-1190,0,4,-4
1,313,14842,-3914,-108,-1172,-1,3,-3
1,314,14855,-3923,-101,-1161,-1,2,0
1,315,14868,-3919,-95,-1152,-1,4,-2
1,316,14880,-3922,-95,-1147,0,4,-2
1,317,14893,-3915,-101,-1161,-2,5,-3
1,318,14905,-3919,-89,-1173,-1,3,-2
1,319,14918,-3909,-87,-1191,1,4,-2
1,320,14931,-3916,-77,-1192,-2,4,-4
1,321,14943,-3916,-70,-1163,-1,3,-2
1,322,14956,-3920,-76,-1151,-1,4,-2
1,323,14968,-3925,-81,-1146,-1,4,-1
1,324,14981,-3927,-102,-1145,0,5,-3
1,325,14994,-3923,-109,-1163,0,3,-2
1,326,15006,-3910,-104,-1160,1,3,-3
1,327,15019,-3911,-104,-1155,1,3,-2
1,328,15031,-3923,-111,-1161,-2,4,-4
1,329,15044,-3915,-95,-1162,1,4,-1
1,330,15057,-3917,-98,-1167,-2,4,-3
1,331,15069,-3912,-96,-1165,0,4,-1
1,332,15082,-3918,-94,-1163,0,3,-2
1,333,15094,-3919,-96,-1167,-2,5,-4
1,334,15107,-3912,-99,-1162,0,5,-2
1,335,15120,-3915,-92,-1158,0,2,-2
1,336,15132,-3919,-83,-1163,-1,3,-5
1,337,15145,-3914,-78,-1166,0,4,-1
1,338,15157,-3917,-82,-1166,-1,4,-3
1,339,15170,-3919,-93,-1164,0,3,-3
1,340,15183,-3914,-95,-1160,-1,6,-4
1,341,15195,-3919,-104,-1169,0,3,-2
1,342,15208,-3918,-111,-1166,-1,6,0
1,343,15220,-3910,-107,-1172,1,6,-2
1,344,15233,-3922,-110,-1164,-1,3,-3
1,345,15246,-3922,-103,-1151,1,4,-5
1,346,15258,-3920,-102,-1141,0,5,-5
1,347,15271,-3925,-97,-1143,0,3,-3
1,348,15283,-3917,-93,-1161,-3,4,-2
1,349,15296,-3913,-93,-1168,-1,6,-4
1,350,15309,-3915,-90,-1184,-2,4,-3
1,351,15321,-3910,-86,-1189,1,6,-3
1,352,15334,-3920,-81,-1169,-1,2,-2
1,353,15346,-3924,-79,-1158,0,2,-1
1,354,15359,-3928,-83,-1156,-1,5,-1
1,355,15372,-3921,-84,-1152,-2,2,-2
1,356,15384,-3925,-94,-1163,1,4,-3
1,357,15397,-3919,-95,-1169,-1,5,-2
1,358,15409,-3911,-107,-1170,-3,4,-4
1,359,15422,-3915,-107,-1160,-2,3,-3
1,360,15435,-3917,-106,-1159,-2,4,-3
1,361,15447,-3915,-96,-1156,0,4,-1
1,362,15460,-3918,-93,-1166,-1,1,-2
1,363,15472,-3923,-94,-1170,0,3,-3
1,364,15485,-3913,-102,-1165,-1,3,0
1,365,15498,-3916,-99,-1165,-1,2,-5
1,366,15510,-3924,-96,-1163,-1,2,-3
1,367,15523,-3919,-91,-1158,-2,3,-1
1,368,15535,-3924,-90,-1158,-1,3,-4
1,369,15548,-3913,-89,-1161,0,2,-3
1,370,15561,-3907,-84,-1167,-3,4,-3
1,371,15573,-3915,-88,-1166,1,4,-2
1,372,15586,-3915,-93,-1165,0,2,-2
1,373,15599,-3917,-98,-1157,-2,4,-4
1,374,15611,-3915,-103,-1162,0,5,-2
1,375,15624,-3914,-99,-1166,1,3,-2
1,376,15636,-3918,-102,-1162,1,4,-3
1,377,15649,-3918,-95,-1158,0,4,0
1,378,15661,-3920,-93,-1167,0,4,-2
1,379,15674,-3926,-93,-1170,-3,4,-3
1,380,15687,-3913,-93,-1167,1,3,-1
1,381,15699,-3914,-93,-1162,-1,4,-2
1,382,15712,-3919,-98,-1168,2,1,0
1,383,15728,-3912,-90,-1165,-1,2,0
1,384,15740,-3919,-92,-1167,-1,4,-2
1,385,15753,-3922,-89,-1161,0,5,-2
1,386,15765,-3918,-94,-1169,-1,3,-4
1,387,15778,-3917,-91,-1156,0,4,-2
1,388,15791,-3919,-95,-1155,-1,2,-4
1,389,15803,-3916,-91,-1155,0,3,-1
1,390,15816,-3913,-93,-1165,0,4,-3
1,391,15828,-3917,-100,-1169,1,4,-4
1,392,15841,-3921,-100,-1166,-1,3,-2
1,393,15853,-3918,-101,-1163,-1,2,-2
1,394,15866,-3922,-99,-1158,-1,5,0
1,395,15879,-3913,-92,-1174,-1,3,-3
1,396,15891,-3916,-95,-1172,0,2,-2
1,397,15904,-3914,-90,-1168,-1,5,-3
1,398,15916,-3921,-92,-1168,0,2,-1
1,399,15929,-3918,-88,-1159,2,3,-3
1,400,15942,-3918,-100,-1160,-1,2,-2
1,401,15954,-3926,-93,-1159,0,5,-3
1,402,15967,-3919,-97,-1170,-2,4,-4
1,403,15979,-3916,-100,-1168,1,3,-4
1,404,15992,-3917,-101,-1168,-1,3,-4
1,405,16005,-3918,-94,-1164,-1,4,0
1,406,16017,-3924,-96,-1160,1,2,-2
1,407,16030,-3922,-90,-1159,0,2,-2
1,408,16042,-3914,-89,-1164,-3,6,-3
1,409,16055,-3913,-91,-1159,2,2,-2
1,410,16068,-3922,-90,-1166,1,3,-2
1,411,16080,-3916,-94,-1159,-1,5,-3
1,412,16093,-3918,-93,-1165,0,4,-2
1,413,16106,-3916,-97,-1174,0,4,-2
1,414,16118,-3912,-106,-1169,0,2,-1
1,415,16131,-3916,-101,-1166,0,4,-3
1,416,16143,-3921,-95,-1157,-1,3,-2
1,417,16156,-3920,-85,-1163,-1,3,-5
1,418,16168,-3918,-83,-1163,-1,5,0
1,419,16181,-3917,-87,-1164,0,4,-4
1,420,16194,-3917,-86,-1170,-2,5,-2
1,421,16207,-3915,-93,-1165,0,2,-3
1,422,16219,-3917,-93,-1161,1,3,-3
1,423,16232,-3922,-100,-1159,-1,5,-3
1,424,16244,-3917,-92,-1170,0,2,-2
1,425,16257,-3925,-98,-1161,0,3,-2
1,426,16269,-3917,-102,-1168,1,4,-2
1,427,16282,-3915,-100,-1166,0,3,-2
1,428,16295,-3915,-93,-1166,-1,3,0
1,429,16307,-3916,-93,-1166,-2,4,-1
1,430,16320,-3911,-90,-1168,-1,4,-3
1,431,16332,-3921,-98,-1163,-2,2,-3
1,432,16345,-3926,-103,-1163,-2,4,-2
1,433,16358,-3918,-102,-1160,-1,2,-1
1,434,16370,-3922,-99,-1170,1,4,-3
1,435,16383,-3922,-92,-1165,-1,4,-3
1,436,16395,-3915,-80,-1168,1,3,-3
1,437,16408,-3912,-81,-1165,1,4,-1
1,438,16421,-3915,-94,-1170,0,3,-3
1,439,16433,-3921,-91,-1161,0,2,-4
1,440,16446,-3923,-95,-1158,-1,4,-1
1,441,16458,-3922,-96,-1161,1,3,-1
1,442,16471,-3920,-103,-1162,-1,3,-2
1,443,16484,-3917,-104,-1159,-2,4,0
1,444,16496,-3917,-103,-1161,-1,4,-1
1,445,16509,-3919,-101,-1167,1,2,-2
1,446,16521,-3911,-96,-1161,0,3,-1
1,447,16534,-3918,-90,-1170,-2,6,-4
1,448,16546,-3918,-94,-1164,-1,2,-1
1,449,16559,-3908,-101,-1168,-2,5,-4
1,450,16572,-3922,-94,-1161,-2,4,-3
1,451,16584,-3912,-92,-1162,-2,3,-4
1,452,16597,-3916,-90,-1160,-1,3,-2
1,453,16610,-3922,-84,-1157,-1,3,-1
1,454,16622,-3915,-86,-1162,0,5,-3
1,455,16635,-3915,-94,-1159,0,3,-2
1,456,16647,-3913,-90,-1164,-2,5,-4
1,457,16660,-3917,-93,-1168,0,2,-2
1,458,16672,-3922,-92,-1167,0,5,-3
1,459,16685,-3922,-92,-1162,0,4,-3
1,460,16698,-3921,-101,-1165,-1,3,-2
1,461,16710,-3915,-99,-1164,-1,6,-2
1,462,16723,-3915,-97,-1170,-2,3,-2
1,463,16735,-3915,-95,-1170,1,5,-2
1,464,16748,-3916,-99,-1166,-1,4,0
1,465,16761,-3913,-97,-1174,0,3,-3
1,466,16773,-3914,-94,-1163,1,4,1
1,467,16786,-3917,-91,-1165,-1,4,-4
1,468,16798,-3921,-94,-1162,-1,5,-3
1,469,16811,-3921,-89,-1161,1,3,-3
1,470,16824,-3912,-91,-1159,0,4,-4
1,471,16836,-3913,-95,-1161,2,4,-1
1,472,16849,-3918,-98,-1169,-1,4,-1
1,473,16861,-3920,-94,-1165,-1,4,-3
1,474,16874,-3924,-98,-1163,-3,6,-4
1,475,16886,-3912,-96,-1164,1,4,-3
1,476,16899,-3916,-94,-1160,2,1,-1
1,477,16911,-3917,-94,-1163,-1,5,-3
1,478,16924,-3911,-99,-1163,-2,4,-4
1,479,16937,-3917,-100,-1162,-2,3,-3
1,480,16949,-3917,-95,-1164,0,3,-1
1,481,16962,-3913,-97,-1169,-2,7,-3
1,482,16975,-3917,-99,-1174,0,4,-5
1,483,16991,-3919,-89,-1172,0,4,-1
1,484,17003,-3921,-97,-1160,0,4,-1
1,485,17016,-3924,-86,-1168,-3,3,-2
1,486,17028,-3915,-85,-1164,-1,4,-3
1,487,17041,-3918,-89,-1159,-2,3,-4
1,488,17053,-3917,-92,-1166,-1,3,-3
1,489,17066,-3911,-98,-1168,-2,5,-3
1,490,17079,-3918,-96,-1160,-1,3,-3
1,491,17091,-3919,-88,-1159,1,2,-2
1,492,17104,-3927,-94,-1163,-1,3,-3
1,493,17117,-3922,-96,-1165,0,3,-4
1,494,17129,-3917,-94,-1167,0,4,-2
1,495,17142,-3916,-94,-1161,0,7,-2
1,496,17154,-3917,-97,-1169,0,4,-3
1,497,17167,-3915,-97,-1166,-1,4,-2
1,498,17179,-3914,-102,-1162,-3,2,-3
1,499,17192,-3921,-109,-1167,-2,3,-3
1,500,17205,-3912,-97,-1167,0,3,-2
1,501,17217,-3915,-93,-1159,-2,2,-3
1,502,17230,-3915,-94,-1164,1,3,-5
1,503,17243,-3919,-87,-1158,-1,4,-3
1,504,17255,-3915,-95,-1169,1,4,-1
1,505,17268,-3923,-94,-1162,-1,3,-4
1,506,17280,-3921,-89,-1158,-1,2,-3
1,507,17293,-3916,-89,-1160,-1,5,-2
1,508,17305,-3919,-88,-1164,0,4,-2
1,509,17318,-3914,-91,-1161,-1,4,-2
1,510,17331,-3917,-99,-1155,-2,4,-4
1,511,17343,-3914,-98,-1162,2,3,-1
1,512,17356,-3914,-102,-1160,0,1,-3
1,513,17369,-3918,-104,-1166,-2,5,-4
1,514,17381,-3916,-100,-1164,-1,2,-2
1,515,17394,-3917,-96,-1167,0,4,-5
1,516,17406,-3919,-90,-1168,0,3,-3
1,517,17419,-3914,-93,-1159,-2,5,-2
1,518,17431,-3922,-91,-1150,-2,4,-1
1,519,17444,-3920,-94,-1166,0,2,-3
1,520,17457,-3920,-97,-1160,-1,4,-2
1,521,17469,-3918,-96,-1168,-1,1,-3
1,522,17482,-3914,-97,-1163,-1,2,-4
1,523,17495,-3917,-90,-1165,-2,5,-1
1,524,17507,-3920,-89,-1164,-1,4,-2
1,525,17520,-3919,-92,-1166,0,4,0
1,526,17532,-3924,-92,-1160,-1,4,-2
1,527,17545,-3921,-94,-1163,-1,3,-2
1,528,17558,-3919,-97,-1166,1,3,-2
1,529,17570,-3920,-93,-1164,-1,3,-2
1,530,17583,-3915,-97,-1167,-2,5,-3
1,531,17596,-3918,-101,-1171,3,2,-1
1,532,17608,-3917,-100,-1170,1,4,-3
1,533,17621,-3913,-97,-1169,-2,1,-1
1,534,17633,-3921,-90,-1172,0,1,-3
1,535,17646,-3921,-90,-1164,-2,5,-2
1,536,17658,-3920,-86,-1162,1,2,-3
1,537,17671,-3919,-85,-1159,-1,5,-4
1,538,17683,-3914,-93,-1159,0,2,-2
1,539,17696,-3915,-86,-1170,3,2,-4
1,540,17709,-3924,-98,-1167,0,2,-1
1,541,17721,-3922,-96,-1163,-2,4,-3
1,542,17734,-3913,-100,-1169,1,0,-2
1,543,17746,-3914,-101,-1163,-2,4,-3
1,544,17759,-3917,-98,-1168,-2,1,-3
1,545,17772,-3916,-95,-1163,0,4,-3
1,546,17784,-3918,-99,-1163,1,4,-4
1,547,17797,-3917,-97,-1163,0,3,-2
1,548,17809,-3916,-98,-1169,-1,4,-2
1,549,17822,-3918,-91,-1172,-2,5,-4
1,550,17835,-3913,-97,-1166,-2,4,-3
1,551,17847,-3913,-94,-1159,-3,3,-4
1,552,17860,-3923,-91,-1162,0,2,-1
1,553,17872,-3915,-88,-1162,-3,4,-4
1,554,17885,-3916,-91,-1154,-2,4,-4
1,555,17897,-3919,-92,-1162,3,3,-2
1,556,17910,-3923,-96,-1165,-1,4,-2
1,557,17923,-3911,-96,-1160,0,2,-1
1,558,17935,-3908,-94,-1165,1,3,-1
1,559,17948,-3918,-96,-1164,1,2,-3
1,560,17960,-3916,-97,-1158,-1,4,-3
1,561,17973,-3917,-101,-1164,0,4,-1
1,562,17986,-3910,-102,-1163,0,3,0
1,563,17998,-3918,-101,-1167,-1,5,-3
1,564,18011,-3914,-95,-1165,-1,5,-5
1,565,18023,-3916,-98,-1168,-2,3,-3
1,566,18036,-3912,-100,-1161,-3,6,-2
1,567,18049,-3916,-86,-1164,-1,3,-4
1,568,18061,-3919,-96,-1159,-1,3,-1
1,569,18074,-3921,-93,-1162,2,3,1
1,570,18087,-3918,-90,-1159,-2,4,-1
1,571,18099,-3920,-90,-1164,-1,4,-5
1,572,18112,-3914,-87,-1164,0,5,-3
1,573,18124,-3918,-93,-1161,-2,2,-1
1,574,18137,-3918,-96,-1166,1,2,-2
1,575,18149,-3917,-99,-1164,-1,3,-1
1,576,18162,-3920,-92,-1167,-1,4,-4
1,577,18175,-3917,-92,-1159,-2,3,-3
1,578,18187,-3914,-98,-1162,0,4,-5
1,579,18200,-3917,-92,-1167,-2,3,-3
1,580,18213,-3931,-94,-1165,-3,4,-2
1,581,18225,-3918,-91,-1164,0,2,-1
1,582,18238,-3917,-91,-1169,1,4,-2
1,583,18254,-3915,-94,-1167,-1,5,-3
1,584,18267,-3918,-100,-1168,-1,4,-2
1,585,18279,-3924,-98,-1169,-2,4,-3
1,586,18292,-3916,-96,-1167,-1,4,-2
1,587,18304,-3920,-93,-1169,1,1,-2
1,588,18317,-3918,-86,-1167,0,2,-2
1,589,18329,-3923,-97,-1160,-1,3,-4
1,590,18342,-3919,-91,-1159,1,4,-2
1,591,18355,-3917,-93,-1162,2,4,-2
1,592,18368,-3923,-93,-1165,0,5,-3
1,593,18380,-3921,-97,-1157,-1,5,-4
1,594,18393,-3915,-98,-1170,-1,4,-2
1,595,18405,-3920,-98,-1163,-1,3,-3
1,596,18418,-3918,-98,-1161,0,5,1
1,597,18430,-3917,-98,-1163,1,3,-2
1,598,18443,-3916,-100,-1170,-2,2,-3
1,599,18456,-3912,-100,-1161,-2,3,-4
1,600,18468,-3914,-92,-1161,-2,3,-4
1,601,18481,-3913,-96,-1161,1,3,-2
1,602,18494,-3922,-93,-1163,1,4,0
1,603,18506,-3920,-97,-1167,1,2,0
1,604,18519,-3912,-86,-1170,-1,3,-5
1,605,18531,-3913,-88,-1161,-1,3,-1
1,606,18544,-3913,-92,-1166,-2,3,-2
1,607,18556,-3919,-94,-1160,0,2,-3
1,608,18569,-3915,-90,-1157,-2,4,0
1,609,18582,-3918,-97,-1166,-1,4,-2
1,610,18594,-3919,-105,-1162,-1,3,-5
1,611,18607,-3918,-96,-1163,1,1,1
1,612,18620,-3917,-98,-1162,-1,3,-1
1,613,18632,-3910,-103,-1156,-1,5,-2
1,614,18645,-3918,-99,-1168,-3,3,-2
1,615,18657,-3923,-97,-1169,-2,3,-3
1,616,18670,-3915,-91,-1162,-3,3,-2
1,617,18683,-3920,-100,-1166,0,3,-3
1,618,18695,-3913,-93,-1162,-1,5,-1
1,619,18708,-3920,-93,-1165,0,3,-3
1,620,18720,-3925,-90,-1164,-1,4,-4
1,621,18733,-3917,-87,-1160,-2,4,0
1,622,18746,-3914,-83,-1160,-2,5,-3
1,623,18758,-3911,-82,-1159,0,3,-2
1,624,18771,-3920,-97,-1158,1,3,-1
1,625,18783,-3914,-90,-1161,0,1,-1
1,626,18796,-3920,-94,-1165,3,4,-2
1,627,18808,-3915,-93,-1162,0,3,-1
1,628,18821,-3915,-95,-1164,-2,4,-4
1,629,18833,-3920,-98,-1168,0,3,-3
1,630,18846,-3917,-100,-1162,-1,3,-2
1,631,18859,-3918,-105,-1165,2,3,-3
1,632,18871,-3920,-111,-1168,-1,4,-3
1,633,18884,-3919,-93,-1169,-1,4,-4
1,634,18897,-3918,-89,-1169,-1,4,-2
1,635,18909,-3915,-91,-1171,1,3,-2
1,636,18922,-3919,-91,-1162,0,5,-4
1,637,18934,-3929,-104,-1163,-2,3,-4
1,638,18947,-3925,-106,-1171,1,0,-2
1,639,18959,-3921,-103,-1167,-3,2,-4
1,640,18972,-3923,-93,-1161,1,2,-3
1,641,18985,-3918,-80,-1170,1,5,-2
1,642,18998,-3921,-81,-1166,-1,3,-2
1,643,19010,-3929,-88,-1162,-1,3,-3
1,644,19023,-3921,-88,-1159,0,5,-2
1,645,19035,-3917,-94,-1159,-2,6,-2
1,646,19048,-3913,-100,-1158,2,4,-2
1,647,19060,-3916,-105,-1168,-3,6,-4
1,648,19073,-3916,-99,-1167,0,4,-2
1,649,19086,-3919,-105,-1163,-3,3,-3
1,650,19098,-3922,-99,-1166,0,4,-3
1,651,19111,-3918,-98,-1161,0,3,-4
1,652,19124,-3922,-89,-1165,-1,4,-3
1,653,19136,-3912,-86,-1169,2,3,-3
1,654,19149,-3922,-81,-1152,-1,4,-2
1,655,19161,-3915,-84,-1163,-1,3,-3
1,656,19174,-3920,-87,-1173,-1,6,-4
1,657,19186,-3913,-98,-1162,0,3,-2
1,658,19199,-3915,-104,-1168,2,5,-2
1,659,19212,-3917,-107,-1157,0,2,-4
1,660,19224,-3919,-100,-1154,-1,4,0
1,661,19237,-3917,-95,-1158,-1,4,-1
1,662,19250,-3907,-87,-1174,0,3,-2
1,663,19262,-3924,-95,-1179,1,3,-3
1,664,19275,-3913,-86,-1171,-1,2,-2
1,665,19287,-3920,-102,-1163,-2,3,-2
1,666,19300,-3929,-104,-1148,-1,3,-3
1,667,19312,-3916,-105,-1145,0,5,-4
1,668,19325,-3920,-105,-1154,-1,3,-3
1,669,19338,-3915,-96,-1169,-2,4,-3
1,670,19350,-3916,-88,-1174,1,4,-1
1,671,19363,-3917,-90,-1179,0,3,-3
1,672,19376,-3914,-85,-1181,-1,2,-3
1,673,19388,-3909,-79,-1167,-1,3,-3
1,674,19401,-3923,-85,-1158,0,4,-3
1,675,19413,-3922,-86,-1156,-1,4,-3
1,676,19426,-3917,-89,-1157,-3,2,-2
1,677,19438,-3923,-92,-1168,0,4,-2
1,678,19451,-3919,-103,-1158,1,3,-1
1,679,19464,-3915,-102,-1157,-2,4,-1
1,680,19476,-3908,-108,-1168,0,3,-3
1,681,19489,-3914,-106,-1167,-3,4,-3
1,682,19502,-3912,-96,-1158,-2,3,-2
1,683,19518,-3916,-98,-1161,0,3,-5
1,684,19530,-3912,-103,-1164,-1,3,-1
1,685,19543,-3918,-101,-1166,-1,2,-2
1,686,19555,-3918,-98,-1164,0,2,-1
1,687,19568,-3914,-84,-1164,0,5,-3
1,688,19580,-3920,-82,-1166,0,4,-3
1,689,19593,-3920,-93,-1163,-1,5,-1
1,690,19606,-3918,-89,-1170,1,3,-2
1,691,19618,-3918,-90,-1163,0,3,-4
1,692,19631,-3915,-88,-1163,-1,4,-2
1,693,19644,-3915,-92,-1156,1,2,-4
1,694,19656,-3920,-93,-1155,1,4,-2
1,695,19669,-3915,-104,-1173,1,4,-2
1,696,19681,-3920,-103,-1169,-3,4,-1
1,697,19694,-3918,-100,-1167,-1,2,-2
1,698,19706,-3914,-106,-1163,-1,5,-2
1,699,19719,-3919,-98,-1165,-1,2,-1
1,700,19732,-3913,-85,-1153,-1,3,-3
1,701,19744,-3916,-93,-1152,0,3,-2
1,702,19757,-3919,-90,-1158,0,4,-1
1,703,19769,-3915,-84,-1170,0,4,-3
1,704,19782,-3922,-93,-1179,-1,2,-3
1,705,19795,-3914,-96,-1169,-2,3,-4
1,706,19807,-3910,-95,-1162,1,4,-3
1,707,19820,-3921,-90,-1158,-1,2,-2
1,708,19832,-3923,-92,-1157,2,5,-2
1,709,19845,-3912,-98,-1164,0,4,-1
1,710,19858,-3912,-98,-1163,0,2,-1
1,711,19870,-3919,-103,-1175,0,3,-2
1,712,19883,-3914,-98,-1170,1,5,-2
1,713,19895,-3908,-96,-1171,-2,3,0
1,714,19908,-3918,-96,-1163,1,2,-3
1,715,19920,-3923,-100,-1156,-1,3,-4
1,716,19933,-3925,-102,-1157,-1,3,-4
1,717,19946,-3922,-106,-1154,1,3,-3
1,718,19958,-3921,-106,-1167,0,2,-5
1,719,19971,-3913,-101,-1174,-1,3,-1
1,720,19984,-3912,-86,-1171,0,3,-2
1,721,19996,-3913,-80,-1172,-1,2,-2
1,722,20009,-3910,-76,-1172,-1,2,-2
1,723,20021,-3920,-77,-1155,2,5,-2
1,724,20034,-3917,-78,-1166,-1,4,-1
1,725,20047,-3913,-91,-1174,0,4,-1
1,726,20059,-3910,-99,-1172,-1,3,-3
1,727,20072,-3921,-109,-1155,0,3,-3
1,728,20084,-3922,-107,-1152,2,4,-2
1,729,20097,-3918,-106,-1152,-3,3,-3
1,730,20110,-3919,-99,-1158,-1,4,-3
1,731,20122,-3922,-94,-1165,-1,4,-4
1,732,20135,-3916,-97,-1169,1,4,0
1,733,20147,-3912,-98,-1164,-2,4,-3
1,734,20160,-3912,-93,-1169,-3,2,-2
1,735,20172,-3912,-85,-1164,1,3,-2
1,736,20185,-3911,-83,-1167,-1,2,-1
1,737,20198,-3912,-81,-1162,-1,4,-3
1,738,20210,-3922,-81,-1162,-2,4,-3
1,739,20223,-3919,-87,-1167,0,5,-4
1,740,20236,-3911,-97,-1164,-2,4,-3
1,741,20248,-3916,-96,-1164,-2,5,-1
1,742,20261,-3914,-97,-1164,-1,4,-2
1,743,20273,-3926,-101,-1160,1,4,-1
1,744,20286,-3918,-98,-1165,-1,4,-4
1,745,20298,-3921,-103,-1162,1,3,-4
1,746,20311,-3916,-107,-1161,-1,6,-3
1,747,20324,-3923,-102,-1171,0,4,-2
1,748,20336,-3920,-100,-1170,-2,4,-3
1,749,20349,-3922,-96,-1161,1,3,-1
1,750,20362,-3917,-100,-1161,1,4,-1
1,751,20374,-3918,-93,-1165,1,2,-2
1,752,20387,-3916,-78,-1162,1,3,-2
1,753,20399,-3916,-80,-1169,2,5,-2
1,754,20412,-3923,-85,-1168,2,3,-1
1,755,20425,-3913,-93,-1168,-1,3,-1
1,756,20437,-3922,-90,-1168,0,2,-3
1,757,20450,-3923,-90,-1165,-1,4,-2
1,758,20462,-3925,-92,-1162,1,3,-1
1,759,20475,-3924,-93,-1157,1,3,-3
1,760,20488,-3916,-99,-1161,0,3,-2
1,761,20500,-3919,-99,-1166,-1,3,-2
1,762,20513,-3917,-106,-1163,0,2,-5
1,763,20526,-3914,-105,-1164,0,5,-4
1,764,20538,-3913,-105,-1166,0,4,-5
1,765,20551,-3912,-107,-1167,0,3,-2
1,766,20563,-3922,-93,-1160,0,1,-2
1,767,20576,-3909,-101,-1169,-3,5,-2
1,768,20588,-3918,-95,-1160,-1,4,-1
1,769,20601,-3918,-85,-1158,-3,2,-3
1,770,20614,-3915,-84,-1160,0,3,-2
1,771,20626,-3912,-82,-1168,0,4,-2
1,772,20639,-3911,-79,-1170,1,4,-1
1,773,20652,-3915,-89,-1165,-1,5,-1
1,774,20664,-3912,-94,-1165,0,3,-2
1,775,20677,-3915,-99,-1169,-1,3,-2
1,776,20689,-3925,-98,-1164,2,3,-2
1,777,20702,-3915,-104,-1156,-1,2,-6
1,778,20714,-3924,-104,-1165,1,4,-5
1,779,20727,-3918,-106,-1162,1,3,-2
1,780,20740,-3915,-99,-1156,-1,5,-4
1,781,20752,-3917,-97,-1164,-1,4,-2
1,782,20765,-3916,-95,-1167,0,3,-2
1,783,20781,-3915,-100,-1162,0,4,-4
1,784,20793,-3917,-94,-1164,-1,3,-1
1,785,20806,-3921,-94,-1166,-2,4,-2
1,786,20819,-3925,-93,-1154,0,3,-2
1,787,20831,-3918,-84,-1156,-2,4,0
1,788,20844,-3920,-87,-1164,0,0,-2
1,789,20856,-3920,-93,-1161,0,1,-2
1,790,20869,-3921,-92,-1159,-2,5,-2
1,791,20881,-3909,-100,-1160,1,4,-1
1,792,20894,-3916,-96,-1164,1,4,-3
1,793,20907,-3915,-98,-1164,0,2,-3
1,794,20919,-3915,-99,-1161,2,5,-3
1,795,20932,-3914,-98,-1158,1,2,-3
1,796,20944,-3916,-101,-1162,-2,3,-4
1,797,20957,-3921,-88,-1164,1,3,-3
1,798,20970,-3920,-70,-1135,2,3,-1
1,799,20982,-3905,-65,-1179,1,9,-1
1,800,20995,-3870,-94,-1302,-1,12,-4
1,801,21007,-3868,-172,-1290,-5,-1,-4
1,802,21020,-3949,-139,-1057,-10,-7,-6
1,803,21033,-4000,-101,-899,0,-5,-2
1,804,21045,-4007,-62,-840,3,1,-3
1,805,21058,-3892,-82,-1132,5,17,13
1,806,21070,-3895,-83,-1324,4,17,-3
1,807,21083,-3854,-85,-1388,-3,4,-6
1,808,21096,-3856,-104,-1337,-6,0,-4
1,809,21108,-3918,-98,-1179,5,-3,-4
1,810,21121,-3919,-61,-1117,1,0,-1
1,811,21134,-3949,-36,-1079,-1,-2,-1
1,812,21146,-3952,-99,-1039,-4,4,-1
1,813,21159,-3945,-127,-1065,0,7,-3
1,814,21171,-3917,-145,-1161,2,12,-4
1,815,21184,-3875,-151,-1275,1,14,-1
1,816,21196,-3859,-113,-1352,-2,1,-2
1,817,21209,-3892,-69,-1242,-4,-6,-3
1,818,21222,-3942,-32,-1089,-5,-13,-2
1,819,21234,-3975,-32,-968,0,-5,-3
1,820,21247,-3950,-55,-1048,2,8,-3
1,821,21260,-3914,-88,-1182,6,13,-2
1,822,21272,-3870,-132,-1293,-1,14,-3
1,823,21285,-3862,-159,-1328,-2,3,-2
1,824,21297,-3911,-139,-1197,-4,0,-4
1,825,21310,-3932,-111,-1099,2,-3,-2
1,826,21322,-3950,-69,-1047,1,0,0
1,827,21335,-3952,-39,-1044,1,2,-3
1,828,21348,-3930,-50,-1135,-1,5,-3
1,829,21360,-3908,-75,-1193,1,7,-3
1,830,21373,-3892,-102,-1247,-1,10,-2
1,831,21386,-3876,-121,-1283,0,8,-3
1,832,21398,-3892,-122,-1225,-2,1,-2
1,833,21411,-3922,-104,-1143,-2,-2,-4
1,834,21423,-3953,-90,-1066,-2,-6,-2
1,835,21436,-3964,-77,-1016,-3,3,-1
1,836,21449,-3929,-94,-1130,2,9,-4
1,837,21461,-3894,-92,-1232,3,10,-1
1,838,21474,-3881,-103,-1297,0,7,-3
1,839,21486,-3883,-103,-1286,0,1,0
1,840,21499,-3925,-97,-1148,-3,1,-3
1,841,21512,-3943,-85,-1089,0,0,-5
1,842,21524,-3944,-75,-1062,1,3,0
1,843,21537,-3939,-79,-1084,-1,6,-1
1,844,21549,-3911,-107,-1186,3,5,-3
1,845,21562,-3900,-113,-1210,-1,6,-3
1,846,21575,-3899,-113,-1220,-1,4,-2
1,847,21587,-3902,-112,-1217,-1,1,-2
1,848,21600,-3919,-78,-1162,-2,0,-2
1,849,21612,-3934,-66,-1114,-2,0,-1
1,850,21625,-3944,-63,-1088,-1,3,-3
1,851,21638,-3943,-73,-1085,1,4,-3
1,852,21650,-3910,-102,-1196,0,6,-1
1,853,21663,-3892,-112,-1242,1,5,-2
1,854,21675,-3890,-118,-1247,-2,3,-3
1,855,21688,-3901,-117,-1218,-1,1,-3
1,856,21700,-3929,-90,-1110,-1,1,-3
1,857,21713,-3940,-78,-1088,-3,0,-4
1,858,21726,-3939,-73,-1100,0,6,-3
1,859,21738,-3930,-69,-1134,0,5,-3
1,860,21751,-3903,-101,-1205,-1,3,-2
1,861,21764,-3906,-110,-1222,-2,6,0
1,862,21776,-3911,-115,-1210,-1,4,-4
1,863,21789,-3913,-111,-1182,-1,1,-3
1,864,21801,-3933,-91,-1125,-1,4,-4
1,865,21814,-3931,-89,-1114,-2,3,-3
1,866,21826,-3926,-91,-1122,0,5,-3
1,867,21839,-3926,-87,-1138,0,4,-3
1,868,21851,-3900,-94,-1209,0,7,-2
1,869,21864,-3898,-99,-1221,0,4,-2
1,870,21877,-3902,-99,-1212,-1,2,-1
1,871,21889,-3919,-98,-1177,0,4,-2
1,872,21902,-3928,-87,-1127,0,1,-3
1,873,21914,-3929,-89,-1119,-1,4,-3
1,874,21927,-3932,-91,-1138,1,3,-2
1,875,21940,-3919,-97,-1168,-1,8,-3
1,876,21952,-3915,-101,-1202,-1,5,-3
1,877,21965,-3906,-100,-1194,-2,1,-1
1,878,21977,-3912,-97,-1173,-2,2,-2
1,879,21990,-3923,-92,-1145,-1,2,-2
1,880,22003,-3931,-87,-1123,-1,4,-3
1,881,22015,-3922,-85,-1143,1,4,-4
1,882,22028,-3924,-88,-1155,2,4,-1
1,883,22044,-3903,-101,-1189,1,5,-3
1,884,22056,-3908,-102,-1196,-1,3,-3
1,885,22069,-3907,-101,-1181,-1,3,-3
1,886,22082,-3921,-92,-1148,1,3,0
1,887,22094,-3925,-88,-1137,-2,2,-4
1,888,22107,-3923,-85,-1142,0,3,-2
1,889,22119,-3918,-88,-1151,-1,2,-3
1,890,22132,-3911,-95,-1175,0,5,-4
1,891,22145,-3903,-96,-1195,-1,4,-3
1,892,22157,-3909,-103,-1185,1,3,-2
1,893,22170,-3912,-110,-1174,-2,3,-4
1,894,22182,-3922,-89,-1148,2,3,-1
1,895,22195,-3923,-90,-1139,1,2,-2
1,896,22208,-3920,-89,-1147,0,4,-2
1,897,22220,-3926,-86,-1155,0,4,-3
1,898,22233,-3907,-88,-1183,1,4,-4
1,899,22245,-3912,-99,-1183,-1,4,-3
1,900,22258,-3918,-94,-1176,-2,3,-2
1,901,22271,-3917,-99,-1163,-1,2,-2
1,902,22283,-3927,-94,-1151,0,3,-4
1,903,22296,-3921,-95,-1151,0,3,-1
1,904,22308,-3914,-94,-1163,0,3,-2
1,905,22321,-3912,-96,-1179,-2,5,-4
1,906,22334,-3919,-92,-1172,-2,4,-5
1,907,22346,-3913,-96,-1171,0,3,-2
1,908,22359,-3913,-99,-1159,0,4,-2
1,909,22371,-3918,-97,-1153,-1,4,-2
1,910,22384,-3917,-87,-1153,-1,4,-2
1,911,22397,-3925,-94,-1158,-1,6,-5
1,912,22409,-3920,-89,-1170,-2,4,-3
1,913,22422,-3913,-86,-1168,1,5,-3
1,914,22434,-3920,-93,-1167,-2,2,-2
1,915,22447,-3915,-95,-1162,0,4,-2
1,916,22460,-3921,-97,-1162,-3,4,-3
1,917,22472,-3923,-93,-1165,1,5,-2
1,918,22485,-3917,-96,-1159,-2,4,-2
1,919,22497,-3918,-95,-1161,-1,4,-3
1,920,22510,-3915,-95,-1161,0,3,-4
1,921,22523,-3916,-95,-1172,0,4,-2
1,922,22535,-3913,-97,-1171,-1,3,0
1,923,22548,-3916,-99,-1165,0,4,-3
1,924,22560,-3914,-102,-1158,-1,3,-2
1,925,22573,-3917,-93,-1154,0,6,-4
1,926,22586,-3919,-95,-1168,1,1,-2
1,927,22598,-3917,-99,-1175,0,2,-3
1,928,22611,-3922,-89,-1171,1,4,-2
1,929,22623,-3915,-92,-1166,1,4,-2
1,930,22636,-3919,-92,-1167,-2,3,-2
1,931,22649,-3916,-91,-1162,-2,4,-4
1,932,22661,-3925,-95,-1161,0,5,-3
1,933,22674,-3920,-96,-1159,-1,5,-2
1,934,22686,-3917,-104,-1170,-2,5,-3
1,935,22699,-3920,-100,-1162,1,3,-2
1,936,22712,-3916,-98,-1161,0,6,-3
1,937,22724,-3914,-95,-1161,-1,4,-2
1,938,22737,-3920,-95,-1161,0,4,-4
1,939,22749,-3918,-89,-1167,-1,4,-4
1,940,22762,-3921,-92,-1165,-3,3,-4
1,941,22774,-3918,-101,-1170,1,3,-2
1,942,22787,-3909,-95,-1170,-1,1,-1
1,943,22800,-3913,-96,-1166,0,3,0
1,944,22812,-3914,-96,-1161,0,2,-3
1,945,22825,-3918,-95,-1164,-1,4,-3
1,946,22837,-3921,-92,-1166,3,3,-3
1,947,22850,-3919,-95,-1162,0,4,-3
1,948,22862,-3915,-89,-1159,1,4,-4
1,949,22875,-3913,-91,-1161,0,4,-4
1,950,22888,-3916,-95,-1158,0,6,-2
1,951,22900,-3912,-93,-1162,1,3,-2
1,952,22913,-3911,-99,-1171,-2,3,-4
1,953,22925,-3919,-98,-1160,-2,2,-2
1,954,22938,-3914,-90,-1164,-1,4,-4
1,955,22951,-3917,-90,-1156,-1,3,-3
1,956,22963,-3913,-88,-1165,1,2,-1
1,957,22976,-3924,-99,-1165,0,3,-2
1,958,22988,-3921,-100,-1165,-1,3,-3
1,959,23001,-3914,-101,-1171,0,3,-1
1,960,23014,-3915,-100,-1173,1,3,-3
1,961,23026,-3917,-102,-1171,-1,3,-3
1,962,23039,-3917,-93,-1164,1,5,-2
1,963,23051,-3920,-90,-1157,-3,5,-4
1,964,23064,-3923,-94,-1158,0,3,-2
1,965,23076,-3920,-91,-1170,-3,5,-3
1,966,23089,-3914,-90,-1165,-3,4,-3
1,967,23102,-3917,-91,-1163,0,4,-2
1,968,23114,-3914,-95,-1163,1,3,-1
1,969,23127,-3915,-96,-1160,-1,5,-2
1,970,23140,-3920,-96,-1161,1,4,-3
1,971,23152,-3913,-96,-1160,-1,5,-4
1,972,23165,-3917,-93,-1163,2,4,-1
1,973,23177,-3912,-94,-1166,0,4,-3
1,974,23190,-3914,-100,-1166,-2,5,-3
1,975,23203,-3915,-95,-1165,-2,2,-4
1,976,23215,-3916,-95,-1157,0,5,-1
1,977,23228,-3919,-94,-1164,-1,4,-3
1,978,23240,-3917,-92,-1158,-1,4,-2
1,979,23253,-3912,-95,-1162,-1,4,-2
1,980,23266,-3920,-92,-1166,-2,5,-5
1,981,23278,-3914,-94,-1168,-1,5,-2
1,982,23291,-3916,-91,-1173,2,6,-3
1,983,23307,-3919,-88,-1178,1,4,-2
1,984,23319,-3921,-86,-1163,1,7,-3
1,985,23332,-3919,-92,-1169,0,5,-2
1,986,23345,-3911,-86,-1165,1,4,-2
1,987,23357,-3918,-94,-1168,1,3,-3
1,988,23370,-3916,-95,-1159,-1,4,-2
1,989,23382,-3923,-91,-1161,1,4,-3
1,990,23395,-3926,-86,-1158,-1,4,-5
1,991,23408,-3920,-92,-1169,-2,3,-2
1,992,23420,-3915,-88,-1164,2,3,-1
1,993,23433,-3921,-96,-1170,0,2,-3
1,994,23446,-3917,-107,-1170,-3,4,-4
1,995,23458,-3913,-107,-1168,-2,4,0
1,996,23471,-3922,-99,-1151,1,2,-3
1,997,23483,-3932,-94,-1145,1,3,-1
1,998,23496,-3920,-86,-1159,0,4,-3
1,999,23508,-3919,-70,-1170,-3,5,-5
1,1000,23521,-3911,-63,-1169,0,4,-4
1,1001,23534,-3916,-67,-1148,2,4,-3
1,1002,23546,-3922,-80,-1150,0,5,-2
1,1003,23559,-3918,-84,-1164,1,3,-1
1,1004,23571,-3917,-153,-1157,1,5,-3
1,1005,23584,-3930,-177,-1149,-1,1,-2
1,1006,23597,-3923,-165,-1135,0,3,-3
1,1007,23609,-3923,-143,-1127,-1,4,-1
1,1008,23622,-3914,-83,-1165,1,4,0
1,1009,23634,-3919,-54,-1172,1,3,-2
1,1010,23647,-3913,-29,-1198,1,5,-4
1,1011,23660,-3879,-27,-1228,0,4,-2
1,1012,23672,-3914,-17,-1199,-2,4,-2
1,1013,23685,-3921,-29,-1139,-3,9,-2
1,1014,23697,-3922,-71,-1128,5,1,-2
1,1015,23710,-3916,-121,-1152,2,0,-4
1,1016,23723,-3919,-185,-1159,-1,4,-1
1,1017,23735,-3914,-177,-1147,-3,4,-2
1,1018,23748,-3921,-153,-1156,-1,6,-3
1,1019,23760,-3921,-113,-1168,0,3,0
1,1020,23773,-3905,-37,-1196,-2,5,-2
1,1021,23785,-3908,-21,-1180,-2,2,-3
1,1022,23798,-3925,-27,-1152,-2,6,-5
1,1023,23811,-3925,-51,-1137,-1,3,-2
1,1024,23823,-3912,-118,-1155,3,2,-3
1,1025,23836,-3913,-138,-1167,1,4,-1
1,1026,23848,-3913,-146,-1172,0,2,-1
1,1027,23861,-3920,-131,-1167,0,3,-3
1,1028,23873,-3924,-92,-1149,1,1,0
1,1029,23886,-3923,-83,-1145,-1,4,-1
1,1030,23899,-3921,-73,-1152,0,5,-2
1,1031,23911,-3921,-64,-1162,1,3,-1
1,1032,23924,-3907,-82,-1187,0,4,0
1,1033,23936,-3904,-96,-1196,-1,7,0
1,1034,23949,-3911,-108,-1186,-1,4,-2
1,1035,23962,-3923,-127,-1143,-2,0,-2
1,1036,23974,-3928,-126,-1138,0,2,-2
1,1037,23987,-3919,-120,-1148,0,4,-4
1,1038,23999,-3914,-111,-1156,-2,1,-1
1,1039,24012,-3917,-83,-1174,0,2,-3
1,1040,24025,-3908,-85,-1179,0,3,-2
1,1041,24037,-3916,-74,-1176,-1,3,-1
1,1042,24050,-3912,-70,-1176,1,3,-2
1,1043,24062,-3914,-81,-1157,-2,3,-2
1,1044,24075,-3922,-88,-1144,2,2,-1
1,1045,24088,-3925,-91,-1138,3,3,-1
1,1046,24100,-3923,-94,-1148,-1,4,-2
1,1047,24113,-3913,-114,-1198,-1,6,0
1,1048,24125,-3910,-120,-1198,-2,3,-2
1,1049,24138,-3902,-122,-1185,-1,2,-1
1,1050,24151,-3910,-118,-1163,-1,1,-4
1,1051,24163,-3928,-104,-1124,0,3,-3
1,1052,24176,-3925,-101,-1130,0,4,-1
1,1053,24188,-3926,-92,-1144,0,2,-2
1,1054,24201,-3916,-93,-1149,-1,4,-1
1,1055,24214,-3915,-78,-1189,0,3,-1
1,1056,24226,-3905,-71,-1201,0,3,-4
1,1057,24239,-3908,-67,-1201,-1,4,-4
1,1058,24251,-3910,-70,-1192,0,2,-4
1,1059,24264,-3933,-75,-1146,-1,2,-3
1,1060,24277,-3929,-87,-1137,0,5,-2
1,1061,24289,-3922,-96,-1147,2,4,-3
1,1062,24302,-3916,-110,-1173,1,5,-2
1,1063,24315,-3916,-117,-1177,0,3,0
1,1064,24327,-3920,-110,-1152,-2,2,-3
1,1065,24340,-3929,-91,-1139,0,4,-2
1,1066,24352,-3924,-84,-1139,0,5,-1
1,1067,24365,-3917,-71,-1159,-1,5,-2
1,1068,24377,-3918,-84,-1161,2,5,-3
1,1069,24390,-3916,-90,-1162,1,4,-3
1,1070,24403,-3919,-104,-1171,0,5,-4
1,1071,24415,-3905,-121,-1197,0,3,0
1,1072,24428,-3905,-116,-1186,-2,3,-3
1,1073,24441,-3913,-112,-1152,-1,3,-3
1,1074,24453,-3927,-94,-1148,-3,4,-1
1,1075,24466,-3920,-67,-1164,1,3,-3
1,1076,24478,-3922,-60,-1168,-2,4,-3
1,1077,24491,-3925,-57,-1159,-1,3,-4
1,1078,24503,-3921,-68,-1167,0,4,-1
1,1079,24516,-3906,-115,-1208,1,2,-1
1,1080,24529,-3912,-126,-1200,-1,1,-2
1,1081,24541,-3920,-136,-1162,-2,4,-1
1,1082,24554,-3926,-130,-1140,-3,3,-6
1,1083,24570,-3925,-101,-1132,1,4,-2
1,1084,24583,-3919,-87,-1143,0,3,-2
1,1085,24595,-3922,-77,-1157,1,5,-2
1,1086,24608,-3908,-81,-1172,-2,4,-3
1,1087,24620,-3904,-77,-1193,-1,4,-4
1,1088,24633,-3903,-77,-1206,0,2,-1
1,1089,24646,-3913,-92,-1164,1,4,-3
1,1090,24658,-3930,-100,-1136,0,4,-3
1,1091,24671,-3933,-109,-1125,-1,5,-1
1,1092,24684,-3931,-111,-1122,0,4,-2
1,1093,24696,-3922,-94,-1166,-1,3,-1
1,1094,24709,-3909,-93,-1187,1,4,-3
1,1095,24721,-3904,-85,-1195,-1,3,-2
1,1096,24734,-3911,-83,-1186,-1,4,-4
1,1097,24747,-3920,-84,-1159,-1,1,0
1,1098,24759,-3918,-95,-1158,-1,3,-3
1,1099,24772,-3925,-98,-1170,0,4,-3
1,1100,24784,-3916,-90,-1180,0,3,-4
1,1101,24797,-3905,-98,-1187,-2,1,1
1,1102,24810,-3914,-99,-1180,-1,4,-4
1,1103,24822,-3921,-94,-1157,-3,4,-3
1,1104,24835,-3925,-88,-1135,0,4,-3
1,1105,24847,-3929,-69,-1138,2,3,-1
1,1106,24860,-3927,-56,-1143,0,4,-3
1,1107,24872,-3927,-55,-1143,2,3,-4
1,1108,24885,-3925,-65,-1155,3,3,-2
1,1109,24897,-3914,-107,-1169,3,4,-5
1,1110,24910,-3913,-135,-1172,3,4,-2
1,1111,24923,-3915,-151,-1172,0,5,-3
1,1112,24935,-3918,-154,-1163,0,2,-2
1,1113,24948,-3916,-132,-1157,-1,2,-2
1,1114,24961,-3921,-100,-1154,1,3,-2
1,1115,24973,-3924,-87,-1156,0,5,-2
1,1116,24986,-3921,-69,-1158,0,4,-2
1,1117,24998,-3913,-55,-1177,0,3,0
1,1118,25011,-3919,-63,-1169,-2,3,-3
1,1119,25023,-3912,-81,-1177,4,2,-1
1,1120,25036,-3912,-86,-1191,-1,4,-3
1,1121,25049,-3915,-125,-1184,-3,5,-4
1,1122,25061,-3916,-125,-1164,-3,2,-2
1,1123,25074,-3919,-128,-1148,-1,3,-2
1,1124,25087,-3920,-123,-1142,0,3,-2
1,1125,25099,-3918,-81,-1164,-2,2,-1
1,1126,25112,-3917,-74,-1175,0,5,-1
1,1127,25124,-3912,-72,-1177,1,2,-2
1,1128,25137,-3905,-78,-1173,0,3,-1
1,1129,25150,-3918,-102,-1148,0,3,-2
1,1130,25162,-3916,-107,-1146,1,3,-3
1,1131,25175,-3915,-114,-1147,-1,3,-2
1,1132,25187,-3927,-113,-1152,-1,4,-2
1,1133,25200,-3916,-103,-1160,-1,4,-1
1,1134,25213,-3915,-92,-1163,-2,3,-5
1,1135,25225,-3918,-94,-1158,-1,3,-2
1,1136,25238,-3921,-82,-1167,3,4,-2
1,1137,25250,-3908,-84,-1178,0,3,-2
1,1138,25263,-3913,-80,-1174,-2,5,-3
1,1139,25276,-3917,-87,-1172,1,3,-2
1,1140,25288,-3913,-86,-1159,-2,3,-3
1,1141,25301,-3925,-92,-1167,-1,2,-3
1,1142,25313,-3918,-108,-1164,-1,4,-3
1,1143,25326,-3914,-107,-1166,-3,4,-4
1,1144,25339,-3921,-99,-1161,0,2,-3
1,1145,25351,-3922,-105,-1155,-1,4,-3
1,1146,25364,-3917,-95,-1154,0,4,-3
1,1147,25377,-3922,-93,-1170,-4,4,-3
1,1148,25389,-3917,-81,-1160,1,5,-2
1,1149,25402,-3918,-91,-1162,0,2,-5
1,1150,25415,-3925,-92,-1157,0,3,-1
1,1151,25427,-3925,-96,-1155,0,5,-1
1,1152,25440,-3916,-101,-1171,0,3,-5
1,1153,25452,-3916,-104,-1163,0,3,-3
1,1154,25465,-3918,-93,-1162,1,3,-3
1,1155,25477,-3920,-98,-1157,0,4,-2
1,1156,25490,-3920,-96,-1162,-1,4,-1
1,1157,25503,-3916,-98,-1175,0,2,-3
1,1158,25515,-3920,-98,-1178,0,2,-3
1,1159,25528,-3922,-94,-1166,1,3,-3
1,1160,25541,-3918,-94,-1157,1,4,-3
1,1161,25553,-3921,-97,-1155,1,3,-2
1,1162,25566,-3916,-88,-1157,-2,6,-3
1,1163,25578,-3923,-90,-1170,2,5,-2
1,1164,25591,-3912,-87,-1170,0,4,-3
1,1165,25603,-3919,-89,-1172,1,2,-3
1,1166,25616,-3912,-89,-1170,-1,5,-2
1,1167,25629,-3913,-92,-1162,-2,2,-4
1,1168,25641,-3914,-100,-1165,0,4,-3
1,1169,25654,-3922,-96,-1154,-2,3,-4
1,1170,25667,-3922,-101,-1150,0,4,-3
1,1171,25679,-3924,-100,-1157,-1,2,-3
1,1172,25692,-3920,-95,-1164,1,5,-4
1,1173,25704,-3913,-95,-1168,0,3,-1
1,1174,25717,-3910,-93,-1174,0,3,-4
1,1175,25729,-3915,-93,-1167,-1,4,-3
1,1176,25742,-3914,-94,-1164,-3,3,-3
1,1177,25754,-3919,-89,-1163,-1,5,-2
1,1178,25767,-3927,-95,-1153,2,3,-1
1,1179,25779,-3922,-92,-1154,3,3,-3
1,1180,25792,-3915,-92,-1166,-1,3,-3
1,1181,25805,-3924,-91,-1159,0,2,-2
1,1182,25817,-3919,-93,-1164,-1,5,-1
1,1183,25833,-3919,-97,-1169,3,3,-2
1,1184,25846,-3914,-94,-1177,-1,4,-1
1,1185,25859,-3919,-95,-1166,1,2,-4
1,1186,25871,-3914,-94,-1166,-1,4,-2
1,1187,25884,-3925,-90,-1152,-1,4,-2
1,1188,25896,-3921,-93,-1149,-2,2,-4
1,1189,25909,-3920,-98,-1154,-1,5,-3
1,1190,25922,-3918,-90,-1160,-1,3,-5
1,1191,25934,-3921,-97,-1163,-2,4,-2
1,1192,25947,-3919,-99,-1162,0,4,0
1,1193,25959,-3918,-91,-1165,-1,4,-2
1,1194,25972,-3919,-98,-1172,-1,3,-2
1,1195,25984,-3916,-80,-1162,1,3,-4
1,1196,25997,-3919,-90,-1162,-1,4,-1
1,1197,26010,-3927,-92,-1166,0,5,-1
1,1198,26022,-3919,-95,-1164,-1,4,-4
1,1199,26035,-3922,-102,-1167,-2,4,-3
1,1200,26048,-3922,-97,-1162,0,6,-4
1,1201,26060,-3920,-99,-1166,-1,5,-2
1,1202,26073,-3920,-97,-1170,0,2,-2
1,1203,26085,-3922,-91,-1161,1,4,-2
1,1204,26098,-3924,-96,-1162,-2,4,-2
1,1205,26110,-3920,-91,-1168,1,3,-3
1,1206,26123,-3907,-96,-1161,-1,4,-3
1,1207,26136,-3918,-99,-1161,-1,5,-2
1,1208,26148,-3921,-96,-1169,-2,3,-3
1,1209,26161,-3926,-98,-1159,-2,3,-4
1,1210,26174,-3918,-95,-1164,0,5,-2
1,1211,26186,-3918,-92,-1168,-1,3,-2
1,1212,26199,-3920,-90,-1167,-1,3,0
1,1213,26211,-3919,-94,-1160,-3,2,-5
1,1214,26224,-3921,-103,-1160,0,4,-3
1,1215,26236,-3914,-100,-1174,-1,5,-2
1,1216,26249,-3919,-96,-1171,0,6,-3
1,1217,26262,-3918,-103,-1162,0,3,-2
1,1218,26274,-3919,-102,-1162,0,3,-3
1,1219,26287,-3917,-89,-1163,0,3,-3
1,1220,26300,-3919,-88,-1159,3,2,-2
1,1221,26312,-3918,-85,-1160,-1,6,-2
1,1222,26325,-3909,-90,-1165,0,3,-2
1,1223,26337,-3919,-88,-1172,0,3,-3
1,1224,26350,-3913,-100,-1158,-1,3,-5
1,1225,26362,-3917,-98,-1156,0,4,-3
1,1226,26375,-3920,-97,-1155,1,4,-3
1,1227,26388,-3917,-98,-1166,-1,3,-3
1,1228,26400,-3917,-96,-1165,0,4,-2
1,1229,26413,-3916,-87,-1168,-2,4,0
1,1230,26426,-3913,-97,-1163,0,2,-2
1,1231,26438,-3917,-96,-1158,2,4,-2
1,1232,26451,-3917,-92,-1160,1,2,-2
1,1233,26463,-3915,-92,-1160,1,5,-3
1,1234,26476,-3923,-91,-1169,-1,3,-1
1,1235,26489,-3918,-93,-1166,-2,3,-2
1,1236,26501,-3917,-96,-1153,-1,4,-3
1,1237,26514,-3918,-89,-1164,-1,3,-1
1,1238,26526,-3922,-90,-1156,-1,2,-2
1,1239,26539,-3920,-93,-1164,0,3,-3
1,1240,26552,-3913,-89,-1164,1,2,-3
1,1241,26564,-3913,-95,-1166,0,7,-3
1,1242,26577,-3919,-98,-1168,2,4,0
1,1243,26589,-3916,-100,-1158,0,4,-4
1,1244,26602,-3912,-94,-1160,-1,1,-4
1,1245,26615,-3912,-98,-1166,-1,4,-2
1,1246,26627,-3917,-92,-1174,-2,3,-5
1,1247,26640,-3920,-97,-1161,-1,2,-1
1,1248,26652,-3918,-90,-1164,1,3,-2
1,1249,26665,-3920,-81,-1159,0,4,-2
1,1250,26678,-3918,-89,-1167,-1,3,-6
1,1251,26690,-3915,-91,-1165,0,5,-2
1,1252,26703,-3918,-90,-1172,0,1,-1
1,1253,26715,-3909,-97,-1160,-1,3,-2
1,1254,26728,-3917,-90,-1164,-2,6,-3
1,1255,26740,-3920,-95,-1168,0,4,-2
1,1256,26753,-3918,-89,-1161,-1,3,-3
1,1257,26766,-3919,-87,-1163,-2,4,-5
1,1258,26778,-3923,-99,-1167,1,3,-4
1,1259,26791,-3922,-95,-1163,0,3,-3
1,1260,26803,-3917,-96,-1160,-2,3,-4
1,1261,26816,-3923,-95,-1155,0,5,-3
1,1262,26829,-3915,-95,-1158,2,4,-4
1,1263,26841,-3922,-104,-1149,2,6,-3
1,1264,26854,-3916,-97,-1156,1,5,-6
1,1265,26866,-3917,-94,-1163,0,4,-2
1,1266,26879,-3913,-91,-1172,1,3,-3
1,1267,26891,-3913,-85,-1182,-1,4,-3
1,1268,26904,-3922,-81,-1170,-1,6,-1
1,1269,26916,-3920,-84,-1169,-1,3,-3
1,1270,26929,-3920,-104,-1153,0,5,-4
1,1271,26942,-3920,-106,-1158,0,3,-1
1,1272,26954,-3922,-116,-1173,-1,5,0
1,1273,26967,-3911,-116,-1181,1,5,-1
1,1274,26980,-3908,-96,-1193,-4,4,-3
1,1275,26992,-3912,-100,-1177,-1,3,-2
1,1276,27005,-3917,-95,-1174,-1,3,-1
1,1277,27017,-3923,-88,-1163,-3,6,-4
1,1278,27030,-3916,-94,-1156,-1,4,-4
1,1279,27042,-3922,-99,-1150,-1,4,-1
1,1280,27055,-3923,-99,-1150,-1,4,-3
1,1281,27068,-3923,-99,-1152,1,3,-2
1,1282,27080,-3921,-89,-1165,-2,4,-2
1,1283,27097,-3921,-91,-1165,0,3,-3
1,1284,27109,-3917,-85,-1162,-1,4,-2
1,1285,27122,-3926,-78,-1155,0,4,-4
1,1286,27134,-3926,-75,-1152,1,2,-1
1,1287,27147,-3922,-87,-1161,2,4,-2
1,1288,27159,-3922,-98,-1160,2,3,-1
1,1289,27172,-3916,-102,-1162,0,4,-2
1,1290,27185,-3920,-112,-1156,-1,3,-2
1,1291,27197,-3923,-108,-1166,-1,5,-3
1,1292,27210,-3912,-105,-1169,-1,2,-3
1,1293,27223,-3911,-97,-1169,1,3,-1
1,1294,27235,-3909,-90,-1166,-3,2,-4
1,1295,27248,-3913,-87,-1157,-1,4,-2
1,1296,27260,-3918,-72,-1161,-1,5,-2
1,1297,27273,-3918,-83,-1163,-2,3,-3
1,1298,27285,-3920,-98,-1170,-2,4,-5
1,1299,27298,-3906,-101,-1175,-1,4,-3
1,1300,27311,-3921,-95,-1174,-1,4,-2
1,1301,27323,-3917,-94,-1164,-1,6,-2
1,1302,27336,-3921,-86,-1153,-1,3,-2
1,1303,27349,-3930,-87,-1146,0,4,-2
1,1304,27361,-3915,-87,-1154,0,6,1
1,1305,27374,-3916,-94,-1163,-2,4,-5
1,1306,27387,-3918,-95,-1158,1,4,-5
1,1307,27399,-3923,-105,-1167,1,4,-2
1,1308,27412,-3920,-108,-1165,0,4,-4
1,1309,27424,-3923,-103,-1165,2,2,-1
1,1310,27437,-3922,-98,-1160,0,5,-2
1,1311,27450,-3920,-94,-1156,-1,2,-3
1,1312,27462,-3922,-89,-1158,0,5,-4
1,1313,27475,-3916,-83,-1166,0,3,-4
1,1314,27487,-3910,-82,-1177,-1,4,-6
1,1315,27500,-3906,-94,-1174,-2,3,-4
1,1316,27513,-3920,-92,-1165,-2,5,-4
1,1317,27525,-3916,-90,-1162,0,4,-2
1,1318,27538,-3921,-90,-1160,-2,4,-3
1,1319,27550,-3918,-89,-1162,2,6,-1
1,1320,27563,-3917,-90,-1176,-1,2,-4
1,1321,27576,-3915,-96,-1175,-1,3,0
1,1322,27588,-3913,-97,-1183,1,2,-3
1,1323,27601,-3917,-94,-1163,-1,2,-3
1,1324,27614,-3921,-96,-1159,0,3,-3
1,1325,27626,-3926,-90,-1154,-1,2,-2
1,1326,27639,-3921,-89,-1143,-1,2,0
1,1327,27651,-3927,-93,-1138,2,3,-3
1,1328,27664,-3922,-100,-1167,2,3,-2
1,1329,27676,-3926,-103,-1161,0,1,-4
1,1330,27689,-3917,-94,-1156,-2,5,-2
1,1331,27702,-3917,-87,-1160,0,6,-3
1,1332,27714,-3913,-86,-1186,0,4,-3
1,1333,27727,-3901,-96,-1197,-3,6,-3
1,1334,27739,-3914,-105,-1185,-3,2,-1
1,1335,27752,-3917,-107,-1150,-1,1,-3
1,1336,27765,-3927,-103,-1139,-2,1,1
1,1337,27777,-3925,-91,-1143,0,5,-3
1,1338,27790,-3911,-87,-1172,-1,5,-1
1,1339,27802,-3908,-79,-1199,-2,4,-2
1,1340,27815,-3912,-88,-1180,-2,2,-2
1,1341,27828,-3918,-100,-1164,-3,5,0
1,1342,27840,-3914,-108,-1169,1,4,-4
1,1343,27853,-3915,-104,-1174,0,3,-2
1,1344,27865,-3921,-116,-1138,-3,2,-3
1,1345,27878,-3937,-111,-1099,-2,1,-2
1,1346,27890,-3934,-91,-1116,0,5,-3
1,1347,27903,-3920,-60,-1167,2,3,-4
1,1348,27915,-3901,-74,-1211,-1,2,-3
1,1349,27928,-3917,-88,-1186,0,1,-4
1,1350,27941,-3921,-102,-1152,-2,0,-1
1,1351,27953,-3931,-118,-1112,0,2,-2
1,1352,27966,-3927,-117,-1129,2,4,-3
1,1353,27979,-3917,-106,-1163,0,7,-3
1,1354,27991,-3908,-93,-1176,-1,3,-3
1,1355,28004,-3907,-83,-1194,0,2,-3
1,1356,28016,-3911,-81,-1182,-1,2,-4
1,1357,28029,-3911,-87,-1174,-1,5,-2
1,1358,28042,-3918,-91,-1170,-1,2,-1
1,1359,28054,-3925,-100,-1157,-1,2,-4
1,1360,28067,-3926,-108,-1140,0,1,-3
1,1361,28080,-3926,-103,-1147,-1,4,-5
1,1362,28092,-3917,-108,-1162,1,4,-1
1,1363,28105,-3914,-100,-1187,-2,4,-4
1,1364,28117,-3908,-87,-1181,0,6,-2
1,1365,28130,-3917,-87,-1168,-1,2,-1
1,1366,28143,-3922,-86,-1152,-1,3,-3
1,1367,28155,-3917,-85,-1149,1,3,-2
1,1368,28168,-3918,-82,-1166,-1,5,-4
1,1369,28180,-3920,-86,-1171,0,6,-4
1,1370,28193,-3916,-91,-1160,-3,3,-1
1,1371,28206,-3916,-98,-1162,0,5,-3
1,1372,28218,-3917,-99,-1161,-1,3,-2
1,1373,28231,-3918,-98,-1171,0,4,-2
1,1374,28243,-3915,-92,-1173,-3,5,-3
1,1375,28256,-3914,-89,-1163,0,3,-3
1,1376,28269,-3917,-82,-1151,0,4,0
1,1377,28281,-3924,-93,-1133,0,3,-1
1,1378,28294,-3916,-100,-1155,0,6,-4
1,1379,28306,-3912,-92,-1185,-1,3,-4
1,1380,28319,-3914,-95,-1187,-1,4,-3
1,1381,28332,-3914,-99,-1180,-1,3,-3
1,1382,28344,-3921,-99,-1158,-3,3,-4
1,1383,28360,-3923,-90,-1145,-2,3,-4
1,1384,28373,-3918,-86,-1146,-1,3,-3
1,1385,28385,-3919,-89,-1160,-1,6,-2
1,1386,28398,-3913,-102,-1172,-2,5,-3
1,1387,28411,-3908,-92,-1183,-1,5,0
1,1388,28423,-3917,-91,-1166,-1,2,-2
1,1389,28436,-3921,-78,-1169,3,1,-3
1,1390,28449,-3925,-86,-1145,-1,4,-1
1,1391,28461,-3924,-95,-1146,0,4,-2
1,1392,28474,-3918,-102,-1156,0,4,-2
1,1393,28486,-3913,-102,-1176,0,4,-3
1,1394,28499,-3903,-100,-1184,-2,5,-1
1,1395,28512,-3909,-96,-1185,1,3,-3
1,1396,28524,-3912,-87,-1184,1,5,-1
1,1397,28537,-3917,-76,-1172,-1,3,-4
1,1398,28549,-3921,-80,-1159,-1,5,0
1,1399,28562,-3922,-89,-1161,-1,4,-2
1,1400,28575,-3915,-107,-1162,-3,5,-3
1,1401,28587,-3909,-107,-1165,1,4,-2
1,1402,28600,-3921,-123,-1165,-1,4,-3
1,1403,28612,-3915,-113,-1174,1,3,-1
1,1404,28625,-3919,-98,-1163,-1,3,-3
1,1405,28638,-3917,-88,-1158,1,4,0
1,1406,28650,-3919,-74,-1156,-1,4,-3
1,1407,28663,-3918,-78,-1160,1,4,-3
1,1408,28675,-3918,-85,-1169,-1,5,-3
1,1409,28688,-3916,-102,-1171,0,2,-3
1,1410,28701,-3916,-106,-1170,-1,3,-2
1,1411,28713,-3915,-112,-1165,1,4,-2
1,1412,28726,-3917,-109,-1166,0,3,-2
1,1413,28738,-3924,-102,-1156,-1,4,-2
1,1414,28751,-3916,-91,-1150,0,4,-4
1,1415,28764,-3918,-77,-1158,-1,3,-1
1,1416,28776,-3918,-77,-1170,0,4,-1
1,1417,28789,-3916,-74,-1175,0,5,-4
1,1418,28801,-3921,-83,-1163,3,4,-3
1,1419,28814,-3917,-95,-1177,-1,5,-1
1,1420,28826,-3911,-102,-1181,0,3,-3
1,1421,28839,-3914,-105,-1169,0,5,-1
1,1422,28852,-3913,-110,-1156,-1,2,1
1,1423,28864,-3928,-112,-1135,-1,4,-1
1,1424,28877,-3921,-108,-1151,0,5,-1
1,1425,28889,-3920,-99,-1163,2,4,-2
1,1426,28902,-3910,-90,-1168,-1,3,-2
1,1427,28914,-3913,-78,-1185,0,5,-2
1,1428,28927,-3913,-72,-1182,0,2,-4
1,1429,28940,-3911,-86,-1175,0,3,-2
1,1430,28952,-3914,-91,-1166,2,3,-2
1,1431,28965,-3915,-110,-1151,-2,3,-3
1,1432,28977,-3927,-119,-1149,0,6,-4
1,1433,28990,-3916,-115,-1162,-2,4,-3
1,1434,29003,-3912,-103,-1167,0,2,-3
1,1435,29015,-3917,-92,-1159,0,6,-3
1,1436,29028,-3918,-81,-1161,-1,2,-1
1,1437,29040,-3916,-74,-1158,-1,3,-3
1,1438,29053,-3919,-72,-1156,-2,4,-2
1,1439,29066,-3918,-76,-1168,1,3,-2
1,1440,29078,-3915,-85,-1170,-1,4,-4
1,1441,29091,-3911,-100,-1169,-1,2,-4
1,1442,29104,-3923,-101,-1154,-1,3,-4
1,1443,29116,-3926,-106,-1152,-1,4,-3
1,1444,29129,-3930,-108,-1148,-1,3,-4
1,1445,29141,-3922,-98,-1158,0,2,-2
1,1446,29154,-3919,-93,-1159,0,4,-3
1,1447,29167,-3919,-84,-1171,1,3,-1
1,1448,29179,-3919,-81,-1171,0,4,-1
1,1449,29192,-3908,-96,-1175,1,3,-4
1,1450,29205,-3915,-97,-1170,-2,2,-3
1,1451,29217,-3921,-105,-1169,-1,4,-3
1,1452,29230,-3915,-120,-1165,-1,4,1
1,1453,29242,-3917,-111,-1158,0,4,-3
1,1454,29255,-3918,-103,-1154,-2,3,-3
1,1455,29268,-3916,-88,-1158,1,2,-2
1,1456,29280,-3912,-85,-1163,-1,3,-1
1,1457,29293,-3916,-89,-1177,-1,4,-4
1,1458,29305,-3914,-87,-1174,0,5,-1
1,1459,29318,-3924,-87,-1156,-2,6,-4
1,1460,29331,-3923,-83,-1151,-1,2,-1
1,1461,29343,-3924,-80,-1150,1,2,-1
1,1462,29356,-3921,-80,-1161,0,3,-2
1,1463,29368,-3915,-75,-1170,2,2,-4
1,1464,29381,-3913,-90,-1181,0,6,-5
1,1465,29394,-3917,-115,-1167,-1,2,-2
1,1466,29406,-3920,-114,-1152,-1,3,-4
1,1467,29419,-3922,-118,-1152,-1,4,-1
1,1468,29431,-3929,-111,-1144,0,1,-2
1,1469,29444,-3917,-100,-1178,-2,2,-2
1,1470,29457,-3913,-93,-1182,0,5,-1
1,1471,29469,-3922,-94,-1176,0,4,-3
1,1472,29482,-3918,-91,-1176,-1,2,-2
1,1473,29494,-3919,-85,-1153,0,3,-5
1,1474,29507,-3926,-82,-1149,0,3,0
1,1475,29520,-3918,-86,-1150,-3,4,-2
1,1476,29532,-3912,-82,-1160,-2,4,-5
1,1477,29545,-3910,-93,-1177,0,2,-1
1,1478,29557,-3913,-95,-1182,-1,5,-3
1,1479,29570,-3911,-93,-1171,-2,3,-2
1,1480,29583,-3918,-95,-1158,0,3,-2
1,1481,29595,-3923,-98,-1157,-1,4,-3
1,1482,29608,-3923,-97,-1158,-2,3,-3
1,1483,29624,-3912,-92,-1173,-1,4,-1
1,1484,29637,-3919,-91,-1166,-3,3,-2
1,1485,29649,-3925,-90,-1165,2,2,-2
1,1486,29662,-3920,-89,-1166,0,5,-4
1,1487,29674,-3914,-93,-1170,0,4,-3
1,1488,29687,-3915,-101,-1162,0,2,-4
1,1489,29699,-3917,-102,-1161,1,4,-1
1,1490,29712,-3922,-97,-1161,1,5,-2
1,1491,29725,-3921,-96,-1160,0,3,-3
1,1492,29737,-3914,-96,-1168,0,3,-2
1,1493,29750,-3916,-89,-1174,-1,4,-2
1,1494,29762,-3919,-90,-1168,-2,5,-3
1,1495,29775,-3922,-96,-1161,0,3,-4
1,1496,29787,-3912,-94,-1166,-1,5,-3
1,1497,29800,-3921,-95,-1166,0,6,-2
1,1498,29813,-3912,-103,-1161,-1,3,-3
1,1499,29825,-3922,-102,-1164,1,4,-5
1,1500,29838,-3920,-99,-1171,1,1,-2
1,1501,29850,-3917,-99,-1166,-2,3,-2
1,1502,29863,-3914,-101,-1158,0,3,-2
1,1503,29876,-3917,-90,-1166,0,3,-2
1,1504,29888,-3919,-97,-1169,-1,5,-3
1,1505,29901,-3919,-97,-1168,0,1,-1
1,1506,29913,-3917,-94,-1160,-2,3,-1
1,1507,29926,-3916,-95,-1166,-1,5,-2
1,1508,29938,-3917,-88,-1165,-1,3,-4
1,1509,29951,-3912,-89,-1157,-2,1,-2
1,1510,29964,-3914,-85,-1163,-1,3,-3
1,1511,29977,-3923,-96,-1164,1,3,-2
1,1512,29989,-3916,-97,-1167,-1,6,-1
1,1513,30002,-3920,-94,-1165,-1,4,-2
1,1514,30014,-3916,-94,-1159,0,3,-2
1,1515,30027,-3918,-97,-1161,0,4,-2
1,1516,30039,-3919,-93,-1165,-2,2,-3
1,1517,30052,-3922,-91,-1163,1,3,-1
1,1518,30065,-3923,-87,-1160,-1,2,-3
1,1519,30077,-3914,-89,-1155,0,5,-1
1,1520,30090,-3915,-88,-1161,0,4,-2
1,1521,30103,-3909,-90,-1165,2,4,-2
1,1522,30115,-3915,-88,-1173,0,4,-2
1,1523,30128,-3921,-99,-1167,-3,4,-2
1,1524,30140,-3923,-94,-1158,-2,3,-4
1,1525,30153,-3922,-93,-1155,-2,3,-2
1,1526,30165,-3918,-96,-1164,-1,2,-4
1,1527,30178,-3919,-90,-1159,-1,3,-2
1,1528,30191,-3921,-87,-1163,-1,3,-4
1,1529,30203,-3915,-95,-1165,1,5,-4
1,1530,30216,-3920,-98,-1162,-2,4,-4
1,1531,30229,-3914,-106,-1167,-1,3,-2
1,1532,30241,-3919,-103,-1161,0,4,-5
1,1533,30254,-3914,-98,-1151,2,5,-1
1,1534,30267,-3921,-94,-1152,2,3,1
1,1535,30279,-3919,-89,-1169,1,4,-2
1,1536,30292,-3925,-86,-1161,-2,3,-4
1,1537,30304,-3916,-99,-1152,0,4,-2
1,1538,30317,-3929,-96,-1149,1,4,-2
1,1539,30329,-3914,-88,-1164,1,4,-3
1,1540,30342,-3902,-89,-1182,-2,4,-2
1,1541,30355,-3918,-100,-1194,0,3,-3
1,1542,30367,-3911,-117,-1181,-1,3,-3
1,1543,30380,-3903,-114,-1188,-2,0,-4
1,1544,30393,-3908,-116,-1180,-1,4,-3
1,1545,30405,-3917,-106,-1159,-3,4,-2
1,1546,30418,-3931,-86,-1119,0,2,-1
1,1547,30430,-3928,-80,-1135,2,3,-3
1,1548,30443,-3916,-81,-1156,-2,3,-3
1,1549,30455,-3911,-77,-1176,0,3,-1
1,1550,30468,-3910,-96,-1180,-1,3,-4
1,1551,30481,-3918,-97,-1173,0,5,-2
1,1552,30494,-3920,-101,-1166,2,5,-3
1,1553,30506,-3923,-97,-1161,2,3,-2
1,1554,30519,-3921,-96,-1151,-2,4,-2
1,1555,30531,-3919,-87,-1153,1,2,-3
1,1556,30544,-3925,-91,-1152,-1,3,-3
1,1557,30556,-3921,-96,-1169,3,4,-3
1,1558,30569,-3914,-94,-1176,1,8,-3
1,1559,30582,-3912,-92,-1176,-1,3,-3
1,1560,30594,-3921,-99,-1167,2,2,-2
1,1561,30607,-3924,-98,-1147,-1,5,-2
1,1562,30620,-3919,-97,-1158,-1,5,-2
1,1563,30632,-3913,-93,-1175,-1,3,-2
1,1564,30645,-3907,-93,-1175,-3,4,-4
1,1565,30657,-3910,-92,-1174,-2,3,-4
1,1566,30670,-3924,-100,-1162,0,4,-2
1,1567,30682,-3916,-96,-1159,0,4,-3
1,1568,30695,-3921,-98,-1159,-1,5,-5
1,1569,30708,-3921,-97,-1168,-1,3,-5
1,1570,30720,-3911,-97,-1167,-1,3,-3
1,1571,30733,-3918,-93,-1168,0,2,-2
1,1572,30745,-3921,-93,-1166,-1,2,-4
1,1573,30758,-3917,-93,-1170,0,5,-3
1,1574,30770,-3918,-95,-1160,0,3,-4
1,1575,30783,-3928,-95,-1135,2,0,-3
1,1576,30796,-3938,-80,-1094,3,3,-3
1,1577,30808,-3912,-84,-1171,4,8,-1
1,1578,30821,-3910,-81,-1212,-2,1,-3
1,1579,30833,-3911,-75,-1156,-2,4,-3
1,1580,30846,-3924,-73,-1163,0,2,-2
1,1581,30859,-3927,-76,-1150,0,4,-1
1,1582,30871,-3913,-91,-1174,-1,2,-4
1,1583,30887,-3922,-99,-1171,0,2,-5
1,1584,30900,-3919,-110,-1156,1,2,0
1,1585,30912,-3926,-116,-1144,0,2,-2
1,1586,30925,-3920,-118,-1160,2,4,-1
1,1587,30937,-3915,-111,-1175,0,4,-4
1,1588,30950,-3912,-100,-1186,1,4,-3
1,1589,30963,-3917,-91,-1166,-1,2,-3
1,1590,30975,-3921,-87,-1155,4,4,-1
1,1591,30988,-3920,-84,-1154,2,4,-4
1,1592,31001,-3917,-93,-1169,0,3,-5
1,1593,31013,-3914,-97,-1173,-2,3,-3
1,1594,31026,-3920,-91,-1174,0,4,-1
1,1595,31038,-3920,-90,-1118,-59,86,-19
1,1596,31051,-3950,-47,-998,52,-1,-12
1,1597,31064,-3922,-114,-1072,-131,60,-58
1,1598,31076,-4031,-46,-585,201,366,27
1,1599,31089,-3815,-95,-783,233,1202,483
1,1600,31103,-3931,532,-1580,169,425,-118
1,1601,31116,-3925,124,-1483,-46,2,109
1,1602,31128,-3786,-379,-1722,-1103,66,19
1,1603,31141,-3833,-3336,-875,-1078,783,-327
1,1604,31158,-4850,-6244,-971,1210,404,2487
1,1605,31171,-4408,-5089,-1676,2111,1261,3953
1,1606,31183,-6284,10884,-1979,-3396,-3336,19010
1,1607,31196,-615,7297,-10,-10459,-1318,29259
1,1608,31208,-637,2180,347,-4657,-158,17583
1,1609,31221,-2169,5533,246,1557,-91,-3338
1,1610,31234,-3572,8896,-987,-2427,-691,982
1,1611,31246,-3805,6872,-276,-2675,-377,1219
1,1612,31259,-4756,8303,-811,-1830,-268,-3467
1,1613,31272,-5752,10052,-2224,-3127,-1689,-3933
1,1614,31284,-2549,1944,-3861,-4289,-3468,-2884
1,1615,31297,-1168,-947,-1631,-3008,-3736,-4440
1,1616,31309,-999,-1795,-53,-1173,-3431,-3002
1,1617,31322,-1255,949,597,-1820,-3043,-344
1,1618,31334,-521,2722,1277,-1659,-1701,-622
1,1619,31347,-246,4244,67,-1290,-916,-2508
1,1620,31360,-608,5575,-203,-1797,-324,-7582
1,1621,31372,-496,2113,2069,-499,550,-11582
1,1622,31385,-178,-6238,1324,1841,-436,-13004
1,1623,31397,153,-6674,1892,1086,137,-4187
1,1624,31410,-794,-2977,1182,1469,1019,-1035
1,1625,31423,-1974,779,480,1269,1168,-1970
1,1626,31435,-3831,-5346,1471,-2070,395,3703
1,1627,31448,-2400,-10048,-702,-3226,190,14277
1,1628,31460,-4033,-6572,-1926,-7689,-1690,31574
1,1629,31473,-6465,-3852,-4930,-823,-6330,17924
1,1630,31486,-5294,7233,-5584,8374,-11784,-5160
1,1631,31498,502,8576,-4467,3983,-13714,4911
1,1632,31511,6066,11149,-1071,1129,-11711,1895
1,1633,31523,9667,13733,2528,-79,-7918,-1414
1,1634,31536,13595,14683,7648,-3642,-1642,-1476
1,1635,31549,14737,11568,7266,-4190,4274,-5251
1,1636,31561,12653,8581,3544,-5978,11565,-5244
1,1637,31574,8725,5208,-1078,-5864,14558,-7191
1,1638,31586,835,-6110,-9186,-3789,15000,-6348
1,1639,31599,-3410,-5198,-7316,-3048,13432,-2462
1,1640,31612,-6784,-2318,-4303,-666,9933,-3559
1,1641,31624,-10416,3111,-4998,-2250,7291,-1977
1,1642,31637,-11095,-1497,-4542,-2966,4348,-132
1,1643,31650,-10856,-4625,-3894,2,-375,-1060
1,1644,31662,-9911,-4531,-3424,2098,-3031,-2167
1,1645,31675,-3334,-10573,-1666,6036,-4578,-3241
1,1646,31687,-1458,-7383,-1028,7133,-3942,-648
1,1647,31700,-687,-1891,-1928,6532,-3217,1051
1,1648,31712,452,-79,-1531,5858,-2450,3603
1,1649,31725,-6464,8779,-4553,-629,193,16782
1,1650,31738,-5400,4709,-4106,-2315,-5151,12543
1,1651,31750,-1595,-213,-1772,5596,-5082,-4056
1,1652,31763,-1821,7576,941,2894,-3259,87
1,1653,31775,-1472,8691,1958,1289,-2511,2073
1,1654,31788,-827,9507,4274,2195,-1571,-1403
1,1655,31800,-801,12753,3713,-412,260,1039
1,1656,31813,-939,14362,2837,-2569,1276,2146
1,1657,31825,-1139,13438,315,-4433,2458,-2032
1,1658,31838,-997,9414,-1480,-5437,2849,-3707
1,1659,31851,-1066,5596,-2110,-6122,2945,-3356
1,1660,31863,-1302,3153,-3393,-7633,4463,-1722
1,1661,31876,-6216,-4548,-2868,-6851,2384,4817
1,1662,31889,-8520,-423,-3159,-4941,1070,1479
1,1663,31901,-9281,-493,-3731,-4809,-2569,2422
1,1664,31914,-9221,-2836,-3711,-3141,-4564,576
1,1665,31926,-10337,-9437,-6307,534,-7754,-885
1,1666,31939,-9591,-12053,-8437,2894,-11797,2364
1,1667,31951,-6356,-9730,-10672,6439,-18312,5103
1,1668,31964,-1165,-3275,-12516,6082,-21291,5762
1,1669,31977,7427,5413,-4969,4834,-17349,6840
1,1670,31989,9066,6188,-7610,4587,-18881,4214
1,1671,32002,11619,7439,-3688,3445,-14884,2756
1,1672,32015,15142,7671,-5142,2276,-11619,3038
1,1673,32027,13093,10738,5218,-490,-7460,1942
1,1674,32040,15458,9958,4105,-1548,-3373,-960
1,1675,32052,16257,8293,4414,-3374,3937,-1923
1,1676,32065,15680,7866,3708,-4702,8606,-1612
1,1677,32077,12670,8620,-2750,-6742,14443,-3413
1,1678,32090,10812,5622,-4046,-7868,15928,-5416
1,1679,32103,12166,1723,-8654,-7788,19590,-9136
1,1680,32115,10269,-113,-10784,-8011,21592,-10192
1,1681,32128,1326,-6501,-12485,-8598,23498,-5393
1,1682,32141,-6284,-8528,-14584,-10552,24825,7087
1,1683,32158,-28487,8437,-17897,-8762,10538,17949
1,1684,32171,-30494,1139,-17970,1631,-3110,-5846
1,1685,32183,-24610,-5658,-19730,-696,-22732,9285
1,1686,32196,-12827,-2948,-23592,978,-31409,6894
1,1687,32208,13913,1244,-25960,6025,-32737,1741
1,1688,32221,24302,2210,-18579,3677,-32764,7867
1,1689,32233,27425,5474,-5297,1254,-19502,4298
1,1690,32246,25874,7523,-3273,522,-14390,354
1,1691,32259,25032,4503,6048,-999,-1165,-505
1,1692,32271,22448,4238,4466,-1808,7463,-883
1,1693,32284,16748,5286,760,-3011,16136,-1231
1,1694,32296,11020,5808,-3695,-3245,17389,-3208
1,1695,32309,4723,5682,-5777,-4348,16679,-5524
1,1696,32322,4430,2377,-5622,-4122,15994,-9562
1,1697,32334,3101,1084,-6106,-5195,16943,-8908
1,1698,32347,-1283,-3449,-5404,-4823,16836,-5934
1,1699,32359,-14478,-7679,-8306,-5835,13651,8431
1,1700,32372,-20989,-2526,-10509,-3180,6104,9816
1,1701,32385,-23602,1709,-12537,658,-8968,3193
1,1702,32397,-20685,901,-13617,1338,-19746,4343
1,1703,32410,1290,-1415,-17656,3453,-29057,4087
1,1704,32423,14247,-245,-16439,3861,-32744,5912
1,1705,32435,20546,6177,-7301,739,-22022,5382
1,1706,32448,22381,7431,-4919,776,-17905,85
1,1707,32460,25700,4464,6833,-200,-5124,-877
1,1708,32473,24729,5039,6555,-1464,3483,947
1,1709,32485,20513,6431,3088,-2754,14753,-808
1,1710,32498,14726,6987,-2248,-3652,18078,-2921
1,1711,32511,7047,5040,-7086,-5138,18558,-6010
1,1712,32523,4761,669,-5648,-5135,18528,-10130
1,1713,32536,3622,-2231,-10674,-5481,16820,-10975
1,1714,32549,-79,-3680,-6827,-5758,16586,-7906
1,1715,32561,-10426,-11830,-7549,-7499,18292,3513
1,1716,32574,-21456,-9056,-12331,-7745,12445,17907
1,1717,32586,-29503,-871,-16215,4779,-6264,-2262
1,1718,32599,-27726,-1663,-19701,5715,-21789,2362
1,1719,32611,3824,-1420,-29655,2697,-32768,9079
1,1720,32624,18933,-830,-23981,5118,-32756,6251
1,1721,32637,23758,3220,-19161,4462,-30738,3084
1,1722,32649,28054,4284,-15483,2911,-24919,3672
1,1723,32662,28872,6778,4968,713,-9965,1669
1,1724,32675,27774,8160,5446,-722,-385,-245
1,1725,32687,24339,8601,4408,-3220,13692,-3029
1,1726,32700,19091,7127,-2169,-4816,18801,-3983
1,1727,32712,9034,2355,-6508,-6067,18729,-6451
1,1728,32725,9324,207,-10953,-6011,20151,-8018
1,1729,32737,5525,-688,-10932,-6846,20648,-5813
1,1730,32750,398,-3057,-7953,-5049,19290,-7137
1,1731,32763,-5993,-4429,-5691,-3342,14351,-2274
1,1732,32775,-11959,-7729,-6174,-7445,21632,7905
1,1733,32788,-24130,-4947,-13196,-259,4305,8006
1,1734,32800,-29539,3016,-15147,3983,-10958,-846
1,1735,32813,-7727,-2393,-21300,1674,-29670,9137
1,1736,32825,9203,-2427,-22497,4114,-32768,6068
1,1737,32838,18493,2722,-15332,4661,-28553,3844
1,1738,32850,23227,5100,-13635,3690,-26129,3814
1,1739,32863,27215,7416,1287,873,-12977,3776
1,1740,32876,25875,7428,6100,238,-3344,-112
1,1741,32888,24144,8648,5376,-2754,10058,-988
1,1742,32901,19795,7535,1312,-3885,15728,-3808
1,1743,32913,10568,4506,-7307,-6082,18816,-4123
1,1744,32926,7435,1584,-6480,-6166,19466,-6547
1,1745,32939,5709,-1473,-11203,-5616,18035,-9123
1,1746,32951,1453,-2588,-7356,-6242,18224,-4895
1,1747,32964,-6008,-7516,-4474,-4479,17264,-2459
1,1748,32976,-14781,-10619,-8079,-5470,17417,9021
1,1749,32989,-24675,-2835,-12835,-520,1556,8662
1,1750,33002,-28308,2719,-14904,3820,-13962,163
1,1751,33014,-3645,-2324,-20147,662,-31536,9830
1,1752,33027,10659,-3036,-16915,3852,-32643,5152
1,1753,33039,16888,2531,-15222,5452,-29042,1902
1,1754,33052,22861,4761,-15004,3253,-24531,4756
1,1755,33065,25598,6244,3135,1615,-12467,1810
1,1756,33077,26021,7055,5123,170,-3594,711
1,1757,33090,24062,7416,5713,-2136,9708,-1985
1,1758,33102,19684,6979,1210,-3657,15377,-3299
1,1759,33115,10031,4608,-7667,-5446,18173,-4621
1,1760,33128,7887,1174,-5545,-5567,17027,-7995
1,1761,33140,7246,-694,-8877,-6243,18873,-7455
1,1762,33153,2997,-2108,-9262,-6156,17879,-4805
1,1763,33165,-7285,-11004,-5889,-5539,22693,-1150
1,1764,33178,-18473,-10387,-11165,-4479,14851,10676
1,1765,33191,-27515,-618,-13569,1065,-4109,6014
1,1766,33203,-26837,3615,-14504,3128,-19375,1461
1,1767,33216,3469,-3513,-17055,2219,-31278,7313
1,1768,33228,13511,-942,-11342,6016,-29942,1902
1,1769,33241,17979,3294,-11467,4983,-24509,3209
1,1770,33254,23366,6557,1768,2416,-13400,3826
1,1771,33266,23870,7791,3307,1154,-6656,1826
1,1772,33279,23362,8532,4781,-1412,5212,-919
1,1773,33291,20201,8153,3872,-2920,11351,-2929
1,1774,33304,11152,5682,-4695,-4958,16228,-4022
1,1775,33317,7263,3940,-6505,-5559,16218,-5210
1,1776,33329,3929,770,-3484,-4591,14923,-8999
1,1777,33342,3701,-1834,-7257,-4745,13400,-7172
1,1778,33354,-1659,-2316,-1576,-4796,13326,-2669
1,1779,33367,-3834,-3102,-2601,-2551,10612,-3958
1,1780,33380,-7913,-7170,301,-2656,12519,3655
1,1781,33392,-15276,-8433,-4856,-614,3408,8737
1,1782,33405,-18115,-40,-8455,2713,-9872,2980
1,1783,33422,-9645,-2508,-10643,3775,-22703,6803
1,1784,33434,2347,-2256,-10031,5158,-24912,6392
1,1785,33447,13300,3203,-8922,5435,-21851,3889
1,1786,33459,16851,5577,-6285,3867,-16867,5391
1,1787,33472,16581,7216,-392,1212,-10697,3595
1,1788,33485,17275,6859,1184,427,-6114,-254
1,1789,33497,17154,5151,3840,-1449,2196,-1038
1,1790,33510,14735,4206,2519,-2334,9119,-2479
1,1791,33523,11057,3982,78,-3065,11496,-2432
1,1792,33535,3966,1735,-2241,-2795,11785,-4025
1,1793,33548,1779,701,-2016,-2878,10714,-2969
1,1794,33560,769,-817,-2092,-2253,8080,-2682
1,1795,33573,88,-916,83,-1872,7784,-1141
1,1796,33585,-3795,-1261,-654,-1476,8377,-67
1,1797,33598,-7964,-3834,-1568,870,5834,-2215
1,1798,33611,-10221,-3163,-1808,920,-511,4518
1,1799,33623,-10508,-1638,-2630,1911,-5703,5169
1,1800,33636,-4906,1943,-4695,1973,-11864,5081
1,1801,33649,-1144,1921,-3820,2076,-14635,4554
1,1802,33661,1897,3674,-4205,1345,-14895,2578
1,1803,33674,5544,1333,-5838,2487,-14742,-787
1,1804,33686,12245,2094,-2055,805,-10973,1749
1,1805,33699,14383,1113,-1363,620,-9280,114
1,1806,33711,15315,1553,2234,467,-1575,808
1,1807,33724,13372,2676,2682,-83,2486,1329
1,1808,33736,7900,4297,-84,-266,5647,-1988
1,1809,33749,5408,2438,-766,-237,6407,-3396
1,1810,33762,3526,549,-1055,241,5485,-2888
1,1811,33774,3034,302,-970,452,4584,-1454
1,1812,33787,4484,3285,-67,391,4619,-1091
1,1813,33799,4944,2376,1332,372,4466,-2888
1,1814,33812,6485,2844,2349,-1304,5575,2502
1,1815,33824,8060,5518,512,-1613,9436,391
1,1816,33837,3371,3181,-1557,-813,9579,-6088
1,1817,33850,301,2107,1447,-2200,10264,-2835
1,1818,33862,-5631,-1538,-1981,-1185,8314,-925
1,1819,33875,-11670,-3156,-3251,-995,4685,2876
1,1820,33887,-14535,913,-7814,379,-9729,7207
1,1821,33900,-8421,5445,-7794,1570,-16136,3569
1,1822,33913,695,5018,-12920,1939,-23763,-1183
1,1823,33925,9949,1841,-10476,2313,-20165,173
1,1824,33938,19477,1699,-3137,1105,-16325,3460
1,1825,33950,21928,2461,2360,970,-9369,2480
1,1826,33963,22138,4387,6592,-23,4264,683
1,1827,33975,15090,3689,2370,-441,7968,-548
1,1828,33988,3757,2809,-2394,-668,9738,-3215
1,1829,34001,515,1650,-3142,-891,7752,-2277
1,1830,34013,-187,1929,-2460,-917,4216,-776
1,1831,34026,907,2793,-1284,-899,3200,-1154
1,1832,34039,3805,742,2118,-700,1890,-1456
1,1833,34051,8081,3312,1112,-2039,2445,3101
1,1834,34064,9014,4935,1392,-2172,7879,-220
1,1835,34076,6630,3857,-254,-1641,8590,-4218
1,1836,34089,2157,1920,-621,-2912,8662,-2169
1,1837,34101,-971,-788,-1087,-2138,8837,-3913
1,1838,34114,-3694,-1932,-143,-1214,5197,-1346
1,1839,34127,-5314,-2125,156,-439,2587,840
1,1840,34139,-5512,543,-513,908,-3130,2188
1,1841,34152,-2984,2399,-276,1078,-5961,2347
1,1842,34165,51,3031,179,1220,-7650,800
1,1843,34177,2779,2834,680,1158,-7324,367
1,1844,34190,7136,1460,1906,1349,-5977,578
1,1845,34202,8088,2226,2541,936,-3821,1794
1,1846,34215,7950,2930,2528,848,-933,940
1,1847,34227,7253,3794,2377,379,722,788
1,1848,34240,4539,4044,1506,-205,2150,-244
1,1849,34253,3177,3353,1097,-432,2394,-876
1,1850,34265,2113,2391,802,-498,1753,-835
1,1851,34278,1472,1680,676,-354,986,-489
1,1852,34291,1349,1590,886,-99,-22,7
1,1853,34303,1669,1684,921,123,-650,26
1,1854,34316,2220,1875,1147,292,-1131,174
1,1855,34328,2850,2141,1370,316,-1130,248
1,1856,34341,3878,2797,1540,215,-796,211
1,1857,34353,4163,2936,1601,115,-392,32
1,1858,34366,4237,2939,1618,-86,341,-146
1,1859,34379,4093,2796,1574,-166,782,-281
1,1860,34391,3232,2330,1485,-188,1154,-376
1,1861,34404,2697,2199,1413,-167,1119,-283
1,1862,34416,2291,2220,1364,-115,753,-121
1,1863,34429,2091,2243,1338,-26,388,-165
1,1864,34442,2282,2369,1425,-9,-8,-45
1,1865,34455,2453,2291,1454,111,-278,-161
1,1866,34468,2670,2296,1499,111,-401,49
1,1867,34480,3183,2685,1675,42,-354,203
1,1868,34493,3360,2798,1716,-1,-213,60
1,1869,34506,3460,2805,1716,-127,112,-70
1,1870,34518,3448,2743,1687,-197,337,-138
1,1871,34531,3098,2412,1559,-196,566,-293
1,1872,34544,2892,2303,1513,-171,576,-230
1,1873,34556,2745,2389,1515,-181,493,20
1,1874,34569,2643,2523,1576,-165,490,-68
1,1875,34581,2196,2140,1442,9,225,-243
1,1876,34594,2188,2195,1384,-1,-53,187
1,1877,34606,2369,2401,1336,81,-438,260
1,1878,34619,2695,2691,1378,68,-543,228
1,1879,34632,3500,2851,1515,-17,-357,104
1,1880,34644,3710,2745,1582,-51,-79,-26
1,1881,34657,3763,2665,1621,-150,433,-4
1,1882,34670,3650,2648,1608,-215,710,-3
1,1883,34686,3085,2531,1647,-309,1071,-185
1,1884,34698,2569,2026,1621,-145,1055,-573
1,1885,34711,2094,1727,1508,-131,735,-96
1,1886,34724,1867,1935,1529,-5,144,178
1,1887,34736,2069,2181,1608,46,-210,168
1,1888,34749,2365,2193,1760,105,-442,-29
1,1889,34761,2628,2072,1859,125,-504,-21
1,1890,34774,3075,2183,2027,64,-345,157
1,1891,34787,3131,2307,2048,59,-164,37
1,1892,34799,3096,2412,1991,-15,77,-47
1,1893,34812,3008,2443,1912,-35,177,-140
1,1894,34824,2795,2424,1756,-45,248,-183
1,1895,34837,2682,2378,1696,-6,204,-198
1,1896,34849,2619,2403,1673,40,51,-48
1,1897,34862,2628,2537,1665,38,-61,62
1,1898,34874,2852,2755,1716,37,-171,3
1,1899,34887,3003,2739,1776,3,-146,-41
1,1900,34900,3100,2634,1823,-7,14,-140
1,1901,34912,3109,2623,1807,-69,124,-37
1,1902,34925,2976,2619,1765,-77,295,-144
1,1903,34937,2902,2574,1705,-75,344,-149
1,1904,34950,2835,2557,1672,-97,394,-56
1,1905,34963,2753,2496,1643,-38,406,-163
1,1906,34975,2542,2307,1631,24,322,-85
1,1907,34988,2483,2222,1655,97,218,-38
1,1908,35000,2456,2148,1680,251,54,27
1,1909,35013,2472,2052,1622,370,-55,219
1,1910,35026,2849,2215,1577,422,-203,758
1,1911,35038,2914,2307,1619,454,-13,822
1,1912,35051,2842,2250,1466,493,-160,625
1,1913,35064,2418,3011,2207,83,108,846
1,1914,35076,2490,2814,1152,131,-371,-374
1,1915,35089,2711,2642,1645,-169,-376,96
1,1916,35101,2842,2184,1660,24,-272,-441
1,1917,35114,2801,2042,1536,-19,-338,5
1,1918,35126,2900,2396,1733,-73,-310,266
1,1919,35139,3028,2550,1764,-88,-279,50
1,1920,35152,3222,2523,1828,-130,-52,-134
1,1921,35164,3481,2329,1704,-89,119,-61
1,1922,35177,3577,2363,1757,-54,375,39
1,1923,35190,3623,2552,1803,-97,678,276
1,1924,35202,3697,2759,1867,-140,942,213
1,1925,35215,3956,2922,1922,-201,1327,100
1,1926,35227,4170,3121,2081,-332,1629,158
1,1927,35240,4700,3826,1354,-1128,1723,340
1,1928,35252,4895,4834,3223,-1804,3038,56
1,1929,35265,3324,4155,1380,-2116,5597,-5116
1,1930,35278,2220,2758,323,-2395,4475,-5411
1,1931,35290,301,1299,1971,-2917,3506,-2921
1,1932,35303,-524,-171,1543,-1787,2161,-3788
1,1933,35316,-895,-557,2127,-1310,599,-360
1,1934,35328,-644,-51,2017,-744,-405,827
1,1935,35341,102,1070,1743,-48,-1616,1208
1,1936,35353,1078,2319,1667,-92,-2059,1754
1,1937,35366,3070,4253,2189,-463,-2096,1631
1,1938,35378,3923,4441,2549,-795,-1551,493
1,1939,35391,4554,4234,2584,-1507,-285,-473
1,1940,35404,4662,3819,3170,-1925,774,-824
1,1941,35416,3902,2658,3025,-2418,2057,-824
1,1942,35429,3030,2243,3266,-2645,2547,-450
1,1943,35442,2244,1891,3115,-2818,2900,-858
1,1944,35454,1493,1299,2964,-2865,2933,-1729
1,1945,35467,-30,-713,3184,-2434,2303,-2878
1,1946,35479,-291,-1400,2921,-2283,1591,-2340
1,1947,35492,-222,-1795,3638,-1273,957,-1887
1,1948,35504,-100,-1824,3723,-862,195,-600
1,1949,35517,1044,-1684,2302,-124,-824,-392
1,1950,35530,1535,-728,5739,623,-413,-627
1,1951,35542,1325,722,4564,268,501,1853
1,1952,35555,913,1279,3047,525,507,709
1,1953,35568,414,1849,3441,483,186,-256
1,1954,35580,277,1622,3644,389,-28,-523
1,1955,35593,249,1364,3605,493,-500,-971
1,1956,35605,359,1239,3641,526,-695,-858
1,1957,35618,759,1307,3788,630,-995,-559
1,1958,35630,949,1405,3849,680,-1048,-436
1,1959,35643,1127,1412,3714,841,-928,-689
1,1960,35656,1279,1131,3548,1015,-783,-965
1,1961,35668,1629,573,3299,1341,-627,-443
1,1962,35681,3896,4556,-273,1469,-3222,119
1,1963,35694,9527,11691,8162,-1019,4565,-4648
1,1964,35706,8518,4634,4478,-1016,4276,-7557
1,1965,35719,6031,923,3489,-2964,8691,-384
1,1966,35731,2708,299,1971,-2250,10482,-466
1,1967,35744,-481,1714,269,-2404,9283,3905
1,1968,35756,-1997,3990,268,-2312,8115,3426
1,1969,35769,-3118,4281,1181,-2102,6596,-354
1,1970,35782,-3301,1865,1736,-2123,5646,-1208
1,1971,35794,-3409,-496,2081,-1675,4460,2
1,1972,35807,-3868,-734,2268,-1305,3507,909
1,1973,35819,-4033,1602,2694,-1066,1762,1227
1,1974,35832,-3170,1837,3042,-839,979,229
1,1975,35844,-2145,1487,3247,-821,730,-247
1,1976,35857,-1389,940,3533,-832,933,18
1,1977,35869,-829,1196,3659,-953,1602,602
1,1978,35882,-1025,1327,3575,-964,1952,429
1,1979,35895,-1200,1144,3451,-962,2452,181
1,1980,35907,-1432,861,3255,-1017,2602,425
1,1981,35920,-1641,979,3269,-1169,2990,797
1,1982,35933,-1854,829,3111,-1113,3303,430
1,1983,35949,-2490,450,2826,-1056,3663,329
1,1984,35962,-2912,356,2582,-955,3681,90
1,1985,35974,-3171,291,2518,-906,3535,-69
1,1986,35987,-3261,-52,2515,-696,3564,-426
1,1987,36000,-3921,245,1822,-693,3331,-157
1,1988,36012,-4139,-59,1923,-446,2889,-775
1,1989,36025,-3832,11,2116,-441,2391,-410
1,1990,36037,-3494,-141,2106,-321,2478,-337
1,1991,36050,-4254,384,1718,-304,1957,177
1,1992,36063,-4127,740,1660,-298,1588,-135
1,1993,36075,-3763,388,1768,-302,1248,-263
1,1994,36088,-3464,63,1933,-308,1264,19
1,1995,36100,-3325,896,2144,-380,1344,248
1,1996,36113,-3119,1429,2235,-485,1472,7
1,1997,36126,-2972,1293,2105,-607,1998,-726
1,1998,36138,-3074,478,1895,-634,2326,-648
1,1999,36151,-3470,106,1327,-669,2193,-432
1,2000,36164,-3181,245,1356,-706,2247,-440
1,2001,36176,-2712,373,1428,-821,2746,-618
1,2002,36189,-2568,224,1341,-831,3226,-856
1,2003,36201,-2545,-13,820,-941,3661,-869
1,2004,36214,-2133,-18,848,-929,4100,-1087
1,2005,36226,-2158,165,467,-1003,5401,-1502
1,2006,36239,-2971,63,-92,-986,5551,-1903
1,2007,36252,-4166,-108,-691,-1105,5525,-1631
1,2008,36264,-4741,-257,-1015,-1059,5179,-1840
1,2009,36277,-5121,-651,-1275,-1014,4399,-1638
1,2010,36290,-5419,-1038,-1479,-899,3721,-1345
1,2011,36302,-5335,-1441,-1754,-645,2573,-1137
1,2012,36315,-4929,-1520,-1679,-451,1975,-830
1,2013,36327,-4523,-1194,-1488,-296,1493,-543
1,2014,36340,-4146,-958,-1320,-247,1429,-451
1,2015,36352,-3905,-942,-1485,-209,1464,-361
1,2016,36365,-4078,-976,-1629,-217,1435,-172
1,2017,36378,-4434,-855,-1739,-210,1212,46
1,2018,36390,-4772,-715,-1847,-156,770,-44
1,2019,36403,-4266,-677,-1728,-199,213,46
1,2020,36416,-3884,-732,-1524,-230,170,229
1,2021,36428,-3831,-687,-1442,-165,435,318
1,2022,36441,-4029,-384,-1545,-143,476,174
1,2023,36453,-4062,-567,-1684,-163,253,-206
1,2024,36466,-3835,-834,-1597,-137,122,-70
1,2025,36479,-3573,-638,-1570,-198,157,167
1,2026,36491,-3492,-626,-1516,-181,227,96
1,2027,36504,-3877,-846,-1631,-134,419,219
1,2028,36516,-4252,-576,-1689,-92,278,279
1,2029,36529,-4397,-449,-1706,36,-97,15
1,2030,36542,-4312,-594,-1670,37,-336,193
1,2031,36554,-3803,-281,-1494,13,-596,282
1,2032,36567,-3492,-166,-1337,-41,-521,150
1,2033,36579,-3373,-251,-1278,-130,-256,112
1,2034,36592,-3448,-256,-1281,-175,-65,37
1,2035,36605,-4024,-373,-1486,-194,-26,-10
1,2036,36617,-4208,-365,-1542,-192,-176,-47
1,2037,36630,-4204,-401,-1516,-140,-407,-108
1,2038,36642,-4145,-319,-1411,-156,-491,-66
1,2039,36655,-4177,-26,-1270,-219,-496,-176
1,2040,36668,-4464,-56,-1265,-298,-456,-130
1,2041,36680,-5044,14,-1461,-407,-586,-13
1,2042,36693,-6395,-173,-2203,-672,-1626,425
1,2043,36705,-6023,-2752,-1742,-1005,-3379,441
1,2044,36718,-4406,-4935,-1757,1327,-3458,1791
1,2045,36730,-4463,-1704,-1259,1447,-3850,1961
1,2046,36743,-3745,-1440,-1573,2193,-3715,1537
1,2047,36755,-3322,-555,-1048,2086,-3359,2367
1,2048,36768,-3437,-187,-868,2410,-3198,1679
1,2049,36781,-3378,571,-885,2143,-2661,1623
1,2050,36793,-4102,2147,-747,1318,-2587,1191
1,2051,36806,-4571,1426,-902,847,-2507,244
1,2052,36818,-5445,123,-462,1198,-3722,-29
1,2053,36831,-4922,308,-313,1326,-4159,152
1,2054,36844,-3753,930,529,1375,-3712,-354
1,2055,36856,-3386,1136,496,1121,-3748,-307
1,2056,36869,-2936,1184,712,624,-3559,-120
1,2057,36881,-2555,815,1124,-14,-2963,-108
1,2058,36894,-2147,295,1405,-341,-2390,263
1,2059,36906,-1811,-428,2198,-217,-1224,97
1,2060,36919,-1761,-540,2257,228,-17,-462
1,2061,36932,-1825,-455,2191,420,778,-560
1,2062,36944,-2699,585,1650,281,1699,-612
1,2063,36957,-3228,771,1233,-16,2088,-794
1,2064,36969,-3796,503,976,-616,2073,-307
1,2065,36982,-4190,167,663,-874,1798,18
1,2066,36995,-4770,-618,456,-877,1365,118
1,2067,37007,-5022,-946,375,-680,908,304
1,2068,37020,-5200,-995,521,-122,1,262
1,2069,37032,-4958,-577,649,152,-374,263
1,2070,37045,-4305,262,573,164,-463,194
1,2071,37058,-4306,-128,399,69,-410,333
1,2072,37070,-4848,-696,741,399,-985,-15
1,2073,37083,-4874,-1235,709,974,-1423,-267
1,2074,37095,-4277,-617,378,1177,-1845,221
1,2075,37108,-4212,-325,511,972,-1990,425
1,2076,37121,-4277,-248,922,833,-2447,783
1,2077,37133,-3983,-102,1275,966,-2408,510
1,2078,37146,-3634,452,1719,1126,-2285,632
1,2079,37158,-3402,965,1723,1056,-2149,436
1,2080,37171,-3224,1253,1706,460,-1922,776
1,2081,37184,-3158,1325,1835,75,-1680,950
1,2082,37196,-3274,1143,2206,-72,-1480,707
1,2083,37213,-3064,981,2232,31,-1236,105
1,2084,37226,-2959,854,2430,113,-1054,-15
1,2085,37238,-2656,1018,2312,127,-771,-162
1,2086,37251,-2510,979,2175,-75,-507,-107
1,2087,37263,-2567,742,2298,-437,-26,207
1,2088,37276,-2714,347,2453,-306,275,169
1,2089,37288,-3187,221,2589,413,643,-568
1,2090,37301,-3437,607,2484,853,847,-964
1,2091,37314,-3640,1127,2207,916,841,-1130
1,2092,37326,-3987,1810,1961,721,731,-1427
1,2093,37339,-3945,1617,1860,295,746,-1250
1,2094,37352,-4148,1222,1798,-267,811,-641
1,2095,37364,-4041,-2166,1220,2942,408,-8074
1,2096,37377,797,-22695,-2139,19240,5383,-13904
1,2097,37389,1636,-11784,-9140,18811,9251,-2734
1,2098,37402,-2133,-3844,-11820,17380,10564,1057
1,2099,37414,-4993,699,-12150,15665,8151,6168
1,2100,37427,-5796,6483,-9035,14636,4697,1815
1,2101,37440,-4204,6421,-6683,10081,2832,6727
1,2102,37452,-2286,6324,-4217,4655,1249,12406
1,2103,37465,-561,6114,-2388,1028,559,16778
1,2104,37477,1944,3636,2162,-5974,3014,25292
1,2105,37490,3677,-331,-5669,-3314,1429,32726
1,2106,37503,-1120,8960,-5755,3315,-2435,11676
1,2107,37515,-3054,13311,-2086,2851,-5235,6032
1,2108,37528,3577,9687,667,-4020,-5650,11479
1,2109,37540,4987,6147,1512,-3394,-3938,5146
1,2110,37553,5314,2917,1642,-2834,-1218,3821
1,2111,37566,4334,1743,1272,-1918,-66,2712
1,2112,37578,2120,1527,298,-1323,580,3029
1,2113,37591,1261,2290,-217,-681,515,2927
1,2114,37604,711,3463,-434,-228,-341,2064
1,2115,37616,893,4094,-382,-272,-899,1808
1,2116,37629,2601,5455,-82,-148,-1216,175
1,2117,37641,3374,6840,-6,-416,-909,-911
1,2118,37654,3482,8229,-262,-1698,-19,-2596
1,2119,37666,3062,8983,-989,-2922,132,-3256
1,2120,37679,2256,9844,-794,-5152,-400,-4074
1,2121,37692,4309,9078,-646,-6050,-337,-3994
1,2122,37704,4768,10548,-1677,-8677,2159,-4707
1,2123,37717,4024,9868,-3499,-10492,2555,-4670
1,2124,37729,2997,7936,-4959,-12061,2377,-6835
1,2125,37742,3276,6306,-7443,-13268,2459,-7355
1,2126,37755,1809,3186,-7940,-14744,2348,-5140
1,2127,37767,-41,-725,-7785,-15413,1618,-1952
1,2128,37780,-3909,-7981,-4194,-12551,-21,437
1,2129,37792,-4805,-8423,-2639,-8294,-2044,-1849
1,2130,37805,-4532,-7297,-1012,-4426,-5868,-1617
1,2131,37817,-2368,-5871,153,-3103,-7337,-229
1,2132,37830,3365,-2029,3153,-1803,-7456,-907
1,2133,37843,5271,371,4369,-1671,-5886,-1705
1,2134,37855,5488,2354,4488,-3362,-3446,-2593
1,2135,37868,5824,1254,4653,-5189,-1834,-804
1,2136,37880,5544,-4527,4839,-4973,416,-1344
1,2137,37893,4666,-6148,4699,-3876,1458,-1736
1,2138,37905,3424,-6369,4234,-2094,2218,-1736
1,2139,37918,2465,-6077,3819,-1626,2220,-1117
1,2140,37931,3097,-10482,4741,-2193,3193,5155
1,2141,37943,2687,-13814,4315,-699,3327,7723
1,2142,37956,1625,-17078,3231,3649,2930,9461
1,2143,37968,953,-20045,1154,10190,906,7262
1,2144,37981,3873,-11978,-6243,15224,-79,11656
1,2145,37994,6044,-6267,-8893,16973,-775,13957
1,2146,38006,7673,-1323,-10496,17821,-921,12911
1,2147,38019,7454,4675,-12071,16433,-1087,10781
1,2148,38031,2381,11370,-6954,11866,-2049,9675
1,2149,38044,739,11919,-5257,9359,-3874,8116
1,2150,38057,1014,11578,-5311,6540,-6120,3746
1,2151,38069,2002,9448,-3449,4308,-7367,4174
1,2152,38082,5785,5439,-109,3326,-6888,2642
1,2153,38094,6232,4909,995,2696,-5084,1535
1,2154,38107,5317,3583,1315,1604,-3444,2190
1,2155,38120,4000,2148,895,2069,-2948,1275
1,2156,38132,2783,2153,-370,2621,-3212,994
1,2157,38145,2059,2941,72,2815,-3235,1151
1,2158,38157,3198,4646,-1092,2106,-3666,1516
1,2159,38170,4103,6041,-1981,1677,-3792,-187
1,2160,38183,5807,6653,-738,502,-2784,122
1,2161,38195,6555,7072,-1628,-690,-1933,926
1,2162,38208,7016,7229,-2339,-1852,-826,1121
1,2163,38220,8112,7293,-2939,-2229,-150,785
1,2164,38233,10782,8731,-2703,-3446,2941,250
1,2165,38246,9613,9856,-3024,-5078,5385,-400
1,2166,38258,8385,8402,-2121,-5932,7743,-4330
1,2167,38271,8991,7020,-3849,-6285,8919,-6570
1,2168,38283,6771,9363,-8156,-9440,11122,-4321
1,2169,38296,4057,9241,-9322,-11782,11414,-3302
1,2170,38309,2184,7499,-11104,-12742,9644,-9967
1,2171,38321,418,4217,-11580,-13866,6842,-11227
1,2172,38334,-899,-5453,-9879,-14007,2257,-9250
1,2173,38346,-1247,-8406,-7313,-12317,-459,-8221
1,2174,38359,-1520,-9548,-3818,-8656,-3344,-6211
1,2175,38372,-730,-9607,-2313,-6114,-5097,-4566
1,2176,38384,2693,-5928,1542,-3855,-5229,-767
1,2177,38397,4093,-3619,2813,-3248,-4195,-38
1,2178,38409,5179,-2878,4063,-3441,-1472,1265
1,2179,38422,5146,-2779,4913,-3105,377,537
1,2180,38435,3046,-2464,4356,-2739,2402,-1246
1,2181,38447,1722,-2867,3773,-2891,2765,-1993
1,2182,38460,547,-3737,3646,-3020,2797,-2488
1,2183,38477,-504,-5949,3474,-2529,1977,-2319
1,2184,38489,-389,-6795,3506,-1938,1614,-1842
1,2185,38502,-429,-9218,3962,-1739,1395,850
1,2186,38514,-350,-18097,4773,-1287,1762,8808
1,2187,38527,-1937,-21541,3365,1204,701,13680
1,2188,38539,-2803,-21820,378,11506,-2085,8425
1,2189,38552,-1862,-18337,-3508,16026,-3674,9733
1,2190,38565,3027,-3388,-12242,17510,-5908,14015
1,2191,38577,3114,4394,-12452,17669,-7087,10423
1,2192,38590,2752,8277,-9373,12468,-7108,11678
1,2193,38603,822,10706,-8855,8644,-10990,10244
1,2194,38615,5418,9269,-2739,6151,-11612,3320
1,2195,38628,8805,6164,-1612,4987,-10323,2033
1,2196,38640,10537,4698,-1604,4627,-7073,1852
1,2197,38653,11448,5686,-2513,4115,-5078,3836
1,2198,38665,17959,9503,-5066,3138,-6159,2649
1,2199,38678,20904,13409,948,1296,3119,-4131
1,2200,38691,19005,13173,-1056,-4261,11863,-3706
1,2201,38703,15361,10458,-5705,-7910,15070,-10312
1,2202,38716,4919,4088,-13036,-10720,13696,-13497
1,2203,38729,2254,1257,-12988,-11025,9633,-13593
1,2204,38741,2014,-508,-10060,-10776,4538,-17811
1,2205,38754,2282,-2251,-8451,-11333,1421,-16416
1,2206,38766,2528,-3057,-5236,-9879,-3752,-17846
1,2207,38779,3996,-2766,-4365,-10294,-4912,-16032
1,2208,38791,5680,-5041,-5568,-10741,-7123,-11762
1,2209,38804,6989,-6826,-4359,-9345,-7227,-12822
1,2210,38817,9156,-8997,-1107,-8284,-6762,-9660
1,2211,38829,9041,-10067,692,-7547,-5872,-6392
1,2212,38842,8806,-10768,2145,-5402,-3546,-5019
1,2213,38854,8408,-10959,2838,-3892,-2231,-4230
1,2214,38867,7212,-9911,3184,-1680,-557,-3177
1,2215,38879,6775,-8977,2972,-333,257,-2986
1,2216,38892,6795,-7986,2526,141,217,-2605
1,2217,38904,8189,-9228,3171,1287,-215,-6758
1,2218,38917,14753,-12934,6146,3419,2536,-10018
1,2219,38930,15953,-12918,5487,3722,7306,-4728
1,2220,38942,12183,-11323,1653,5188,13326,250
1,2221,38955,6460,-8126,-1877,5628,14590,3092
1,2222,38968,-1698,-1889,-5534,6630,13619,3628
1,2223,38980,-3998,962,-5727,6840,11627,3893
1,2224,38993,-5166,4245,-5135,6785,9261,1023
1,2225,39005,-6634,7075,-3516,5021,8250,2684
1,2226,39018,-10240,7048,-932,399,12792,10698
1,2227,39030,-11523,9779,-6935,-823,2630,18838
1,2228,39043,-9123,14237,-5186,-969,-2622,13114
1,2229,39056,-6277,18186,-5992,-3122,-6520,10315
1,2230,39069,4127,15107,-4173,-5953,-7858,417
1,2231,39081,7617,9875,-3098,-7645,-4947,-6638
1,2232,39094,8124,6740,-3946,-9571,-3379,-5851
1,2233,39106,6979,225,-3851,-9809,-2000,-8647
1,2234,39119,6307,-2375,-3541,-9349,-1886,-9623
1,2235,39132,6118,-4891,-3396,-8523,-2387,-8045
1,2236,39144,5795,-6778,-2440,-7264,-2935,-7374
1,2237,39157,5927,-9035,299,-5978,-2729,-4236
1,2238,39169,7092,-14083,2978,-4528,-5320,-5467
1,2239,39182,6271,-10774,4098,-1552,-2929,-2130
1,2240,39195,4779,-4076,1823,-3012,-3522,1539
1,2241,39207,3152,-4148,2376,-2131,-3734,-3591
1,2242,39220,4365,-4552,-740,-339,-7639,-10998
1,2243,39232,7892,-3003,-1653,2428,-11393,-18954
1,2244,39245,11898,1216,-2150,-19,-13732,-13272
1,2245,39258,25655,2215,3515,-4247,-7606,-8958
1,2246,39270,27979,-1765,4789,-4684,912,-11815
1,2247,39283,26052,-6269,2630,-5177,12708,-7114
1,2248,39295,19551,-9819,-1314,-4093,18107,-2701
1,2249,39308,7349,-7471,-7641,-2424,21607,8128
1,2250,39321,2108,-3648,-8689,-357,21325,11198
1,2251,39333,-1461,-10,-9120,2102,18341,12065
1,2252,39346,-3183,3069,-8851,2868,16339,12772
1,2253,39359,-7071,9148,-6347,3808,11704,7516
1,2254,39371,-7210,9257,-4860,2921,9401,5545
1,2255,39384,-8573,9549,-3387,1720,6362,3882
1,2256,39396,-10075,9349,-3247,1585,3127,1237
1,2257,39409,-7861,6887,-2092,370,-1195,1406
1,2258,39421,-5039,6027,-1408,-151,-3006,2395
1,2259,39434,-2194,7236,-1130,-1476,-4244,3260
1,2260,39447,276,7867,-188,-2798,-3875,4024
1,2261,39459,4192,3558,1177,-3642,-2357,4383
1,2262,39472,5853,251,2059,-3234,-869,4990
1,2263,39485,7185,-2589,2658,-2228,2224,8858
1,2264,39497,7964,-4428,2587,-812,4548,11837
1,2265,39510,9593,-2006,226,916,6531,13358
1,2266,39522,10533,-484,539,1777,8041,10869
1,2267,39535,10208,424,815,2152,12306,3779
1,2268,39547,7135,-168,-421,1764,15631,-569
1,2269,39560,-3420,-3712,-5129,1425,20030,-1881
1,2270,39573,-9680,-1404,-7551,-37,22374,6238
1,2271,39585,-16485,8083,-12569,-631,20620,18636
1,2272,39598,-22361,22312,-16817,3467,14305,6169
1,2273,39610,-28374,23193,-15323,918,821,-8811
1,2274,39623,-21816,12588,-13592,-7961,-9234,5292
1,2275,39636,-11537,5286,-10237,-8059,-13672,3572
1,2276,39648,-4219,-1168,-5852,-3671,-13134,-1856
1,2277,39661,1381,-896,-406,-1132,-10573,-1236
1,2278,39673,2062,1928,602,-1966,-8824,712
1,2279,39686,2470,3049,1087,-2661,-6475,-744
1,2280,39699,2613,2451,1051,-2822,-5491,-1461
1,2281,39711,2096,982,-106,-3394,-5198,-646
1,2282,39724,2349,-284,-333,-3068,-5717,-969
1,2283,39741,3523,-1166,-35,-1717,-6778,-584
1,2284,39753,4722,-665,-277,-1427,-7216,-278
1,2285,39766,6438,-285,-560,-812,-7608,-2122
1,2286,39778,8322,-56,-1355,-188,-8201,-4721
1,2287,39791,13284,276,-520,324,-6900,-6447
1,2288,39803,14604,871,700,-769,-4655,-4905
1,2289,39816,15002,296,1185,-1527,1160,-4054
1,2290,39829,14479,-1024,1565,-1272,5422,-4609
1,2291,39841,9831,-2453,-897,-2014,10857,7
1,2292,39854,5884,-1936,-3149,-1885,13110,2078
1,2293,39866,2600,-1448,-4765,-918,14279,1306
1,2294,39879,-638,-390,-5122,-1259,14991,2564
1,2295,39892,-9822,4037,-2992,-2207,17363,8764
1,2296,39904,-16706,12604,-5439,-2786,17227,12204
1,2297,39917,-23234,22197,-6109,-1827,10535,3691
1,2298,39929,-25851,22817,-5464,-1520,4237,-3887
1,2299,39942,-18888,7092,-4164,-3498,-3483,-961
1,2300,39955,-14960,4952,-3102,-2973,-6526,-958
1,2301,39967,-10757,4136,-2334,-2272,-8888,-1469
1,2302,39980,-6943,3761,-1341,-3192,-9109,-252
1,2303,39992,-1370,2068,-221,-4261,-8111,-173
1,2304,40005,188,204,532,-4494,-7109,-447
1,2305,40018,1155,-2266,1355,-3538,-5377,-1003
1,2306,40030,1399,-3411,1853,-2855,-4146,-708
1,2307,40043,-394,-1941,644,-2400,-3917,-16
1,2308,40055,-306,-2675,612,-1732,-4356,-323
1,2309,40068,-57,-2834,497,-741,-5292,-285
1,2310,40081,491,-2412,377,-414,-5918,191
1,2311,40093,2784,-1406,549,5,-6325,-51
1,2312,40106,4281,-1576,599,227,-6176,-516
1,2313,40118,5730,-2556,605,825,-6030,-1315
1,2314,40131,7308,-3783,311,1848,-5592,-3268
1,2315,40144,12487,-5281,-367,843,-5897,829
1,2316,40156,15169,-7595,684,1260,-4794,374
1,2317,40169,16451,-8285,1679,3734,619,-3310
1,2318,40181,16490,-7494,1738,3955,5901,-948
1,2319,40194,7704,-1998,-3626,4221,11694,-433
1,2320,40207,2358,467,-5933,4022,13266,-835
1,2321,40219,-1044,695,-7005,3837,13374,-1399
1,2322,40232,-3334,53,-7080,3894,13263,101
1,2323,40244,-9943,5912,-4181,3182,13121,7259
1,2324,40257,-14296,14611,-3280,4127,11024,9335
1,2325,40270,-17813,25521,-2106,2123,4631,5203
1,2326,40282,-18572,29837,-1275,-363,-1160,545
1,2327,40295,-8513,17625,-227,-5697,-5244,1135
1,2328,40307,-3259,8457,1687,-8088,-5567,4897
1,2329,40320,-751,3345,4624,-4152,-2200,-1695
1,2330,40333,-579,5557,4009,-4940,-456,179
1,2331,40345,-2576,6019,1984,-5680,1176,-839
1,2332,40358,-3691,4196,795,-4846,1185,-4050
1,2333,40371,-4470,2425,-535,-4835,-406,-4174
1,2334,40383,-4628,72,-1328,-4231,-2109,-4423
1,2335,40396,-2954,-3541,-1205,-3610,-4362,-2296
1,2336,40408,-1588,-4306,-534,-2799,-5417,-1773
1,2337,40421,-180,-4230,150,-1442,-5986,-2087
1,2338,40433,999,-3722,455,-534,-6017,-3041
1,2339,40446,3046,-3715,511,895,-6425,-5116
1,2340,40459,4106,-3910,-96,1049,-7780,-4403
1,2341,40471,5495,-3815,-1170,2003,-8911,-6030
1,2342,40484,10476,-3166,-992,3396,-8984,-7895
1,2343,40497,13920,-1809,-1981,3494,-8558,-7365
1,2344,40509,16234,-1475,90,3070,-3185,-5851
1,2345,40522,17324,-516,-159,1187,1160,134
1,2346,40534,16202,-1922,-1643,819,10406,3533
1,2347,40547,11312,-850,-2169,1294,14834,2092
1,2348,40559,5970,818,-5839,220,19310,1883
1,2349,40572,552,1231,-8535,-135,19666,2158
1,2350,40585,-10865,3735,-7721,199,18374,5986
1,2351,40597,-16859,10147,-6579,771,14651,7260
1,2352,40610,-21713,17505,-4919,1311,5252,1205
1,2353,40623,-22275,18881,-2667,-453,-1411,72
1,2354,40635,-10747,7198,966,-2539,-6596,3409
1,2355,40648,-6063,3926,3672,-1117,-6082,1917
1,2356,40660,-3866,5063,4848,-462,-3731,1568
1,2357,40673,-3586,8822,4984,-2219,-2339,2583
1,2358,40685,-3783,8905,4596,-3725,-536,-468
1,2359,40698,-4019,5954,3592,-4082,218,-2170
1,2360,40711,-4713,3480,2356,-4383,-46,-2116
1,2361,40723,-5248,1540,1339,-3955,-885,-2451
1,2362,40736,-4957,-1359,247,-3240,-2912,-1804
1,2363,40748,-4043,-2187,115,-2633,-4149,-1260
1,2364,40761,-3012,-2248,104,-1785,-5743,-750
1,2365,40773,-1903,-2186,72,-398,-6736,-2851
1,2366,40786,1154,-2178,536,1167,-7268,-3773
1,2367,40799,2718,-2014,773,378,-7230,-356
1,2368,40811,4198,-2001,450,946,-7058,-778
1,2369,40824,5909,-1691,-654,1789,-7451,-2411
1,2370,40836,9521,582,-2330,1423,-7958,-2570
1,2371,40849,11523,850,-1713,1278,-7404,-4371
1,2372,40861,14025,827,-164,188,-3729,-5118
1,2373,40874,15595,-471,1007,-1051,-155,-3746
1,2374,40887,15009,-5325,284,-411,5483,-6639
1,2375,40899,13268,-7051,-345,-1002,9039,-2741
1,2376,40912,9486,-7400,-2182,313,13197,-1342
1,2377,40924,5899,-6095,-4173,541,14761,1103
1,2378,40937,-74,-3935,-6581,1467,16770,3864
1,2379,40950,-3648,-1564,-6964,1913,17871,6181
1,2380,40962,-8259,3940,-8267,2356,18309,12249
1,2381,40975,-14073,13711,-9665,4201,14942,9638
1,2382,40987,-24885,32767,-7145,4305,6593,-5823
1,2383,41005,-24358,30218,-7781,-6724,-3587,-152
1,2384,41017,-10856,9156,-4471,-11630,-8390,5951
1,2385,41030,-5952,1511,-555,-8547,-7178,1198
1,2386,41042,-4199,-492,1397,-3758,-5668,-3655
1,2387,41055,-3403,901,1771,-4468,-4578,249
1,2388,41067,-3720,4523,963,-4338,-3459,-1371
1,2389,41080,-3419,3102,122,-4059,-3672,-3135
1,2390,41093,-2690,407,-673,-3539,-4544,-3378
1,2391,41105,-1924,-1724,-849,-3381,-5099,-2342
1,2392,41118,-857,-2993,-436,-2914,-5769,-1139
1,2393,41131,-91,-3232,-279,-2189,-6324,-1285
1,2394,41143,914,-3179,-98,-1241,-6470,-1667
1,2395,41156,1792,-3262,-135,-727,-6446,-1828
1,2396,41168,4299,-4679,-507,110,-6831,-2200
1,2397,41181,6339,-5554,-1475,1027,-7430,-3185
1,2398,41193,9091,-5890,-2474,1298,-9095,-2800
1,2399,41206,12238,-5996,-3184,1753,-9392,-3683
1,2400,41219,18063,-5312,-696,3485,-5749,-5015
1,2401,41231,19073,-3226,2091,2620,-112,-1619
1,2402,41244,17314,-2386,2236,1053,9832,2290
1,2403,41257,11745,-803,-2681,1119,12426,-53
1,2404,41269,1969,-1866,-4868,1614,14061,-5173
1,2405,41282,58,-5313,-6262,1750,12739,-5662
1,2406,41294,-1146,-8031,-5331,3155,12433,-3496
1,2407,41307,-3127,-6859,-5309,3558,12838,754
1,2408,41319,-9345,2283,-4549,3647,13279,8041
1,2409,41332,-12975,10609,-5417,4088,12331,10247
1,2410,41345,-17690,23292,-5419,3623,7679,3846
1,2411,41357,-21809,32767,-3335,-195,3381,-2168
1,2412,41370,-14937,19415,-2527,-8047,-4147,1972
1,2413,41383,-8939,9499,-1172,-9571,-5600,3903
1,2414,41395,-5620,3631,1776,-5918,-3562,-1657
1,2415,41408,-4984,1840,2861,-4297,-2490,-3058
1,2416,41420,-4999,1159,1020,-4889,-2029,329
1,2417,41433,-5186,498,516,-3695,-2448,-1403
1,2418,41445,-5001,550,-214,-2956,-4198,-2212
1,2419,41458,-4188,-618,-159,-2563,-5311,-1777
1,2420,41471,-1548,-1248,-458,-2151,-6706,-1235
1,2421,41483,140,-1535,-68,-2085,-7381,-720
1,2422,41496,1908,-2231,814,-1169,-7227,-1524
1,2423,41509,3278,-2228,1144,-630,-6627,-2390
1,2424,41521,5828,-3639,-283,-370,-5893,-3331
1,2425,41534,7462,-5840,-810,119,-5856,-4287
1,2426,41546,8811,-7059,-1053,1104,-5649,-5172
1,2427,41559,9666,-7032,-887,1932,-4972,-5292
1,2428,41571,11104,-6144,1571,3338,-1867,-4973
1,2429,41584,10649,-3450,2602,3363,1241,-2874
1,2430,41597,8961,-822,1326,1756,4916,122
1,2431,41609,7065,-953,-700,1883,6111,-929
1,2432,41622,3898,-3010,-1870,3602,7365,-4055
1,2433,41635,2207,-1838,-1780,3434,8314,-2507
1,2434,41647,575,-583,-1974,2827,10077,-1212
1,2435,41660,-1214,118,-1224,2288,11907,1333
1,2436,41672,-8154,7195,-1077,922,13822,10910
1,2437,41685,-13158,16785,-1700,1926,12057,10904
1,2438,41697,-16688,24084,-2134,3712,6232,-3089
1,2439,41710,-18622,29500,-3268,-2837,-426,-1705
1,2440,41723,-9528,12359,-949,-9891,-3240,5006
1,2441,41735,-5993,4235,1680,-8786,-3085,2618
1,2442,41748,-4820,1465,2862,-4138,-2419,-5133
1,2443,41760,-4109,-111,2590,-4757,-1958,-528
1,2444,41773,-4350,-1126,1924,-3685,-1292,134
1,2445,41785,-4674,-1105,1638,-2219,-1696,-1841
1,2446,41798,-4590,-683,1371,-1952,-2947,-845
1,2447,41811,-4058,-949,1048,-1417,-4051,-1144
1,2448,41823,-1710,-946,1628,-833,-5485,-985
1,2449,41836,42,-518,1801,-407,-6029,-1329
1,2450,41848,1812,-127,2040,36,-5876,-2556
1,2451,41861,3479,-702,2214,357,-5319,-3308
1,2452,41874,5851,-2801,2145,534,-3824,-3384
1,2453,41886,6397,-3855,1567,880,-2879,-3725
1,2454,41899,6597,-4615,1271,1499,-1737,-3728
1,2455,41911,6496,-4883,1324,2057,-966,-3654
1,2456,41924,6103,-4092,1839,2927,468,-3402
1,2457,41937,5602,-2740,1727,2993,1434,-2349
1,2458,41949,5047,-1492,1518,2748,2682,-1431
1,2459,41962,4297,-553,1658,2621,3585,-1408
1,2460,41975,3138,-456,-399,2258,4464,-2109
1,2461,41987,2588,-1974,95,2484,5255,-2052
1,2462,42000,1790,-1807,-39,2820,7127,-1639
1,2463,42012,166,-72,83,1838,8855,2186
1,2464,42025,-6011,5203,1758,1277,10948,8670
1,2465,42037,-9719,12148,82,1667,10668,10151
1,2466,42050,-13520,21398,-1444,2964,6559,5
1,2467,42063,-15708,26086,-1909,600,2654,-5266
1,2468,42075,-11313,11961,-604,-5113,-2300,567
1,2469,42088,-8562,7738,928,-6163,-2671,2271
1,2470,42101,-7105,6351,1492,-5351,-2482,-662
1,2471,42113,-5128,2412,1015,-5153,-2408,-1224
1,2472,42126,-4649,637,1099,-4667,-2404,-1832
1,2473,42138,-4071,-291,687,-4240,-2962,-1457
1,2474,42151,-3383,-1313,459,-3937,-3474,-846
1,2475,42163,-2348,-2376,657,-3265,-4367,-151
1,2476,42176,-1221,-3240,617,-2355,-5173,-428
1,2477,42189,43,-4131,982,-529,-5766,-991
1,2478,42201,1607,-3380,-218,-366,-6805,338
1,2479,42214,4615,-2200,1977,1040,-5906,-478
1,2480,42227,6114,-701,1563,360,-5230,764
1,2481,42239,7589,-1933,2221,999,-3140,-2241
1,2482,42252,8420,-3137,2380,1246,-1283,-2773
1,2483,42269,7409,-4269,2262,933,1447,-689
1,2484,42281,5580,-3935,1831,1652,2857,-754
1,2485,42294,3784,-3483,1309,2352,3018,-1257
1,2486,42306,1949,-3264,990,3169,2778,-855
1,2487,42319,1518,-2348,399,3645,2619,-469
1,2488,42332,1142,-1393,315,4019,2573,-621
1,2489,42344,906,-752,616,4246,3188,-1116
1,2490,42357,-1228,2368,1403,3624,4757,103
1,2491,42369,-3244,4891,1960,2508,6050,2732
1,2492,42382,-5530,8105,2377,1759,6003,4627
1,2493,42395,-8402,15069,2811,928,4701,4536
1,2494,42407,-9034,17996,2818,-243,3131,2795
1,2495,42420,-8623,17510,3128,-2342,931,-272
1,2496,42432,-7165,13042,3494,-3031,421,-1234
1,2497,42445,-5473,7714,3243,-4361,153,-7
1,2498,42458,-5088,6142,2555,-4763,152,-532
1,2499,42470,-4840,4125,1554,-4752,-235,-2198
1,2500,42483,-4595,1763,742,-4614,-753,-2365
1,2501,42495,-4827,-1618,558,-4516,-1960,539
1,2502,42508,-4512,-2353,854,-3474,-3342,480
1,2503,42521,-3421,-2481,1012,-1258,-5257,-1033
1,2504,42533,-1760,-2223,1371,-414,-5937,-962
1,2505,42546,1820,-814,2086,106,-5983,-852
1,2506,42558,3391,-875,2544,470,-5440,-1413
1,2507,42571,4654,-871,2726,583,-3865,-1636
1,2508,42584,5510,-1447,3115,375,-2517,-715
1,2509,42596,5304,-2176,2784,996,-747,-1635
1,2510,42609,4603,-2072,2653,1208,108,-1648
1,2511,42622,3946,-1968,2324,1156,812,-996
1,2512,42634,3451,-2398,2133,1435,1045,-1231
1,2513,42647,2580,-2926,1686,1599,1285,-529
1,2514,42659,2245,-2972,1701,2002,1180,-422
1,2515,42672,2012,-2265,1760,2474,1384,-818
1,2516,42685,2003,-1611,1741,2533,1885,-846
1,2517,42697,896,-391,1859,2546,2954,-804
1,2518,42710,-371,691,2326,2508,3822,-147
1,2519,42722,-2045,2926,2483,2142,4972,1450
1,2520,42735,-4034,5836,2765,1539,5394,3150
1,2521,42747,-7843,13218,3616,364,4374,5061
1,2522,42760,-8861,17383,4419,-1202,3081,5280
1,2523,42773,-8510,17427,4699,-2522,998,478
1,2524,42785,-7318,13362,4547,-2334,90,-3440
1,2525,42798,-5201,6336,3620,-3838,-574,-1373
1,2526,42810,-4406,3871,2878,-4401,-616,-433
1,2527,42823,-4008,1760,2397,-3795,-676,-1742
1,2528,42835,-3957,172,1562,-3515,-1303,-1250
1,2529,42848,-3372,-2791,1105,-2094,-2431,-1482
1,2530,42861,-2663,-2361,807,-1729,-3632,-387
1,2531,42873,-1336,-2286,1149,-546,-4787,-1309
1,2532,42886,287,-2390,1365,153,-5130,-1728
1,2533,42898,3320,-2139,1985,717,-4845,-1343
1,2534,42911,4464,-1881,2335,1044,-4209,-1465
1,2535,42923,5309,-1934,2619,1745,-2717,-2406
1,2536,42936,5677,-1707,2880,1677,-1484,-1818
1,2537,42949,5038,-1456,2866,1749,23,-1412
1,2538,42961,4185,-983,2622,1969,640,-1725
1,2539,42974,3565,-977,2428,2038,1074,-1538
1,2540,42987,3082,-860,2080,2054,1141,-1384
1,2541,42999,2600,97,2060,1317,1267,-168
1,2542,43012,2756,-394,1932,1405,1425,-861
1,2543,43024,2855,-730,2118,1432,2170,-961
1,2544,43037,2709,-915,2025,1469,2902,-663
1,2545,43049,1233,-97,1607,1606,4053,-533
1,2546,43062,228,467,1278,1597,4778,-299
1,2547,43075,-1067,1261,1071,1281,5724,1214
1,2548,43087,-2592,2484,919,957,6154,2788
1,2549,43100,-6591,6769,1518,855,6082,4261
1,2550,43113,-8415,9789,1819,921,5160,4020
1,2551,43125,-9502,12501,2355,265,2717,3010
1,2552,43138,-9810,14134,3058,-633,950,1825
1,2553,43150,-8025,11567,3788,-1851,-1203,-37
1,2554,43163,-6553,8663,3868,-2363,-2299,-835
1,2555,43175,-4783,5526,3585,-2441,-2769,-1652
1,2556,43188,-3327,3262,2884,-2778,-2615,-683
1,2557,43201,-1987,-1159,2291,-1926,-2118,-1620
1,2558,43213,-2190,-1760,1951,-1434,-1995,-1013
1,2559,43226,-2450,-1728,1605,-829,-3138,278
1,2560,43239,-2091,-1599,1742,225,-4141,-828
1,2561,43251,577,-204,1952,757,-5256,-687
1,2562,43264,2326,-212,2106,1131,-5400,-1031
1,2563,43276,3978,-153,2417,1559,-4469,-1667
1,2564,43289,5231,67,2756,1422,-3179,-1367
1,2565,43301,5817,299,3217,1112,-973,-957
1,2566,43314,5260,422,3111,1013,378,-1152
1,2567,43327,4374,487,2604,629,1838,-1083
1,2568,43339,3370,-159,2223,693,2362,-1397
1,2569,43352,1590,-1523,1424,1075,2691,-1282
1,2570,43365,782,-1163,936,1183,2452,-412
1,2571,43377,183,-215,983,1282,2143,17
1,2572,43390,-190,446,1270,1537,2278,-429
1,2573,43402,-1503,2285,1908,1472,2933,427
1,2574,43415,-2691,4053,2248,1241,3463,1433
1,2575,43428,-4245,6435,2665,856,3687,2725
1,2576,43440,-5720,8877,3415,297,3569,3145
1,2577,43453,-7073,12890,4700,-1734,2466,4907
1,2578,43465,-7091,11953,4326,-1226,1755,1080
1,2579,43478,-7237,10993,4455,-1997,211,-590
1,2580,43491,-6578,9514,4503,-3316,-272,393
1,2581,43503,-5126,4718,2748,-3512,-816,-1248
1,2582,43516,-4825,2477,2478,-3250,-1391,-2367
1,2583,43533,-2806,-627,1125,-2405,-3094,-2673
1,2584,43545,-1558,-1676,1357,-1696,-3647,-2370
1,2585,43558,-290,-1687,1126,-1081,-4374,-978
1,2586,43570,1046,-1690,1360,-289,-4373,-1402
1,2587,43583,3139,-725,2155,87,-3742,-793
1,2588,43596,3695,-514,2595,315,-2984,-900
1,2589,43608,3814,-13,2892,582,-1654,-1565
1,2590,43621,3766,448,2765,622,-971,-2073
1,2591,43634,3611,-475,2449,794,-231,-2149
1,2592,43646,3460,-591,2149,892,111,-1732
1,2593,43659,3300,-416,1823,947,594,-1134
1,2594,43671,3190,-433,1716,976,1034,-848
1,2595,43684,2507,-749,1766,1113,1933,-421
1,2596,43697,1665,-500,1810,1168,2530,107
1,2597,43709,560,58,1805,1472,3273,225
1,2598,43722,-672,872,1888,1639,3545,374
1,2599,43734,-3286,3701,2619,1631,3617,955
1,2600,43747,-4631,5600,3287,1208,3395,2023
1,2601,43760,-5611,7415,3688,687,2423,2097
1,2602,43772,-6143,8812,4316,215,1676,1567
1,2603,43785,-6104,9140,5111,-781,860,716
1,2604,43797,-5528,7691,4681,-1377,321,343
1,2605,43810,-4881,5770,4531,-1651,164,-650
1,2606,43822,-4526,4374,3989,-1895,-84,-357
1,2607,43835,-4261,2388,3209,-1889,-264,-517
1,2608,43847,-4235,1649,2631,-1858,-794,-550
1,2609,43860,-3958,844,2381,-1350,-1823,-1221
1,2610,43873,-3376,466,2151,-1135,-2549,-1119
1,2611,43885,-1385,-124,1870,-587,-3330,-1393
1,2612,43898,-121,-509,1965,-170,-3747,-1473
1,2613,43910,1146,-369,2014,240,-3639,-938
1,2614,43923,2330,-162,2160,389,-3065,-498
1,2615,43936,3340,120,2693,636,-1908,176
1,2616,43948,3246,777,2920,635,-1132,635
1,2617,43961,2972,1444,3052,458,-93,545
1,2618,43973,2657,1501,3065,451,440,-24
1,2619,43986,1997,920,2720,390,882,-236
1,2620,43999,1763,871,2394,370,1172,-394
1,2621,44011,1607,668,2086,496,1370,-677
1,2622,44024,1013,540,2160,602,1848,-219
1,2623,44037,311,1264,2303,665,2157,119
1,2624,44049,-579,2627,2750,396,2410,1377
1,2625,44062,-1105,3654,3458,-792,2590,5417
1,2626,44074,165,3723,4362,328,3261,3691
1,2627,44087,-717,7189,5714,124,4731,3505
1,2628,44099,-1671,8247,4896,-533,6292,1564
1,2629,44112,-3274,7913,4369,-1002,6777,-49
1,2630,44125,-7232,4586,2584,-1196,6025,-1825
1,2631,44137,-9004,2668,1933,-406,4376,-3219
1,2632,44150,-9922,2269,1142,-41,780,-2183
1,2633,44163,-9736,2547,679,21,-1793,-1490
1,2634,44175,-6111,2956,1514,292,-4574,-1834
1,2635,44188,-3506,3128,2120,146,-5464,-1617
1,2636,44200,-977,2973,2807,-165,-5092,-1665
1,2637,44213,918,2630,3371,-468,-4073,-1441
1,2638,44225,2460,1340,3899,-917,-2039,-453
1,2639,44238,2117,987,3746,-1160,-827,359
1,2640,44251,1356,751,3339,-1159,221,483
1,2641,44264,533,313,2897,-1041,332,437
1,2642,44276,-359,-484,2384,-746,-89,389
1,2643,44289,-296,-691,2404,-480,-474,231
1,2644,44301,-21,-724,2514,-218,-906,210
1,2645,44314,482,-829,2539,-23,-1108,174
1,2646,44326,1720,-664,2774,193,-954,80
1,2647,44339,2176,-571,2784,200,-616,233
1,2648,44352,2547,-933,2746,479,267,-139
1,2649,44364,2687,-1251,2629,626,1028,30
1,2650,44377,1817,-1181,1925,950,2057,352
1,2651,44390,1005,-896,1522,1276,2493,361
1,2652,44402,64,-501,1555,1656,3131,839
1,2653,44415,-1088,461,1763,1725,3417,1746
1,2654,44427,-3885,4413,2396,1721,3879,2220
1,2655,44440,-5746,6818,3034,1326,3903,2419
1,2656,44452,-7324,8548,3310,894,3445,1083
1,2657,44465,-8710,9807,3561,216,2738,295
1,2658,44478,-9857,9860,3230,-1153,678,-270
1,2659,44490,-9506,8624,3373,-1567,-705,-1533
1,2660,44503,-8242,6842,2806,-1752,-2758,-2928
1,2661,44516,-6519,5440,2457,-2425,-3770,-1934
1,2662,44528,-2568,815,2798,-1949,-4039,-2359
1,2663,44541,-1365,-74,3094,-1419,-3474,-2363
1,2664,44553,-776,276,2920,-1306,-2671,-1382
1,2665,44566,-538,510,2795,-1322,-2300,-1295
1,2666,44579,190,-721,2263,-1124,-2222,-1288
1,2667,44591,760,-1514,2216,-930,-2312,-698
1,2668,44604,1371,-1696,2242,-549,-2309,162
1,2669,44616,1843,-1567,2415,-279,-2150,405
1,2670,44629,2585,-1494,2557,160,-1538,500
1,2671,44642,2668,-1286,2485,309,-1306,826
1,2672,44654,2691,-1008,2912,490,-771,803
1,2673,44667,2725,-743,3100,512,-302,675
1,2674,44679,2610,-984,2936,744,377,106
1,2675,44692,2432,-952,2723,778,768,272
1,2676,44704,2268,-1019,2359,1046,1263,171
1,2677,44717,2093,-1311,2066,1314,1657,233
1,2678,44730,889,-828,1854,1652,2498,899
1,2679,44742,-496,287,2323,1823,3181,1540
1,2680,44755,-2299,2199,2829,1726,4158,2408
1,2681,44767,-4313,4653,3036,1418,4388,2689
1,2682,44780,-8061,8429,3486,974,4095,1833
1,2683,44797,-9697,9479,3843,346,2699,562
1,2684,44809,-10626,9226,3566,-298,54,-1258
1,2685,44822,-9351,7498,3039,-640,-1821,-2306
1,2686,44834,-7149,5327,2460,-957,-3533,-2858
1,2687,44847,-4933,3082,2297,-939,-4032,-2679
1,2688,44859,-2043,1565,2518,-1097,-3605,-1915
1,2689,44872,-1392,1171,2584,-1014,-3274,-2088
1,2690,44885,-920,813,2648,-877,-2987,-2188
1,2691,44897,-508,513,2518,-846,-3038,-2026
1,2692,44910,839,-69,2325,-591,-3252,-2211
1,2693,44922,1790,-300,2347,-486,-3329,-1967
1,2694,44935,2867,-514,2375,-248,-3202,-1389
1,2695,44947,3957,-676,2577,-61,-2735,-850
1,2696,44960,5072,-733,2837,137,-1448,322
1,2697,44973,4866,-483,2936,282,-753,816
1,2698,44985,4417,107,3262,265,234,1294
1,2699,44998,3808,477,3459,309,804,968
1,2700,45011,2647,225,3155,372,1293,563
1,2701,45023,2161,67,3051,457,1555,487
1,2702,45036,1751,110,2670,514,1778,522
1,2703,45048,1422,-94,2521,682,2054,372
1,2704,45061,483,-196,2196,976,2796,688
1,2705,45074,-585,425,2330,1055,3509,1305
1,2706,45086,-2298,1587,2783,1197,4403,2541
1,2707,45099,-4461,3871,3221,1015,4517,3340
1,2708,45111,-8735,9306,4458,99,3506,3694
1,2709,45124,-9853,10283,4647,-272,2100,1957
1,2710,45137,-9840,9683,4433,-850,-110,-900
1,2711,45149,-8875,7704,3803,-1269,-1405,-1555
1,2712,45162,-5693,3503,2788,-1510,-2756,-1640
1,2713,45174,-4053,2281,2483,-1530,-3220,-1543
1,2714,45187,-2352,1038,2347,-1270,-3349,-1916
1,2715,45200,-861,282,2450,-1497,-2964,-1269
1,2716,45212,433,-1362,2550,-1029,-2415,-1161
1,2717,45225,704,-1332,2596,-1020,-2360,-182
1,2718,45237,950,-978,2839,-643,-2198,-354
1,2719,45250,1365,-748,2915,-407,-2080,-744
1,2720,45263,2289,-1176,3134,-140,-1825,-670
1,2721,45275,2756,-1154,3062,63,-1731,-425
1,2722,45288,3247,-1092,3142,349,-1410,-108
1,2723,45300,3632,-892,3338,395,-1039,190
1,2724,45313,4105,-454,3267,460,-387,48
1,2725,45325,4223,-461,3243,468,231,-39
1,2726,45338,4108,-681,3086,546,1374,-141
1,2727,45351,3586,-902,2900,627,2103,-59
1,2728,45363,1410,-766,2459,793,2926,340
1,2729,45376,43,-324,2429,942,3254,690
1,2730,45389,-1526,719,2891,960,3518,2115
1,2731,45401,-3274,2820,3379,720,3232,3018
1,2732,45414,-5461,7085,4243,367,2600,2208
1,2733,45426,-6005,7454,4596,44,2283,1216
1,2734,45439,-6592,7045,4885,-556,1700,821
1,2735,45452,-7014,6919,4862,-988,1080,587
1,2736,45464,-6626,5597,3967,-1350,-184,-1302
1,2737,45477,-5565,3437,3413,-1326,-1069,-2462
1,2738,45489,-4132,1461,2889,-1254,-2119,-2358
1,2739,45502,-2591,114,2555,-1037,-2430,-2197
1,2740,45515,-78,-1159,2464,-684,-2474,-1782
1,2741,45527,776,-1357,2587,-406,-2114,-1055
1,2742,45540,1354,-1294,2723,-189,-1855,-714
1,2743,45552,1990,-703,3173,16,-1404,-83
1,2744,45565,2174,-432,3363,165,-1137,129
1,2745,45578,2313,-38,3519,213,-731,478
1,2746,45590,2368,314,3704,157,-440,567
1,2747,45603,2526,171,3725,201,62,195
1,2748,45615,2501,-43,3660,130,465,199
1,2749,45628,2333,-409,3561,170,1078,-10
1,2750,45641,2000,-712,3387,213,1347,73
1,2751,45653,1354,-1085,2642,380,1631,69
1,2752,45666,987,-1341,2419,592,1916,3
1,2753,45678,307,-1297,2372,917,2567,623
1,2754,45691,-848,-509,2544,1040,3026,1473
1,2755,45704,-4168,3434,3134,890,3213,2725
1,2756,45716,-5493,5588,3367,697,2869,2751
1,2757,45729,-6446,7037,3913,264,2346,1932
1,2758,45741,-7259,7877,4328,-177,1809,1563
1,2759,45754,-8242,8084,4794,-844,659,698
1,2760,45766,-7934,7154,4416,-1207,-268,-376
1,2761,45779,-6902,5207,3658,-1360,-1488,-2275
1,2762,45792,-5603,2703,3194,-1229,-1979,-2506
1,2763,45804,-3256,-72,2427,-1041,-2625,-1587
1,2764,45817,-2172,-180,2326,-926,-3004,-1178
1,2765,45829,-1027,-596,2588,-486,-3268,-1220
1,2766,45842,43,-680,2762,-467,-3174,-552
1,2767,45854,1675,-851,3082,-233,-2714,-318
1,2768,45867,2211,-709,3176,-166,-2309,-162
1,2769,45879,2579,-726,3293,-30,-1569,-245
1,2770,45892,2769,-733,3258,14,-1150,-210
1,2771,45905,2957,-990,3133,174,-662,-258
1,2772,45917,3030,-1143,3110,316,-446,-240
1,2773,45930,3126,-992,3074,390,-200,70
1,2774,45943,3333,-1008,3127,494,88,18
1,2775,45955,3563,-1138,3150,626,714,85
1,2776,45968,3383,-1099,3032,694,1242,292
1,2777,45980,2905,-1016,2836,837,2010,402
1,2778,45993,2183,-881,2713,956,2449,491
1,2779,46005,194,169,2758,1066,2985,806
1,2780,46018,-862,1148,2731,1082,3276,1004
1,2781,46031,-1970,2274,2746,1035,3650,1348
1,2782,46043,-3130,3413,2767,949,3889,1654
1,2783,46060,-5788,5899,3097,499,3917,2835
1,2784,46073,-7399,7838,3681,55,3388,3010
1,2785,46085,-9421,10533,4221,-686,1747,1195
1,2786,46098,-9316,9423,4076,-1112,367,-703
1,2787,46110,-8311,6772,3507,-1542,-1589,-2193
1,2788,46123,-6756,4007,2887,-1608,-2479,-2111
1,2789,46136,-3492,659,2092,-1350,-2941,-1986
1,2790,46148,-2538,-491,2536,-1034,-2777,-1955
1,2791,46161,-1733,-726,2296,-838,-2911,-1053
1,2792,46173,-1096,-764,2515,-669,-3006,-723
1,2793,46186,340,-619,2947,-443,-2960,-629
1,2794,46199,970,-694,3230,-323,-2728,-553
1,2795,46211,1506,-698,3295,-211,-2246,-363
1,2796,46224,1933,-725,3310,-83,-1902,-453
1,2797,46237,2570,-926,3334,42,-1377,-329
1,2798,46249,2790,-1004,3307,163,-1089,-328
1,2799,46262,2989,-894,3294,220,-713,-64
1,2800,46275,3203,-983,3330,334,-429,-84
1,2801,46287,3473,-1240,3325,429,210,98
1,2802,46300,3315,-1304,3274,523,677,194
1,2803,46312,2973,-1186,3189,586,1322,379
1,2804,46325,2588,-1097,2963,662,1653,245
1,2805,46337,1856,-1332,2487,826,2122,9
1,2806,46350,1368,-1451,2309,966,2432,132
1,2807,46363,722,-1320,2159,1262,2898,624
1,2808,46375,-185,-633,2187,1386,3178,1264
1,2809,46388,-2309,2232,2481,1482,3517,1984
1,2810,46401,-3370,4131,2584,1411,3629,2391
1,2811,46413,-4434,5839,2855,1190,3751,2440
1,2812,46426,-5650,7456,3214,825,3620,2653
1,2813,46438,-8039,10516,3940,99,2796,2091
1,2814,46451,-8831,11005,4279,-439,1845,922
1,2815,46463,-8977,10094,4265,-1160,7,-1128
1,2816,46476,-8242,7976,3709,-1560,-1158,-1960
1,2817,46489,-5189,2668,2318,-1536,-2378,-2680
1,2818,46501,-3771,899,2333,-1476,-2703,-2354
1,2819,46514,-2537,-373,1913,-1017,-2883,-1962
1,2820,46527,-1593,-997,1818,-857,-2921,-1226
1,2821,46539,-295,-969,2622,-480,-2737,-869
1,2822,46552,86,-496,2875,-442,-2554,-422
1,2823,46564,495,-443,3012,-291,-2253,-438
1,2824,46577,836,-540,3275,-124,-1996,-512
1,2825,46590,1554,-334,3221,-71,-1719,-285
1,2826,46602,1975,-449,3262,37,-1500,-342
1,2827,46615,2363,-583,3353,133,-1082,-91
1,2828,46627,2602,-459,3535,102,-720,204
1,2829,46640,2865,-415,3608,155,-96,54
1,2830,46653,2813,-763,3567,222,367,0
1,2831,46665,2604,-1040,3424,310,963,262
1,2832,46678,2257,-1122,3266,409,1268,284
1,2833,46690,1585,-1231,2800,554,1623,165
1,2834,46703,1344,-1475,2489,738,1859,-25
1,2835,46715,1052,-1725,2255,1049,2338,184
1,2836,46728,522,-1688,2107,1273,2727,621
1,2837,46741,-1323,-124,1896,1590,3219,1499
1,2838,46753,-2373,1292,1850,1738,3421,2138
1,2839,46766,-3502,3233,2093,1694,3648,3119
1,2840,46778,-4725,5498,2472,1552,3700,3480
1,2841,46791,-7440,10520,3257,1040,3088,3026
1,2842,46804,-8477,12315,3802,407,2197,1962
1,2843,46816,-8920,12644,4149,-656,458,-476
1,2844,46829,-8603,11061,4072,-1215,-735,-1724
1,2845,46841,-5960,5689,2793,-1877,-2092,-2024
1,2846,46854,-4497,3419,2321,-1864,-2522,-2301
1,2847,46867,-3235,1447,2169,-1594,-2711,-1881
1,2848,46879,-2276,448,2076,-1546,-2688,-989
1,2849,46892,-1140,197,2403,-1309,-2656,-635
1,2850,46904,-578,61,2449,-1135,-2656,-847
1,2851,46917,62,-429,2557,-885,-2631,-959
1,2852,46930,719,-1087,2706,-627,-2517,-889
1,2853,46942,1835,-1442,2832,-386,-2236,-393
1,2854,46955,2310,-1471,2897,-190,-1958,-314
1,2855,46967,2691,-1569,3060,101,-1387,-312
1,2856,46980,2935,-1573,3112,206,-1041,-46
1,2857,46993,3255,-1298,3268,319,-538,229
1,2858,47005,3369,-1470,3356,445,-103,115
1,2859,47018,3265,-1725,3393,656,711,218
1,2860,47030,2935,-1709,3242,751,1136,432
1,2861,47043,2112,-1554,2779,944,1625,335
1,2862,47056,1733,-1594,2450,1122,2087,172
1,2863,47068,1317,-1754,2102,1318,2407,125
1,2864,47081,112,-1690,1400,1728,3062,424
1,2865,47093,-926,-972,1139,1984,3691,1271
1,2866,47106,-2476,972,937,1883,4421,3966
1,2867,47118,-4203,4080,845,1869,4444,5073
1,2868,47131,-7847,12307,2602,1758,3625,4367
1,2869,47144,-9133,15506,3766,1421,2105,2138
1,2870,47157,-9307,17028,4629,-519,-551,-199
1,2871,47169,-8163,15224,4753,-1402,-1797,-2120
1,2872,47182,-4550,7605,3654,-2140,-2493,-3160
1,2873,47194,-2928,4445,2750,-2285,-2378,-2955
1,2874,47207,-2069,2348,2310,-2613,-1631,-1188
1,2875,47219,-1844,728,2137,-2114,-1295,-1298
1,2876,47232,-2050,318,2008,-1990,-1209,-423
1,2877,47245,-2094,17,1995,-1755,-1500,-669
1,2878,47257,-1804,-468,1957,-1237,-2287,-1329
1,2879,47270,-1059,-1015,1903,-1006,-2834,-1134
1,2880,47283,1006,-1919,2419,-479,-3239,-984
1,2881,47295,2054,-2012,2655,-202,-3231,-696
1,2882,47308,3007,-1927,2892,86,-2789,-201
1,2883,47324,4455,-1708,3365,268,-1733,-82
1,2884,47337,4669,-1650,3397,247,-895,152
1,2885,47350,4573,-1904,3350,400,279,52
1,2886,47362,4204,-2216,3242,511,947,112
1,2887,47375,2994,-2674,2656,781,1591,112
1,2888,47387,2421,-2785,2392,981,1805,196
1,2889,47400,1966,-2825,2150,1309,2101,247
1,2890,47413,1073,-2463,1623,1703,2508,322
1,2891,47425,338,-1801,1591,1989,3010,486
1,2892,47438,-722,-611,1244,2203,3985,1397
1,2893,47450,-2239,1189,1031,2166,4482,2607
1,2894,47463,-5616,7315,1491,2049,4526,4071
1,2895,47476,-7261,11418,2059,1713,3970,4219
1,2896,47488,-8476,14610,2952,889,1961,2327
1,2897,47501,-8902,16379,3900,-125,350,667
1,2898,47513,-6967,12881,4587,-1428,-1356,-1676
1,2899,47526,-5502,9622,4282,-2027,-1623,-2314
1,2900,47539,-4143,6443,3237,-2373,-1571,-2929
1,2901,47551,-3239,3716,2480,-2472,-1305,-2464
1,2902,47564,-2973,-233,1854,-1953,-1192,-1777
1,2903,47576,-3153,-303,1568,-1717,-1554,-1094
1,2904,47589,-2986,-307,1453,-1308,-2665,-1167
1,2905,47602,-2290,-684,1595,-917,-3392,-1519
1,2906,47614,426,-1629,1949,-467,-4153,-1357
1,2907,47627,1961,-1807,2331,-150,-4239,-1105
1,2908,47639,3339,-1686,2731,114,-3613,-436
1,2909,47652,4379,-1355,3049,132,-2810,-127
1,2910,47665,5188,-1242,3452,325,-1267,-282
1,2911,47677,4990,-969,3347,120,-414,226
1,2912,47690,4761,-1306,3055,310,458,-326
1,2913,47702,4524,-1811,2931,411,962,-182
1,2914,47715,3702,-2594,2652,719,1703,168
1,2915,47727,3056,-2494,2391,890,2050,400
1,2916,47740,2426,-2364,2215,1164,2440,274
1,2917,47753,1915,-2278,1887,1337,2674,153
1,2918,47765,1093,-2371,1136,1737,3196,-119
1,2919,47778,429,-2059,880,2019,3829,113
1,2920,47790,-626,-1261,378,2426,5210,1200
1,2921,47803,-2385,638,-41,2317,6053,3377
1,2922,47816,-6959,9115,-9,2238,6122,5763
1,2923,47828,-9024,14480,606,2040,5069,5305
1,2924,47841,-10438,18148,1836,1414,2265,1317
1,2925,47853,-10884,19533,3022,-270,122,123
1,2926,47866,-8355,13687,4142,-1751,-1866,-1861
1,2927,47878,-6553,10144,3789,-2418,-2387,-2383
1,2928,47891,-4743,6763,2541,-2570,-2637,-3406
1,2929,47903,-3159,3396,1705,-2530,-2331,-3090
1,2930,47916,-1861,-1476,1050,-1955,-1987,-2365
1,2931,47929,-1940,-1865,1126,-1621,-2054,-1270
1,2932,47941,-1963,-1416,1117,-1326,-2801,-315
1,2933,47954,-1466,-1325,1180,-835,-3462,-900
1,2934,47967,976,-1841,1963,-404,-3910,-706
1,2935,47979,2196,-1849,2529,-219,-3625,-380
1,2936,47992,3043,-1614,2975,36,-2625,-321
1,2937,48004,3555,-1425,3227,120,-1792,-308
1,2938,48017,3636,-1501,3240,323,-737,-290
1,2939,48029,3478,-1493,3050,346,-197,-31
1,2940,48042,3242,-1720,2965,575,469,-90
1,2941,48055,2949,-1965,2887,735,920,-20
1,2942,48067,2015,-2140,2448,1047,1562,136
1,2943,48080,1359,-1978,2210,1308,1917,96
1,2944,48093,725,-1657,1849,1716,2346,-54
1,2945,48105,62,-1252,1631,1986,2748,-1
1,2946,48118,-1949,1216,1347,2012,3362,1183
1,2947,48130,-3207,3402,1200,1876,3619,2309
1,2948,48143,-4528,6211,1563,1363,3426,3822
1,2949,48155,-5731,9434,2077,979,2814,3747
1,2950,48168,-6961,13462,3683,468,1324,1749
1,2951,48181,-6825,13743,4455,-256,330,713
1,2952,48193,-6082,12650,4510,-1239,-694,-1047
1,2953,48206,-5110,10385,4231,-1689,-943,-1916
1,2954,48219,-3406,5087,2992,-2009,-926,-2471
1,2955,48231,-2930,2839,2380,-1840,-897,-2554
1,2956,48244,-2653,1476,1886,-1824,-1010,-1401
1,2957,48256,-2578,587,1736,-1614,-1262,-1145
1,2958,48269,-2138,-50,1614,-1272,-2104,-984
1,2959,48281,-1309,-400,1696,-1055,-2677,-1020
1,2960,48294,-223,-1002,2121,-544,-3071,-1257
1,2961,48307,844,-1318,2426,-356,-2966,-915
1,2962,48319,2555,-1490,3049,-250,-2249,-462
1,2963,48332,2905,-1511,3217,-14,-1559,-526
1,2964,48345,2958,-1420,3276,35,-521,-50
1,2965,48357,2736,-1435,3342,138,-4,-32
1,2966,48370,2127,-1684,3047,352,500,-57
1,2967,48382,1874,-1963,2931,514,753,-30
1,2968,48395,1594,-2132,2829,817,1022,16
1,2969,48408,1306,-2103,2723,991,1182,101
1,2970,48420,946,-1892,2128,1313,1456,-85
1,2971,48433,774,-1923,1862,1592,1765,-229
1,2972,48446,462,-1746,1498,2046,2517,-25
1,2973,48458,-209,-1127,1112,2248,3244,663
1,2974,48471,-3033,2803,506,2167,4085,3179
1,2975,48483,-4721,6404,545,1941,4123,4581
1,2976,48496,-6465,10528,1175,1585,3316,4312
1,2977,48508,-7965,14145,2103,1228,1847,2626
1,2978,48521,-8216,17059,4172,-424,-591,616
1,2979,48534,-6709,14589,4574,-1306,-1735,-1313
1,2980,48546,-4882,11105,4288,-2290,-1914,-2474
1,2981,48559,-3486,7640,3487,-2666,-1589,-2373
1,2982,48571,-2191,1596,1924,-2028,-1076,-2870
1,2983,48588,-2244,440,1543,-1821,-914,-1143
1,2984,48601,-2772,398,1241,-1586,-1665,-584
1,2985,48614,-2314,119,1270,-1305,-2476,-921
1,2986,48626,-1291,-450,1533,-910,-3408,-1005
1,2987,48639,-25,-919,1918,-665,-3586,-872
1,2988,48651,2337,-1343,2650,-299,-3067,-774
1,2989,48664,2992,-1379,3016,-187,-2304,-528
1,2990,48677,3222,-1384,3166,-49,-1084,-219
1,2991,48689,3099,-1415,3226,65,-420,-69
1,2992,48702,2354,-1407,3212,234,204,160
1,2993,48714,1999,-1425,3099,410,432,167
1,2994,48727,1729,-1415,2968,631,654,206
1,2995,48739,1545,-1586,2892,875,820,18
1,2996,48752,1171,-1365,2712,1078,1160,125
1,2997,48765,977,-1282,2403,1320,1470,-126
1,2998,48777,706,-1204,2079,1687,2193,-165
1,2999,48790,51,-810,1866,1872,2867,460
1,3000,48802,-2791,2970,1425,1708,3574,2491
1,3001,48815,-4224,5755,1297,1632,3534,3376
1,3002,48828,-5517,8892,1969,1265,3101,3539
1,3003,48840,-6768,11983,2731,784,2242,2686
1,3004,48853,-7671,14872,3883,-426,292,553
1,3005,48865,-6790,13044,4000,-1199,-985,-1070
1,3006,48878,-5195,9898,3694,-1799,-2033,-2673
1,3007,48890,-3542,7041,3132,-2309,-2183,-2100
1,3008,48903,-1207,1895,2295,-2151,-1769,-1709
1,3009,48915,-905,903,2153,-2082,-1328,-849
1,3010,48928,-1083,466,2110,-1978,-966,-64
1,3011,48941,-1395,314,1953,-1806,-1212,-195
1,3012,48953,-923,-908,1920,-1295,-1936,-729
1,3013,48966,-119,-1528,2109,-964,-2296,-735
1,3014,48979,814,-1949,2327,-467,-2463,-548
1,3015,48991,1680,-2158,2682,-195,-2192,-292
1,3016,49004,2714,-2016,3280,101,-1405,-17
1,3017,49016,2796,-1754,3437,231,-776,99
1,3018,49029,2644,-1610,3521,388,29,154
1,3019,49041,2359,-1670,3507,536,445,93
1,3020,49054,1600,-1611,3284,696,819,190
1,3021,49067,1295,-1599,3114,858,1017,65
1,3022,49079,1013,-1636,2924,1126,1320,-32
1,3023,49092,402,-1425,2374,1414,1682,66
1,3024,49105,-124,-987,2159,1634,2011,191
1,3025,49117,-891,-57,1885,1840,2525,888
1,3026,49130,-1910,1505,1596,1805,2720,1579
1,3027,49142,-3922,5559,1412,1703,2672,2478
1,3028,49155,-4798,8191,1892,1294,2323,3344
1,3029,49168,-5562,10796,2680,692,1514,2624
1,3030,49180,-6088,12689,3417,108,468,1394
1,3031,49193,-5095,11894,4335,-997,-843,-362
1,3032,49205,-3789,9236,4254,-1255,-1314,-1932
1,3033,49218,-2558,6796,3860,-1932,-1072,-1961
1,3034,49231,-1751,4263,3343,-1948,-728,-1993
1,3035,49243,-1297,691,2362,-1652,-347,-1623
1,3036,49256,-1537,-83,1996,-1592,-268,-865
1,3037,49268,-1864,-622,1766,-1167,-809,-645
1,3038,49281,-1896,-968,1727,-808,-1465,-559
1,3039,49294,-681,-1054,2228,-305,-2187,-427
1,3040,49306,221,-848,2612,-38,-2315,-445
1,3041,49319,996,-676,2965,249,-1830,-489
1,3042,49331,1482,-473,3245,331,-1273,-366
1,3043,49344,1473,147,3451,401,-335,-136
1,3044,49357,1081,473,3460,364,171,30
1,3045,49369,534,649,3392,446,642,-53
1,3046,49382,-52,861,3261,468,711,66
1,3047,49394,-925,1490,3244,481,575,158
1,3048,49407,-1096,1709,3268,487,497,103
1,3049,49419,-1189,1918,3307,456,413,205
1,3050,49432,-1231,2199,3344,404,458,255
1,3051,49445,-1351,2653,3276,339,612,203
1,3052,49457,-1539,2778,3314,284,739,261
1,3053,49470,-1812,2965,3298,178,811,399
1,3054,49483,-2083,3181,3296,134,730,360
1,3055,49495,-2539,3490,3378,70,430,236
1,3056,49508,-2547,3448,3390,12,145,60
1,3057,49520,-2335,3208,3343,-77,-105,-250
1,3058,49533,-2050,2721,3243,-98,-162,-334
1,3059,49545,-1721,2074,3154,-123,-167,-109
1,3060,49558,-1654,2019,3110,-108,-204,-48
1,3061,49571,-1591,2001,3115,-76,-280,-78
1,3062,49583,-1495,1996,3143,-66,-331,-115
1,3063,49596,-1191,1894,3140,-66,-347,-182
1,3064,49609,-1045,1740,3174,-23,-291,-279
1,3065,49621,-1004,1705,3181,-31,-181,-97
1,3066,49634,-1031,1749,3193,1,-132,-77
1,3067,49646,-1096,1943,3129,25,-122,-121
1,3068,49659,-1090,1971,3187,63,-152,-131
1,3069,49671,-1082,2143,3281,17,-176,55
1,3070,49684,-1063,2285,3325,23,-169,-34
1,3071,49697,-945,2238,3374,3,-47,-68
1,3072,49709,-974,2249,3338,-33,66,3
1,3073,49722,-1040,2158,3219,-2,162,-112
1,3074,49734,-1155,2003,3187,16,175,-35
1,3075,49747,-1425,2168,3184,-6,123,154
1,3076,49760,-1470,2235,3144,30,53,24
1,3077,49772,-1465,2225,3186,41,-67,1
1,3078,49785,-1400,2250,3261,8,-86,71
1,3079,49797,-1215,2245,3214,-8,-41,-73
1,3080,49810,-1156,2072,3240,17,9,-136
1,3081,49823,-1187,2085,3293,-50,100,157
1,3082,49835,-1307,2252,3331,-84,118,171
1,3083,49852,-1439,2260,3237,-78,52,-131
1,3084,49864,-1382,1970,3208,-52,15,-96
1,3085,49877,-1326,1905,3190,-61,-23,140
1,3086,49889,-1317,1982,3202,-24,-51,83
1,3087,49902,-1285,1997,3251,-7,-34,24
1,3088,49914,-1285,2025,3292,-15,-3,33
1,3089,49927,-1298,2019,3267,-17,16,-50
1,3090,49940,-1265,1897,3230,17,23,-151
1,3091,49952,-1246,1828,3213,17,28,-32
1,3092,49965,-1247,1857,3209,27,32,25
1,3093,49977,-1320,2051,3258,51,52,-9
1,3094,49990,-1382,2182,3271,18,66,32
1,3095,50003,-1426,2218,3261,14,57,-73
1,3096,50015,-1454,2197,3241,10,36,-92
1,3097,50028,-1475,2174,3229,-8,15,-14
1,3098,50040,-1495,2198,3213,-7,-26,-21
1,3099,50053,-1475,2170,3241,-2,-58,-70
1,3100,50066,-1438,2138,3253,-13,-51,-59
1,3101,50078,-1379,2025,3229,9,-26,-107
1,3102,50091,-1386,2019,3209,9,-42,-60
1,3103,50103,-1363,2057,3210,18,-83,-60
1,3104,50116,-1319,2080,3235,26,-96,-78
1,3105,50129,-1210,2138,3292,11,-82,-63
1,3106,50141,-1169,2135,3275,-9,-45,-77
1,3107,50154,-1152,2062,3231,1,-3,-100
1,3108,50166,-1175,1999,3200,7,-7,-48
1,3109,50179,-1225,2056,3242,-5,7,57
1,3110,50192,-1249,2137,3227,-4,8,41
1,3111,50204,-1255,2138,3253,9,8,-29
1,3112,50217,-1258,2127,3303,-17,43,26
1,3113,50229,-1326,2091,3272,-24,104,-30
1,3114,50242,-1377,2037,3247,-17,126,-56
1,3115,50255,-1433,2011,3217,-16,94,-18
1,3116,50267,-1450,1995,3168,6,31,-14
1,3117,50280,-1425,2051,3224,23,-54,34
1,3118,50292,-1392,2120,3289,19,-69,46
1,3119,50305,-1362,2207,3307,-9,-34,4
1,3120,50318,-1345,2198,3297,-8,-8,-91
1,3121,50330,-1327,2027,3214,-15,-1,-91
1,3122,50343,-1313,1976,3212,-9,1,-56
1,3123,50355,-1324,2023,3210,-11,-8,17
1,3124,50368,-1337,2086,3225,-4,-9,6
1,3125,50381,-1355,2143,3264,-17,2,0
1,3126,50393,-1368,2119,3286,-23,22,-39
1,3127,50406,-1376,2039,3274,-20,48,-76
1,3128,50418,-1408,1955,3249,-12,38,-48
1,3129,50431,-1462,1927,3224,9,4,-31
1,3130,50444,-1458,1972,3219,20,-30,-26
1,3131,50456,-1429,2015,3239,25,-75,-24
1,3132,50469,-1390,2081,3253,14,-97,-19
1,3133,50481,-1216,2078,3253,14,-83,-87
1,3134,50494,-1140,1974,3241,14,-57,-92
1,3135,50507,-1117,1885,3239,23,27,-8
1,3136,50519,-1170,1889,3257,15,81,86
1,3137,50532,-1445,2119,3247,17,104,106
1,3138,50544,-1552,2208,3234,16,44,57
1,3139,50557,-1542,2188,3218,29,-81,-54
1,3140,50570,-1412,2103,3205,39,-122,-69
1,3141,50582,-1176,2031,3259,47,-93,-7
1,3142,50595,-1158,2117,3273,31,-22,51
1,3143,50607,-1198,2192,3261,15,47,-2
1,3144,50620,-1257,2190,3275,9,81,-54
1,3145,50633,-1341,2065,3223,14,62,-68
1,3146,50645,-1374,2086,3258,8,39,14
1,3147,50658,-1397,2154,3259,-7,13,39
1,3148,50670,-1407,2187,3272,-7,12,-27
1,3149,50683,-1384,2129,3239,-25,11,-42
1,3150,50696,-1353,2050,3210,-10,-7,-82
1,3151,50708,-1325,2000,3214,-11,-12,-14
1,3152,50721,-1302,1985,3229,-3,11,12
1,3153,50733,-1359,2080,3257,-6,27,49
1,3154,50746,-1399,2127,3258,-12,35,13
1,3155,50758,-1397,2059,3213,9,17,-79
1,3156,50771,-1391,1978,3193,15,-14,-20
1,3157,50783,-1372,2077,3248,9,-44,52
1,3158,50796,-1348,2116,3260,14,-34,-1
1,3159,50808,-1316,2088,3273,5,-7,-15
1,3160,50821,-1313,2072,3302,-20,27,26
1,3161,50834,-1343,2013,3199,-10,66,-54
1,3162,50846,-1384,1939,3176,19,45,-73
1,3163,50859,-1414,1954,3203,19,6,48
1,3164,50871,-1444,2052,3226,19,-29,58
1,3165,50884,-1382,2144,3256,26,-65,-21
1,3166,50897,-1323,2090,3260,22,-62,-35
1,3167,50909,-1279,2071,3257,11,-28,-6
1,3168,50922,-1268,2060,3238,18,1,-34
1,3169,50934,-1328,2040,3242,15,31,13
1,3170,50947,-1358,2050,3220,16,22,17
1,3171,50960,-1383,2066,3218,23,-2,0
1,3172,50972,-1384,2096,3241,17,-16,1
1,3173,50985,-1315,2062,3188,38,-37,-68
1,3174,50997,-1293,2033,3233,52,-30,-57
1,3175,51010,-1305,2113,3230,20,-53,77
1,3176,51023,-1293,2172,3248,31,-48,2
1,3177,51035,-1286,2149,3277,-1,10,14
1,3178,51048,-1307,2091,3236,0,29,4
1,3179,51060,-1349,2098,3247,-1,38,14
1,3180,51073,-1380,2104,3204,12,-5,-47
1,3181,51086,-1359,2075,3215,10,-29,-28
1,3182,51098,-1307,2076,3240,9,-36,-9
1,3183,51115,-1263,2084,3284,-1,28,-33
1,3184,51127,-1313,2102,3282,-7,77,-27
1,3185,51140,-1377,2107,3234,-8,76,-53
1,3186,51152,-1428,2055,3202,1,30,-57
1,3187,51165,-1386,2023,3212,1,-36,35
1,3188,51177,-1349,2042,3243,9,-43,40
1,3189,51190,-1335,2074,3265,3,4,25
1,3190,51203,-1341,2095,3251,-1,37,-9
1,3191,51215,-1366,2066,3206,15,32,-47
1,3192,51228,-1374,2049,3201,15,4,-29
1,3193,51240,-1364,2093,3204,21,-55,18
1,3194,51253,-1333,2133,3247,18,-54,22
1,3195,51266,-1316,2180,3314,-12,14,15
1,3196,51278,-1340,2147,3283,-30,61,-30
1,3197,51291,-1381,2028,3226,-11,90,-94
1,3198,51303,-1430,1916,3191,0,67,-21
1,3199,51316,-1504,2004,3127,26,-43,26
1,3200,51329,-1456,2050,3155,51,-123,-29
1,3201,51341,-1346,2075,3186,59,-166,-26
1,3202,51354,-1241,2082,3209,65,-161,-30
1,3203,51367,-1098,2180,3324,39,-64,39
1,3204,51379,-1103,2236,3329,10,3,52
1,3205,51392,-1150,2259,3319,-23,113,-1
1,3206,51404,-1229,2200,3286,-32,158,-28
1,3207,51417,-1416,2044,3168,-20,146,-26
1,3208,51429,-1500,2026,3177,-6,98,-7
1,3209,51442,-1552,2053,3191,8,9,32
1,3210,51455,-1566,2115,3199,17,-64,23
1,3211,51467,-1383,2143,3241,16,-135,-25
1,3212,51480,-1252,2076,3253,15,-111,-48
1,3213,51492,-1168,2015,3245,13,-25,-13
1,3214,51505,-1164,2014,3267,0,47,37
1,3215,51518,-1304,2059,3222,3,107,13
1,3216,51530,-1418,2074,3237,4,107,16
1,3217,51543,-1493,2112,3215,3,53,1
1,3218,51555,-1517,2119,3192,19,-12,-39
1,3219,51568,-1438,2138,3228,11,-92,18
1,3220,51581,-1356,2178,3234,7,-98,-2
1,3221,51593,-1274,2163,3248,9,-58,-39
1,3222,51606,-1234,2132,3254,-3,-9,-6
1,3223,51618,-1280,2101,3224,-9,49,9
1,3224,51631,-1342,2108,3213,-9,56,12
1,3225,51644,-1397,2118,3209,-7,19,-11
1,3226,51656,-1401,2069,3221,6,-30,-15
1,3227,51669,-1353,2079,3221,2,-43,9
1,3228,51682,-1332,2103,3246,6,-32,-5
1,3229,51694,-1304,2122,3255,0,-16,-10
1,3230,51707,-1295,2122,3248,-10,20,-6
1,3231,51720,-1316,2125,3218,-15,26,-10
1,3232,51732,-1339,2102,3225,-13,14,-36
1,3233,51745,-1333,2040,3202,-1,-5,-25
1,3234,51757,-1307,2082,3233,-11,-28,70
1,3235,51770,-1283,2104,3229,0,-32,11
1,3236,51782,-1242,2057,3250,11,1,-22
1,3237,51795,-1228,2046,3268,-10,45,51
1,3238,51807,-1313,2072,3228,4,80,-6
1,3239,51820,-1374,2108,3213,9,71,11
1,3240,51833,-1402,2152,3192,9,15,27
1,3241,51845,-1398,2155,3218,11,-12,8
1,3242,51858,-1356,2194,3262,-18,-12,40
1,3243,51870,-1319,2153,3248,-15,3,-15
1,3244,51883,-1302,2092,3239,-19,55,-20
1,3245,51895,-1339,2052,3239,-24,82,4
1,3246,51908,-1454,2059,3198,-11,66,-11
1,3247,51921,-1479,2078,3200,-8,23,-5
1,3248,51933,-1473,2080,3209,-5,-49,-5
1,3249,51946,-1413,2098,3222,2,-68,-35
1,3250,51959,-1289,2032,3253,6,-44,-38
1,3251,51971,-1266,2029,3226,-4,-12,-1
1,3252,51984,-1280,2037,3202,9,16,-3
1,3253,51996,-1319,2074,3231,4,30,7
1,3254,52009,-1389,2095,3223,3,28,-39
1,3255,52021,-1388,2074,3204,11,10,-44
1,3256,52034,-1381,2051,3204,19,-33,-1
1,3257,52047,-1365,2091,3225,11,-50,44
1,3258,52059,-1303,2147,3242,15,-44,-7
1,3259,52072,-1272,2127,3236,5,-6,-7
1,3260,52085,-1287,2113,3220,-1,33,5
1,3261,52097,-1339,2120,3210,10,18,-8
1,3262,52110,-1351,2139,3214,3,-36,13
1,3263,52122,-1315,2136,3239,7,-48,-5
1,3264,52135,-1259,2150,3248,-3,-20,9
1,3265,52147,-1241,2157,3274,-19,17,11
1,3266,52160,-1270,2115,3217,-19,52,-37
1,3267,52173,-1298,2052,3215,-10,46,-40
1,3268,52185,-1338,2054,3218,-12,28,33
1,3269,52198,-1353,2104,3195,-5,-18,24
1,3270,52211,-1284,2108,3262,0,-26,-22
1,3271,52223,-1240,2065,3263,-12,9,13
1,3272,52236,-1252,2049,3263,-17,70,39
1,3273,52248,-1297,2067,3265,-24,108,37
1,3274,52261,-1409,2029,3200,-9,109,-14
1,3275,52273,-1457,2018,3205,-9,81,7
1,3276,52286,-1479,2012,3203,8,12,35
1,3277,52299,-1471,2050,3207,9,-24,41
1,3278,52311,-1371,2036,3222,21,-30,-45
1,3279,52324,-1345,2007,3238,25,-1,-33
1,3280,52337,-1363,2052,3222,16,24,25
1,3281,52349,-1398,2098,3212,23,17,-26
1,3282,52362,-1429,2110,3222,21,-5,-14
1,3283,52378,-1424,2131,3204,18,-36,15
1,3284,52391,-1382,2142,3218,24,-45,-38
1,3285,52403,-1347,2124,3225,32,-52,-47
1,3286,52416,-1333,2146,3224,17,-50,22
1,3287,52428,-1323,2190,3220,12,-57,5
1,3288,52441,-1270,2177,3245,6,-29,-30
1,3289,52454,-1270,2149,3246,-4,-8,-11
1,3290,52466,-1277,2142,3238,-10,14,-12
1,3291,52479,-1289,2125,3220,-9,21,-18
1,3292,52492,-1304,2075,3186,2,5,-19
1,3293,52504,-1310,2100,3199,1,-11,16
1,3294,52517,-1296,2148,3206,3,-33,23
1,3295,52529,-1259,2160,3234,6,-26,-9
1,3296,52542,-1216,2135,3251,-13,29,30
1,3297,52554,-1272,2140,3257,-13,68,26
1,3298,52567,-1341,2126,3266,-23,79,10
1,3299,52580,-1386,2115,3231,-34,48,24
1,3300,52592,-1356,1983,3202,-1,21,-26
1,3301,52605,-1348,1993,3209,-9,24,51
1,3302,52617,-1368,2056,3229,-5,31,49
1,3303,52630,-1392,2120,3236,-2,48,-8
1,3304,52643,-1419,2087,3239,-12,64,-25
1,3305,52655,-1450,2095,3236,-14,61,-12
1,3306,52668,-1471,2111,3210,-15,19,-46
1,3307,52680,-1466,2087,3197,3,-12,-98
1,3308,52693,-1385,1958,3191,11,-51,-30
1,3309,52705,-1350,1991,3206,15,-64,25
1,3310,52718,-1316,2040,3220,25,-76,25
1,3311,52731,-1277,2087,3258,20,-47,31
1,3312,52743,-1261,2141,3276,7,13,5
1,3313,52756,-1274,2133,3245,3,51,-20
1,3314,52768,-1311,2114,3216,4,65,-32
1,3315,52781,-1353,2103,3180,13,51,-22
1,3316,52794,-1413,2168,3196,13,10,30
1,3317,52806,-1407,2212,3213,12,-30,29
1,3318,52819,-1377,2243,3217,1,-66,-25
1,3319,52831,-1312,2213,3239,2,-50,-53
1,3320,52844,-1229,2161,3257,-24,-6,-9
1,3321,52857,-1224,2128,3245,-27,33,-18
1,3322,52869,-1238,2093,3231,-30,75,1
1,3323,52882,-1288,2061,3221,-26,82,25
1,3324,52894,-1387,2056,3224,-22,64,23
1,3325,52907,-1403,2029,3217,-25,37,14
1,3326,52919,-1389,1972,3220,1,-12,-45
1,3327,52932,-1331,1913,3196,16,-47,-35
1,3328,52945,-1180,1875,3215,30,-53,15
1,3329,52957,-1128,1852,3229,46,-30,11
1,3330,52970,-1099,1867,3240,51,48,17
1,3331,52983,-1071,1882,3137,63,108,-41
1,3332,52995,-1212,1842,3055,146,242,-13
1,3333,53008,-1457,2293,2967,106,316,279
1,3334,53020,-1862,2950,2946,87,487,458
1,3335,53033,-2353,3735,2856,42,561,533
1,3336,53045,-3780,5894,3010,-311,453,969
1,3337,53058,-4313,6774,3234,-519,17,657
1,3338,53071,-4409,7279,3540,-917,-952,-128
1,3339,53083,-3871,6843,3735,-1136,-1398,-738
1,3340,53096,-1897,4508,3713,-1595,-1469,-1002
1,3341,53109,-1176,3216,3495,-1768,-1173,-1023
1,3342,53121,-811,1873,3159,-1797,-833,-863
1,3343,53134,-709,839,2954,-1812,-805,-403
1,3344,53146,-540,-544,2859,-1555,-1157,-424
1,3345,53159,-100,-1381,2998,-1312,-1554,-577
1,3346,53172,687,-2260,3188,-968,-2016,-580
1,3347,53184,1671,-3257,3351,-703,-2023,-705
1,3348,53197,3851,-5729,2546,-131,-1842,-981
1,3349,53209,5091,-7375,2036,462,-1331,-1423
1,3350,53222,6066,-8977,1755,1698,-31,-1520
1,3351,53235,6412,-9929,1723,2503,1287,-540
1,3352,53247,3638,-6278,929,3125,2398,1383
1,3353,53260,2050,-3913,741,3791,2592,662
1,3354,53272,965,-1975,551,4175,2694,509
1,3355,53285,170,-213,122,4203,2856,756
1,3356,53298,-1260,3611,-884,4326,3667,871
1,3357,53310,-2735,6322,-1187,4369,4651,2064
1,3358,53323,-4898,11388,-1325,3233,4897,6425
1,3359,53335,-6723,17326,-771,2523,3819,6877
1,3360,53348,-7885,26219,2486,739,1435,2915
1,3361,53361,-7170,24576,3315,-763,91,-1137
1,3362,53373,-5923,18333,3096,-2325,-1074,-4764
1,3363,53386,-4606,11266,2345,-2631,-1405,-5079
1,3364,53398,-2723,2070,387,-2764,-1381,-3710
1,3365,53411,-2695,-820,31,-2605,-1478,-2622
1,3366,53424,-2860,-2528,119,-1847,-2281,-1043
1,3367,53436,-2745,-2843,411,-1406,-3187,-123
1,3368,53449,-801,-1453,1427,-871,-4407,54
1,3369,53461,888,-1236,2322,-532,-4710,-547
1,3370,53474,2657,-1560,3129,-308,-4110,-753
1,3371,53487,5473,-2730,2983,-69,-3065,-741
1,3372,53499,6396,-3176,3008,97,-2163,-435
1,3373,53512,6912,-3522,3015,448,-410,-220
1,3374,53524,6811,-3727,2971,713,934,-266
1,3375,53537,4451,-3727,2511,1108,2614,-197
1,3376,53550,2774,-3380,1945,1424,3067,-161
1,3377,53562,1499,-3012,1284,2086,3107,-418
1,3378,53575,739,-2617,697,2477,3127,-269
1,3379,53587,-506,-692,-103,3030,3830,532
1,3380,53600,-1750,1653,-658,3265,4557,1722
1,3381,53613,-3674,5467,-1014,3100,4995,4121
1,3382,53625,-5710,10190,-932,2643,4383,4947
1,3383,53642,-8110,18696,769,1784,2146,2911
1,3384,53655,-7722,19541,1547,506,-108,-1224
1,3385,53667,-6643,16930,2030,-152,-906,-2988
1,3386,53680,-4166,9484,1944,-909,-914,-2948
1,3387,53692,-3820,7446,1608,-1524,-501,-1983
1,3388,53705,-3899,5420,870,-1694,-312,-2029
1,3389,53717,-4132,3331,261,-1526,-680,-1974
1,3390,53730,-4518,1620,468,-1551,-1806,-339
1,3391,53743,-3957,1852,634,-1521,-2716,-20
1,3392,53755,-2702,1631,980,-1078,-3822,-1057
1,3393,53768,-1141,1255,1582,-1047,-3976,-986
1,3394,53780,1644,940,2427,-1297,-3559,-405
1,3395,53793,2697,347,2775,-1227,-3016,-638
1,3396,53805,3439,-27,3063,-1327,-2083,38
1,3397,53818,3902,-378,3250,-1299,-1343,198
1,3398,53831,3988,-1639,3371,-974,-103,-138
1,3399,53843,3486,-2218,3240,-763,475,21
1,3400,53856,2897,-2610,3006,-234,868,-170
1,3401,53868,2648,-3214,2651,290,921,-511
1,3402,53881,2236,-3583,2687,910,1307,-128
1,3403,53894,1814,-2991,2471,1353,1490,31
1,3404,53906,1477,-2270,2079,1910,1821,-185
1,3405,53919,806,-1877,1306,2652,2597,-662
1,3406,53932,-109,-885,514,2951,3305,-130
1,3407,53944,-1288,789,-487,3273,4224,637
1,3408,53957,-2628,2352,-1051,3655,5108,998
1,3409,53969,-7304,10244,-2218,2664,5046,5372
1,3410,53982,-9117,14947,-2104,2203,3516,5330
1,3411,53995,-9694,17821,-1236,2046,385,296
1,3412,54007,-9168,18205,43,778,-1655,-1373
1,3413,54020,-5149,11591,1478,-577,-2839,-2457
1,3414,54032,-3477,8028,1405,-881,-2717,-3082
1,3415,54045,-2467,4959,1209,-1591,-2009,-1817
1,3416,54058,-1928,2232,1163,-1603,-1476,-1456
1,3417,54070,-2065,-555,1091,-1264,-1408,-841
1,3418,54083,-2090,-826,1280,-901,-1832,-254
1,3419,54095,-1724,-133,1347,-542,-2729,331
1,3420,54108,-843,537,1695,-290,-3081,-12
1,3421,54121,1577,686,2477,-145,-2948,-161
1,3422,54133,2554,584,2933,-143,-2398,-26
1,3423,54146,3116,489,3238,-35,-1150,-44
1,3424,54158,3148,515,3414,48,-326,35
1,3425,54171,2372,944,3067,-24,459,215
1,3426,54184,2013,331,3010,178,883,-386
1,3427,54196,1585,-433,2764,576,1362,-424
1,3428,54209,1083,-508,2249,761,1409,-74
1,3429,54221,136,300,1497,1135,1432,-146
1,3430,54234,-129,610,1509,1379,1826,-426
1,3431,54247,-746,1083,1041,1673,2508,-251
1,3432,54259,-1787,2064,575,1664,2704,774
1,3433,54272,-4255,6205,189,1437,2450,1741
1,3434,54284,-5054,7937,253,1327,1870,1190
1,3435,54297,-5275,8572,375,1112,857,-33
1,3436,54310,-5079,8432,613,767,315,-177
1,3437,54322,-4046,8144,939,-68,-263,134
1,3438,54335,-3483,7195,1373,-359,-166,-472
1,3439,54347,-3228,5962,1456,-689,112,-690
1,3440,54360,-3273,4919,1400,-941,111,-233
1,3441,54373,-3316,3364,1157,-963,-199,-511
1,3442,54385,-3051,2226,1129,-735,-511,-994
1,3443,54398,-2722,1283,1154,-416,-1048,-707
1,3444,54411,-2265,881,1261,-212,-1315,-296
1,3445,54423,-1173,1522,1539,30,-1401,-127
1,3446,54436,-622,1707,1782,156,-1245,-253
1,3447,54448,-272,1916,1995,195,-759,52
1,3448,54461,-204,2296,2116,171,-405,289
1,3449,54473,-640,3159,2118,130,-2,233
1,3450,54486,-863,3215,2087,60,188,119
1,3451,54499,-1089,2957,1939,77,422,-65
1,3452,54511,-1420,2866,1793,9,389,228
1,3453,54524,-1857,3033,1668,68,261,140
1,3454,54537,-1911,3071,1614,161,160,-26
1,3455,54549,-1894,3202,1552,177,3,142
1,3456,54562,-1816,3386,1555,188,-22,118
1,3457,54574,-1706,3562,1576,213,121,-115
1,3458,54587,-1823,3651,1565,178,209,-53
1,3459,54599,-2015,3842,1521,49,181,156
1,3460,54612,-2139,4016,1494,-13,76,46
1,3461,54625,-2041,3756,1644,-31,8,-257
1,3462,54638,-1981,3609,1631,-90,-15,-160
1,3463,54650,-1870,3482,1586,-121,-52,-124
1,3464,54663,-1773,3350,1616,-121,-29,-133
1,3465,54675,-1717,3175,1661,-150,40,-4
1,3466,54688,-1758,3113,1727,-155,94,20
1,3467,54700,-1852,3063,1735,-126,102,-4
1,3468,54713,-1934,3075,1678,-111,41,-33
1,3469,54725,-1895,3043,1708,-89,-65,-43
1,3470,54738,-1785,3020,1728,-80,-110,-40
1,3471,54751,-1653,2991,1774,-60,-75,-54
1,3472,54763,-1555,2955,1815,-81,14,17
1,3473,54776,-1621,2908,1854,-84,175,28
1,3474,54788,-1762,2894,1807,-79,253,16
1,3475,54801,-1922,2841,1735,-38,269,-15
1,3476,54813,-2082,2800,1680,-1,188,31
1,3477,54826,-2164,2908,1605,65,16,75
1,3478,54839,-2095,3025,1647,109,-83,71
1,3479,54851,-1999,3210,1711,84,-114,109
1,3480,54864,-1877,3315,1730,93,-60,-40
1,3481,54877,-1805,3300,1706,47,52,-43
1,3482,54889,-1882,3310,1695,20,108,13
1,3483,54905,-2107,3405,1649,-15,86,18
1,3484,54918,-2147,3403,1646,-17,22,-55
1,3485,54930,-2122,3343,1641,-19,-88,-144
1,3486,54943,-2021,3208,1630,2,-134,-176
1,3487,54956,-1777,3173,1672,-3,-164,-47
1,3488,54968,-1705,3231,1717,-5,-116,-27
1,3489,54981,-1697,3288,1756,-43,-10,-7
1,3490,54994,-1736,3295,1788,-74,48,-9
1,3491,55006,-1833,3149,1712,-83,91,-91
1,3492,55019,-1891,3008,1699,-71,93,-89
1,3493,55031,-1957,2965,1679,-47,46,-3
1,3494,55044,-1963,2972,1637,-17,-15,-2
1,3495,55057,-1942,3097,1678,6,-68,-47
1,3496,55069,-1865,3142,1692,23,-112,-104
1,3497,55082,-1773,3143,1744,23,-98,-103
1,3498,55094,-1714,3149,1807,-6,-38,-61
1,3499,55107,-1715,3096,1752,-19,65,-106
1,3500,55120,-1781,3011,1726,-5,109,-141
1,3501,55132,-1856,2998,1657,8,50,-55
1,3502,55145,-1864,2995,1656,38,-5,-35
1,3503,55157,-1811,3116,1740,37,-13,-8
1,3504,55170,-1810,3120,1763,38,38,-55
1,3505,55182,-1858,3137,1760,7,104,-28
1,3506,55195,-1922,3136,1711,15,115,-81
1,3507,55208,-2009,3051,1646,54,63,-116
1,3508,55220,-2031,3116,1654,49,17,-10
1,3509,55233,-1993,3207,1615,65,-25,-58
1,3510,55246,-1948,3214,1648,73,0,-89
1,3511,55258,-1975,3257,1688,22,58,89
1,3512,55271,-2027,3312,1654,7,66,92
1,3513,55283,-2066,3306,1648,20,45,-14
1,3514,55296,-2096,3264,1664,-3,19,20
1,3515,55308,-2070,3273,1657,-24,-30,-7
1,3516,55321,-2014,3177,1666,-7,-46,-117
1,3517,55334,-1975,3098,1686,-16,-47,-59
1,3518,55346,-1950,3066,1683,-8,-63,-31
1,3519,55359,-1865,3094,1694,10,-77,-66
1,3520,55372,-1829,3072,1735,20,-50,-81
1,3521,55384,-1810,3084,1711,1,-38,24
1,3522,55397,-1781,3072,1702,5,-22,20
1,3523,55409,-1753,3029,1644,13,47,-2
1,3524,55422,-1770,3000,1532,42,140,-42
1,3525,55435,-1889,3105,1331,81,381,-4
1,3526,55447,-2105,3351,906,166,638,-110
1,3527,55460,-3138,4337,-153,370,1077,-344
1,3528,55472,-4062,5223,-222,316,1357,107
1,3529,55485,-5207,6611,19,-793,1078,3492
1,3530,55498,-6763,10091,862,-1326,-108,3012
1,3531,55510,-6618,10224,808,-1294,-1288,110
1,3532,55523,-5472,7991,815,-1464,-2667,-2335
1,3533,55536,-3892,4896,709,-1675,-3262,-1676
1,3534,55548,-1088,1727,1125,-1649,-3585,-577
1,3535,55561,22,1144,1523,-1603,-3340,-381
1,3536,55573,909,394,1739,-1359,-2800,-577
1,3537,55586,1633,-501,2148,-1193,-2348,-357
1,3538,55598,2322,-1534,3109,-863,-1691,145
1,3539,55611,2466,-1645,3346,-542,-1445,63
1,3540,55624,2668,-1704,3435,-150,-1169,-269
1,3541,55636,2893,-1970,3711,148,-865,-439
1,3542,55649,4172,-2402,3719,608,-790,-524
1,3543,55662,4684,-2418,3778,773,-118,-345
1,3544,55674,4732,-2245,3535,1185,982,-251
1,3545,55687,4368,-1785,3424,1386,1837,-242
1,3546,55699,2459,-703,2573,1481,2671,-37
1,3547,55712,1450,-746,2146,1732,3196,-501
1,3548,55724,546,-763,1132,2177,3384,-776
1,3549,55737,-207,-360,364,2297,3508,-202
1,3550,55750,-1316,183,-1552,3116,4275,-932
1,3551,55762,-2328,1616,-2735,3279,4913,102
1,3552,55775,-3493,3826,-3444,2920,5702,3836
1,3553,55787,-4813,7278,-4083,2048,5825,7922
1,3554,55800,-7482,16145,-5413,2824,4513,5891
1,3555,55812,-8561,22468,-4463,1411,2874,3788
1,3556,55825,-8998,22661,-2694,-213,-213,-3751
1,3557,55838,-8252,17514,-1802,-558,-1462,-6768
1,3558,55850,-6456,7734,-1659,-1419,-3568,-4991
1,3559,55863,-4636,4482,-1358,-2080,-4140,-2159
1,3560,55875,-3219,2463,-1100,-1673,-4234,-1359
1,3561,55888,-2230,903,-659,-1075,-4069,-1438
1,3562,55901,-971,89,261,-750,-3761,-96
1,3563,55913,-472,763,699,-858,-3574,776
1,3564,55926,106,1069,1146,-638,-3293,-13
1,3565,55938,761,1304,1513,-679,-3103,-187
1,3566,55951,2232,603,2250,-486,-2594,-501
1,3567,55963,2683,676,2668,-433,-2173,-196
1,3568,55976,2975,1068,2890,-515,-1495,280
1,3569,55989,3258,1188,2993,-415,-996,-108
1,3570,56001,3652,489,3287,-385,-97,-83
1,3571,56014,3542,-15,3189,-274,530,-48
1,3572,56027,3164,-368,3049,-46,1357,88
1,3573,56039,2594,-515,2968,152,1821,176
1,3574,56052,1326,-591,2344,585,2255,-132
1,3575,56064,797,-512,2029,847,2488,-318
1,3576,56077,433,-499,1282,1268,2873,-673
1,3577,56089,161,-789,594,1688,3447,-684
1,3578,56102,-1204,383,-1621,2206,4519,459
1,3579,56114,-2656,2689,-2850,2440,5228,1879
1,3580,56127,-4479,6715,-3890,1749,5270,5521
1,3581,56140,-6190,11301,-4227,1175,4650,6234
1,3582,56152,-8520,16853,-3487,1539,2719,1622
1,3583,56169,-9099,17654,-2529,195,-348,-1622
1,3584,56182,-6649,11931,-1392,-1292,-2295,-2807
1,3585,56195,-4917,8163,-1612,-1678,-2887,-3491
1,3586,56207,-3511,4297,-1393,-1917,-2935,-3002
1,3587,56220,-2548,917,-1034,-1590,-2713,-2296
1,3588,56232,-2224,-457,-145,-1271,-2668,-225
1,3589,56245,-2225,786,334,-1019,-2857,293
1,3590,56258,-1932,1764,816,-610,-3161,-737
1,3591,56270,-1355,1963,1053,-539,-3447,-1122
1,3592,56283,488,775,1811,-313,-3524,-1263
1,3593,56295,1360,708,2189,-284,-3360,-644
1,3594,56308,2123,672,2670,-156,-2599,-265
1,3595,56321,2639,738,2978,-68,-1905,-210
1,3596,56333,2857,789,3236,17,-850,-25
1,3597,56346,2568,631,3305,177,-209,-176
1,3598,56358,2114,472,3195,517,352,-261
1,3599,56371,1498,889,3089,450,458,99
1,3600,56384,985,1255,3243,633,622,-551
1,3601,56396,1123,1006,2708,599,672,-514
1,3602,56409,1277,442,2746,846,1185,-860
1,3603,56421,1158,340,2431,994,1548,-700
1,3604,56434,470,712,1587,1129,2212,-399
1,3605,56446,-57,852,1023,1379,2707,-666
1,3606,56459,-844,1324,432,1486,3368,-19
1,3607,56472,-1776,2196,-332,1538,3601,333
1,3608,56484,-3678,4180,-1874,1789,3704,20
1,3609,56497,-4466,5151,-2618,1820,3672,-86
1,3610,56510,-5313,6279,-2902,1371,3528,904
1,3611,56522,-6350,8034,-2822,836,3082,1812
1,3612,56535,-7620,11058,-2347,-357,2358,2059
1,3613,56547,-8297,10867,-1594,-1150,1473,2022
1,3614,56560,-8335,9811,-1423,-1255,-424,-365
1,3615,56573,-7730,7932,-1412,-1043,-1806,-1867
1,3616,56585,-4896,3552,-1016,-981,-3711,-1488
1,3617,56598,-3077,2332,-526,-770,-4342,-1300
1,3618,56610,-1409,1746,-58,-523,-4403,-979
1,3619,56623,107,1262,480,-409,-3809,-819
1,3620,56636,1824,978,1595,-472,-2236,53
1,3621,56648,1824,1332,1952,-634,-1009,684
1,3622,56661,1208,1689,2034,-582,482,522
1,3623,56673,224,1868,1780,-453,801,339
1,3624,56686,-1329,2179,1374,-421,362,542
1,3625,56698,-1377,2010,1489,-32,-98,-152
1,3626,56711,-1005,2126,1517,129,-666,-13
1,3627,56724,-289,2026,1629,295,-599,-259
1,3628,56736,494,2190,1928,278,164,-125
1,3629,56749,284,2301,1711,277,874,-48
1,3630,56761,-367,2551,1327,242,1728,179
1,3631,56774,-1222,2760,827,302,1962,201
1,3632,56787,-2884,3507,95,413,1844,326
1,3633,56799,-3515,4243,-12,370,1579,598
1,3634,56812,-3918,5017,-63,269,897,555
1,3635,56824,-4029,5484,24,235,482,55
1,3636,56837,-3697,5621,306,-27,-47,-188
1,3637,56849,-3328,5162,580,-252,-173,-180
1,3638,56862,-3000,4365,726,-250,-169,-576
1,3639,56874,-2868,3859,770,-413,-168,-139
1,3640,56887,-2698,3195,749,-461,-205,7
1,3641,56900,-2609,2803,756,-315,-282,-338
1,3642,56912,-2531,2459,799,-153,-461,-258
1,3643,56925,-2439,2477,817,-155,-627,59
1,3644,56938,-1892,2760,996,-3,-748,-264
1,3645,56950,-1565,2684,1125,58,-687,-386
1,3646,56963,-1332,2688,1142,69,-496,-115
1,3647,56975,-1216,2914,1208,48,-296,53
1,3648,56988,-1297,3370,1275,1,49,60
1,3649,57000,-1486,3505,1204,-79,231,89
1,3650,57013,-1708,3405,1166,-116,467,-9
1,3651,57026,-1975,3186,996,-93,455,23
1,3652,57038,-2478,3195,798,-42,265,218
1,3653,57051,-2537,3404,760,-4,62,200
1,3654,57064,-2428,3475,789,113,-151,-150
1,3655,57076,-2253,3494,857,73,-191,-83
1,3656,57089,-1946,3553,979,20,-87,-6
1,3657,57101,-1925,3634,1001,-50,17,38
1,3658,57114,-1966,3513,990,-83,208,-87
1,3659,57127,-2094,3347,946,-112,240,42
1,3660,57139,-2377,3309,813,-115,163,96
1,3661,57152,-2431,3311,781,-68,102,-26
1,3662,57165,-2439,3260,765,-23,2,-20
1,3663,57177,-2442,3362,755,-37,-21,97
1,3664,57190,-2451,3828,553,-66,8,42
1,3665,57202,-2420,3839,275,-27,142,-200
1,3666,57215,-2489,3849,49,-43,279,7
1,3667,57228,-3178,4874,-89,-235,411,662
1,3668,57240,-3708,5792,74,-516,325,1078
1,3669,57253,-4100,6437,234,-861,-72,706
1,3670,57266,-4235,6520,281,-979,-498,-24
1,3671,57278,-3681,5054,451,-1078,-1252,-707
1,3672,57291,-3031,4202,625,-1196,-1721,-565
1,3673,57303,-2202,3540,834,-1177,-2059,-560
1,3674,57316,-1395,2970,1059,-1114,-2057,-601
1,3675,57328,-209,2071,1728,-1107,-1710,-239
1,3676,57341,60,1789,1958,-1118,-1305,-48
1,3677,57354,120,1576,2059,-1026,-715,-112
1,3678,57366,-2,1351,2148,-923,-432,-138
1,3679,57379,-421,1122,2208,-728,-268,-87
1,3680,57391,-558,1226,2279,-578,-313,-117
1,3681,57404,-536,1263,2445,-315,-414,-290
1,3682,57417,-430,1350,2682,-229,-442,-189
1,3683,57433,-59,1519,2940,-109,-310,-317
1,3684,57446,108,1458,2935,-31,62,-434
1,3685,57458,231,1188,2773,84,431,-559
1,3686,57471,-259,840,2440,228,1073,-271
1,3687,57484,-922,1122,2141,309,1388,17
1,3688,57496,-1687,1614,1827,431,1574,155
1,3689,57509,-2327,2069,1515,525,1566,52
1,3690,57522,-2940,2507,747,509,1580,337
1,3691,57534,-3157,2542,291,640,1677,215
1,3692,57547,-3620,2906,80,593,1895,1024
1,3693,57559,-4206,3817,-280,146,1681,2355
1,3694,57572,-5884,6720,278,-545,1243,3671
1,3695,57584,-6701,7604,454,-228,461,1678
1,3696,57597,-6968,8086,689,-150,-1309,-826
1,3697,57610,-6487,7495,821,-409,-2457,-1112
1,3698,57622,-4096,5399,1136,-678,-3502,-1405
1,3699,57635,-2741,4448,1433,-768,-3719,-1545
1,3700,57648,-1568,3614,1743,-868,-3242,-1505
1,3701,57660,-341,2495,1971,-923,-2448,-1145
1,3702,57673,-137,2206,1944,-954,-1974,-900
1,3703,57685,-67,1907,1860,-841,-1533,-914
1,3704,57698,25,1455,1784,-680,-1391,-875
1,3705,57710,224,975,1984,-410,-1211,-443
1,3706,57723,325,1302,2101,-275,-1107,-139
1,3707,57735,500,1574,2200,-58,-770,-271
1,3708,57748,615,1656,2408,34,-378,-298
1,3709,57760,239,1856,2619,82,256,-20
1,3710,57773,-235,1998,2472,271,632,-150
1,3711,57786,-852,2878,2220,-4,706,392
1,3712,57798,-1160,2928,2162,242,768,-558
1,3713,57811,-1626,2568,2007,291,693,-394
1,3714,57823,-1752,2744,1930,301,613,8
1,3715,57836,-1872,3195,1864,349,522,3
1,3716,57848,-1977,3543,1903,310,497,-49
1,3717,57861,-2125,3734,1966,200,509,-8
1,3718,57874,-2248,3745,1997,154,479,34
1,3719,57886,-2385,3948,2033,29,439,228
1,3720,57899,-2478,4058,2037,-152,373,163
1,3721,57912,-2573,3771,2029,-269,252,-133
1,3722,57924,-2566,3451,2025,-332,157,-233
1,3723,57937,-2500,3093,1974,-345,-10,-298
1,3724,57949,-2405,2784,1956,-318,-132,-267
1,3725,57962,-2055,2588,2042,-292,-293,-142
1,3726,57974,-1816,2486,2142,-241,-275,-239
1,3727,57987,-1663,2412,2234,-221,-105,-158
1,3728,58000,-1609,2345,2304,-218,52,-52
1,3729,58012,-1795,2418,2268,-222,232,55
1,3730,58025,-2000,2431,2228,-189,268,35
1,3731,58038,-2174,2463,2205,-131,138,-3
1,3732,58050,-2245,2538,2235,-116,12,-3
1,3733,58063,-2044,2516,2312,-65,-105,-115
1,3734,58075,-1899,2458,2359,-59,-97,-106
1,3735,58088,-1793,2406,2349,-43,57,-104
1,3736,58101,-1783,2364,2316,-25,172,-72
1,3737,58113,-2070,2454,2196,56,229,0
1,3738,58126,-2263,2886,2166,-59,179,284
1,3739,58138,-2292,2877,2191,36,107,-239
1,3740,58151,-2274,2772,2188,8,34,-207
1,3741,58164,-2155,2601,2225,12,16,-61
1,3742,58176,-2140,2675,2168,9,10,-41
1,3743,58189,-2100,2660,2144,37,6,-115
1,3744,58201,-2027,2597,2145,54,32,-94
1,3745,58214,-2028,2633,2203,61,127,50
1,3746,58227,-2126,2815,2191,27,141,167
1,3747,58239,-2191,2907,2183,32,148,-35
1,3748,58252,-2232,2859,2142,30,122,-86
1,3749,58264,-2279,2778,2114,3,47,29
1,3750,58277,-2259,2825,2100,-3,3,20
1,3751,58290,-2215,2798,2106,25,-34,-113
1,3752,58302,-2172,2760,2121,22,-50,-85
1,3753,58315,-2097,2766,2140,-2,-52,40
1,3754,58328,-2074,2759,2181,5,-43,21
1,3755,58340,-2059,2798,2185,-15,-15,11
1,3756,58353,-2046,2779,2187,-25,2,-24
1,3757,58365,-2064,2650,2176,-18,26,-48
1,3758,58378,-2070,2625,2159,-16,-3,-24
1,3759,58390,-2023,2584,2154,30,-66,-73
1,3760,58403,-1955,2535,2182,55,-68,-49
1,3761,58416,-1826,2576,2282,46,-1,70
1,3762,58428,-1853,2647,2306,33,87,85
1,3763,58441,-1918,2651,2270,19,199,21
1,3764,58454,-2016,2577,2196,34,204,-1
1,3765,58466,-2129,2567,2084,65,83,43
1,3766,58479,-2056,2593,2074,115,-12,-40
1,3767,58491,-1941,2620,2115,148,-45,-29
1,3768,58504,-1840,2695,2173,126,7,82
1,3769,58516,-1769,2869,2191,85,161,61
1,3770,58529,-1817,2807,2172,82,260,-1
1,3771,58542,-1938,2772,2136,39,327,146
1,3772,58554,-2033,2765,2023,53,318,121
1,3773,58567,-2246,2857,1989,78,265,92
1,3774,58580,-2291,2922,2008,60,205,134
1,3775,58592,-2290,2961,2013,80,137,-35
1,3776,58605,-2252,2950,2009,80,101,-67
1,3777,58617,-2155,2816,2038,60,112,-42
1,3778,58630,-2138,2781,2008,53,142,-16
1,3779,58642,-2172,2745,2013,50,201,59
1,3780,58655,-2255,2815,1997,22,189,173
1,3781,58668,-2315,2923,1913,52,120,14
1,3782,58680,-2277,2890,1917,68,66,-42
1,3783,58697,-2204,2953,2025,30,61,117
1,3784,58709,-2219,3059,2058,-4,103,110
1,3785,58722,-2270,3025,2074,-38,176,-40
1,3786,58734,-2340,2872,2043,-47,188,-78
1,3787,58747,-2415,2623,1845,-10,53,-19
1,3788,58759,-2367,2606,1839,52,-46,-38
1,3789,58772,-2306,2727,1929,67,-145,75
1,3790,58785,-2236,2929,2010,38,-137,102
1,3791,58797,-2064,3007,2004,18,-14,-101
1,3792,58810,-2059,2851,1913,3,105,-112
1,3793,58822,-2115,2783,1689,-10,308,93
1,3794,58835,-2274,2865,1417,12,420,243
1,3795,58848,-2769,3671,897,-27,570,495
1,3796,58860,-3009,3915,790,62,665,353
1,3797,58873,-3477,4505,849,-163,748,1061
1,3798,58885,-4048,5497,938,-537,622,1668
1,3799,58898,-4967,6890,1439,-883,292,997
1,3800,58911,-5325,6908,1485,-1186,-206,375
1,3801,58923,-5191,5966,1380,-1444,-1179,-654
1,3802,58936,-4620,4672,1374,-1572,-1773,-758
1,3803,58948,-3024,2462,1640,-1581,-2294,-642
1,3804,58961,-2315,1765,1859,-1471,-2561,-611
1,3805,58973,-1566,1325,2059,-1322,-2717,-410
1,3806,58986,-768,1004,2279,-1220,-2643,-410
1,3807,58999,452,216,2880,-1009,-2181,-452
1,3808,59011,796,-138,3069,-894,-1817,-174
1,3809,59024,922,-146,3225,-809,-1246,368
1,3810,59037,899,-64,3308,-656,-964,251
1,3811,59049,863,-9,3360,-403,-756,-53
1,3812,59062,973,-171,3504,-206,-688,-173
1,3813,59074,1125,-160,3654,26,-520,-39
1,3814,59087,1295,9,3703,168,-283,-63
1,3815,59100,1451,298,3732,289,199,-82
1,3816,59112,1427,181,3565,449,553,-203
1,3817,59125,1235,251,3428,582,1039,163
1,3818,59137,885,466,3368,673,1299,362
1,3819,59150,-60,1272,3230,791,1467,318
1,3820,59163,-391,1486,3167,823,1435,149
1,3821,59175,-561,1435,3047,931,1250,-324
1,3822,59188,-511,1180,2926,1016,1095,-461
1,3823,59200,-9,829,2754,1088,1054,-350
1,3824,59213,242,763,2583,1132,1239,-300
1,3825,59226,432,537,2041,1320,1774,-563
1,3826,59238,406,151,1628,1533,2229,-595
1,3827,59251,-527,432,869,1770,2792,165
1,3828,59263,-1367,1287,639,1857,2944,654
1,3829,59276,-2151,2229,363,2037,2641,480
1,3830,59289,-2626,3190,257,1936,2360,416
1,3831,59301,-2286,3079,-543,2099,2417,-456
1,3832,59314,-2353,2949,-752,2116,2633,-122
1,3833,59326,-2764,3732,-1062,1984,2879,952
1,3834,59339,-3319,5405,-1320,1550,2840,1810
1,3835,59352,-4379,7518,-423,1198,2749,1641
1,3836,59364,-4816,7832,-637,992,2663,1051
1,3837,59377,-5546,7759,-618,863,1917,-182
1,3838,59389,-5967,8115,-945,380,793,-63
1,3839,59402,-4989,6524,-235,498,101,-1237
1,3840,59415,-4594,6323,-423,195,-217,-1082
1,3841,59427,-4121,5388,-65,-17,-266,-1122
1,3842,59440,-3630,4020,307,-216,-53,-430
1,3843,59453,-3712,4005,429,-436,9,212
1,3844,59465,-3785,4039,459,-618,-47,153
1,3845,59478,-3714,3804,392,-693,-185,-184
1,3846,59490,-3064,1989,371,-527,-398,-486
1,3847,59503,-2780,1534,402,-379,-573,-179
1,3848,59515,-2495,1649,529,-220,-758,325
1,3849,59528,-2217,2142,688,-123,-781,136
1,3850,59541,-1636,1917,849,227,-496,-713
1,3851,59553,-1586,1959,937,169,-278,-216
1,3852,59566,-1700,2249,1079,32,112,504
1,3853,59579,-1940,2787,1090,60,308,257
1,3854,59591,-2517,3015,968,118,371,-39
1,3855,59604,-2672,3054,834,75,205,142
1,3856,59616,-2655,3088,821,157,-74,-55
1,3857,59629,-2506,3081,846,187,-169,-130
1,3858,59641,-2110,3045,844,177,-78,-4
1,3859,59654,-2112,3268,840,81,79,154
1,3860,59667,-2196,3245,808,137,327,-175
1,3861,59679,-2420,3291,730,74,324,31
1,3862,59692,-2729,3546,708,-2,231,158
1,3863,59704,-2781,3488,666,39,146,-65
1,3864,59717,-2764,3391,640,-2,-47,-1
1,3865,59730,-2661,3293,660,-11,-143,0
1,3866,59742,-2264,2999,713,41,-199,-127
1,3867,59755,-2117,2902,803,38,-136,-32
1,3868,59767,-2077,2951,834,-4,94,85
1,3869,59780,-2133,3013,826,-11,228,19
1,3870,59793,-2416,2943,736,5,290,-94
1,3871,59805,-2543,2941,657,35,212,-88
1,3872,59818,-2582,3100,638,40,-23,-54
1,3873,59830,-2481,3167,665,81,-144,-233
1,3874,59843,-2101,3005,813,96,-185,-258
1,3875,59855,-1953,3001,913,78,-101,-167
1,3876,59868,-1892,3083,958,-10,140,-82
1,3877,59880,-1923,3021,953,-22,303,-201
1,3878,59893,-2208,2752,840,-56,418,-228
1,3879,59906,-2283,2563,761,-17,359,-258
1,3880,59918,-2328,2510,795,163,277,-668
1,3881,59931,-2361,2848,686,-1,133,-580
1,3882,59943,-2458,3446,633,-711,-315,70
1,3883,59960,-2323,3340,577,-818,55,-204
1,3884,59973,-2672,3355,1248,-1202,-184,257
1,3885,59985,-2101,2942,630,-1110,139,153
1,3886,59998,-2239,2778,816,-886,251,-200
1,3887,60010,-2429,2562,1047,-710,484,133
1,3888,60023,-2644,2630,1021,-602,416,354
1,3889,60035,-2810,2949,923,-456,416,11
1,3890,60048,-2866,2944,745,-167,393,-935
1,3891,60061,-2873,2931,664,125,309,-2308
1,3892,60073,-2962,2779,1046,217,17,-2989
1,3893,60086,-3713,2247,3619,-256,-262,-3124
1,3894,60098,-3217,1406,2770,-191,-1089,-3301
1,3895,60111,-2261,1275,1124,-68,-1431,-2072
1,3896,60124,-1569,889,843,294,-527,-1122
1,3897,60136,-875,891,-454,-47,272,-45
1,3898,60149,-1233,704,809,97,825,552
1,3899,60161,-1418,799,1337,76,828,714
1,3900,60174,-1539,894,1542,189,613,790
1,3901,60187,-1459,845,1965,82,238,833
1,3902,60199,-1274,590,1577,611,-1574,-50
1,3903,60212,-627,518,1358,1076,-1974,-1057
1,3904,60225,-739,333,4092,2836,-4512,-3100
1,3905,60237,2858,493,1562,4721,-1723,-7762
1,3906,60250,2942,790,2932,5565,6340,-11903
1,3907,60262,2852,1556,1513,2452,11161,-7606
1,3908,60275,862,-1355,-5637,978,10032,273
1,3909,60287,354,-251,-3978,1199,8565,3367
1,3910,60300,204,862,-3719,1657,7645,293
1,3911,60313,347,871,-4345,1251,6592,-3348
1,3912,60325,-4584,2611,-6037,6144,8632,-16877
1,3913,60338,328,-6121,-6171,-313,-12426,3512
1,3914,60351,6873,-2351,-1503,1324,-1205,-4972
1,3915,60363,-737,-547,-1636,743,379,-10561
1,3916,60376,-1823,-4643,-2450,-2837,4781,6817
1,3917,60388,-4026,-1246,-2293,-283,1207,2898
1,3918,60401,-3566,846,513,-831,2322,777
1,3919,60413,-3197,-240,-3983,687,-1466,140
1,3920,60426,-3144,1187,-888,865,-994,-1999
1,3921,60439,-3713,1325,-3018,1057,-1073,-3882
1,3922,60451,-4777,85,-1953,30,239,425
1,3923,60464,-3890,-1833,-179,-729,1513,1651
1,3924,60477,-3322,331,-2755,158,582,-205
1,3925,60489,-3976,621,-1584,198,-591,-413
1,3926,60502,-3947,-160,-1131,78,-71,1
1,3927,60514,-3698,-158,-1460,2,216,-24
1,3928,60527,-3792,-120,-1540,-47,91,-27
1,3929,60539,-3788,-108,-1519,-44,58,-40
1,3930,60552,-3780,-155,-1535,75,39,21
1,3931,60565,-3789,-149,-1744,9,-239,28
1,3932,60578,-3766,-123,-1447,-15,154,-25
1,3933,60590,-3781,-141,-1618,-29,109,-22
1,3934,60603,-3778,-139,-1614,5,-25,1
1,3935,60615,-3768,-125,-1549,0,10,-5
1,3936,60628,-3774,-113,-1536,-25,60,-20
1,3937,60640,-3781,-126,-1579,-11,28,-11
1,3938,60653,-3779,-121,-1549,-3,-7,-1
1,3939,60666,-3779,-118,-1518,-8,12,-5
1,3940,60678,-3780,-115,-1551,-8,38,-10
1,3941,60691,-3766,-107,-1581,-9,27,-7
1,3942,60703,-3769,-112,-1576,-8,17,-6
1,3943,60716,-3773,-110,-1569,-7,16,-7
1,3944,60729,-3777,-112,-1547,-8,9,-6
1,3945,60741,-3769,-110,-1542,-6,19,-7
1,3946,60754,-3770,-110,-1551,-8,26,-8
1,3947,60766,-3773,-118,-1560,-7,23,-8
1,3948,60779,-3764,-127,-1578,-9,17,-7
1,3949,60791,-3758,-137,-1568,-7,15,-8
1,3950,60804,-3767,-131,-1574,-7,17,-6
1,3951,60817,-3767,-129,-1573,-6,16,-6
1,3952,60829,-3777,-119,-1553,-5,13,-4
1,3953,60842,-3789,-119,-1531,-5,15,-9
1,3954,60854,-3780,-123,-1528,-5,19,-6
1,3955,60867,-3772,-121,-1539,-8,27,-9
1,3956,60880,-3761,-125,-1583,-10,29,-8
1,3957,60892,-3752,-117,-1606,-6,20,-10
1,3958,60905,-3764,-129,-1601,-7,5,-5
1,3959,60917,-3767,-131,-1580,-4,7,-6
1,3960,60930,-3779,-117,-1544,-7,15,-6
1,3961,60943,-3780,-107,-1539,-7,15,-6
1,3962,60955,-3775,-105,-1536,-6,12,-4
1,3963,60968,-3773,-106,-1549,-4,18,-9
1,3964,60981,-3766,-112,-1572,-5,20,-9
1,3965,60993,-3759,-120,-1580,-4,15,-5
1,3966,61006,-3758,-135,-1584,-1,15,-7
1,3967,61018,-3764,-139,-1585,-5,14,-4
1,3968,61031,-3766,-152,-1575,-6,10,-6
1,3969,61043,-3768,-143,-1557,-5,11,-5
1,3970,61056,-3769,-137,-1560,-10,18,-11
1,3971,61069,-3771,-134,-1575,-5,23,-5
1,3972,61081,-3765,-124,-1590,3,2,-2
1,3973,61094,-3759,-112,-1584,1,3,-1
1,3974,61107,-3757,-99,-1574,-12,21,-10
1,3975,61119,-3761,-106,-1580,-5,23,-6
1,3976,61132,-3770,-120,-1563,3,5,-3
1,3977,61144,-3766,-126,-1562,-4,12,-5
1,3978,61157,-3767,-125,-1579,-9,16,-7
1,3979,61169,-3759,-131,-1588,-3,19,-5
1,3980,61182,-3758,-138,-1608,-2,16,-5
1,3981,61195,-3757,-138,-1598,-5,12,-7
1,3982,61208,-3762,-131,-1592,-4,10,-5
1,3983,61224,-3765,-118,-1575,-5,9,-6
1,3984,61236,-3770,-119,-1576,-6,13,-6
1,3985,61250,-3761,-120,-1571,-6,15,-5
1,3986,61262,-3767,-131,-1583,-5,15,-7
1,3987,61275,-3762,-138,-1590,-6,17,-6
1,3988,61288,-3759,-137,-1591,-2,10,-3
1,3989,61300,-3756,-140,-1587,1,13,-6
1,3990,61313,-3759,-141,-1580,-6,10,-6
1,3991,61325,-3767,-136,-1575,-6,13,-6
1,3992,61338,-3764,-121,-1572,-5,11,-3
1,3993,61351,-3764,-112,-1587,-6,13,-6
1,3994,61363,-3753,-108,-1597,-6,17,-7
1,3995,61376,-3760,-110,-1599,-5,11,-6
1,3996,61388,-3758,-114,-1594,-6,7,-6
1,3997,61401,-3764,-130,-1581,-3,10,-1
1,3998,61414,-3760,-129,-1574,-4,12,-6
1,3999,61426,-3771,-132,-1580,-4,12,-6
1,4000,61439,-3766,-132,-1593,-5,14,-6
1,4001,61452,-3749,-135,-1596,-7,14,-6
1,4002,61464,-3758,-139,-1593,-6,10,-7
1,4003,61477,-3758,-130,-1599,-5,8,-4
1,4004,61489,-3754,-118,-1598,-2,14,-5
1,4005,61502,-3755,-137,-1592,-5,11,-3
1,4006,61514,-3770,-136,-1581,-3,1,-4
1,4007,61527,-3775,-112,-1590,-13,10,-4
1,4008,61540,-3728,-92,-1545,-8,0,-10
1,4009,61552,-3751,-95,-1515,7,91,-7
1,4010,61565,-3790,-137,-1678,-10,-19,-5
1,4011,61578,-3731,-143,-1509,-15,61,-12
1,4012,61590,-3762,-136,-1655,0,5,-3
1,4013,61603,-3758,-142,-1633,7,-12,2
1,4014,61615,-3759,-146,-1564,16,-26,3
1,4015,61628,-3761,-123,-1590,-21,-26,-6
1,4016,61640,-3761,-97,-1569,-3,58,-10
1,4017,61653,-3767,-92,-1607,-11,-33,-3
1,4018,61666,-3761,-86,-1544,2,41,-4
1,4019,61678,-3758,-87,-1624,-4,16,-9
1,4020,61691,-3741,-81,-1603,-6,28,-7
1,4021,61704,-3747,-130,-1595,3,8,-1
1,4022,61716,-3769,-136,-1590,-1,0,-4
1,4023,61729,-3762,-174,-1580,-4,3,-10
1,4024,61741,-3765,-178,-1569,-3,1,-3
1,4025,61754,-3764,-135,-1567,-8,27,6
1,4026,61766,-3747,-93,-1620,-9,31,-8
1,4027,61779,-3733,-109,-1666,-5,15,-6
1,4028,61791,-3737,-112,-1679,3,-13,-3
1,4029,61804,-3780,-139,-1538,3,-25,-10
1,4030,61817,-3786,-144,-1497,-3,7,2
1,4031,61829,-3783,-117,-1522,-8,31,2
1,4032,61842,-3759,-83,-1583,-6,39,-7
1,4033,61854,-3727,-91,-1663,-1,3,-4
1,4034,61867,-3740,-105,-1640,2,-2,-12
1,4035,61879,-3755,-141,-1597,2,-1,-5
1,4036,61892,-3764,-145,-1564,-2,7,-6
1,4037,61905,-3759,-137,-1597,-2,16,-7
1,4038,61917,-3755,-129,-1601,-4,14,-7
1,4039,61930,-3765,-139,-1604,-2,4,-8
1,4040,61943,-3752,-150,-1602,-3,5,-10
1,4041,61955,-3754,-143,-1606,-5,19,-4
1,4042,61968,-3741,-131,-1625,-5,19,-4
1,4043,61980,-3742,-116,-1642,-3,8,-3
1,4044,61993,-3754,-114,-1632,0,-4,-7
1,4045,62005,-3765,-137,-1566,0,-2,-8
1,4046,62018,-3767,-140,-1550,-4,5,-3
1,4047,62031,-3759,-136,-1567,-8,31,-8
1,4048,62043,-3744,-129,-1612,-8,28,-6
1,4049,62056,-3743,-127,-1633,-1,-1,-6
1,4050,62069,-3760,-134,-1607,4,-6,-5
1,4051,62081,-3760,-136,-1578,-1,11,-7
1,4052,62094,-3763,-126,-1588,-3,13,-3
1,4053,62106,-3758,-113,-1606,-3,8,-7
1,4054,62119,-3751,-120,-1608,-1,9,-8
1,4055,62131,-3751,-123,-1614,-2,8,-8
1,4056,62144,-3751,-134,-1608,2,4,-7
1,4057,62157,-3754,-143,-1605,-1,8,-10
1,4058,62169,-3752,-141,-1617,-2,11,-10
1,4059,62182,-3761,-137,-1609,-1,1,-14
1,4060,62195,-3758,-136,-1597,-1,-4,-20
1,4061,62207,-3762,-140,-1589,1,-2,-16
1,4062,62220,-3760,-125,-1577,-2,6,-18
1,4063,62232,-3761,-87,-1580,2,-25,-87
1,4064,62245,-3742,-67,-1622,46,-51,-190
1,4065,62257,-3753,-143,-1558,31,-73,-190
1,4066,62270,-3774,-152,-1558,26,-118,-175
1,4067,62283,-3758,-162,-1491,36,-86,-197
1,4068,62295,-3746,-150,-1844,62,-217,-209
1,4069,62308,-3740,-147,-1778,30,-29,-31
1,4070,62321,-3751,-173,-1532,-13,40,-1
1,4071,62333,-3765,-190,-1583,-13,16,-7
1,4072,62346,-3763,-184,-1589,5,-6,-3
1,4073,62358,-3766,-180,-1557,0,13,-3
1,4074,62371,-3761,-184,-1580,-6,21,-2
1,4075,62384,-3761,-184,-1594,-2,1,-3
1,4076,62396,-3760,-183,-1585,2,3,-4
1,4077,62409,-3757,-175,-1575,-6,14,-4
1,4078,62421,-3769,-178,-1584,-3,9,-1
1,4079,62434,-3764,-173,-1582,-1,9,-4
1,4080,62447,-3763,-172,-1571,-4,10,-4
1,4081,62459,-3767,-181,-1588,-5,8,-4
1,4082,62472,-3766,-174,-1573,-2,6,-1
1,4083,62488,-3763,-180,-1579,-4,10,-2
1,4084,62501,-3756,-181,-1587,-2,8,-3
1,4085,62513,-3765,-184,-1583,-2,7,-3
1,4086,62526,-3764,-180,-1583,-3,8,-3
1,4087,62538,-3758,-187,-1584,-2,11,-5
1,4088,62551,-3763,-184,-1593,-2,7,-4
1,4089,62564,-3759,-181,-1592,-2,7,-3
1,4090,62576,-3761,-182,-1590,-4,10,-1
1,4091,62589,-3758,-182,-1588,-2,8,-3
1,4092,62602,-3760,-172,-1583,-3,2,-5
1,4093,62614,-3756,-167,-1580,-3,8,-3
1,4094,62627,-3762,-162,-1582,-5,11,-3
1,4095,62639,-3763,-162,-1584,1,6,-3
1,4096,62652,-3759,-168,-1569,-3,1,-1
1,4097,62664,-3756,-172,-1576,-3,10,-2
1,4098,62677,-3763,-184,-1588,-2,10,-4
1,4099,62690,-3756,-190,-1582,-2,2,-3
1,4100,62702,-3765,-188,-1571,-4,-1,-6
1,4101,62715,-3776,-175,-1548,-13,0,-2
1,4102,62727,-3786,-144,-1535,-14,-41,-14
1,4103,62740,-3791,-156,-1539,-7,-179,-65
1,4104,62752,-3787,-269,-1447,-34,-245,-22
1,4105,62765,-3750,-187,-1667,4,-352,-45
1,4106,62778,-3766,-264,-1488,-32,-224,118
1,4107,62790,-3784,-102,-1731,66,-275,-176
1,4108,62803,-3772,-246,-1481,22,-95,-35
1,4109,62815,-3778,-190,-1494,-19,20,-29
1,4110,62828,-3793,-191,-1564,-13,18,-6
1,4111,62841,-3777,-176,-1532,0,-2,-12
1,4112,62853,-3780,-177,-1520,-2,-10,-15
1,4113,62866,-3784,-178,-1547,2,-27,-23
1,4114,62878,-3787,-187,-1517,-1,-28,-29
1,4115,62891,-3791,-201,-1499,-1,-34,-28
1,4116,62903,-3789,-207,-1506,-4,-17,-18
1,4117,62916,-3792,-210,-1513,-3,-7,-9
1,4118,62929,-3786,-205,-1525,-5,5,-12
1,4119,62941,-3783,-195,-1514,-5,-3,-15
1,4120,62954,-3787,-196,-1522,-7,-22,-20
1,4121,62967,-3783,-197,-1530,1,-49,-27
1,4122,62979,-3781,-204,-1515,5,-58,-25
1,4123,62992,-3790,-187,-1474,-1,-38,-34
1,4124,63004,-3790,-187,-1513,-3,-28,-40
1,4125,63017,-3797,-188,-1521,4,-20,-23
1,4126,63029,-3785,-202,-1502,-1,-11,-26
1,4127,63042,-3790,-215,-1495,3,-15,-38
1,4128,63055,-3793,-241,-1530,8,-15,-55
1,4129,63067,-3792,-261,-1508,-1,-1,-8
1,4130,63080,-3798,-244,-1454,-10,16,-7
1,4131,63092,-3811,-213,-1476,-3,10,-7
1,4132,63105,-3794,-201,-1474,0,15,-1
1,4133,63118,-3800,-180,-1530,-3,9,-5
1,4134,63130,-3772,-186,-1517,-6,35,-5
1,4135,63143,-3781,-198,-1521,10,-4,-2
1,4136,63155,-3794,-201,-1527,-5,-3,-12
1,4137,63168,-3791,-228,-1481,4,22,1
1,4138,63181,-3796,-229,-1481,-6,-11,-7
1,4139,63193,-3802,-250,-1461,-1,15,-4
1,4140,63206,-3801,-233,-1472,-3,19,0
1,4141,63219,-3797,-226,-1479,-8,15,-4
1,4142,63231,-3787,-194,-1509,-2,24,-3
1,4143,63244,-3786,-178,-1530,-5,-2,-6
1,4144,63256,-3791,-175,-1511,2,4,1
1,4145,63269,-3793,-178,-1503,-1,-7,-5
1,4146,63281,-3798,-210,-1473,1,5,-5
1,4147,63294,-3798,-217,-1484,1,8,-12
1,4148,63307,-3793,-227,-1494,1,-4,-39
1,4149,63319,-3780,-236,-1495,7,-22,-65
1,4150,63332,-3791,-259,-1543,17,-40,-70
1,4151,63345,-3790,-256,-1505,-1,-2,-8
1,4152,63357,-3787,-214,-1490,-13,40,-4
1,4153,63370,-3796,-208,-1522,-2,3,-2
1,4154,63382,-3804,-204,-1460,2,-10,-6
1,4155,63395,-3796,-206,-1465,-3,15,-7
1,4156,63408,-3797,-211,-1494,-5,22,-5
1,4157,63420,-3790,-215,-1516,1,2,-3
1,4158,63433,-3790,-230,-1489,-2,2,-2
1,4159,63445,-3794,-227,-1504,-1,14,-3
1,4160,63458,-3790,-230,-1498,-1,6,-5
1,4161,63471,-3789,-229,-1502,0,3,-6
1,4162,63483,-3793,-238,-1502,-1,7,-3
1,4163,63496,-3788,-239,-1506,-3,10,-6
1,4164,63508,-3789,-236,-1504,-4,8,-5
1,4165,63521,-3789,-228,-1508,-12,2,-3
1,4166,63534,-3770,-227,-1490,6,0,15
1,4167,63546,-3805,-205,-1534,-15,13,-24
1,4168,63559,-3799,-221,-1471,4,29,-10
1,4169,63571,-3805,-207,-1469,-6,-8,-3
1,4170,63584,-3794,-184,-1508,-1,34,-18
1,4171,63597,-3791,-197,-1531,-1,-2,-3
1,4172,63609,-3776,-206,-1507,7,-12,-50
1,4173,63622,-3786,-190,-1531,20,-19,-95
1,4174,63634,-3798,-292,-1485,1,-21,13
1,4175,63647,-3792,-244,-1456,-5,36,-4
1,4176,63660,-3794,-255,-1522,-4,6,2
1,4177,63672,-3790,-237,-1512,4,0,-6
1,4178,63685,-3795,-229,-1491,-5,6,2
1,4179,63697,-3795,-213,-1502,-6,14,-4
1,4180,63710,-3794,-220,-1513,-1,4,1
1,4181,63723,-3791,-224,-1501,1,2,-10
1,4182,63735,-3792,-237,-1499,0,8,-6
1,4183,63751,-3793,-240,-1501,0,9,-7
1,4184,63764,-3799,-250,-1507,-1,4,-4
1,4185,63776,-3792,-241,-1507,1,14,-5
1,4186,63789,-3780,-238,-1501,-5,16,-1
1,4187,63801,-3786,-222,-1522,-5,10,-3
1,4188,63814,-3780,-217,-1520,-4,13,4
1,4189,63826,-3796,-207,-1495,-1,-5,-6
1,4190,63839,-3799,-215,-1487,-1,-3,-6
1,4191,63852,-3797,-225,-1466,-2,5,-6
1,4192,63864,-3801,-224,-1470,-5,11,1
1,4193,63877,-3794,-223,-1503,-1,15,-6
1,4194,63890,-3784,-235,-1526,-3,15,-10
1,4195,63902,-3781,-247,-1544,6,-14,-16
1,4196,63915,-3788,-260,-1525,-2,-9,0
1,4197,63927,-3795,-236,-1497,-8,10,-5
1,4198,63940,-3795,-226,-1501,-8,11,-1
1,4199,63952,-3791,-218,-1499,-2,2,-5
1,4200,63965,-3825,-219,-1530,-4,16,2
1,4201,63978,-3762,-235,-1475,9,10,-12
1,4202,63990,-3808,-221,-1528,-3,-13,-20
1,4203,64003,-3790,-258,-1496,4,38,18
1,4204,64016,-3779,-243,-1500,11,-14,-1
1,4205,64028,-3786,-184,-1527,-2,15,-8
1,4206,64041,-3786,-232,-1502,5,24,16
1,4207,64053,-3803,-198,-1487,-2,-15,-22
1,4208,64066,-3786,-217,-1461,2,40,-8
1,4209,64078,-3796,-255,-1527,-5,-7,-5
1,4210,64091,-3776,-244,-1494,0,16,-19
1,4211,64104,-3784,-256,-1556,-4,-15,6
1,4212,64116,-3796,-274,-1519,-7,8,-7
1,4213,64129,-3786,-270,-1477,-9,16,1
1,4214,64142,-3799,-236,-1506,1,-17,0
1,4215,64154,-3798,-233,-1479,6,13,0
1,4216,64167,-3798,-215,-1478,-6,8,2
1,4217,64179,-3794,-213,-1507,-3,24,-6
1,4218,64192,-3782,-209,-1525,2,12,-4
1,4219,64204,-3780,-205,-1528,0,2,-5
1,4220,64217,-3787,-233,-1524,2,5,-6
1,4221,64230,-3790,-235,-1505,1,-3,-5
1,4222,64242,-3793,-242,-1495,0,7,-6
1,4223,64255,-3794,-247,-1495,0,7,-3
1,4224,64268,-3790,-255,-1501,-2,7,-1
1,4225,64280,-3786,-235,-1511,-1,11,-5
1,4226,64293,-3780,-228,-1521,-1,6,-3
1,4227,64305,-3780,-226,-1516,0,3,0
1,4228,64318,-3800,-225,-1500,-1,1,-1
1,4229,64330,-3797,-229,-1504,-2,6,-6
1,4230,64343,-3789,-233,-1486,-1,13,-6
1,4231,64356,-3793,-231,-1505,-4,11,-7
1,4232,64368,-3777,-238,-1524,1,8,-5
1,4233,64381,-3782,-247,-1524,-1,0,-3
1,4234,64394,-3781,-247,-1517,-1,4,-3
1,4235,64406,-3783,-238,-1515,-2,8,0
1,4236,64419,-3790,-240,-1502,-1,-2,-2
1,4237,64431,-3795,-225,-1487,-3,1,-5
1,4238,64444,-3792,-219,-1481,-5,7,-5
1,4239,64456,-3796,-225,-1493,-1,12,-3
1,4240,64469,-3780,-221,-1520,-1,7,-3
1,4241,64482,-3786,-226,-1524,-1,3,-5
1,4242,64494,-3782,-239,-1513,-2,7,-7
1,4243,64507,-3781,-244,-1516,1,2,-1
1,4244,64520,-3793,-236,-1501,0,11,-2
1,4245,64532,-3794,-234,-1504,-5,7,-2
1,4246,64545,-3791,-225,-1511,-2,5,-3
1,4247,64557,-3783,-223,-1506,-2,6,-3
1,4248,64570,-3794,-233,-1501,-3,3,-4
1,4249,64582,-3798,-231,-1505,-1,1,-4
