event_id,seq,ts_ms,ax,ay,az,gx,gy,gz
1,0,31365,-1202,-16380,-599,0,-42,25
1,1,31370,-1268,-16363,-564,1,-21,27
1,2,31375,-1355,-16339,-562,-1,3,29
1,3,31380,-1278,-16382,-662,3,51,31
1,4,31385,-1181,-16358,-650,2,70,30
1,5,31390,-1085,-16298,-555,3,77,31
1,6,31395,-1026,-16233,-498,6,72,33
1,7,31400,-1043,-16252,-442,6,68,31
1,8,31405,-1059,-16300,-448,4,59,30
1,9,31410,-1016,-16274,-367,2,48,34
1,10,31415,-1008,-16265,-185,0,30,37
1,11,31420,-1028,-16339,-74,-1,-1,36
1,12,31425,-1067,-16420,7,-2,-36,36
1,13,31430,-1153,-16450,45,-4,-70,38
1,14,31435,-1174,-16560,59,-7,-95,37
1,15,31440,-1275,-16597,100,-11,-110,43
1,16,31445,-1363,-16645,76,-13,-114,39
1,17,31450,-1427,-16611,-77,-14,-116,39
1,18,31455,-1414,-16578,-374,-16,-109,41
1,19,31460,-1355,-16551,-600,-16,-92,40
1,20,31465,-1327,-16521,-663,-17,-61,42
1,21,31470,-1364,-16493,-626,-18,-30,42
1,22,31475,-1381,-16462,-675,-17,0,43
1,23,31480,-1345,-16380,-801,-15,39,42
1,24,31485,-1313,-16354,-826,-11,82,41
1,25,31490,-1323,-16342,-711,-10,121,42
1,26,31495,-1274,-16311,-551,-11,140,41
1,27,31500,-1219,-16240,-500,-10,147,41
1,28,31505,-1217,-16200,-415,-9,145,42
1,29,31510,-1233,-16243,-308,-8,133,41
1,30,31515,-1293,-16276,-248,-9,121,42
1,31,31520,-1226,-16242,-191,-11,94,44
1,32,31525,-1234,-16242,-140,-12,62,43
1,33,31530,-1229,-16228,-158,-14,33,39
1,34,31535,-1239,-16239,-235,-16,4,39
1,35,31540,-1196,-16225,-334,-13,-19,42
1,36,31545,-1222,-16227,-327,-15,-33,44
1,37,31550,-1372,-16278,-199,-19,-43,42
1,38,31555,-1479,-16303,-128,-22,-56,39
1,39,31560,-1422,-16357,-299,-20,-60,39
1,40,31565,-1348,-16349,-443,-20,-51,40
1,41,31570,-1373,-16376,-454,-19,-33,40
1,42,31575,-1467,-16328,-395,-20,-22,38
1,43,31580,-1470,-16329,-491,-23,-15,34
1,44,31585,-1394,-16303,-731,-18,2,36
1,45,31590,-1375,-16270,-771,-16,30,35
1,46,31595,-1307,-16281,-717,-17,60,36
1,47,31600,-1250,-16286,-642,-16,80,34
1,48,31605,-1226,-16238,-593,-13,86,32
1,49,31610,-1242,-16191,-571,-13,90,31
1,50,31615,-1290,-16168,-518,-11,90,32
1,51,31620,-1316,-16054,-444,-14,83,32
1,52,31625,-1330,-16045,-372,-14,64,30
1,53,31630,-1311,-16010,-402,-13,39,30
1,54,31635,-1239,-16009,-246,-14,16,32
1,55,31640,-1346,-16030,-242,-13,-16,30
1,56,31645,-1352,-16098,-261,-16,-51,29
1,57,31650,-1344,-16181,-446,-14,-83,29
1,58,31655,-1291,-16266,-417,-18,-97,28
1,59,31660,-1511,-16145,19,-19,-104,26
1,60,31665,-1553,-16220,-92,-19,-116,23
1,61,31670,-1524,-16220,-399,-12,-107,24
1,62,31675,-1406,-16244,-666,-11,-83,23
1,63,31680,-1565,-16333,-539,-17,-61,20
1,64,31685,-1580,-16451,-331,-19,-53,18
1,65,31690,-1431,-16501,-511,-17,-51,17
1,66,31695,-1378,-16587,-748,-11,-28,15
1,67,31700,-1276,-16617,-772,-9,10,14
1,68,31705,-1306,-16640,-669,-12,45,15
1,69,31710,-1279,-16659,-541,-13,68,15
1,70,31715,-1269,-16660,-582,-12,80,12
1,71,31720,-1228,-16598,-644,-9,96,11
1,72,31725,-1240,-16611,-587,-8,115,14
1,73,31730,-1248,-16604,-432,-6,128,18
1,74,31735,-1186,-16533,-367,-7,131,17
1,75,31740,-1162,-16491,-304,-9,129,17
1,76,31745,-1177,-16476,-205,-7,123,18
1,77,31750,-1142,-16497,-69,-6,86,19
1,78,31755,-1202,-16515,193,-11,61,18
1,79,31760,-1230,-16516,385,-12,28,17
1,80,31765,-1296,-16503,262,-10,-8,17
1,81,31770,-1231,-16488,34,-12,-35,18
1,82,31775,-1173,-16484,-102,-17,-62,16
1,83,31780,-1141,-16457,-102,-17,-81,18
1,84,31785,-1123,-16531,4,-19,-109,19
1,85,31790,-1178,-16611,-27,-18,-126,20
1,86,31795,-1337,-16660,-22,-21,-127,14
1,87,31800,-1450,-16645,-74,-23,-127,13
1,88,31805,-1492,-16639,-368,-23,-116,17
1,89,31810,-1457,-16664,-651,-23,-90,16
1,90,31815,-1374,-16620,-767,-20,-61,16
1,91,31820,-1282,-16528,-768,-15,-32,15
1,92,31825,-1167,-16436,-859,-15,-6,15
1,93,31830,-1109,-16406,-935,-13,33,17
1,94,31835,-1132,-16385,-882,-9,78,17
1,95,31840,-1125,-16426,-658,-7,116,19
1,96,31845,-1197,-16479,-352,-4,139,22
1,97,31850,-1236,-16496,-99,-3,141,20
1,98,31855,-1263,-16450,-31,-3,131,16
1,99,31860,-1212,-16425,-89,-2,122,18
1,100,31865,-1156,-16439,-89,0,105,20
1,101,31870,-1111,-16445,-23,-3,80,20
1,102,31875,-1043,-16431,-1,-4,46,20
1,103,31880,-1037,-16448,46,-5,6,21
1,104,31885,-1021,-16428,5,-7,-29,19
1,105,31890,-1051,-16445,-18,-9,-55,20
1,106,31895,-1119,-16511,112,-9,-79,25
1,107,31900,-1264,-16523,212,-11,-107,24
1,108,31905,-1374,-16569,280,-13,-137,21
1,109,31910,-1460,-16587,163,-16,-158,20
1,110,31915,-1441,-16541,-143,-16,-161,22
1,111,31920,-1373,-16552,-364,-17,-148,23
1,112,31925,-1302,-16576,-430,-18,-136,24
1,113,31930,-1262,-16552,-455,-16,-129,23
1,114,31935,-1357,-16539,-452,-15,-122,23
1,115,31940,-1478,-16511,-486,-15,-108,20
1,116,31945,-1593,-16495,-529,-14,-83,21
1,117,31950,-1538,-16484,-652,-9,-50,21
1,118,31955,-1456,-16474,-710,-7,-10,22
1,119,31960,-1336,-16470,-713,-5,23,19
1,120,31965,-1315,-16460,-623,-3,43,16
1,121,31970,-1340,-16415,-518,-1,54,13
1,122,31975,-1379,-16386,-461,0,57,18
1,123,31980,-1450,-16332,-390,1,57,17
1,124,31985,-1566,-16321,-247,2,56,16
1,125,31990,-1522,-16406,-188,3,49,14
1,126,31995,-1503,-16461,-70,2,37,16
1,127,32000,-1484,-16462,2,5,13,10
1,128,32005,-1474,-16449,-6,2,-16,10
1,129,32010,-1478,-16445,-171,0,-33,8
1,130,32015,-1517,-16478,-186,0,-46,9
1,131,32020,-1542,-16532,-157,-1,-56,10
1,132,32025,-1523,-16507,-115,1,-62,8
1,133,32030,-1523,-16533,-207,-1,-71,2
1,134,32035,-1549,-16475,-352,-2,-76,2
1,135,32040,-1537,-16485,-439,-1,-71,2
1,136,32045,-1566,-16445,-457,-2,-57,3
1,137,32050,-1553,-16430,-461,-1,-42,3
1,138,32055,-1478,-16400,-510,2,-18,2
1,139,32060,-1494,-16446,-646,5,-3,1
1,140,32065,-1423,-16452,-651,5,10,0
1,141,32070,-1451,-16380,-592,6,25,-2
1,142,32075,-1442,-16388,-507,8,38,-3
1,143,32080,-1402,-16348,-505,10,48,-3
1,144,32085,-1444,-16340,-450,12,54,-1
1,145,32090,-1448,-16333,-381,12,52,-1
1,146,32095,-1468,-16316,-337,14,45,-5
1,147,32100,-1452,-16328,-328,12,36,-7
1,148,32105,-1381,-16337,-320,13,29,-3
1,149,32110,-1333,-16358,-313,15,20,-2
1,150,32115,-1246,-16269,-358,15,-10,-6
1,151,32120,-1248,-16309,-325,12,-23,-8
1,152,32125,-1248,-16311,-293,12,-33,-3
1,153,32130,-1312,-16363,-196,18,-46,-2
1,154,32135,-1430,-16414,-75,15,-61,-4
1,155,32140,-1470,-16435,-86,12,-73,-5
1,156,32145,-1510,-16410,-196,13,-79,-3
1,157,32150,-1489,-16459,-300,14,-73,-4
1,158,32155,-1424,-16499,-359,16,-67,-3
1,159,32160,-1442,-16472,-380,14,-61,-4
1,160,32165,-1494,-16473,-395,14,-58,-6
1,161,32170,-1527,-16475,-390,15,-42,-7
1,162,32175,-1506,-16470,-471,16,-23,-6
1,163,32180,-1488,-16446,-558,19,0,-6
1,164,32185,-1429,-16450,-572,20,25,-6
1,165,32190,-1438,-16425,-526,23,44,-5
1,166,32195,-1407,-16364,-417,21,56,-5
1,167,32200,-1437,-16336,-414,22,64,-6
1,168,32205,-1426,-16354,-418,24,72,-5
1,169,32210,-1457,-16385,-378,24,75,-5
1,170,32215,-1423,-16351,-294,26,76,-7
1,171,32220,-1332,-16380,-210,24,66,-9
1,172,32225,-1277,-16410,-254,24,53,-9
1,173,32230,-1278,-16409,-219,26,40,-7
1,174,32235,-1338,-16379,-162,28,16,-8
1,175,32240,-1329,-16337,-124,26,-10,-8
1,176,32245,-1292,-16304,-142,22,-32,-6
1,177,32250,-1304,-16282,-244,24,-51,-3
1,178,32255,-1331,-16328,-206,24,-68,-4
1,179,32260,-1368,-16356,-172,25,-89,-1
1,180,32265,-1418,-16339,-247,22,-107,-2
1,181,32270,-1480,-16280,-228,22,-122,-4
1,182,32275,-1462,-16317,-256,20,-125,-3
1,183,32280,-1486,-16371,-286,22,-123,-5
1,184,32285,-1494,-16457,-325,26,-117,-4
1,185,32290,-1513,-16512,-362,25,-106,-5
1,186,32295,-1549,-16541,-263,21,-93,-6
1,187,32300,-1562,-16513,-293,21,-78,-7
1,188,32305,-1514,-16494,-460,25,-62,-4
1,189,32310,-1499,-16503,-616,26,-35,-5
1,190,32315,-1459,-16486,-625,25,-8,-8
1,191,32320,-1384,-16459,-538,27,11,-7
1,192,32325,-1387,-16404,-465,29,25,-7
1,193,32330,-1413,-16339,-403,29,37,-8
1,194,32335,-1493,-16329,-352,33,44,-9
1,195,32340,-1477,-16300,-290,30,49,-7
1,196,32345,-1440,-16252,-317,32,52,-5
1,197,32350,-1423,-16232,-349,31,46,-6
1,198,32355,-1365,-16269,-242,32,34,-6
1,199,32360,-1445,-16242,-139,33,14,-8
1,200,32365,-1566,-16257,-114,30,-12,-8
1,201,32370,-1623,-16292,-132,32,-31,-7
1,202,32375,-1577,-16330,-204,31,-39,-9
1,203,32380,-1540,-16393,-186,31,-40,-9
1,204,32385,-1466,-16394,-180,31,-39,-7
1,205,32390,-1459,-16424,-252,29,-48,-10
1,206,32395,-1425,-16489,-322,29,-51,-13
1,207,32400,-1410,-16480,-256,30,-51,-13
1,208,32405,-1455,-16456,-182,29,-49,-11
1,209,32410,-1453,-16451,-141,29,-39,-9
1,210,32415,-1434,-16382,-288,29,-25,-12
1,211,32420,-1424,-16359,-320,28,-14,-11
1,212,32425,-1383,-16416,-251,29,-11,-12
1,213,32430,-1430,-16426,-156,28,-13,-12
1,214,32435,-1418,-16425,-74,27,-17,-12
1,215,32440,-1448,-16383,-138,28,-14,-11
1,216,32445,-1405,-16371,-238,27,-5,-9
1,217,32450,-1346,-16387,-292,26,0,-12
1,218,32455,-1361,-16370,-249,29,-1,-11
1,219,32460,-1342,-16381,-239,29,-11,-10
1,220,32465,-1331,-16356,-198,26,-26,-11
1,221,32470,-1394,-16421,-200,24,-38,-11
1,222,32475,-1538,-16374,-162,25,-48,-12
1,223,32480,-1599,-16347,-88,24,-56,-11
1,224,32485,-1440,-16376,-371,23,-49,-12
1,225,32490,-1392,-16380,-417,27,-40,-14
1,226,32495,-1392,-16357,-410,27,-34,-13
1,227,32500,-1454,-16346,-381,24,-34,-13
1,228,32505,-1472,-16366,-341,28,-30,-13
1,229,32510,-1446,-16358,-293,29,-13,-10
1,230,32515,-1420,-16358,-271,28,4,-9
1,231,32520,-1439,-16388,-291,30,17,-9
1,232,32525,-1489,-16427,-306,30,22,-12
1,233,32530,-1426,-16441,-279,29,22,-13
1,234,32535,-1414,-16442,-162,29,22,-10
1,235,32540,-1409,-16435,-138,29,24,-10
1,236,32545,-1447,-16427,-93,26,21,-11
1,237,32550,-1450,-16426,-109,30,18,-9
1,238,32555,-1438,-16395,-126,30,17,-11
1,239,32560,-1429,-16446,-127,26,13,-13
1,240,32565,-1365,-16486,-70,25,4,-10
1,241,32570,-1355,-16449,-29,27,-1,-10
1,242,32575,-1373,-16455,-106,25,-4,-9
1,243,32580,-1368,-16446,-175,26,-6,-6
1,244,32585,-1417,-16412,-153,26,-9,-9
1,245,32590,-1364,-16425,-177,26,-13,-9
1,246,32595,-1336,-16433,-195,23,-15,-11
1,247,32600,-1295,-16427,-220,27,-16,-7
1,248,32605,-1286,-16431,-211,25,-16,-6
1,249,32610,-1317,-16433,-201,25,-15,-6
1,250,32615,-1345,-16416,-186,22,-14,-6
1,251,32620,-1403,-16450,-125,24,-14,-6
1,252,32625,-1424,-16441,-79,23,-14,-4
1,253,32630,-1408,-16457,-83,21,-15,-5
1,254,32635,-1433,-16427,-138,23,-17,-4
1,255,32640,-1408,-16432,-175,23,-13,-4
1,256,32645,-1418,-16426,-254,22,-9,-3
1,257,32650,-1419,-16448,-222,20,-9,-3
1,258,32655,-1398,-16429,-211,20,-12,-3
1,259,32660,-1409,-16365,-202,19,-12,-3
1,260,32665,-1466,-16329,-240,23,-9,-2
1,261,32670,-1448,-16348,-280,22,-1,-3
1,262,32675,-1475,-16318,-211,19,1,-4
1,263,32680,-1459,-16324,-230,21,-2,-1
1,264,32685,-1415,-16313,-222,20,-6,1
1,265,32690,-1399,-16370,-215,22,-8,0
1,266,32695,-1410,-16345,-174,21,-3,-1
1,267,32700,-1458,-16408,-74,18,-8,0
1,268,32705,-1504,-16430,-2,20,-8,-1
1,269,32710,-1481,-16382,-52,20,-4,0
1,270,32715,-1397,-16409,-100,19,6,-2
1,271,32720,-1358,-16444,-159,19,15,-2
1,272,32725,-1372,-16461,-141,18,15,-2
1,273,32730,-1429,-16441,-145,16,21,-1
1,274,32735,-1406,-16453,-163,16,23,-2
1,275,32740,-1373,-16452,-143,15,26,-1
1,276,32745,-1354,-16414,-191,14,35,1
1,277,32750,-1360,-16418,-186,14,41,4
1,278,32755,-1305,-16389,-95,14,44,1
1,279,32760,-1319,-16389,-69,14,36,4
1,280,32765,-1351,-16355,-125,11,29,4
1,281,32770,-1361,-16360,-71,10,20,5
1,282,32775,-1359,-16376,-53,10,6,4
1,283,32780,-1405,-16373,-26,8,-7,2
1,284,32785,-1420,-16358,-102,9,-21,5
1,285,32790,-1420,-16346,-176,7,-31,6
1,286,32795,-1361,-16290,-194,5,-36,4
1,287,32800,-1372,-16354,-254,7,-43,5
1,288,32805,-1372,-16391,-220,6,-47,7
1,289,32810,-1383,-16416,-169,6,-51,7
1,290,32815,-1415,-16454,-52,5,-54,5
1,291,32820,-1492,-16479,-10,4,-53,5
1,292,32825,-1528,-16512,-87,3,-42,7
1,293,32830,-1484,-16525,-146,3,-30,6
1,294,32835,-1435,-16583,-211,2,-13,8
1,295,32840,-1362,-16549,-217,4,-2,12
1,296,32845,-1358,-16522,-187,2,10,9
1,297,32850,-1371,-16443,-143,-1,23,7
1,298,32855,-1399,-16437,-101,0,30,8
1,299,32860,-1483,-16411,-90,-3,33,8
1,300,32865,-1469,-16422,-117,-4,35,10
1,301,32870,-1404,-16387,-131,-4,32,9
1,302,32875,-1356,-16365,-143,-4,28,11
1,303,32880,-1356,-16365,-129,-4,21,10
1,304,32885,-1356,-16364,-120,-6,7,10
1,305,32890,-1399,-16325,-112,-5,-8,9
1,306,32895,-1471,-16348,-60,-9,-24,11
1,307,32900,-1481,-16350,-8,-10,-37,11
1,308,32905,-1561,-16338,-5,-7,-47,10
1,309,32910,-1577,-16341,-137,-9,-58,10
1,310,32915,-1533,-16353,-238,-11,-56,9
1,311,32920,-1497,-16329,-328,-12,-49,10
1,312,32925,-1449,-16334,-386,-10,-37,11
1,313,32930,-1424,-16338,-395,-9,-27,10
1,314,32935,-1452,-16316,-347,-11,-16,7
1,315,32940,-1526,-16298,-297,-14,-4,7
1,316,32945,-1539,-16300,-251,-12,9,6
1,317,32950,-1529,-16311,-206,-13,25,9
1,318,32955,-1518,-16285,-224,-12,36,10
1,319,32960,-1508,-16281,-205,-13,45,9
1,320,32965,-1430,-16283,-175,-16,48,8
1,321,32970,-1420,-16265,-121,-14,49,8
1,322,32975,-1424,-16279,-182,-13,52,8
1,323,32980,-1344,-16290,-230,-14,50,10
1,324,32985,-1403,-16323,-148,-16,45,8
1,325,32990,-1453,-16334,-57,-13,31,8
1,326,32995,-1500,-16321,3,-17,14,9
1,327,33000,-1511,-16347,-25,-18,2,9
1,328,33005,-1474,-16366,-119,-19,-4,9
1,329,33010,-1413,-16400,-143,-21,-7,9
1,330,33015,-1423,-16439,-171,-20,-10,6
1,331,33020,-1416,-16435,-162,-22,-16,7
1,332,33025,-1472,-16428,-142,-22,-18,7
1,333,33030,-1526,-16437,-200,-21,-18,7
1,334,33035,-1575,-16461,-206,-20,-10,6
1,335,33040,-1520,-16484,-259,-24,-1,8
1,336,33045,-1521,-16486,-291,-22,11,10
1,337,33050,-1480,-16429,-258,-23,19,6
1,338,33055,-1446,-16395,-259,-24,22,7
1,339,33060,-1480,-16363,-259,-22,24,9
1,340,33065,-1433,-16337,-301,-23,34,8
1,341,33070,-1395,-16350,-306,-23,47,7
1,342,33075,-1430,-16349,-259,-23,57,8
1,343,33080,-1442,-16339,-188,-23,54,9
1,344,33085,-1451,-16347,-155,-25,53,7
1,345,33090,-1439,-16307,-137,-23,47,8
1,346,33095,-1411,-16305,-104,-26,46,8
1,347,33100,-1399,-16314,-145,-27,45,8
1,348,33105,-1424,-16284,-158,-28,40,13
1,349,33110,-1455,-16278,-143,-27,35,9
1,350,33115,-1444,-16282,-141,-26,24,10
1,351,33120,-1450,-16265,-91,-29,14,9
1,352,33125,-1466,-16255,-105,-31,9,12
1,353,33130,-1513,-16225,-92,-29,8,11
1,354,33135,-1462,-16241,-84,-27,11,12
1,355,33140,-1468,-16233,-66,-28,12,11
1,356,33145,-1461,-16231,-72,-30,12,14
1,357,33150,-1488,-16233,-83,-34,8,13
1,358,33155,-1586,-16186,104,-37,3,14
1,359,33160,-1654,-16196,207,-38,-7,17
1,360,33165,-1797,-16292,-7,-39,-23,19
1,361,33170,-1603,-16329,-225,-39,-32,22
1,362,33175,-1361,-16240,-85,-45,-32,25
1,363,33180,-1290,-16137,327,-49,-36,29
1,364,33185,-1395,-16032,491,-50,-51,30
1,365,33190,-1603,-16028,103,-51,-71,35
1,366,33195,-1867,-16128,1,-52,-88,37
1,367,33200,-2053,-16162,582,-65,-114,43
1,368,33205,-2488,-16213,1364,-74,-165,45
1,369,33210,-2434,-16438,153,-69,-228,45
1,370,33215,-2253,-16354,-799,-68,-220,47
1,371,33220,-1811,-16338,-1074,-77,-127,62
1,372,33225,-1900,-16383,-985,-73,-76,67
1,373,33230,-2097,-16426,-1520,-66,-6,73
1,374,33235,-2453,-16441,-1772,-62,106,87
1,375,33240,-2695,-16419,-2057,-58,249,92
1,376,33245,-2349,-16457,-2196,-53,419,109
1,377,33250,-1932,-16495,-1997,-46,584,119
1,378,33255,-1758,-16439,-1406,-36,694,124
1,379,33260,-1915,-16330,-890,-36,735,130
1,380,33265,-2080,-16022,-563,-35,730,137
1,381,33270,-2135,-16140,-262,-40,707,157
1,382,33275,-2178,-16173,479,-46,657,167
1,383,33280,-2236,-16303,1368,-53,542,180
1,384,33285,-2177,-16380,1732,-60,358,188
1,385,33290,-2218,-16253,1564,-72,153,190
1,386,33295,-2419,-16199,1097,-81,-46,204
1,387,33300,-2742,-16198,622,-88,-195,218
1,388,33305,-2780,-16347,181,-98,-292,235
1,389,33310,-2566,-16352,-317,-103,-334,257
1,390,33315,-2411,-16403,-888,-102,-318,273
1,391,33320,-2651,-16383,-1376,-96,-258,283
1,392,33325,-2963,-16292,-1859,-94,-172,296
1,393,33330,-3028,-16230,-2190,-90,-56,314
1,394,33335,-2894,-16252,-2188,-89,94,337
1,395,33340,-2764,-16366,-1817,-82,256,358
1,396,33345,-2698,-16334,-1345,-74,393,368
1,397,33350,-2767,-16303,-1023,-69,471,377
1,398,33355,-2701,-16179,-758,-69,502,391
1,399,33360,-2672,-16101,-334,-71,499,407
1,400,33365,-2550,-16100,141,-75,467,425
1,401,33370,-2377,-16135,429,-75,402,442
1,402,33375,-2308,-16053,372,-76,312,459
1,403,33380,-2393,-16043,233,-80,211,479
1,404,33385,-2408,-16048,65,-86,114,497
1,405,33390,-2506,-16046,-36,-89,32,514
1,406,33395,-2610,-16029,-144,-92,-29,532
1,407,33400,-2613,-15978,-344,-92,-72,552
1,408,33405,-2630,-16007,-626,-90,-91,576
1,409,33410,-2732,-16003,-779,-89,-96,592
1,410,33415,-2934,-16022,-870,-94,-100,609
1,411,33420,-2983,-16027,-967,-91,-95,633
1,412,33425,-2888,-15969,-1133,-87,-59,653
1,413,33430,-2969,-15989,-1166,-82,-3,670
1,414,33435,-3197,-16071,-1055,-79,43,685
1,415,33440,-3441,-16056,-980,-77,65,700
1,416,33445,-3390,-16021,-1039,-74,80,717
1,417,33450,-3264,-15991,-1075,-71,113,730
1,418,33455,-3338,-16061,-907,-66,156,741
1,419,33460,-3606,-16113,-750,-61,187,752
1,420,33465,-3756,-16120,-755,-60,195,765
1,421,33470,-3846,-16115,-733,-61,196,779
1,422,33475,-3779,-16097,-687,-64,204,789
1,423,33480,-3739,-16116,-600,-60,223,804
1,424,33485,-3687,-16121,-515,-57,230,814
1,425,33490,-3796,-16075,-440,-59,227,823
1,426,33495,-4023,-16019,-349,-63,209,830
1,427,33500,-4242,-16028,-450,-61,182,838
1,428,33505,-4026,-16055,-754,-62,169,852
1,429,33510,-3720,-16010,-879,-63,185,864
1,430,33515,-3701,-16010,-726,-61,205,872
1,431,33520,-3873,-15975,-526,-64,204,875
1,432,33525,-4040,-15954,-457,-65,183,876
1,433,33530,-4065,-15942,-619,-65,150,886
1,434,33535,-4007,-15989,-594,-65,135,895
1,435,33540,-4033,-16060,-401,-66,130,900
1,436,33545,-4113,-16050,-233,-69,114,901
1,437,33550,-4183,-15982,-324,-72,75,903
1,438,33555,-4270,-15944,-498,-71,40,905
1,439,33560,-4320,-15957,-658,-71,26,907
1,440,33565,-4418,-16016,-638,-72,25,909
1,441,33570,-4532,-15984,-535,-74,19,905
1,442,33575,-4513,-15939,-642,-72,6,905
1,443,33580,-4496,-15881,-766,-74,-3,902
1,444,33585,-4723,-15830,-863,-73,-20,890
1,445,33590,-4897,-15793,-913,-73,-32,883
1,446,33595,-5036,-15764,-1071,-73,-40,875
1,447,33600,-5098,-15703,-1243,-71,-39,870
1,448,33605,-5174,-15677,-1377,-70,-18,861
1,449,33610,-5365,-15670,-1474,-70,9,849
1,450,33615,-5460,-15604,-1656,-62,49,840
1,451,33620,-5450,-15602,-1932,-60,103,824
1,452,33625,-5417,-15578,-2049,-58,172,813
1,453,33630,-5432,-15601,-1744,-51,232,799
1,454,33635,-5486,-15501,-1409,-51,264,779
1,455,33640,-5507,-15401,-1275,-46,271,760
1,456,33645,-5488,-15415,-1243,-43,268,743
1,457,33650,-5589,-15375,-996,-41,261,724
1,458,33655,-5723,-15416,-765,-44,225,704
1,459,33660,-5773,-15417,-629,-48,160,681
1,460,33665,-5715,-15453,-728,-47,81,664
1,461,33670,-5712,-15474,-827,-50,19,640
1,462,33675,-5865,-15418,-873,-47,-30,616
1,463,33680,-5786,-15486,-1054,-47,-72,593
1,464,33685,-5980,-15476,-1119,-48,-99,566
1,465,33690,-6034,-15606,-1141,-47,-105,544
1,466,33695,-6381,-15555,-1279,-44,-95,518
1,467,33700,-6198,-15667,-1694,-39,-58,499
1,468,33705,-5792,-15734,-2122,-36,19,476
1,469,33710,-5490,-15812,-2009,-33,123,448
1,470,33715,-5530,-15810,-1908,-26,215,420
1,471,33720,-5669,-15748,-1994,-21,289,395
1,472,33725,-5754,-15697,-2109,-15,360,371
1,473,33730,-5676,-15634,-1967,-9,438,349
1,474,33735,-5483,-15657,-1554,-12,517,323
1,475,33740,-5279,-15770,-1083,-10,569,298
1,476,33745,-5150,-15814,-880,-5,581,268
1,477,33750,-5197,-15847,-784,-1,551,237
1,478,33755,-5353,-15799,-662,-5,491,210
1,479,33760,-5455,-15731,-557,-10,427,188
1,480,33765,-5337,-15669,-457,-15,373,162
1,481,33770,-5209,-15655,-365,-15,314,138
1,482,33775,-5170,-15601,-285,-14,248,108
1,483,33780,-5270,-15546,-382,-17,165,80
1,484,33785,-5376,-15415,-743,-22,83,52
1,485,33790,-5411,-15408,-1063,-21,29,27
1,486,33795,-5409,-15475,-1216,-20,9,5
1,487,33800,-5272,-15556,-1194,-23,10,-19
1,488,33805,-5245,-15561,-1312,-19,18,-49
1,489,33810,-5221,-15560,-1572,-17,38,-75
1,490,33815,-5213,-15564,-1777,-13,75,-103
1,491,33820,-5248,-15558,-1756,-11,133,-130
1,492,33825,-5290,-15545,-1657,-9,193,-157
1,493,33830,-5255,-15478,-1670,-7,249,-182
1,494,33835,-5125,-15485,-1669,-1,305,-206
1,495,33840,-5024,-15457,-1590,4,353,-235
1,496,33845,-5029,-15473,-1344,8,384,-261
1,497,33850,-5089,-15483,-1119,7,389,-289
1,498,33855,-5068,-15416,-1022,7,380,-316
1,499,33860,-4976,-15413,-1001,11,369,-341
1,500,33865,-4904,-15422,-925,11,355,-365
1,501,33870,-4910,-15399,-935,13,328,-388
1,502,33875,-4875,-15389,-976,10,285,-412
1,503,33880,-4762,-15409,-1044,11,235,-436
1,504,33885,-4705,-15396,-1140,13,197,-459
1,505,33890,-4639,-15361,-1171,14,173,-482
1,506,33895,-4569,-15322,-1271,14,155,-504
1,507,33900,-4561,-15354,-1350,12,143,-524
1,508,33905,-4649,-15416,-1332,14,131,-546
1,509,33910,-4797,-15440,-1303,15,121,-569
1,510,33915,-4826,-15439,-1408,17,125,-592
1,511,33920,-4604,-15460,-1714,21,153,-609
1,512,33925,-4345,-15484,-1980,23,201,-626
1,513,33930,-4197,-15465,-2017,31,253,-645
1,514,33935,-4174,-15431,-1828,34,291,-667
1,515,33940,-4204,-15428,-1738,38,307,-689
1,516,33945,-4196,-15399,-1642,43,314,-707
1,517,33950,-4222,-15447,-1385,46,316,-741
1,518,33955,-4129,-15451,-1242,50,301,-757
1,519,33960,-3946,-15490,-1168,53,273,-775
1,520,33965,-3804,-15487,-1057,52,236,-791
1,521,33970,-3729,-15595,-893,54,186,-806
1,522,33975,-3740,-15619,-912,52,132,-819
1,523,33980,-3730,-15674,-924,48,77,-836
1,524,33985,-3870,-15705,-860,48,19,-850
1,525,33990,-3944,-15731,-877,47,-34,-863
1,526,33995,-3953,-15818,-1144,47,-73,-873
1,527,34000,-3694,-15895,-1546,46,-91,-884
1,528,34005,-3514,-15956,-1728,48,-76,-897
1,529,34010,-3549,-15922,-1765,48,-44,-910
1,530,34015,-3645,-15945,-1894,50,-15,-921
1,531,34020,-3631,-15942,-2079,58,20,-931
1,532,34025,-3525,-15945,-2150,65,63,-940
1,533,34030,-3374,-16032,-1953,65,113,-947
1,534,34035,-3411,-16145,-1538,68,153,-962
1,535,34040,-3398,-16217,-1366,70,167,-971
1,536,34045,-3267,-16185,-1505,76,166,-982
1,537,34050,-2920,-16250,-1775,80,172,-992
1,538,34055,-2755,-16330,-1584,77,177,-999
1,539,34060,-2704,-16354,-1121,77,170,-1009
1,540,34065,-2781,-16308,-814,81,139,-1015
1,541,34070,-2744,-16295,-924,86,104,-1022
1,542,34075,-2738,-16278,-939,85,73,-1023
1,543,34080,-2834,-16272,-655,78,38,-1029
1,544,34085,-2900,-16248,-438,74,-14,-1033
1,545,34090,-2738,-16200,-541,69,-76,-1036
1,546,34095,-2528,-16153,-836,72,-119,-1044
1,547,34100,-2505,-16134,-970,71,-144,-1050
1,548,34105,-2549,-16102,-929,66,-173,-1050
1,549,34110,-2645,-16103,-777,64,-216,-1056
1,550,34115,-2651,-16191,-780,60,-259,-1065
1,551,34120,-2728,-16258,-798,60,-287,-1065
1,552,34125,-2805,-16368,-959,58,-298,-1065
1,553,34130,-2689,-16460,-1253,51,-287,-1071
1,554,34135,-2351,-16527,-1564,50,-251,-1068
1,555,34140,-2019,-16504,-1609,54,-195,-1070
1,556,34145,-2036,-16569,-1469,57,-135,-1071
1,557,34150,-2289,-16579,-1345,59,-88,-1076
1,558,34155,-2470,-16584,-1337,60,-41,-1071
1,559,34160,-2294,-16650,-1458,61,23,-1068
1,560,34165,-1896,-16641,-1305,64,91,-1059
1,561,34170,-1644,-16732,-900,68,135,-1056
1,562,34175,-1567,-16662,-462,66,128,-1057
1,563,34180,-1613,-16554,-300,67,83,-1055
1,564,34185,-1606,-16503,-269,64,25,-1049
1,565,34190,-1501,-16519,-63,60,-32,-1041
1,566,34195,-1421,-16529,173,55,-100,-1030
1,567,34200,-1293,-16611,276,52,-190,-1022
1,568,34205,-1192,-16598,162,50,-298,-1016
1,569,34210,-1128,-16568,-41,43,-403,-1009
1,570,34215,-1230,-16610,-236,38,-486,-1001
1,571,34220,-1288,-16685,-309,34,-538,-987
1,572,34225,-1304,-16688,-491,27,-569,-974
1,573,34230,-1242,-16703,-739,33,-584,-963
1,574,34235,-1148,-16751,-960,31,-579,-951
1,575,34240,-1174,-16781,-1133,28,-565,-942
1,576,34245,-1235,-16813,-1120,28,-542,-930
1,577,34250,-1141,-16776,-1214,28,-508,-916
1,578,34255,-1004,-16752,-1309,36,-459,-901
1,579,34260,-859,-16718,-1277,39,-406,-887
1,580,34265,-813,-16654,-1077,42,-369,-876
1,581,34270,-778,-16598,-828,41,-361,-865
1,582,34275,-740,-16548,-704,48,-382,-853
1,583,34280,-661,-16519,-591,51,-417,-842
1,584,34285,-603,-16474,-420,52,-459,-831
1,585,34290,-569,-16489,-264,54,-517,-822
1,586,34295,-603,-16573,-142,54,-582,-808
1,587,34300,-588,-16593,-158,55,-654,-796
1,588,34305,-560,-16585,-312,58,-720,-785
1,589,34310,-573,-16621,-484,58,-778,-775
1,590,34315,-638,-16567,-788,58,-820,-761
1,591,34320,-589,-16717,-1074,61,-819,-733
1,592,34325,-424,-16781,-1387,66,-770,-718
1,593,34330,-391,-16855,-1576,78,-691,-704
1,594,34335,-436,-16924,-1863,87,-588,-695
1,595,34340,-514,-16917,-1878,92,-474,-685
1,596,34345,-446,-16985,-1901,104,-354,-670
1,597,34350,-4693,-17386,-1103,116,-219,-656
1,598,34355,-11890,-14052,-3468,105,-248,-584
1,599,34360,-327,-17993,-4251,76,-202,-418
1,600,34365,-2337,-16664,7352,3,-70,-448
1,601,34387,-700,-16179,-32417,-163,-3643,-47
1,602,34387,-700,-16179,-32417,-163,-3643,-47
1,603,34388,-700,-16179,-32417,-163,-3643,-47
1,604,34389,-4349,-14716,-15451,-247,-1190,123
1,605,34390,-4349,-14716,-15451,-247,-1190,123
1,606,34395,-5370,-15290,-5265,-262,66,252
1,607,34400,-613,-16480,-6036,-129,633,282
1,608,34405,2062,-17032,-7694,-1,1210,266
1,609,34410,185,-16531,-9687,20,1707,209
1,610,34415,-4031,-15460,-5166,-25,2198,210
1,611,34420,-4355,-15290,-801,-50,2492,291
1,612,34425,-685,-15944,2488,-24,2647,359
1,613,34430,2464,-16457,2516,11,2629,357
1,614,34435,2388,-16960,1673,30,2460,317
1,615,34440,-700,-16704,3915,-8,2084,280
1,616,34445,-1135,-16041,3304,-55,1426,280
1,617,34450,579,-15788,3757,-79,913,317
1,618,34455,2200,-15908,4186,-102,529,334
1,619,34460,1796,-15920,3856,-101,187,322
1,620,34465,61,-16078,3472,-102,-199,318
1,621,34470,-512,-16013,1178,-121,-640,313
1,622,34475,468,-15879,-999,-143,-920,320
1,623,34480,1448,-16029,-1302,-145,-950,334
1,624,34485,1368,-15996,-683,-136,-884,338
1,625,34490,671,-15956,-952,-123,-871,337
1,626,34495,392,-15784,-2360,-113,-906,340
1,627,34500,418,-15764,-3163,-113,-885,351
1,628,34505,276,-15906,-2323,-120,-782,362
1,629,34510,-135,-16087,-973,-113,-669,367
1,630,34515,-547,-16065,-650,-97,-609,357
1,631,34520,-683,-16391,-1509,-82,-570,355
1,632,34525,-861,-16406,-2050,-78,-515,340
1,633,34530,-1119,-16460,-1800,-78,-433,332
1,634,34535,-1087,-16478,-1638,-75,-346,323
1,635,34540,-852,-16480,-1862,-60,-245,315
1,636,34545,-702,-16463,-2456,-45,-129,307
1,637,34550,-726,-16479,-2639,-35,8,300
1,638,34555,-828,-16524,-2336,-31,136,295
1,639,34560,-784,-16462,-1954,-25,237,291
1,640,34565,-590,-16496,-1631,-17,319,285
1,641,34570,-532,-16481,-1316,-9,387,278
1,642,34575,-621,-16533,-967,-3,431,276
1,643,34580,-669,-16528,-882,-3,442,269
1,644,34585,-503,-16586,-927,-2,430,268
1,645,34590,-243,-16622,-957,0,410,266
1,646,34595,65,-16666,-811,2,391,267
1,647,34600,191,-16643,-617,1,361,264
1,648,34605,188,-16618,-607,2,316,259
1,649,34610,124,-16548,-724,5,267,260
1,650,34615,55,-16530,-705,9,215,263
1,651,34620,49,-16587,-563,6,168,263
1,652,34625,73,-16500,-452,5,118,265
1,653,34630,159,-16568,-439,7,73,261
1,654,34635,107,-16512,-675,8,34,256
1,655,34640,36,-16476,-898,12,12,257
1,656,34645,1,-16406,-1061,14,-5,259
1,657,34650,22,-16441,-1037,12,-11,261
1,658,34655,97,-16485,-918,14,-7,257
1,659,34660,79,-16521,-941,22,-5,258
1,660,34665,49,-16477,-1287,26,2,255
1,661,34670,-38,-16423,-1568,29,29,253
1,662,34675,-121,-16330,-1646,32,67,252
1,663,34680,-148,-16296,-1348,32,102,256
1,664,34685,-202,-16214,-1017,41,155,253
1,665,34690,-341,-16251,-1139,45,175,249
1,666,34695,-466,-16183,-1283,48,184,247
1,667,34700,-475,-16136,-1238,47,179,248
1,668,34705,-392,-16164,-1037,48,164,247
1,669,34710,-364,-16175,-825,50,143,246
1,670,34715,-402,-16214,-837,53,124,241
1,671,34720,-491,-16260,-929,56,105,239
1,672,34725,-585,-16287,-1106,55,82,236
1,673,34730,-555,-16288,-1153,53,63,237
1,674,34735,-495,-16310,-1118,54,39,233
1,675,34740,-464,-16279,-1083,53,25,231
1,676,34745,-466,-16297,-1124,55,15,227
1,677,34750,-508,-16306,-1268,58,5,226
1,678,34755,-617,-16264,-1308,59,5,220
1,679,34760,-732,-16260,-1335,61,5,221
1,680,34765,-803,-16242,-1202,59,8,213
1,681,34770,-865,-16289,-1156,61,12,212
1,682,34775,-866,-16296,-1222,63,20,208
1,683,34780,-865,-16368,-1341,63,43,206
1,684,34785,-883,-16371,-1434,67,72,201
1,685,34790,-870,-16360,-1499,67,93,199
1,686,34795,-819,-16354,-1521,70,113,194
1,687,34800,-800,-16333,-1520,71,135,189
1,688,34805,-807,-16334,-1441,70,157,188
1,689,34810,-888,-16315,-1298,74,172,185
1,690,34815,-972,-16316,-1133,72,177,181
1,691,34820,-1035,-16345,-1031,70,169,177
1,692,34825,-1025,-16334,-1056,68,154,172
1,693,34830,-967,-16315,-1089,66,139,168
1,694,34835,-893,-16276,-1105,66,120,166
1,695,34840,-896,-16377,-1018,63,98,163
1,696,34845,-999,-16439,-926,64,68,154
1,697,34850,-1027,-16455,-929,63,41,148
1,698,34855,-1104,-16446,-1038,61,24,144
1,699,34860,-1157,-16450,-1145,62,11,144
1,700,34865,-1232,-16450,-1165,58,8,141
1,701,34870,-1240,-16448,-1279,53,11,136
1,702,34875,-1110,-16436,-1431,54,29,138
1,703,34880,-929,-16449,-1574,56,69,135
1,704,34885,-1031,-16480,-1603,59,117,129
1,705,34890,-1195,-16411,-1590,59,158,124
1,706,34895,-1254,-16368,-1560,58,188,121
1,707,34900,-1200,-16341,-1505,59,214,119
1,708,34905,-1205,-16321,-1276,58,240,114
1,709,34910,-1226,-16286,-1055,56,253,110
1,710,34915,-1296,-16307,-938,57,249,107
1,711,34920,-1263,-16321,-1021,57,233,101
1,712,34925,-1219,-16328,-1021,54,214,99
1,713,34930,-1171,-16326,-1003,50,200,96
1,714,34935,-1146,-16362,-932,48,170,90
1,715,34940,-1094,-16414,-890,46,130,87
1,716,34945,-1098,-16462,-892,45,91,87
1,717,34950,-1170,-16481,-818,45,49,82
1,718,34955,-1210,-16388,-805,42,10,81
1,719,34960,-1224,-16397,-925,39,-19,79
1,720,34965,-1156,-16402,-974,37,-45,78
1,721,34970,-1162,-16371,-986,36,-72,78
1,722,34975,-1177,-16375,-1052,33,-94,73
1,723,34980,-1124,-16383,-1164,32,-113,70
1,724,34985,-1110,-16362,-1270,32,-121,71
1,725,34990,-1059,-16335,-1362,34,-118,69
1,726,34995,-1076,-16368,-1359,35,-113,66
1,727,35000,-1101,-16406,-1355,34,-109,63
1,728,35005,-1125,-16407,-1334,36,-105,65
1,729,35010,-1143,-16471,-1380,39,-98,62
1,730,35015,-1187,-16428,-1422,40,-83,59
1,731,35020,-1248,-16387,-1371,42,-71,58
1,732,35025,-1284,-16356,-1317,38,-55,58
1,733,35030,-1207,-16360,-1309,40,-44,55
1,734,35035,-1175,-16416,-1315,44,-25,54
1,735,35040,-1177,-16437,-1321,42,-3,50
1,736,35045,-1219,-16462,-1247,44,14,49
1,737,35050,-1240,-16465,-1142,41,30,47
1,738,35055,-1100,-16430,-954,47,50,49
1,739,35060,-1133,-16430,-983,44,57,44
1,740,35065,-1134,-16399,-965,45,56,41
1,741,35070,-1107,-16383,-944,45,46,44
1,742,35075,-1052,-16410,-816,43,34,43
1,743,35080,-987,-16451,-760,42,17,39
1,744,35085,-1038,-16471,-702,39,-8,37
1,745,35090,-1126,-16435,-776,42,-35,37
1,746,35095,-1178,-16411,-864,39,-56,33
1,747,35100,-1224,-16394,-848,39,-76,35
1,748,35105,-1164,-16355,-838,37,-93,35
1,749,35110,-1222,-16335,-871,38,-106,31
1,750,35115,-1341,-16313,-991,37,-119,27
1,751,35120,-1326,-16303,-1156,36,-125,24
1,752,35125,-1347,-16303,-1148,38,-123,23
1,753,35130,-1495,-16327,-938,37,-118,23
1,754,35135,-1577,-16355,-823,34,-115,16
1,755,35140,-1662,-16410,-880,34,-113,11
1,756,35145,-1691,-16447,-1210,39,-95,9
1,757,35150,-1532,-16406,-1561,39,-58,7
1,758,35155,-1436,-16332,-1568,38,-14,7
1,759,35160,-1356,-16320,-1363,38,20,4
1,760,35165,-1339,-16286,-1246,42,42,-1
1,761,35170,-1388,-16300,-1216,46,66,-4
1,762,35175,-1480,-16368,-1115,47,89,-9
1,763,35180,-1663,-16476,-756,45,99,-12
1,764,35185,-1771,-16463,-460,42,85,-14
1,765,35190,-1679,-16450,-444,39,66,-20
1,766,35195,-1532,-16471,-729,37,55,-19
1,767,35200,-1429,-16487,-1043,41,52,-22
1,768,35205,-1346,-16426,-1145,39,49,-24
1,769,35210,-1280,-16406,-1137,32,43,-27
1,770,35215,-1175,-16324,-1085,33,38,-29
1,771,35220,-1141,-16208,-1178,38,46,-26
1,772,35225,-1259,-16209,-1151,38,56,-29
1,773,35230,-1399,-16205,-1084,37,56,-32
1,774,35235,-1386,-16173,-1022,38,38,-31
1,775,35240,-1331,-16184,-872,35,12,-36
1,776,35245,-1289,-16197,-795,35,-11,-37
1,777,35250,-1300,-16201,-847,35,-36,-38
1,778,35255,-1394,-16219,-906,36,-68,-39
1,779,35260,-1383,-16322,-916,35,-98,-43
1,780,35265,-1459,-16407,-760,34,-122,-46
1,781,35270,-1533,-16488,-586,28,-143,-49
1,782,35275,-1572,-16451,-631,29,-159,-50
1,783,35280,-1581,-16422,-955,32,-167,-50
1,784,35285,-1572,-16415,-1220,31,-149,-58
1,785,35290,-1515,-16341,-1380,32,-117,-56
1,786,35295,-1494,-16316,-1367,29,-87,-55
1,787,35300,-1406,-16250,-1395,34,-59,-56
1,788,35305,-1409,-16196,-1351,36,-31,-58
1,789,35310,-1447,-16255,-1191,37,5,-60
1,790,35315,-1510,-16359,-994,39,36,-60
1,791,35320,-1493,-16410,-795,40,55,-61
1,792,35325,-1447,-16472,-654,42,73,-61
1,793,35330,-1371,-16482,-627,40,81,-64
1,794,35335,-1299,-16457,-598,41,76,-65
1,795,35340,-1261,-16481,-610,39,60,-67
1,796,35345,-1186,-16421,-638,34,47,-68
1,797,35350,-1188,-16444,-647,33,36,-64
1,798,35355,-1155,-16410,-637,35,29,-63
1,799,35360,-1141,-16382,-615,35,21,-65
1,800,35365,-1138,-16347,-640,33,0,-65
1,801,35370,-1137,-16342,-669,32,-29,-64
1,802,35375,-1142,-16340,-649,30,-50,-61
1,803,35380,-1176,-16410,-567,30,-67,-63
1,804,35385,-1186,-16488,-573,31,-83,-63
1,805,35390,-1238,-16506,-515,30,-100,-63
1,806,35395,-1250,-16605,-502,27,-119,-63
1,807,35400,-1319,-16625,-539,24,-131,-64
1,808,35405,-1380,-16614,-635,26,-132,-62
1,809,35410,-1427,-16600,-754,27,-124,-60
1,810,35415,-1418,-16587,-876,24,-104,-63
1,811,35420,-1295,-16481,-952,26,-66,-61
1,812,35425,-1266,-16447,-991,26,-47,-64
1,813,35430,-1206,-16362,-974,30,-21,-63
1,814,35435,-1269,-16371,-884,29,8,-61
1,815,35440,-1239,-16373,-774,31,23,-59
1,816,35445,-1211,-16383,-693,32,26,-60
1,817,35450,-1229,-16395,-645,31,25,-62
1,818,35455,-1191,-16438,-621,30,13,-63
1,819,35460,-1188,-16418,-546,27,2,-62
1,820,35465,-1218,-16409,-478,30,-9,-61
1,821,35470,-1199,-16345,-548,25,-18,-59
1,822,35475,-1161,-16364,-685,29,-29,-57
1,823,35480,-1144,-16440,-711,27,-38,-58
1,824,35485,-1192,-16433,-553,28,-50,-54
1,825,35490,-1250,-16419,-501,27,-65,-55
1,826,35495,-1251,-16415,-577,27,-81,-57
1,827,35500,-1264,-16442,-647,25,-88,-56
1,828,35505,-1275,-16412,-747,27,-88,-53
1,829,35510,-1283,-16412,-787,26,-84,-54
1,830,35515,-1231,-16409,-786,25,-87,-54
1,831,35520,-1188,-16356,-828,26,-84,-52
1,832,35525,-1163,-16260,-871,28,-76,-52
1,833,35530,-1180,-16258,-914,30,-65,-50
1,834,35535,-1303,-16319,-727,30,-52,-49
1,835,35540,-1368,-16346,-598,26,-44,-51
1,836,35545,-1361,-16325,-553,26,-39,-50
1,837,35550,-1263,-16287,-794,27,-26,-49
1,838,35555,-1137,-16229,-984,30,-1,-47
1,839,35560,-1138,-16209,-989,31,17,-45
1,840,35565,-1107,-16208,-866,27,24,-46
1,841,35570,-1102,-16222,-716,30,19,-44
1,842,35575,-1130,-16230,-601,31,13,-44
1,843,35580,-1168,-16276,-553,28,13,-43
1,844,35585,-1225,-16283,-525,31,6,-40
1,845,35590,-1241,-16264,-614,30,-5,-42
1,846,35595,-1141,-16257,-653,26,-19,-37
1,847,35600,-1078,-16201,-673,25,-35,-35
1,848,35605,-1086,-16166,-641,26,-53,-35
1,849,35610,-1153,-16200,-658,26,-67,-36
1,850,35615,-1273,-16292,-605,26,-77,-35
1,851,35620,-1339,-16393,-511,24,-85,-32
1,852,35625,-1400,-16485,-428,25,-92,-34
1,853,35630,-1340,-16524,-584,22,-90,-38
1,854,35635,-1288,-16463,-886,23,-79,-34
1,855,35640,-1203,-16401,-950,26,-63,-31
1,856,35645,-1158,-16373,-956,25,-41,-31
1,857,35650,-1098,-16352,-954,21,-19,-29
1,858,35655,-1073,-16357,-914,22,2,-27
1,859,35660,-1188,-16370,-854,24,18,-25
1,860,35665,-1283,-16386,-651,23,28,-23
1,861,35670,-1342,-16439,-571,20,24,-25
1,862,35675,-1310,-16439,-523,22,16,-25
1,863,35680,-1224,-16446,-501,22,12,-24
1,864,35685,-1165,-16467,-562,21,5,-23
1,865,35690,-1175,-16408,-621,19,-1,-23
1,866,35695,-1158,-16357,-630,17,-7,-19
1,867,35700,-1106,-16326,-624,16,-15,-16
1,868,35705,-1118,-16351,-569,16,-23,-16
1,869,35710,-1157,-16396,-583,17,-34,-12
1,870,35715,-1190,-16388,-662,17,-43,-12
1,871,35720,-1179,-16344,-745,15,-52,-10
1,872,35725,-1178,-16293,-768,14,-57,-10
1,873,35730,-1179,-16273,-755,15,-61,-10
1,874,35735,-1205,-16325,-685,16,-69,-8
1,875,35740,-1285,-16416,-626,17,-76,-7
1,876,35745,-1418,-16464,-644,14,-83,-10
1,877,35750,-1488,-16464,-701,11,-80,-10
1,878,35755,-1413,-16448,-784,12,-73,-8
1,879,35760,-1331,-16445,-892,13,-57,-8
1,880,35765,-1303,-16428,-886,16,-39,-3
1,881,35770,-1271,-16382,-904,18,-28,-6
1,882,35775,-1328,-16395,-858,15,-22,-6
1,883,35780,-1363,-16451,-796,13,-9,-4
1,884,35785,-1406,-16464,-647,15,2,-4
1,885,35790,-1359,-16408,-662,16,18,-4
1,886,35795,-1291,-16392,-814,17,35,-2
1,887,35800,-1167,-16373,-778,15,46,0
1,888,35805,-1077,-16375,-653,16,50,-1
1,889,35810,-1070,-16437,-573,14,48,-4
1,890,35815,-1126,-16451,-517,13,43,0
1,891,35820,-1196,-16419,-497,14,38,4
1,892,35825,-1235,-16447,-428,11,30,5
1,893,35830,-1144,-16408,-447,10,17,5
1,894,35835,-1033,-16367,-520,11,3,8
1,895,35840,-1010,-16337,-586,10,-12,12
1,896,35845,-970,-16275,-608,8,-27,10
1,897,35850,-1009,-16290,-601,10,-41,13
1,898,35855,-1006,-16293,-662,10,-51,16
1,899,35860,-1039,-16291,-650,10,-60,16
1,900,35865,-1156,-16351,-534,9,-65,18
1,901,35870,-1215,-16411,-405,3,-77,15
1,902,35875,-1295,-16402,-475,6,-89,18
1,903,35880,-1281,-16434,-633,5,-84,20
1,904,35885,-1222,-16429,-746,1,-69,21
1,905,35890,-1249,-16456,-790,3,-53,23
1,906,35895,-1240,-16456,-784,6,-37,22
1,907,35900,-1245,-16444,-770,3,-26,23
1,908,35905,-1279,-16427,-739,3,-18,24
1,909,35910,-1354,-16389,-727,6,-5,22
1,910,35915,-1347,-16398,-733,5,13,27
1,911,35920,-1320,-16392,-721,5,21,25
1,912,35925,-1270,-16384,-677,2,25,25
1,913,35930,-1228,-16334,-680,4,22,28
1,914,35935,-1172,-16298,-657,2,15,27
1,915,35940,-1153,-16314,-672,4,11,29
1,916,35945,-1154,-16306,-621,7,4,26
1,917,35950,-1191,-16287,-596,5,0,32
1,918,35955,-1205,-16308,-598,2,-7,33
1,919,35960,-1179,-16304,-577,1,-19,29
1,920,35965,-1211,-16288,-620,4,-31,34
1,921,35970,-1286,-16332,-564,4,-43,32
1,922,35975,-1386,-16393,-492,3,-58,32
1,923,35980,-1399,-16402,-487,-2,-67,32
1,924,35985,-1385,-16386,-579,2,-71,32
1,925,35990,-1326,-16399,-760,4,-61,31
1,926,35995,-1282,-16404,-771,3,-49,32
1,927,36000,-1299,-16454,-689,1,-41,33
1,928,36005,-1346,-16445,-665,1,-28,31
1,929,36010,-1312,-16428,-720,2,-15,32
1,930,36015,-1334,-16439,-710,4,1,34
1,931,36020,-1317,-16409,-745,2,21,34
1,932,36025,-1268,-16419,-733,2,35,35
1,933,36030,-1245,-16406,-666,5,41,34
1,934,36035,-1238,-16388,-614,1,42,32
1,935,36040,-1243,-16383,-537,3,37,33
1,936,36045,-1221,-16374,-500,3,29,35
1,937,36050,-1236,-16395,-489,3,23,34
1,938,36055,-1193,-16385,-497,1,17,36
1,939,36060,-1214,-16370,-468,3,2,36
1,940,36065,-1158,-16369,-454,2,-13,32
1,941,36070,-1180,-16359,-467,2,-24,36
1,942,36075,-1224,-16391,-447,1,-36,37
1,943,36080,-1229,-16415,-446,-2,-45,37
1,944,36085,-1273,-16439,-482,1,-51,39
1,945,36090,-1308,-16439,-500,0,-53,37
1,946,36095,-1268,-16453,-574,0,-53,38
1,947,36100,-1334,-16424,-593,-1,-50,37
1,948,36105,-1334,-16464,-634,-4,-48,39
1,949,36110,-1361,-16471,-646,-1,-41,36
1,950,36115,-1373,-16528,-607,1,-30,35
1,951,36120,-1376,-16564,-553,0,-20,38
1,952,36125,-1436,-16557,-566,-2,-11,36
1,953,36130,-1481,-16551,-690,1,-3,34
1,954,36135,-1464,-16479,-744,4,10,34
1,955,36140,-1467,-16463,-671,2,19,36
1,956,36145,-1431,-16440,-575,2,23,34
1,957,36150,-1413,-16474,-522,3,24,33
1,958,36155,-1456,-16435,-633,2,30,32
1,959,36160,-1464,-16409,-649,3,29,30
1,960,36165,-1408,-16354,-610,2,25,30
1,961,36170,-1372,-16324,-567,2,16,30
1,962,36175,-1404,-16396,-569,4,3,31
1,963,36180,-1375,-16352,-611,2,-3,28
1,964,36185,-1400,-16324,-619,4,-11,27
1,965,36190,-1423,-16351,-686,3,-13,28
1,966,36195,-1426,-16392,-629,5,-15,27
1,967,36200,-1373,-16423,-572,7,-15,25
1,968,36205,-1389,-16413,-596,6,-15,21
1,969,36210,-1389,-16391,-666,7,-14,22
1,970,36215,-1404,-16413,-620,7,-1,20
1,971,36220,-1451,-16422,-595,9,6,17
1,972,36225,-1434,-16420,-610,8,17,19
1,973,36230,-1379,-16430,-664,6,34,20
1,974,36235,-1324,-16388,-691,8,50,20
1,975,36240,-1316,-16360,-686,9,65,19
1,976,36245,-1294,-16377,-624,9,75,17
1,977,36250,-1286,-16362,-589,10,83,19
1,978,36255,-1214,-16341,-561,7,88,18
1,979,36260,-1178,-16330,-495,8,88,20
1,980,36265,-1173,-16348,-449,8,85,18
1,981,36270,-1175,-16331,-403,6,73,18
1,982,36275,-1151,-16360,-375,6,55,20
1,983,36280,-1122,-16379,-339,7,38,20
1,984,36285,-1139,-16406,-297,7,17,20
1,985,36290,-1188,-16428,-273,5,-5,18
1,986,36295,-1223,-16449,-322,2,-23,19
1,987,36300,-1228,-16440,-387,0,-39,19
1,988,36305,-1244,-16432,-511,-1,-48,19
1,989,36310,-1201,-16427,-606,-3,-52,20
1,990,36315,-1206,-16391,-656,2,-55,24
1,991,36320,-1205,-16384,-645,3,-56,23
1,992,36325,-1272,-16421,-625,-1,-55,19
1,993,36330,-1334,-16493,-497,1,-51,19
1,994,36335,-1446,-16594,-334,-3,-49,21
1,995,36340,-1582,-16609,-326,-4,-47,20
1,996,36345,-1480,-16566,-577,-3,-34,18
1,997,36350,-1399,-16574,-787,-1,-8,18
1,998,36355,-1295,-16527,-829,-3,17,15
1,999,36360,-1292,-16489,-682,-3,31,16
2,0,107470,-1941,-16209,-1230,19,-345,-39
2,1,107475,-1953,-16197,-1326,23,-284,-38
2,2,107480,-1864,-16078,-1423,30,-224,-40
2,3,107485,-1681,-16097,-1342,31,-154,-38
2,4,107490,-1616,-16095,-1147,38,-89,-35
2,5,107495,-1663,-16273,-800,39,-34,-33
2,6,107500,-1770,-16254,-571,39,-3,-38
2,7,107505,-1803,-16332,-393,40,10,-35
2,8,107510,-1870,-16495,-84,37,14,-33
2,9,107515,-1894,-16532,267,37,-1,-38
2,10,107520,-1845,-16644,407,32,-30,-32
2,11,107525,-1834,-16436,794,22,-61,-33
2,12,107530,-1788,-16507,1084,14,-105,-32
2,13,107535,-2087,-16628,958,10,-162,-35
2,14,107540,-2230,-16766,741,7,-225,-37
2,15,107545,-2251,-16836,457,-2,-289,-39
2,16,107550,-2179,-16745,455,-10,-340,-38
2,17,107555,-1945,-16766,451,-13,-385,-38
2,18,107560,-1913,-16612,155,-18,-406,-44
2,19,107565,-1979,-16686,1,-22,-401,-41
2,20,107570,-2179,-16621,-199,-23,-385,-44
2,21,107575,-2084,-16615,-446,-27,-360,-42
2,22,107580,-1969,-16591,-658,-29,-321,-43
2,23,107585,-1985,-16658,-628,-24,-272,-42
2,24,107590,-2105,-16643,-709,-21,-231,-42
2,25,107595,-2049,-16593,-889,-19,-187,-43
2,26,107600,-1840,-16615,-943,-21,-131,-40
2,27,107605,-1630,-16645,-833,-21,-71,-39
2,28,107610,-1604,-16690,-698,-18,-14,-35
2,29,107615,-1594,-16688,-720,-13,36,-33
2,30,107620,-1566,-16737,-740,-12,85,-30
2,31,107625,-1493,-16737,-527,-12,128,-27
2,32,107630,-1481,-16776,-215,-13,150,-24
2,33,107635,-1427,-16782,-70,-12,154,-25
2,34,107640,-1468,-16862,-5,-13,151,-21
2,35,107645,-1464,-16851,194,-17,145,-17
2,36,107650,-1394,-16907,249,-22,129,-11
2,37,107655,-1317,-16935,300,-22,110,-7
2,38,107660,-1334,-16893,287,-24,89,-7
2,39,107665,-1427,-16855,222,-28,61,-4
2,40,107670,-1437,-16852,224,-30,27,-2
2,41,107675,-1456,-16807,257,-35,-3,0
2,42,107680,-1386,-16808,261,-40,-30,4
2,43,107685,-1447,-16805,218,-40,-57,6
2,44,107690,-1500,-16755,174,-43,-79,9
2,45,107695,-1573,-16744,234,-48,-94,10
2,46,107700,-1656,-16691,222,-50,-106,13
2,47,107705,-1665,-16686,209,-50,-113,18
2,48,107710,-1701,-16650,118,-58,-109,17
2,49,107715,-1768,-16602,-5,-62,-106,19
2,50,107720,-1803,-16513,-83,-63,-110,19
2,51,107725,-1864,-16465,-189,-63,-111,22
2,52,107730,-1889,-16393,-242,-65,-103,24
2,53,107735,-1897,-16414,-271,-66,-89,27
2,54,107740,-1821,-16468,-332,-67,-76,29
2,55,107745,-1847,-16440,-342,-66,-59,28
2,56,107750,-1824,-16406,-374,-63,-41,28
2,57,107755,-1773,-16396,-387,-61,-23,31
2,58,107760,-1820,-16338,-375,-63,1,32
2,59,107765,-1825,-16302,-233,-62,31,35
2,60,107770,-1832,-16285,-239,-65,39,35
2,61,107775,-1840,-16305,-61,-67,52,37
2,62,107780,-1821,-16248,-9,-68,59,39
2,63,107785,-1835,-16273,14,-67,63,36
2,64,107790,-1900,-16229,53,-70,58,36
2,65,107795,-1959,-16216,148,-73,49,37
2,66,107800,-1955,-16218,155,-74,34,41
2,67,107805,-1975,-16226,149,-77,17,40
2,68,107810,-2032,-16180,60,-78,-7,37
2,69,107815,-2038,-16219,-70,-79,-27,37
2,70,107820,-1988,-16158,-165,-81,-37,39
2,71,107825,-1885,-16123,-268,-83,-42,39
2,72,107830,-1812,-16133,-394,-83,-36,38
2,73,107835,-1747,-16128,-520,-81,-34,38
2,74,107840,-1715,-16103,-538,-81,-27,38
2,75,107845,-1712,-16086,-572,-82,-19,36
2,76,107850,-1681,-16086,-497,-76,-13,40
2,77,107855,-1662,-16110,-454,-74,-10,44
2,78,107860,-1554,-16135,-551,-75,-4,44
2,79,107865,-1520,-16171,-576,-75,7,45
2,80,107870,-1449,-16266,-529,-73,22,47
2,81,107875,-1432,-16269,-434,-67,42,49
2,82,107880,-1409,-16288,-424,-69,62,52
2,83,107885,-1383,-16235,-449,-67,83,56
2,84,107890,-1365,-16211,-501,-67,103,55
2,85,107895,-1392,-16184,-520,-65,119,56
2,86,107900,-1407,-16177,-574,-63,128,61
2,87,107905,-1425,-16163,-570,-62,132,61
2,88,107910,-1430,-16155,-506,-60,135,65
2,89,107915,-1408,-16206,-424,-59,128,67
2,90,107920,-1437,-16234,-368,-59,123,69
2,91,107925,-1467,-16250,-449,-59,115,72
2,92,107930,-1472,-16277,-452,-57,98,72
2,93,107935,-1444,-16314,-330,-57,81,73
2,94,107940,-1476,-16302,-260,-56,56,74
2,95,107945,-1500,-16328,-209,-56,29,77
2,96,107950,-1493,-16310,-230,-57,2,78
2,97,107955,-1596,-16257,-252,-56,-21,79
2,98,107960,-1682,-16282,-252,-56,-48,81
2,99,107965,-1694,-16260,-267,-59,-78,78
2,100,107970,-1681,-16186,-320,-58,-103,78
2,101,107975,-1699,-16229,-331,-57,-111,81
2,102,107980,-1761,-16249,-349,-57,-116,78
2,103,107985,-1779,-16270,-401,-56,-131,77
2,104,107990,-1844,-16242,-491,-53,-143,77
2,105,107995,-1879,-16248,-533,-55,-142,75
2,106,108000,-1947,-16211,-492,-55,-138,77
2,107,108005,-1961,-16245,-540,-53,-128,76
2,108,108010,-1951,-16323,-614,-49,-114,75
2,109,108015,-1984,-16400,-610,-48,-88,76
2,110,108020,-2078,-16410,-538,-46,-60,73
2,111,108025,-2076,-16423,-509,-45,-32,72
2,112,108030,-2094,-16413,-584,-42,-4,71
2,113,108035,-2100,-16441,-555,-41,26,70
2,114,108040,-2065,-16483,-410,-42,54,69
2,115,108045,-2032,-16482,-359,-42,75,67
2,116,108050,-2001,-16507,-426,-40,85,68
2,117,108055,-2012,-16467,-456,-37,97,63
2,118,108060,-2080,-16398,-481,-40,104,62
2,119,108065,-2123,-16358,-486,-39,104,61
2,120,108070,-1971,-16320,-582,-37,104,62
2,121,108075,-1850,-16324,-641,-33,108,62
2,122,108080,-1857,-16313,-632,-33,113,60
2,123,108085,-1912,-16290,-656,-30,107,58
2,124,108090,-1911,-16190,-688,-31,105,58
2,125,108095,-1834,-16209,-716,-27,104,59
2,126,108100,-1806,-16227,-700,-24,105,60
2,127,108105,-1868,-16261,-604,-24,103,58
2,128,108110,-1922,-16224,-549,-21,87,57
2,129,108115,-1949,-16201,-479,-22,69,56
2,130,108120,-1954,-16223,-397,-18,59,57
2,131,108125,-1970,-16262,-367,-18,41,57
2,132,108130,-1979,-16336,-321,-18,16,56
2,133,108135,-1952,-16373,-316,-21,1,54
2,134,108140,-1910,-16380,-346,-19,-14,55
2,135,108145,-1955,-16352,-363,-18,-28,55
2,136,108150,-2039,-16288,-412,-19,-41,53
2,137,108155,-2073,-16250,-461,-18,-54,54
2,138,108160,-2071,-16196,-486,-18,-63,54
2,139,108165,-2014,-16178,-587,-15,-68,53
2,140,108170,-1940,-16206,-710,-15,-62,52
2,141,108175,-1897,-16198,-771,-13,-53,50
2,142,108180,-1904,-16260,-768,-11,-39,48
2,143,108185,-1914,-16248,-658,-9,-27,48
2,144,108190,-1857,-16288,-677,-3,-18,51
2,145,108195,-1773,-16253,-799,-2,-4,52
2,146,108200,-1811,-16242,-822,-1,12,50
2,147,108205,-1743,-16141,-582,-3,21,53
2,148,108210,-1779,-16155,-573,-3,24,54
2,149,108215,-1851,-16232,-680,4,21,54
2,150,108220,-1919,-16344,-747,7,20,52
2,151,108225,-1894,-16359,-755,7,8,50
2,152,108230,-1795,-16317,-520,9,-12,51
2,153,108235,-1585,-16338,-286,8,-29,55
2,154,108240,-1548,-16312,-201,7,-40,55
2,155,108245,-1653,-16373,-193,8,-53,56
2,156,108250,-1883,-16388,-236,9,-75,56
2,157,108255,-2031,-16416,-257,7,-102,54
2,158,108260,-2002,-16438,-224,7,-129,54
2,159,108265,-1950,-16444,-173,4,-145,53
2,160,108270,-1931,-16446,-121,3,-160,54
2,161,108275,-1957,-16425,-148,6,-178,52
2,162,108280,-1963,-16434,-244,1,-189,52
2,163,108285,-2042,-16486,-366,4,-195,51
2,164,108290,-2175,-16538,-396,4,-200,51
2,165,108295,-2240,-16533,-530,4,-200,46
2,166,108300,-2186,-16452,-602,4,-199,46
2,167,108305,-2154,-16394,-576,4,-194,49
2,168,108310,-2072,-16389,-508,2,-180,44
2,169,108315,-2139,-16385,-595,7,-162,43
2,170,108320,-2195,-16392,-797,11,-147,43
2,171,108325,-2237,-16358,-868,9,-135,41
2,172,108330,-2181,-16342,-858,13,-117,39
2,173,108335,-2166,-16330,-799,16,-97,36
2,174,108340,-2115,-16333,-743,17,-75,36
2,175,108345,-2115,-16363,-714,16,-56,34
2,176,108350,-2099,-16359,-713,23,-39,34
2,177,108355,-2124,-16406,-607,24,-27,35
2,178,108360,-2123,-16426,-492,24,-14,33
2,179,108365,-2148,-16459,-489,24,-1,31
2,180,108370,-2113,-16446,-530,24,10,32
2,181,108375,-2109,-16433,-536,24,19,28
2,182,108380,-2068,-16388,-527,28,26,28
2,183,108385,-2047,-16292,-502,28,27,29
2,184,108390,-2050,-16308,-550,28,27,27
2,185,108395,-2079,-16276,-560,29,28,25
2,186,108400,-2095,-16274,-569,32,24,25
2,187,108405,-2076,-16260,-516,32,16,26
2,188,108410,-2053,-16263,-431,31,12,23
2,189,108415,-2040,-16221,-502,35,6,18
2,190,108420,-2128,-16230,-586,34,3,20
2,191,108425,-2146,-16172,-695,35,-6,20
2,192,108430,-2105,-16123,-656,38,-14,18
2,193,108435,-2060,-16064,-642,37,-23,16
2,194,108440,-2054,-16086,-598,39,-33,16
2,195,108445,-2019,-16120,-642,42,-37,15
2,196,108450,-2039,-16212,-655,43,-44,11
2,197,108455,-2015,-16292,-583,44,-46,13
2,198,108460,-2019,-16334,-519,44,-46,9
2,199,108465,-2024,-16327,-385,46,-51,10
2,200,108470,-2114,-16307,-235,45,-59,7
2,201,108475,-2086,-16345,-201,42,-62,7
2,202,108480,-2244,-16408,-215,46,-70,10
2,203,108485,-2324,-16471,-319,44,-74,6
2,204,108490,-2309,-16479,-456,43,-83,2
2,205,108495,-2317,-16380,-410,44,-83,0
2,206,108500,-2187,-16379,-344,43,-69,0
2,207,108505,-2119,-16424,-445,48,-55,-1
2,208,108510,-2177,-16380,-549,48,-37,-5
2,209,108515,-2182,-16368,-583,46,-23,-7
2,210,108520,-2174,-16376,-557,44,-10,-7
2,211,108525,-2096,-16359,-467,49,4,-7
2,212,108530,-2025,-16377,-443,48,18,-8
2,213,108535,-2063,-16404,-419,48,28,-10
2,214,108540,-2136,-16353,-340,53,32,-10
2,215,108545,-2140,-16441,-384,52,31,-9
2,216,108550,-2140,-16400,-411,49,28,-10
2,217,108555,-2186,-16372,-366,49,25,-14
2,218,108560,-2116,-16408,-270,49,19,-13
2,219,108565,-2119,-16389,-240,50,13,-12
2,220,108570,-2123,-16384,-263,51,9,-15
2,221,108575,-2070,-16397,-290,51,4,-16
2,222,108580,-2107,-16378,-319,50,0,-19
2,223,108585,-2123,-16364,-282,45,-3,-22
2,224,108590,-2081,-16369,-295,47,-11,-22
2,225,108595,-2052,-16416,-330,51,-13,-19
2,226,108600,-2065,-16410,-305,49,-16,-20
2,227,108605,-2106,-16456,-335,48,-20,-23
2,228,108610,-2162,-16448,-352,48,-26,-27
2,229,108615,-2148,-16495,-301,46,-31,-27
2,230,108620,-2156,-16514,-269,48,-32,-28
2,231,108625,-2169,-16550,-244,46,-40,-29
2,232,108630,-2216,-16542,-251,46,-44,-29
2,233,108635,-2194,-16532,-283,46,-44,-31
2,234,108640,-2135,-16558,-318,47,-42,-31
2,235,108645,-2135,-16574,-257,46,-41,-29
2,236,108650,-2176,-16535,-225,45,-37,-34
2,237,108655,-2160,-16501,-199,42,-31,-38
2,238,108660,-2169,-16496,-270,44,-25,-39
2,239,108665,-2201,-16464,-346,45,-18,-35
2,240,108670,-2214,-16396,-320,43,-10,-38
2,241,108675,-2178,-16395,-263,40,-8,-41
2,242,108680,-2167,-16359,-240,39,-7,-44
2,243,108685,-2172,-16359,-209,40,-3,-40
2,244,108690,-2140,-16330,-171,41,0,-43
2,245,108695,-2085,-16349,-218,40,2,-43
2,246,108700,-2093,-16348,-311,40,8,-43
2,247,108705,-2038,-16340,-264,38,16,-44
2,248,108710,-2021,-16301,-259,38,18,-46
2,249,108715,-2021,-16341,-285,37,20,-45
2,250,108720,-2002,-16333,-268,36,22,-47
2,251,108725,-1997,-16324,-248,35,21,-48
2,252,108730,-1985,-16329,-281,34,22,-47
2,253,108735,-1967,-16295,-285,34,23,-46
2,254,108740,-1953,-16287,-339,33,21,-47
2,255,108745,-1964,-16288,-302,33,20,-48
2,256,108750,-1895,-16300,-280,33,14,-46
2,257,108755,-1890,-16340,-233,31,11,-48
2,258,108760,-1959,-16354,-204,29,7,-48
2,259,108765,-1994,-16316,-236,30,4,-47
2,260,108770,-1998,-16319,-274,28,0,-48
2,261,108775,-1953,-16298,-263,25,-7,-48
2,262,108780,-1880,-16314,-275,26,-9,-44
2,263,108785,-1915,-16318,-314,25,-12,-46
2,264,108790,-1909,-16281,-310,24,-14,-48
2,265,108795,-1889,-16298,-255,23,-19,-46
2,266,108800,-1928,-16326,-179,22,-28,-45
2,267,108805,-1890,-16314,-204,19,-35,-45
2,268,108810,-1905,-16336,-252,19,-42,-43
2,269,108815,-1934,-16290,-239,17,-47,-42
2,270,108820,-1968,-16260,-246,16,-52,-43
2,271,108825,-1983,-16280,-315,14,-55,-46
2,272,108830,-1926,-16274,-355,16,-50,-40
2,273,108835,-1893,-16273,-362,13,-47,-43
2,274,108840,-1922,-16258,-349,13,-44,-45
2,275,108845,-1919,-16288,-317,11,-41,-43
2,276,108850,-1989,-16329,-295,13,-40,-45
2,277,108855,-2013,-16291,-289,11,-39,-42
2,278,108860,-1989,-16301,-294,7,-38,-42
2,279,108865,-2013,-16329,-265,9,-32,-41
2,280,108870,-2025,-16307,-278,7,-31,-42
2,281,108875,-1999,-16304,-257,8,-29,-41
2,282,108880,-1986,-16288,-207,6,-27,-44
2,283,108885,-2011,-16307,-215,5,-25,-42
2,284,108890,-2052,-16293,-254,3,-22,-41
2,285,108895,-2095,-16275,-260,2,-23,-40
2,286,108900,-2036,-16269,-375,2,-18,-40
2,287,108905,-2050,-16272,-359,1,-11,-42
2,288,108910,-2007,-16319,-246,1,-7,-43
2,289,108915,-1949,-16367,-206,-3,1,-40
2,290,108920,-1919,-16344,-172,-4,8,-42
2,291,108925,-1959,-16349,-229,-2,11,-42
2,292,108930,-2003,-16346,-236,-5,14,-40
2,293,108935,-1972,-16309,-236,-8,12,-40
2,294,108940,-1900,-16286,-226,-6,7,-37
2,295,108945,-1880,-16270,-209,-6,6,-38
2,296,108950,-1828,-16277,-198,-9,1,-39
2,297,108955,-1800,-16293,-211,-9,-4,-37
2,298,108960,-1755,-16285,-218,-12,-4,-37
2,299,108965,-1783,-16301,-158,-14,-6,-38
2,300,108970,-1774,-16260,-151,-16,-15,-35
2,301,108975,-1825,-16302,-141,-15,-26,-33
2,302,108980,-1820,-16308,-135,-16,-39,-29
2,303,108985,-1801,-16288,-108,-17,-49,-27
2,304,108990,-1844,-16280,-110,-20,-59,-27
2,305,108995,-1881,-16291,-130,-22,-67,-25
2,306,109000,-1943,-16340,-141,-21,-75,-26
2,307,109005,-1953,-16347,-173,-23,-80,-27
2,308,109010,-2020,-16337,-234,-26,-84,-26
2,309,109015,-2039,-16301,-206,-24,-91,-24
2,310,109020,-2016,-16308,-213,-23,-99,-26
2,311,109025,-1984,-16273,-434,-26,-104,-26
2,312,109030,-1974,-16313,-401,-29,-93,-24
2,313,109035,-2030,-16276,-146,-28,-88,-24
2,314,109040,-1934,-16357,-345,-27,-98,-25
2,315,109045,-1927,-16304,-448,-23,-98,-25
2,316,109050,-1947,-16305,-352,-28,-93,-24
2,317,109055,-1946,-16329,-291,-30,-96,-24
2,318,109060,-1943,-16281,-272,-28,-95,-25
2,319,109065,-1893,-16284,-248,-27,-97,-21
2,320,109070,-1894,-16270,-236,-28,-98,-21
2,321,109075,-1874,-16308,-141,-26,-105,-22
2,322,109080,-1882,-16305,-104,-28,-112,-23
2,323,109085,-1869,-16303,-96,-26,-118,-21
2,324,109090,-1921,-16335,-203,-27,-127,-19
2,325,109095,-1930,-16317,-155,-29,-138,-21
2,326,109100,-1933,-16356,-84,-31,-150,-20
2,327,109105,-1968,-16400,-74,-31,-163,-19
2,328,109110,-2016,-16393,-149,-31,-174,-20
2,329,109115,-2072,-16362,-260,-30,-177,-20
2,330,109120,-2078,-16374,-305,-30,-173,-18
2,331,109125,-2067,-16384,-351,-29,-170,-21
2,332,109130,-2095,-16386,-395,-28,-162,-21
2,333,109135,-2057,-16383,-423,-29,-146,-19
2,334,109140,-2047,-16348,-479,-28,-122,-21
2,335,109145,-2013,-16311,-542,-24,-97,-20
2,336,109150,-1989,-16291,-631,-22,-67,-20
2,337,109155,-2015,-16283,-593,-22,-39,-18
2,338,109160,-1976,-16276,-508,-22,-13,-18
2,339,109165,-1918,-16255,-491,-17,14,-18
2,340,109170,-1926,-16256,-378,-17,38,-16
2,341,109175,-1956,-16283,-375,-14,54,-17
2,342,109180,-1942,-16310,-276,-13,62,-14
2,343,109185,-1887,-16291,-194,-13,65,-14
2,344,109190,-1848,-16265,-122,-13,63,-16
2,345,109195,-1866,-16259,-132,-12,58,-15
2,346,109200,-1865,-16291,-66,-12,49,-15
2,347,109205,-1882,-16311,-18,-11,35,-12
2,348,109210,-1910,-16368,32,-13,15,-11
2,349,109215,-1880,-16374,18,-9,-6,-12
2,350,109220,-1916,-16335,-8,-14,-21,-12
2,351,109225,-1953,-16344,3,-17,-44,-12
2,352,109230,-1933,-16318,-2,-16,-66,-14
2,353,109235,-1872,-16340,45,-17,-92,-11
2,354,109240,-1862,-16410,-34,-16,-95,-10
2,355,109245,-1855,-16454,-127,-17,-94,-11
2,356,109250,-1879,-16433,-250,-18,-91,-11
2,357,109255,-1878,-16401,-319,-19,-87,-13
2,358,109260,-1863,-16362,-301,-16,-82,-9
2,359,109265,-1813,-16322,-280,-14,-76,-8
2,360,109270,-1826,-16319,-272,-13,-68,-5
2,361,109275,-1833,-16340,-254,-12,-60,-5
2,362,109280,-1839,-16335,-275,-13,-51,-3
2,363,109285,-1894,-16413,-333,-10,-38,-5
2,364,109290,-1868,-16355,-404,-7,-27,-4
2,365,109295,-1812,-16269,-423,-7,-23,-3
2,366,109300,-1839,-16228,-389,-5,-15,-4
2,367,109305,-1897,-16159,-309,-4,-18,0
2,368,109310,-1937,-16196,-270,-4,-22,0
2,369,109315,-1958,-16156,-277,-4,-28,0
2,370,109320,-1966,-16145,-218,-1,-32,2
2,371,109325,-1917,-16113,-132,1,-41,1
2,372,109330,-1923,-16055,-72,-3,-52,4
2,373,109335,-1981,-16022,13,-1,-56,4
2,374,109340,-2026,-15965,-23,-1,-60,3
2,375,109345,-2013,-15844,-96,-1,-65,10
2,376,109350,-1909,-15811,-80,0,-63,17
2,377,109355,-1779,-15828,-164,-2,-57,18
2,378,109360,-1904,-15771,187,-6,-52,17
2,379,109365,-2151,-15808,129,-6,-70,18
2,380,109370,-2433,-15781,-338,-1,-92,16
2,381,109375,-2607,-15814,-798,9,-112,20
2,382,109380,-2149,-15886,-1290,10,-130,30
2,383,109385,-1473,-15979,-810,4,-134,48
2,384,109390,-1198,-16102,-164,7,-127,52
2,385,109395,-1791,-16069,-331,15,-124,45
2,386,109400,-2528,-16065,-875,24,-110,47
2,387,109405,-2676,-16046,-1402,26,-77,62
2,388,109410,-2056,-16192,-1128,23,-14,87
2,389,109415,-1679,-16430,-232,26,57,101
2,390,109420,-1833,-16575,391,31,115,104
2,391,109425,-2532,-16471,267,33,161,99
2,392,109430,-3019,-16394,-85,37,205,113
2,393,109435,-2995,-16434,-302,36,247,134
2,394,109440,-2663,-16474,-41,33,273,151
2,395,109445,-2511,-16498,346,28,278,157
2,396,109450,-2734,-16397,436,28,271,160
2,397,109455,-2771,-16262,144,33,271,172
2,398,109460,-2790,-16179,-66,31,284,188
2,399,109465,-2706,-16218,185,24,280,205
2,400,109470,-2892,-16187,525,22,246,214
2,401,109475,-2962,-16259,546,22,188,227
2,402,109480,-2900,-16228,69,23,139,241
2,403,109485,-2794,-16181,-334,25,118,255
2,404,109490,-2815,-16198,-448,21,114,272
2,405,109495,-2921,-16167,-440,24,110,285
2,406,109500,-2875,-16172,-514,25,105,298
2,407,109505,-2842,-16102,-755,25,119,310
2,408,109510,-2907,-16028,-300,29,145,324
2,409,109515,-3003,-16034,-452,25,130,341
2,410,109520,-3129,-15959,-218,29,123,354
2,411,109525,-3144,-16025,-252,30,99,375
2,412,109530,-2956,-16138,-148,29,90,391
2,413,109535,-2976,-16186,-149,29,87,403
2,414,109540,-3048,-16206,-255,29,89,419
2,415,109545,-3208,-16135,-424,30,96,434
2,416,109550,-3270,-16160,-540,29,104,454
2,417,109555,-3098,-16146,-617,29,121,473
2,418,109560,-2787,-16212,-619,32,163,490
2,419,109565,-2895,-16196,-858,36,206,499
2,420,109570,-3365,-16165,-985,39,248,510
2,421,109575,-3574,-16128,-920,41,273,525
2,422,109580,-3398,-16050,-803,37,290,543
2,423,109585,-3091,-16028,-607,36,318,562
2,424,109590,-3039,-16111,-467,41,354,578
2,425,109595,-3318,-16077,-420,42,374,586
2,426,109600,-3587,-15965,-282,38,341,612
2,427,109605,-3350,-15939,-19,32,313,626
2,428,109610,-3288,-16054,198,32,280,640
2,429,109615,-3503,-16096,192,30,228,650
2,430,109620,-3670,-16028,-72,28,163,658
2,431,109625,-3631,-15983,-150,22,102,669
2,432,109630,-3579,-16011,-4,19,54,683
2,433,109635,-3640,-16022,172,17,12,693
2,434,109640,-3767,-16008,117,18,-31,698
2,435,109645,-3863,-16054,-59,14,-71,710
2,436,109650,-3986,-16003,-44,11,-99,715
2,437,109655,-4172,-15973,14,9,-126,721
2,438,109660,-4196,-15933,-72,7,-145,725
2,439,109665,-4098,-15873,-333,10,-161,731
2,440,109670,-4211,-15900,-371,14,-165,739
2,441,109675,-4469,-15955,-295,13,-170,744
2,442,109680,-4596,-16012,-316,12,-169,752
2,443,109685,-4239,-16132,-629,14,-142,765
2,444,109690,-3939,-16238,-989,19,-81,773
2,445,109695,-4242,-16293,-728,21,10,772
2,446,109700,-4788,-16143,-411,22,51,766
2,447,109705,-5029,-16056,-514,25,70,771
2,448,109710,-4785,-16012,-668,29,102,775
2,449,109715,-4657,-16125,-431,27,149,781
2,450,109720,-4809,-16284,-48,26,172,782
2,451,109725,-5083,-16219,-112,29,159,770
2,452,109730,-5152,-16123,-268,28,129,767
2,453,109735,-5037,-16044,-343,28,116,771
2,454,109740,-4927,-16015,-174,28,112,773
2,455,109745,-4978,-16018,-92,27,103,773
2,456,109750,-5114,-16015,-193,27,90,763
2,457,109755,-5205,-15925,-305,26,76,757
2,458,109760,-5293,-15806,-261,28,59,752
2,459,109765,-5333,-15719,14,28,31,745
2,460,109770,-5331,-15664,267,27,-11,741
2,461,109775,-5309,-15656,415,23,-67,733
2,462,109780,-5331,-15660,414,19,-124,724
2,463,109785,-5324,-15729,305,16,-173,717
2,464,109790,-5227,-15788,180,14,-216,707
2,465,109795,-5250,-15788,-19,14,-242,698
2,466,109800,-5243,-15687,-183,9,-255,686
2,467,109805,-5289,-15630,-344,12,-251,674
2,468,109810,-5312,-15647,-400,16,-230,665
2,469,109815,-5272,-15618,-516,16,-192,657
2,470,109820,-5231,-15665,-755,18,-144,643
2,471,109825,-5356,-15667,-682,21,-75,630
2,472,109830,-5410,-15647,-792,21,-12,621
2,473,109835,-5419,-15693,-775,18,64,609
2,474,109840,-5321,-15717,-825,23,133,595
2,475,109845,-5263,-15755,-635,23,204,584
2,476,109850,-5229,-15572,-1157,25,266,572
2,477,109855,-5519,-16061,-451,25,403,560
2,478,109860,-5846,-15443,234,10,430,516
2,479,109865,-5682,-15687,357,8,336,532
2,480,109870,-5229,-15778,-61,10,250,521
2,481,109875,-5198,-15654,-293,2,252,489
2,482,109880,-5349,-15463,-374,2,279,471
2,483,109885,-5606,-15665,102,2,317,461
2,484,109890,-5524,-15474,-74,-8,285,433
2,485,109895,-5365,-15579,-135,-13,242,425
2,486,109900,-5412,-15510,70,-13,206,403
2,487,109905,-5640,-15460,248,-20,157,380
2,488,109910,-5762,-15457,-34,-24,88,362
2,489,109915,-5726,-15418,-292,-25,29,342
2,490,109920,-5615,-15394,-365,-32,-8,324
2,491,109925,-5546,-15449,-287,-39,-29,305
2,492,109930,-5599,-15371,-154,-39,-48,279
2,493,109935,-5672,-15315,-229,-36,-74,257
2,494,109940,-5758,-15368,-273,-37,-97,235
2,495,109945,-5820,-15361,-173,-44,-115,214
2,496,109950,-5797,-15361,-56,-49,-126,195
2,497,109955,-5788,-15393,-141,-51,-128,172
2,498,109960,-5823,-15440,-340,-53,-115,149
2,499,109965,-5862,-15487,-701,-56,-93,128
2,500,109970,-5795,-15427,-576,-57,-30,77
2,501,109975,-5731,-15478,-529,-58,16,58
2,502,109980,-5727,-15456,-638,-54,57,36
2,503,109985,-5783,-15454,-603,-53,91,12
2,504,109990,-5813,-15453,-673,-53,113,-14
2,505,109995,-5753,-15489,-658,-54,133,-35
2,506,110000,-5664,-15425,-691,-59,153,-58
2,507,110005,-5583,-15424,-679,-54,176,-80
2,508,110010,-5647,-15343,-405,-54,200,-106
2,509,110015,-5656,-15237,-275,-54,186,-129
2,510,110020,-5589,-15357,-362,-56,158,-152
2,511,110025,-5468,-15285,-362,-58,140,-177
2,512,110030,-5475,-15317,-333,-56,119,-198
2,513,110035,-5473,-15347,-231,-53,98,-221
2,514,110040,-5455,-15332,-192,-56,66,-245
2,515,110045,-5418,-15321,-187,-58,26,-271
2,516,110050,-5355,-15344,-140,-61,-14,-293
2,517,110055,-5263,-15368,-83,-62,-51,-310
2,518,110060,-5178,-15431,-136,-63,-79,-331
2,519,110065,-5144,-15487,-116,-64,-101,-356
2,520,110070,-5161,-15490,-193,-65,-123,-379
2,521,110075,-5149,-15490,-333,-66,-126,-401
2,522,110080,-5126,-15518,-386,-65,-121,-419
2,523,110085,-5081,-15523,-477,-63,-110,-439
2,524,110090,-4993,-15563,-512,-64,-101,-460
2,525,110095,-5000,-15511,-556,-63,-93,-481
2,526,110100,-4970,-15471,-668,-61,-79,-500
2,527,110105,-4940,-15456,-768,-60,-64,-522
2,528,110110,-4839,-15441,-782,-56,-49,-540
2,529,110115,-4800,-15423,-661,-54,-37,-559
2,530,110120,-4780,-15392,-611,-52,-23,-579
2,531,110125,-4833,-15409,-510,-49,-16,-597
2,532,110130,-4827,-15433,-501,-50,-15,-617
2,533,110135,-4762,-15441,-400,-47,-22,-636
2,534,110140,-4670,-15454,-311,-43,-35,-651
2,535,110145,-4640,-15432,-272,-40,-53,-671
2,536,110150,-4624,-15480,-350,-41,-73,-690
2,537,110155,-4566,-15503,-355,-40,-98,-707
2,538,110160,-4513,-15612,-237,-41,-128,-724
2,539,110165,-4509,-15628,-117,-42,-167,-741
2,540,110170,-4444,-15619,-129,-37,-205,-757
2,541,110175,-4426,-15587,-120,-37,-243,-776
2,542,110180,-4445,-15663,147,-42,-279,-793
2,543,110185,-4380,-15612,60,-35,-333,-814
2,544,110190,-4313,-15645,-703,-38,-374,-825
2,545,110195,-4349,-15757,-573,-52,-355,-837
2,546,110200,-4450,-15670,420,-50,-342,-854
2,547,110205,-4272,-15845,119,-43,-391,-868
2,548,110210,-4127,-15796,-686,-36,-420,-888
2,549,110215,-4268,-15755,-579,-38,-397,-906
2,550,110220,-4467,-15818,-292,-48,-382,-915
2,551,110225,-4452,-15927,-488,-44,-381,-926
2,552,110230,-4212,-15891,-772,-37,-374,-944
2,553,110235,-4178,-15969,-760,-37,-351,-959
2,554,110240,-4386,-15931,-472,-35,-329,-976
2,555,110245,-4457,-15882,-362,-30,-327,-990
2,556,110250,-4290,-15909,-557,-30,-324,-1001
2,557,110255,-4121,-15955,-577,-28,-303,-1013
2,558,110260,-4161,-16029,-371,-27,-287,-1026
2,559,110265,-4170,-16091,-329,-26,-286,-1041
2,560,110270,-4089,-16085,-416,-23,-284,-1057
2,561,110275,-3871,-16116,-395,-22,-277,-1068
2,562,110280,-3707,-16157,-172,-22,-262,-1075
2,563,110285,-3646,-16174,-85,-21,-253,-1084
2,564,110290,-3642,-16193,-190,-18,-247,-1098
2,565,110295,-3592,-16170,-315,-15,-243,-1108
2,566,110300,-3483,-16229,-358,-15,-240,-1118
2,567,110305,-3355,-16292,-210,-12,-243,-1125
2,568,110310,-3232,-16313,-108,-7,-256,-1133
2,569,110315,-3141,-16311,-97,-7,-268,-1143
2,570,110320,-3064,-16325,-75,-6,-273,-1149
2,571,110325,-2956,-16398,-49,-7,-279,-1156
2,572,110330,-2777,-16383,-20,-6,-287,-1158
2,573,110335,-2631,-16382,-91,-3,-301,-1167
2,574,110340,-2557,-16385,-171,-3,-301,-1174
2,575,110345,-2523,-16401,-156,1,-311,-1176
2,576,110350,-2398,-16418,-245,1,-322,-1178
2,577,110355,-2235,-16452,-198,2,-328,-1180
2,578,110360,-2117,-16390,-205,6,-335,-1183
2,579,110365,-2031,-16420,-144,8,-336,-1186
2,580,110370,-1945,-16401,-226,12,-338,-1185
2,581,110375,-1790,-16493,-221,14,-335,-1182
2,582,110380,-1639,-16517,-138,15,-324,-1182
2,583,110385,-1482,-16573,-159,17,-315,-1182
2,584,110390,-1331,-16567,-160,16,-306,-1180
2,585,110395,-1173,-16603,-164,22,-295,-1176
2,586,110400,-1051,-16588,-101,25,-282,-1171
2,587,110405,-898,-16650,-139,26,-274,-1167
2,588,110410,-768,-16709,-155,27,-270,-1164
2,589,110415,-710,-16704,-194,30,-266,-1155
2,590,110420,-648,-16664,-185,30,-273,-1147
2,591,110425,-533,-16603,-218,33,-281,-1142
2,592,110430,-344,-16632,-185,36,-295,-1133
2,593,110435,-197,-16738,271,36,-312,-1127
2,594,110440,-16,-16503,271,42,-384,-1127
2,595,110445,142,-16726,-672,44,-427,-1105
2,596,110450,158,-16803,-142,45,-386,-1103
2,597,110455,101,-16647,359,44,-393,-1094
2,598,110460,318,-17000,777,45,-447,-1073
2,599,110465,425,-16818,681,42,-527,-1076
2,600,110470,8857,-19150,3013,35,-590,-1063
2,601,110492,28399,-11027,-32768,-147,-9854,1266
2,602,110493,32767,-30584,-25772,-630,-2612,1598
2,603,110494,32767,-30584,-25772,-630,-2612,1598
2,604,110495,32767,-30584,-25772,-630,-2612,1598
2,605,110496,32767,-30584,-25772,-630,-2612,1598
2,606,110500,-10738,-20257,19863,-607,3822,-162
2,607,110505,-27679,-6592,15958,18,2200,-537
2,608,110510,-10074,-15699,-17662,145,-288,728
2,609,110515,15466,-21512,-15437,38,235,744
2,610,110520,10709,-18060,8822,-379,363,129
2,611,110525,-3815,-14605,3879,-294,-107,-16
2,612,110530,-12357,-14250,-7153,82,821,345
2,613,110535,-4193,-19297,-9157,172,2486,598
2,614,110540,5369,-16404,-1971,50,2998,400
2,615,110545,6249,-18730,6662,-178,2249,355
2,616,110550,-1569,-17549,6879,-76,1489,166
2,617,110555,-7553,-15281,2557,103,1582,131
2,618,110560,-3505,-14655,-2266,56,1550,313
2,619,110565,3092,-17319,-1096,-62,1447,527
2,620,110570,3755,-19689,5885,-155,1335,426
2,621,110575,-1231,-16465,7834,-102,802,188
2,622,110580,-3579,-16456,3831,-45,173,259
2,623,110585,-1475,-15970,-1146,-49,-63,347
2,624,110590,1344,-16972,-1098,-81,114,409
2,625,110595,1343,-17668,2474,-134,173,370
2,626,110600,-588,-17301,3840,-135,-80,301
2,627,110605,-1569,-17006,3611,-100,-448,296
2,628,110610,-510,-16577,-990,-91,-774,320
2,629,110615,481,-16795,-3482,-88,-671,351
2,630,110620,-335,-16836,-536,-102,-386,359
2,631,110625,-1208,-16973,2030,-115,-357,359
2,632,110630,-931,-16866,637,-103,-529,350
2,633,110635,-334,-16662,-1911,-79,-589,349
2,634,110640,-743,-16575,-154,-85,-502,360
2,635,110645,-1177,-16908,-996,-99,-508,362
2,636,110650,-1456,-16412,-1261,-66,-405,349
2,637,110655,-1379,-16599,-602,-40,-274,362
2,638,110660,-848,-16546,-760,-30,-211,347
2,639,110665,-898,-16330,-896,-30,-168,333
2,640,110670,-1398,-16436,-907,-22,-121,341
2,641,110675,-1744,-16331,-777,-13,-67,339
2,642,110680,-1619,-16375,-692,-3,-14,345
2,643,110685,-1168,-16456,-1101,3,28,342
2,644,110690,-1150,-16466,-681,9,81,337
2,645,110695,-1446,-16451,-548,7,107,333
2,646,110700,-1629,-16379,-334,14,138,328
2,647,110705,-1216,-16460,-387,28,201,332
2,648,110710,-1225,-16437,104,33,215,325
2,649,110715,-1347,-16450,359,39,189,318
2,650,110720,-1441,-16405,317,43,161,310
2,651,110725,-1393,-16397,393,41,141,314
2,652,110730,-1272,-16408,405,43,106,317
2,653,110735,-1266,-16373,389,45,49,311
2,654,110740,-1358,-16359,243,43,-10,306
2,655,110745,-1439,-16261,185,46,-54,304
2,656,110750,-1425,-16264,152,46,-83,305
2,657,110755,-1360,-16323,161,48,-105,304
2,658,110760,-1353,-16249,8,52,-129,301
2,659,110765,-1549,-16291,-154,53,-150,298
2,660,110770,-1642,-16360,-384,56,-162,295
2,661,110775,-1700,-16329,-286,65,-158,292
2,662,110780,-1616,-16318,-509,66,-163,290
2,663,110785,-1559,-16313,-476,69,-146,288
2,664,110790,-1611,-16261,-490,77,-123,282
2,665,110795,-1723,-16367,-590,80,-102,279
2,666,110800,-1722,-16165,-837,83,-77,266
2,667,110805,-1739,-16220,-547,91,-45,270
2,668,110810,-1749,-16196,-422,101,-30,268
2,669,110815,-1721,-16166,-518,102,-27,264
2,670,110820,-1725,-16118,-546,105,-22,260
2,671,110825,-1820,-16105,-513,105,-26,255
2,672,110830,-1902,-15989,-403,107,-37,250
2,673,110835,-1912,-15977,-381,110,-43,250
2,674,110840,-1924,-15950,-310,119,-31,248
2,675,110845,-1881,-16005,-301,123,-17,244
2,676,110850,-1952,-16063,-335,126,-14,240
2,677,110855,-1971,-16157,-252,126,-7,235
2,678,110860,-2033,-16203,-181,123,-2,229
2,679,110865,-2090,-16203,-139,123,4,224
2,680,110870,-2171,-16236,6,128,13,225
2,681,110875,-2187,-16284,-56,129,16,219
2,682,110880,-2190,-16311,-164,130,20,213
2,683,110885,-2213,-16343,-132,127,33,209
2,684,110890,-2253,-16351,-33,130,37,203
2,685,110895,-2306,-16347,-241,131,39,199
2,686,110900,-2306,-16269,-440,134,55,196
2,687,110905,-2389,-16221,-350,135,83,190
2,688,110910,-2459,-16227,-277,137,102,186
2,689,110915,-2406,-16226,-457,140,113,178
2,690,110920,-2382,-16190,-490,142,136,176
2,691,110925,-2400,-16179,-474,145,159,171
2,692,110930,-2453,-16199,-459,147,177,165
2,693,110935,-2454,-16194,-527,146,193,159
2,694,110940,-2418,-16192,-486,148,203,153
2,695,110945,-2404,-16258,-258,149,208,151
2,696,110950,-2412,-16274,-109,149,205,146
2,697,110955,-2414,-16336,-114,149,198,140
2,698,110960,-2324,-16364,-7,149,180,137
2,699,110965,-2274,-16406,212,146,155,136
2,700,110970,-2232,-16457,442,143,129,130
2,701,110975,-2173,-16500,485,141,100,124
2,702,110980,-2274,-16537,289,140,67,122
2,703,110985,-2322,-16537,136,135,36,119
2,704,110990,-2321,-16441,68,131,10,116
2,705,110995,-2316,-16420,-114,128,-9,114
2,706,111000,-2229,-16369,-322,130,-22,111
2,707,111005,-2236,-16318,-453,130,-27,107
2,708,111010,-2279,-16287,-528,128,-37,104
2,709,111015,-2312,-16190,-587,126,-45,100
2,710,111020,-2334,-16166,-671,128,-38,97
2,711,111025,-2303,-16153,-687,132,-20,93
2,712,111030,-2285,-16154,-615,132,-3,94
2,713,111035,-2285,-16146,-511,131,13,91
2,714,111040,-2309,-16173,-434,135,28,89
2,715,111045,-2296,-16221,-398,135,40,87
2,716,111050,-2360,-16216,-287,133,47,81
2,717,111055,-2342,-16229,-147,131,44,82
2,718,111060,-2354,-16301,1,129,33,79
2,719,111065,-2373,-16323,109,122,22,73
2,720,111070,-2446,-16398,171,119,0,74
2,721,111075,-2388,-16445,159,113,-10,72
2,722,111080,-2399,-16390,181,108,-21,67
2,723,111085,-2459,-16384,127,105,-28,63
2,724,111090,-2512,-16342,-12,104,-35,61
2,725,111095,-2516,-16267,-127,100,-39,62
2,726,111100,-2444,-16256,-112,96,-34,57
2,727,111105,-2413,-16244,-88,92,-23,55
2,728,111110,-2401,-16232,-119,91,-8,54
2,729,111115,-2426,-16235,-220,88,9,54
2,730,111120,-2403,-16217,-316,87,34,52
2,731,111125,-2438,-16231,-315,88,60,50
2,732,111130,-2434,-16249,-216,84,77,50
2,733,111135,-2381,-16259,-111,83,86,47
2,734,111140,-2359,-16288,-79,79,98,44
2,735,111145,-2399,-16355,-94,77,102,42
2,736,111150,-2404,-16279,-35,73,102,42
2,737,111155,-2411,-16314,-6,70,97,40
2,738,111160,-2435,-16333,29,65,88,38
2,739,111165,-2418,-16345,146,61,79,37
2,740,111170,-2384,-16351,197,56,70,37
2,741,111175,-2363,-16343,189,54,56,37
2,742,111180,-2403,-16350,145,51,44,36
2,743,111185,-2440,-16305,113,45,28,34
2,744,111190,-2541,-16264,120,40,7,32
2,745,111195,-2554,-16270,142,37,-10,28
2,746,111200,-2545,-16237,123,35,-28,25
2,747,111205,-2560,-16302,91,33,-37,27
2,748,111210,-2553,-16358,46,27,-41,22
2,749,111215,-2503,-16376,53,25,-41,21
2,750,111220,-2485,-16347,-60,23,-38,20
2,751,111225,-2525,-16323,-183,18,-28,17
2,752,111230,-2496,-16248,-189,15,-15,13
2,753,111235,-2508,-16207,-127,16,-8,15
2,754,111240,-2525,-16244,-95,11,-1,12
2,755,111245,-2558,-16213,-13,9,1,10
2,756,111250,-2639,-16259,29,9,1,8
2,757,111255,-2649,-16260,43,5,0,6
2,758,111260,-2631,-16272,-24,1,-4,5
2,759,111265,-2527,-16320,-149,-1,-7,5
2,760,111270,-2473,-16340,-135,-5,-9,0
2,761,111275,-2534,-16338,-96,-4,-12,-3
2,762,111280,-2557,-16335,-62,-8,-16,-7
2,763,111285,-2508,-16320,24,-12,-12,-7
2,764,111290,-2491,-16322,6,-12,-8,-7
2,765,111295,-2502,-16306,-14,-16,-1,-8
2,766,111300,-2528,-16312,-48,-20,6,-14
2,767,111305,-2637,-16278,60,-21,12,-16
2,768,111310,-2628,-16239,136,-24,9,-16
2,769,111315,-2545,-16204,188,-27,9,-18
2,770,111320,-2514,-16247,184,-29,9,-19
2,771,111325,-2616,-16289,254,-29,3,-23
2,772,111330,-2637,-16246,220,-34,-4,-25
2,773,111335,-2643,-16250,191,-40,-9,-28
2,774,111340,-2578,-16188,187,-43,-13,-30
2,775,111345,-2626,-16170,232,-46,-18,-35
2,776,111350,-2667,-16153,239,-50,-27,-36
2,777,111355,-2717,-16133,160,-51,-33,-39
2,778,111360,-2751,-16114,142,-55,-35,-43
2,779,111365,-2709,-16135,134,-57,-40,-45
2,780,111370,-2669,-16157,103,-59,-45,-46
2,781,111375,-2670,-16133,18,-63,-45,-49
2,782,111380,-2707,-16173,-21,-63,-42,-53
2,783,111385,-2619,-16148,-62,-67,-37,-55
2,784,111390,-2561,-16145,-46,-67,-27,-57
2,785,111395,-2550,-16215,-21,-66,-17,-62
2,786,111400,-2593,-16247,20,-68,-7,-64
2,787,111405,-2572,-16250,50,-69,-2,-68
2,788,111410,-2611,-16256,103,-73,3,-69
2,789,111415,-2579,-16248,93,-72,12,-71
2,790,111420,-2620,-16272,47,-76,16,-72
2,791,111425,-2588,-16273,-11,-77,18,-74
2,792,111430,-2570,-16290,12,-76,22,-78
2,793,111435,-2455,-16350,132,-76,31,-78
2,794,111440,-2404,-16401,179,-79,33,-80
2,795,111445,-2428,-16458,166,-79,32,-83
2,796,111450,-2395,-16462,113,-85,29,-83
2,797,111455,-2389,-16421,106,-86,24,-82
2,798,111460,-2346,-16373,92,-85,20,-86
2,799,111465,-2306,-16406,87,-85,14,-84
2,800,111470,-2282,-16405,8,-85,10,-84
2,801,111475,-2324,-16428,29,-87,3,-85
2,802,111480,-2321,-16427,73,-87,-3,-84
2,803,111485,-2320,-16407,201,-86,-11,-88
2,804,111490,-2289,-16393,328,-86,-25,-88
2,805,111495,-2284,-16248,-157,-87,-52,-88
2,806,111500,-2310,-16369,-310,-91,-45,-85
2,807,111505,-2399,-16232,153,-94,-35,-90
2,808,111510,-2295,-16282,210,-91,-58,-85
2,809,111515,-2173,-16168,-164,-87,-84,-89
2,810,111520,-2234,-16191,-171,-88,-82,-92
2,811,111525,-2311,-16193,80,-91,-78,-93
2,812,111530,-2317,-16184,150,-87,-93,-91
2,813,111535,-2246,-16174,-44,-87,-103,-88
2,814,111540,-2192,-16165,-40,-89,-97,-89
2,815,111545,-2276,-16184,127,-85,-99,-90
2,816,111550,-2299,-16153,95,-87,-110,-92
2,817,111555,-2265,-16109,-36,-87,-124,-94
2,818,111560,-2202,-16092,-62,-86,-127,-94
2,819,111565,-2272,-16178,-19,-86,-123,-93
2,820,111570,-2268,-16197,-29,-85,-122,-92
2,821,111575,-2240,-16188,-81,-84,-121,-91
2,822,111580,-2186,-16219,-180,-79,-115,-94
2,823,111585,-2153,-16231,-225,-76,-107,-95
2,824,111590,-2167,-16220,-172,-76,-100,-94
2,825,111595,-2171,-16226,-173,-76,-94,-94
2,826,111600,-2148,-16233,-154,-72,-86,-96
2,827,111605,-2155,-16266,-136,-72,-77,-97
2,828,111610,-2211,-16249,-123,-70,-71,-95
2,829,111615,-2209,-16271,-104,-70,-69,-96
2,830,111620,-2168,-16278,-86,-68,-63,-96
2,831,111625,-2173,-16285,-139,-65,-60,-91
2,832,111630,-2215,-16255,-162,-62,-55,-93
2,833,111635,-2228,-16257,-153,-63,-49,-97
2,834,111640,-2216,-16226,-123,-58,-49,-98
2,835,111645,-2178,-16218,-116,-58,-44,-92
2,836,111650,-2226,-16251,-143,-53,-40,-94
2,837,111655,-2206,-16208,-134,-50,-42,-96
2,838,111660,-2191,-16207,-192,-49,-41,-97
2,839,111665,-2212,-16206,-176,-48,-42,-97
2,840,111670,-2156,-16226,-162,-47,-42,-95
2,841,111675,-2122,-16241,-169,-45,-43,-95
2,842,111680,-2168,-16252,-240,-44,-41,-95
2,843,111685,-2176,-16217,-256,-40,-46,-96
2,844,111690,-2131,-16206,-295,-35,-48,-96
2,845,111695,-2103,-16206,-331,-36,-45,-94
2,846,111700,-2070,-16242,-228,-31,-46,-94
2,847,111705,-2119,-16282,-185,-26,-48,-95
2,848,111710,-2107,-16249,-138,-26,-51,-96
2,849,111715,-2125,-16226,-148,-24,-50,-93
2,850,111720,-2115,-16296,-195,-20,-50,-91
2,851,111725,-2059,-16296,-110,-20,-47,-90
2,852,111730,-2000,-16366,36,-19,-49,-92
2,853,111735,-1939,-16404,168,-16,-49,-93
2,854,111740,-1953,-16454,121,-15,-43,-89
2,855,111745,-2024,-16486,17,-14,-36,-87
2,856,111750,-2096,-16507,-22,-17,-38,-87
2,857,111755,-2126,-16475,-37,-15,-46,-85
2,858,111760,-2077,-16405,-67,-12,-46,-87
2,859,111765,-2055,-16368,-38,-11,-45,-83
2,860,111770,-2075,-16340,-32,-10,-48,-83
2,861,111775,-2080,-16342,-8,-10,-52,-83
2,862,111780,-2133,-16370,-34,-9,-51,-80
2,863,111785,-2129,-16398,-49,-7,-50,-81
2,864,111790,-2132,-16379,-32,-3,-50,-81
2,865,111795,-2133,-16325,-108,-2,-56,-79
2,866,111800,-2164,-16255,-157,-2,-60,-78
2,867,111805,-2173,-16235,-174,4,-63,-77
2,868,111810,-2169,-16286,-151,2,-67,-76
2,869,111815,-2216,-16252,-121,6,-69,-76
2,870,111820,-2214,-16245,-98,10,-72,-74
2,871,111825,-2190,-16227,-84,8,-72,-72
2,872,111830,-2149,-16195,-71,10,-73,-74
2,873,111835,-2079,-16261,-61,11,-71,-75
2,874,111840,-2081,-16311,-74,12,-69,-71
2,875,111845,-2096,-16307,-117,14,-66,-68
2,876,111850,-2116,-16319,-66,18,-66,-69
2,877,111855,-2076,-16328,-52,16,-63,-70
2,878,111860,-2022,-16362,-82,20,-59,-66
2,879,111865,-1961,-16387,2,22,-55,-63
2,880,111870,-1962,-16378,-42,23,-51,-64
2,881,111875,-1965,-16384,-95,25,-51,-61
2,882,111880,-1964,-16404,-103,25,-54,-60
2,883,111885,-1944,-16418,-138,26,-52,-56
2,884,111890,-1911,-16408,-175,31,-49,-54
2,885,111895,-1930,-16386,-263,31,-46,-55
2,886,111900,-1976,-16404,-248,34,-48,-52
2,887,111905,-1969,-16369,-225,36,-46,-49
2,888,111910,-1960,-16379,-193,37,-42,-48
2,889,111915,-1919,-16352,-100,38,-43,-45
2,890,111920,-1981,-16318,-118,41,-51,-46
2,891,111925,-1995,-16286,-91,42,-54,-41
2,892,111930,-2021,-16285,-122,45,-58,-40
2,893,111935,-2026,-16298,-136,47,-67,-37
2,894,111940,-2010,-16337,-106,46,-72,-37
2,895,111945,-2027,-16378,-34,45,-78,-38
2,896,111950,-2076,-16388,-38,46,-83,-36
2,897,111955,-2058,-16393,-107,48,-83,-33
2,898,111960,-2053,-16382,-143,49,-80,-32
2,899,111965,-2076,-16357,-157,51,-76,-30
2,900,111970,-2051,-16311,-153,51,-72,-28
2,901,111975,-2051,-16330,-125,55,-69,-26
2,902,111980,-2021,-16351,-94,53,-57,-28
2,903,111985,-1983,-16329,-153,53,-45,-24
2,904,111990,-1957,-16314,-193,54,-31,-23
2,905,111995,-2012,-16311,-228,59,-22,-23
2,906,112000,-2052,-16282,-222,59,-15,-24
2,907,112005,-2015,-16255,-161,58,-10,-22
2,908,112010,-1994,-16291,-49,62,-6,-17
2,909,112015,-2001,-16336,34,60,-4,-17
2,910,112020,-2043,-16343,30,61,-3,-19
2,911,112025,-2058,-16371,23,62,-9,-18
2,912,112030,-2051,-16378,30,62,-14,-14
2,913,112035,-2005,-16396,56,62,-23,-12
2,914,112040,-1956,-16426,36,62,-27,-11
2,915,112045,-1999,-16445,37,60,-36,-10
2,916,112050,-1973,-16418,122,62,-44,-11
2,917,112055,-1975,-16426,165,61,-47,-8
2,918,112060,-1982,-16433,151,58,-53,-9
2,919,112065,-1989,-16439,87,56,-58,-7
2,920,112070,-1975,-16439,10,57,-53,-6
2,921,112075,-1992,-16380,-22,55,-54,-4
2,922,112080,-1988,-16353,-37,55,-52,-3
2,923,112085,-1950,-16391,-26,56,-46,0
2,924,112090,-1968,-16389,2,55,-42,0
2,925,112095,-1959,-16338,-10,54,-37,2
2,926,112100,-2009,-16326,19,53,-28,2
2,927,112105,-2048,-16333,31,52,-26,5
2,928,112110,-2029,-16332,-21,52,-23,2
2,929,112115,-2036,-16292,-11,50,-20,3
2,930,112120,-2019,-16286,-15,52,-16,5
2,931,112125,-2043,-16234,-99,50,-13,6
2,932,112130,-2018,-16255,-104,51,-10,5
2,933,112135,-2010,-16215,-157,51,-3,8
2,934,112140,-2001,-16197,-172,50,3,8
2,935,112145,-1981,-16192,-154,49,7,9
2,936,112150,-1986,-16203,-118,50,13,9
2,937,112155,-1933,-16241,-99,52,15,11
2,938,112160,-1945,-16262,-38,49,21,12
2,939,112165,-1928,-16294,31,49,24,11
2,940,112170,-1848,-16306,116,42,27,16
2,941,112175,-1859,-16315,91,42,24,13
2,942,112180,-1900,-16308,130,45,22,14
2,943,112185,-1951,-16341,114,45,12,17
2,944,112190,-1966,-16330,99,41,0,19
2,945,112195,-1916,-16320,120,36,-11,19
2,946,112200,-1908,-16333,177,36,-20,21
2,947,112205,-1925,-16292,137,32,-29,18
2,948,112210,-1932,-16315,19,32,-37,19
2,949,112215,-2022,-16307,-1,33,-42,20
2,950,112220,-2029,-16291,-37,30,-43,22
2,951,112225,-2003,-16279,-36,31,-45,24
2,952,112230,-2047,-16278,-120,31,-47,25
2,953,112235,-2117,-16309,-238,29,-47,21
2,954,112240,-2116,-16288,-215,29,-43,21
2,955,112245,-2099,-16224,-187,26,-31,23
2,956,112250,-1993,-16192,-221,28,-21,23
2,957,112255,-1991,-16183,-228,28,-1,22
2,958,112260,-2040,-16173,-191,29,20,21
2,959,112265,-2081,-16194,-121,29,36,23
2,960,112270,-2069,-16163,-144,29,52,21
2,961,112275,-2022,-16177,-23,26,67,21
2,962,112280,-2001,-16208,73,28,75,22
2,963,112285,-1965,-16217,116,29,77,20
2,964,112290,-1964,-16254,180,27,78,20
2,965,112295,-1923,-16312,247,23,76,19
2,966,112300,-1877,-16336,323,19,68,21
2,967,112305,-1893,-16371,373,18,57,22
2,968,112310,-1886,-16421,393,19,45,22
2,969,112315,-1816,-16466,343,16,33,18
2,970,112320,-1782,-16500,330,11,20,19
2,971,112325,-1800,-16528,303,8,6,21
2,972,112330,-1863,-16506,267,6,-7,20
2,973,112335,-1842,-16532,291,3,-14,21
2,974,112340,-1834,-16535,301,3,-19,23
2,975,112345,-1869,-16486,281,-2,-21,22
2,976,112350,-1919,-16523,259,-4,-20,20
2,977,112355,-1951,-16496,183,-2,-26,20
2,978,112360,-2003,-16460,146,-5,-26,19
2,979,112365,-1988,-16443,169,-6,-21,18
2,980,112370,-2026,-16405,142,-8,-16,19
2,981,112375,-2068,-16371,141,-7,-13,20
2,982,112380,-2102,-16347,83,-10,-11,15
2,983,112385,-2106,-16337,96,-12,-7,15
2,984,112390,-2088,-16345,128,-12,-8,13
2,985,112395,-2054,-16320,98,-13,-8,7
2,986,112400,-2048,-16314,98,-14,-4,9
2,987,112405,-2059,-16368,50,-11,-4,9
2,988,112410,-2034,-16326,52,-12,-5,4
2,989,112415,-2030,-16314,50,-16,-6,4
2,990,112420,-1989,-16326,37,-19,-7,4
2,991,112425,-1957,-16274,77,-17,-6,-1
2,992,112430,-1943,-16296,142,-19,-3,1
2,993,112435,-1937,-16331,148,-18,-2,1
2,994,112440,-1948,-16351,84,-18,4,-2
2,995,112445,-1960,-16357,-1,-20,9,-4
2,996,112450,-1994,-16346,5,-20,6,-3
2,997,112455,-1966,-16344,-5,-21,8,-4
2,998,112460,-1955,-16319,53,-16,5,-6
2,999,112465,-1949,-16302,113,-18,2,-7
3,0,118015,-1876,-16362,141,-3,-5,-7
3,1,118020,-1948,-16378,115,-1,-3,-8
3,2,118025,-1948,-16352,120,-1,-5,-5
3,3,118030,-1892,-16358,130,-1,-4,-4
3,4,118035,-1852,-16361,142,1,-1,-9
3,5,118040,-1874,-16374,186,0,1,-7
3,6,118045,-1987,-16381,78,0,-3,-5
3,7,118050,-1992,-16377,70,1,-2,-7
3,8,118055,-1951,-16390,102,0,-2,-6
3,9,118060,-1893,-16381,156,1,-3,-2
3,10,118065,-1896,-16303,146,1,-6,-3
3,11,118070,-1950,-16327,133,3,-6,-5
3,12,118075,-1940,-16378,163,2,-2,-8
3,13,118080,-1911,-16354,109,3,-6,-5
3,14,118085,-1878,-16365,167,2,-4,-7
3,15,118090,-1898,-16381,210,1,-1,-7
3,16,118095,-1891,-16403,224,4,-2,-5
3,17,118100,-1912,-16400,201,2,-1,-5
3,18,118105,-1958,-16405,186,2,0,-6
3,19,118110,-1963,-16380,184,2,2,-7
3,20,118115,-1966,-16374,112,-1,-2,-8
3,21,118120,-1928,-16370,126,3,-7,-5
3,22,118125,-1930,-16399,166,3,-9,-6
3,23,118130,-1940,-16403,154,1,-8,-7
3,24,118135,-1924,-16419,139,3,-7,-8
3,25,118140,-1921,-16426,140,1,-8,-4
3,26,118145,-1925,-16432,65,1,-8,-4
3,27,118150,-1930,-16373,98,1,-9,-4
3,28,118155,-1927,-16345,87,1,-4,-9
3,29,118160,-1894,-16330,112,0,-3,-8
3,30,118165,-1901,-16348,152,2,-3,-5
3,31,118170,-1892,-16317,165,4,-1,-5
3,32,118175,-1906,-16362,140,4,1,-8
3,33,118180,-1905,-16312,91,0,2,-7
3,34,118185,-1915,-16316,97,5,3,-6
3,35,118190,-1909,-16328,105,5,5,-7
3,36,118195,-1950,-16315,151,1,4,-5
3,37,118200,-1990,-16290,158,0,-1,-4
3,38,118205,-2010,-16284,142,2,-6,-5
3,39,118210,-1996,-16265,92,4,-8,-5
3,40,118215,-2013,-16249,79,3,-8,-5
3,41,118220,-1985,-16260,35,2,-5,-5
3,42,118225,-1969,-16227,43,2,-1,-8
3,43,118230,-1928,-16198,-28,5,-1,-10
3,44,118235,-1912,-16202,-54,6,2,-9
3,45,118240,-1906,-16222,-5,3,8,-11
3,46,118245,-1899,-16300,98,4,9,-9
3,47,118250,-1845,-16293,112,5,8,-7
3,48,118255,-1866,-16255,129,5,9,-9
3,49,118260,-1900,-16247,84,3,8,-7
3,50,118265,-1939,-16266,69,3,7,-5
3,51,118270,-1919,-16288,100,4,6,-7
3,52,118275,-1877,-16271,155,5,2,-6
3,53,118280,-1900,-16325,189,3,0,-7
3,54,118285,-1877,-16390,169,5,-4,-7
3,55,118290,-1902,-16388,151,4,-5,-8
3,56,118295,-1932,-16401,117,5,-8,-6
3,57,118300,-1917,-16400,81,4,-7,-5
3,58,118305,-1879,-16366,41,5,-3,-7
3,59,118310,-1888,-16336,22,4,1,-5
3,60,118315,-1872,-16323,57,3,8,-4
3,61,118320,-1836,-16356,75,4,11,-7
3,62,118325,-1850,-16392,85,5,14,-6
3,63,118330,-1836,-16401,86,7,20,-5
3,64,118335,-1791,-16405,119,7,26,-4
3,65,118340,-1763,-16383,154,5,25,-1
3,66,118345,-1847,-16361,153,3,19,-2
3,67,118350,-1857,-16320,116,4,17,-4
3,68,118355,-1813,-16326,140,3,10,0
3,69,118360,-1810,-16355,183,1,7,0
3,70,118365,-1819,-16393,205,2,1,0
3,71,118370,-1847,-16398,217,3,-4,1
3,72,118375,-1878,-16431,245,2,-9,-1
3,73,118380,-1917,-16457,228,2,-14,1
3,74,118385,-1911,-16435,236,-1,-18,0
3,75,118390,-1921,-16423,269,-2,-23,2
3,76,118395,-1893,-16426,236,0,-30,2
3,77,118400,-1933,-16412,175,-1,-30,1
3,78,118405,-1919,-16421,160,-2,-31,3
3,79,118410,-1942,-16445,84,-3,-30,2
3,80,118415,-1890,-16369,64,-3,-19,3
3,81,118420,-1919,-16366,64,-1,-12,4
3,82,118425,-1912,-16376,87,-1,-7,3
3,83,118430,-1939,-16376,125,-1,-3,1
3,84,118435,-1903,-16382,147,-2,0,2
3,85,118440,-1921,-16363,80,-4,4,2
3,86,118445,-1919,-16364,97,-4,5,2
3,87,118450,-1946,-16388,119,-3,-1,3
3,88,118455,-1989,-16406,138,-2,-5,1
3,89,118460,-1973,-16385,175,-2,-10,1
3,90,118465,-1964,-16348,204,-6,-13,2
3,91,118470,-1931,-16386,197,-7,-12,3
3,92,118475,-1906,-16404,157,-6,-15,5
3,93,118480,-1936,-16392,96,-6,-15,2
3,94,118485,-1968,-16352,81,-5,-12,0
3,95,118490,-1944,-16320,-41,-5,-10,2
3,96,118495,-1946,-16297,-18,-6,-8,3
3,97,118500,-1897,-16298,15,-8,-6,2
3,98,118505,-1879,-16268,64,-5,-4,0
3,99,118510,-1870,-16261,80,-5,-1,1
3,100,118515,-1861,-16277,146,-6,1,0
3,101,118520,-1885,-16319,122,-5,3,5
3,102,118525,-1874,-16333,151,-5,3,1
3,103,118530,-1958,-16282,132,-5,1,1
3,104,118535,-1974,-16334,107,-6,0,3
3,105,118540,-1921,-16341,191,-8,-3,3
3,106,118545,-1934,-16336,223,-7,-10,1
3,107,118550,-1947,-16340,224,-6,-15,2
3,108,118555,-1939,-16365,211,-7,-20,1
3,109,118560,-1926,-16393,181,-6,-22,2
3,110,118565,-1925,-16401,113,-8,-23,3
3,111,118570,-1934,-16369,72,-8,-24,3
3,112,118575,-1949,-16354,10,-7,-21,5
3,113,118580,-1919,-16320,30,-6,-19,3
3,114,118585,-1873,-16298,52,-10,-14,1
3,115,118590,-1860,-16320,49,-8,-10,3
3,116,118595,-1907,-16359,39,-7,-6,2
3,117,118600,-1919,-16344,34,-4,-7,2
3,118,118605,-1932,-16318,41,-7,-9,2
3,119,118610,-1938,-16321,85,-6,-9,1
3,120,118615,-1966,-16308,128,-6,-10,4
3,121,118620,-1975,-16331,129,-5,-10,1
3,122,118625,-1995,-16357,162,-7,-14,2
3,123,118630,-2040,-16377,190,-5,-18,2
3,124,118635,-2040,-16343,206,-4,-22,3
3,125,118640,-2036,-16351,153,-7,-23,-2
3,126,118645,-2007,-16385,111,-5,-28,-4
3,127,118650,-1964,-16385,143,-5,-29,-1
3,128,118655,-2009,-16396,130,-7,-27,-2
3,129,118660,-1975,-16391,131,-6,-22,-4
3,130,118665,-1927,-16394,89,-6,-18,-1
3,131,118670,-1950,-16369,61,-5,-8,-1
3,132,118675,-1878,-16397,58,-4,-2,-4
3,133,118680,-1879,-16383,103,-2,4,-5
3,134,118685,-1904,-16347,95,-1,7,-6
3,135,118690,-1908,-16344,85,-4,9,-3
3,136,118695,-1880,-16355,170,-5,11,-2
3,137,118700,-1884,-16412,226,-6,10,0
3,138,118705,-1889,-16416,167,-5,13,-3
3,139,118710,-1958,-16413,108,-1,14,-3
3,140,118715,-1967,-16406,52,1,10,-4
3,141,118720,-1966,-16321,64,-2,7,-3
3,142,118725,-1945,-16342,109,-3,-1,-4
3,143,118730,-1901,-16375,148,-2,-9,-6
3,144,118735,-1933,-16349,141,0,-14,-6
3,145,118740,-1925,-16356,109,1,-19,-4
3,146,118745,-1901,-16378,92,2,-20,-3
3,147,118750,-1901,-16394,121,0,-22,-4
3,148,118755,-1869,-16385,156,-1,-21,-2
3,149,118760,-1870,-16372,105,-2,-22,-3
3,150,118765,-1923,-16363,1,0,-18,-5
3,151,118770,-1908,-16325,11,1,-16,-4
3,152,118775,-1898,-16338,88,0,-14,-4
3,153,118780,-1870,-16349,156,5,-10,-6
3,154,118785,-1936,-16332,161,4,-10,-7
3,155,118790,-1901,-16340,201,4,-10,-1
3,156,118795,-1910,-16373,175,4,-13,-2
3,157,118800,-1930,-16417,187,4,-13,-4
3,158,118805,-1888,-16404,121,5,-18,-4
3,159,118810,-1912,-16375,55,4,-19,-2
3,160,118815,-1878,-16367,104,5,-15,-2
3,161,118820,-1880,-16399,154,3,-12,-4
3,162,118825,-1911,-16382,151,4,-11,-6
3,163,118830,-1897,-16392,113,5,-11,-7
3,164,118835,-1962,-16362,95,4,-11,-5
3,165,118840,-1999,-16359,51,2,-11,-4
3,166,118845,-2005,-16327,64,4,-9,-3
3,167,118850,-1959,-16338,105,4,-6,-4
3,168,118855,-1929,-16293,37,7,-8,-4
3,169,118860,-1921,-16307,40,7,-6,-5
3,170,118865,-2007,-16302,47,6,-4,-4
3,171,118870,-2034,-16292,62,5,-5,-7
3,172,118875,-1948,-16282,98,6,-3,-4
3,173,118880,-1959,-16303,144,8,-3,-3
3,174,118885,-1923,-16290,139,7,-5,-5
3,175,118890,-1916,-16362,254,11,-5,-5
3,176,118895,-1959,-16358,181,9,-9,-7
3,177,118900,-2027,-16367,155,7,-12,-7
3,178,118905,-2019,-16357,187,9,-14,-7
3,179,118910,-1987,-16361,146,9,-14,-10
3,180,118915,-1985,-16358,139,6,-12,-11
3,181,118920,-1974,-16373,193,7,-10,-9
3,182,118925,-1967,-16410,125,5,-5,-9
3,183,118930,-1957,-16381,85,8,1,-8
3,184,118935,-1970,-16395,92,10,6,-8
3,185,118940,-1920,-16388,124,8,9,-7
3,186,118945,-1929,-16359,125,6,12,-8
3,187,118950,-1880,-16373,119,4,15,-9
3,188,118955,-1957,-16341,93,7,13,-9
3,189,118960,-1981,-16333,108,7,12,-9
3,190,118965,-1963,-16334,110,5,11,-9
3,191,118970,-1972,-16313,132,9,13,-10
3,192,118975,-1965,-16326,131,9,8,-12
3,193,118980,-1958,-16304,96,8,4,-11
3,194,118985,-1937,-16330,128,8,0,-13
3,195,118990,-1933,-16299,117,7,-3,-10
3,196,118995,-1915,-16372,176,6,-4,-8
3,197,119000,-1857,-16371,139,5,-4,-12
3,198,119005,-1808,-16355,129,6,-1,-9
3,199,119010,-1847,-16369,146,5,3,-10
3,200,119015,-1846,-16369,156,5,6,-8
3,201,119020,-1868,-16350,129,7,10,-8
3,202,119025,-1870,-16366,181,6,12,-8
3,203,119030,-1844,-16394,204,1,16,-9
3,204,119035,-1815,-16367,182,4,14,-8
3,205,119040,-1833,-16361,154,4,13,-5
3,206,119045,-1902,-16372,154,3,8,-5
3,207,119050,-1848,-16354,117,2,5,-6
3,208,119055,-1863,-16323,106,3,0,-5
3,209,119060,-1843,-16344,135,1,-3,-5
3,210,119065,-1906,-16380,120,3,-8,-4
3,211,119070,-1888,-16349,133,-1,-12,-5
3,212,119075,-1939,-16362,56,1,-22,-8
3,213,119080,-1980,-16343,77,4,-25,-6
3,214,119085,-1934,-16346,58,1,-25,-5
3,215,119090,-1886,-16319,72,0,-30,-5
3,216,119095,-1868,-16334,127,1,-30,-4
3,217,119100,-1856,-16359,157,1,-23,-2
3,218,119105,-1877,-16347,131,1,-25,-2
3,219,119110,-1918,-16341,118,1,-21,-4
3,220,119115,-1991,-16329,114,1,-15,-5
3,221,119120,-1923,-16321,83,2,-11,-5
3,222,119125,-1904,-16270,77,-1,-5,-4
3,223,119130,-1899,-16255,48,3,-3,-3
3,224,119135,-1938,-16281,84,3,-2,-4
3,225,119140,-1901,-16307,58,0,1,-6
3,226,119145,-1901,-16361,40,0,3,-3
3,227,119150,-1858,-16332,59,2,10,-3
3,228,119155,-1919,-16347,164,2,12,-4
3,229,119160,-1890,-16367,119,1,4,-5
3,230,119165,-1874,-16348,29,6,-2,0
3,231,119170,-1884,-16308,134,5,-2,-2
3,232,119175,-1926,-16343,125,0,-8,-1
3,233,119180,-1890,-16310,79,4,-13,-1
3,234,119185,-1862,-16302,145,2,-14,-1
3,235,119190,-1880,-16333,103,3,-17,-1
3,236,119195,-1919,-16321,54,2,-19,1
3,237,119200,-1948,-16312,56,1,-21,0
3,238,119205,-1893,-16311,34,2,-22,-2
3,239,119210,-1827,-16333,37,3,-20,-1
3,240,119215,-1846,-16390,50,4,-16,-2
3,241,119220,-1885,-16383,110,3,-12,-2
3,242,119225,-1903,-16410,130,5,-12,-2
3,243,119230,-1838,-16423,92,4,-12,1
3,244,119235,-1875,-16444,133,5,-9,0
3,245,119240,-1912,-16432,165,2,-6,0
3,246,119245,-1923,-16440,190,3,-7,-1
3,247,119250,-1959,-16411,219,3,-7,1
3,248,119255,-1946,-16385,182,2,-8,2
3,249,119260,-1944,-16374,171,3,-6,3
3,250,119265,-1907,-16369,178,1,-6,2
3,251,119270,-1933,-16375,172,1,-8,-1
3,252,119275,-1928,-16385,134,-2,-10,-1
3,253,119280,-1910,-16369,168,0,-15,-2
3,254,119285,-1881,-16374,179,3,-13,0
3,255,119290,-1953,-16373,174,1,-17,0
3,256,119295,-1984,-16372,148,-1,-19,1
3,257,119300,-1961,-16347,150,2,-23,3
3,258,119305,-1970,-16336,182,0,-25,-2
3,259,119310,-1978,-16379,169,2,-21,0
3,260,119315,-1939,-16391,194,0,-20,0
3,261,119320,-1975,-16393,236,-1,-22,-2
3,262,119325,-1993,-16372,198,-2,-21,-2
3,263,119330,-1946,-16393,237,-3,-16,-5
3,264,119335,-1929,-16434,162,-2,-9,-3
3,265,119340,-1973,-16383,134,-2,-4,0
3,266,119345,-1922,-16402,151,-2,-3,-2
3,267,119350,-1916,-16427,164,0,-2,0
3,268,119355,-1909,-16396,161,-1,7,-1
3,269,119360,-1899,-16349,141,-4,9,-2
3,270,119365,-1946,-16348,193,-4,12,-2
3,271,119370,-1986,-16365,207,-4,14,-1
3,272,119375,-1958,-16361,196,-5,15,-3
3,273,119380,-1914,-16329,257,-6,16,-2
3,274,119385,-1918,-16332,230,-8,14,-2
3,275,119390,-1895,-16342,218,-7,11,-1
3,276,119395,-1867,-16343,147,-7,10,-4
3,277,119400,-1908,-16338,149,-7,7,-3
3,278,119405,-1942,-16299,105,-5,6,-3
3,279,119410,-1925,-16269,110,-10,2,-3
3,280,119415,-1865,-16306,84,-6,-4,-2
3,281,119420,-1857,-16310,120,-7,-5,-3
3,282,119425,-1877,-16274,81,-7,-5,-1
3,283,119430,-1926,-16281,32,-5,-5,-2
3,284,119435,-1928,-16259,5,-8,-4,-6
3,285,119440,-1917,-16256,48,-5,-6,-4
3,286,119445,-1894,-16261,124,-3,-2,0
3,287,119450,-1898,-16238,78,-5,0,-4
3,288,119455,-1892,-16290,53,-4,-1,-4
3,289,119460,-1901,-16300,79,-2,1,-1
3,290,119465,-1902,-16280,68,-2,2,-2
3,291,119470,-1907,-16282,90,-2,5,-4
3,292,119475,-1879,-16315,123,-5,4,-5
3,293,119480,-1896,-16293,184,-6,1,-4
3,294,119485,-1900,-16275,168,-6,-1,-3
3,295,119490,-1917,-16285,165,-6,-5,-4
3,296,119495,-1897,-16313,155,-5,-5,-2
3,297,119500,-1910,-16322,121,-7,-11,-1
3,298,119505,-1967,-16320,138,-6,-12,-6
3,299,119510,-2001,-16301,118,-5,-14,-5
3,300,119515,-1987,-16293,85,-7,-14,-4
3,301,119520,-1978,-16323,74,-5,-14,-4
3,302,119525,-1988,-16355,-33,-3,-12,-3
3,303,119530,-1986,-16357,-52,-4,-7,-5
3,304,119535,-1989,-16346,-138,-5,1,-7
3,305,119540,-2035,-16361,-207,-2,14,-4
3,306,119545,-2120,-16306,-262,3,29,-7
3,307,119550,-2091,-16208,-286,6,50,-7
3,308,119555,-2134,-16160,-299,8,77,-5
3,309,119560,-2080,-16298,-223,7,110,-3
3,310,119565,-2097,-16342,-90,8,149,-7
3,311,119570,-2236,-16330,22,12,184,-9
3,312,119575,-2329,-16351,35,18,200,-11
3,313,119580,-2071,-16320,-168,20,209,-9
3,314,119585,-1843,-16332,18,15,233,-7
3,315,119590,-1928,-16333,496,16,244,-11
3,316,119595,-2090,-16336,438,17,234,-13
3,317,119600,-1983,-16394,201,16,223,-8
3,318,119605,-1812,-16431,310,16,220,-4
3,319,119610,-1740,-16410,670,16,202,-5
3,320,119615,-1789,-16453,749,14,165,-7
3,321,119620,-1883,-16377,618,12,120,-10
3,322,119625,-1824,-16325,588,9,81,-7
3,323,119630,-1736,-16348,544,7,47,-2
3,324,119635,-1687,-16442,528,7,21,-2
3,325,119640,-1671,-16467,519,5,-10,0
3,326,119645,-1698,-16423,392,5,-37,-2
3,327,119650,-1742,-16396,195,5,-54,-5
3,328,119655,-1759,-16400,123,4,-61,0
3,329,119660,-1809,-16420,170,4,-63,2
3,330,119665,-1730,-16401,163,3,-67,4
3,331,119670,-1752,-16424,59,5,-71,9
3,332,119675,-1807,-16378,-37,6,-66,9
3,333,119680,-1838,-16346,-38,5,-59,6
3,334,119685,-1895,-16295,-35,8,-50,6
3,335,119690,-1857,-16332,17,7,-41,9
3,336,119695,-1775,-16372,79,13,-31,10
3,337,119700,-1797,-16379,111,13,-21,7
3,338,119705,-1801,-16401,161,13,-20,8
3,339,119710,-1883,-16389,157,16,-21,12
3,340,119715,-1855,-16353,186,14,-23,12
3,341,119720,-1845,-16341,237,14,-27,13
3,342,119725,-1895,-16335,168,14,-32,13
3,343,119730,-1899,-16357,176,16,-37,15
3,344,119735,-1897,-16349,83,19,-37,15
3,345,119740,-1889,-16351,3,13,-30,12
3,346,119745,-1915,-16339,1,16,-23,18
3,347,119750,-1972,-16319,19,20,-19,17
3,348,119755,-1963,-16297,20,22,-18,15
3,349,119760,-1867,-16350,-14,19,-8,18
3,350,119765,-1881,-16393,38,21,9,18
3,351,119770,-1924,-16427,96,21,23,18
3,352,119775,-1985,-16447,81,23,33,17
3,353,119780,-1991,-16398,27,26,34,18
3,354,119785,-1962,-16390,18,26,39,22
3,355,119790,-1932,-16407,70,26,45,25
3,356,119795,-1867,-16407,189,25,43,25
3,357,119800,-1707,-16395,456,21,32,26
3,358,119805,-1080,-16412,1648,5,8,34
3,359,119810,-2165,-16194,1997,-2,-62,46
3,360,119815,-2589,-16217,840,25,-170,23
3,361,119820,-3453,-15552,-1144,23,-266,17
3,362,119825,-2609,-15500,-901,4,-315,42
3,363,119830,-1316,-15691,255,-4,-332,60
3,364,119835,-869,-16091,742,5,-309,51
3,365,119840,-1804,-16259,-63,25,-249,32
3,366,119845,-2758,-16453,-1156,36,-175,41
3,367,119850,-2673,-16259,-1332,26,-105,54
3,368,119855,-2167,-16230,-540,23,-25,75
3,369,119860,-1722,-16437,-499,37,70,80
3,370,119865,-1757,-16493,-1360,49,197,78
3,371,119870,-2078,-16516,-1526,52,340,92
3,372,119875,-2165,-16520,-1339,54,460,104
3,373,119880,-2211,-16724,-198,67,574,116
3,374,119885,-2120,-16650,253,72,706,129
3,375,119890,-2372,-16492,601,75,737,142
3,376,119895,-2641,-16632,945,69,725,157
3,377,119900,-2487,-16421,929,67,675,162
3,378,119905,-2348,-16621,1258,64,613,179
3,379,119910,-2386,-16552,1603,54,522,188
3,380,119915,-2560,-16469,1846,44,401,197
3,381,119920,-2694,-16423,1571,42,262,208
3,382,119925,-2472,-16291,1123,41,140,223
3,383,119930,-2191,-16174,745,35,42,241
3,384,119935,-2157,-16274,791,27,-39,256
3,385,119940,-2371,-16162,1059,22,-123,262
3,386,119945,-2651,-16107,1115,18,-214,273
3,387,119950,-2689,-15979,761,24,-287,286
3,388,119955,-2624,-15937,278,26,-332,304
3,389,119960,-2656,-16050,88,24,-347,321
3,390,119965,-2817,-16059,71,23,-350,333
3,391,119970,-2925,-16026,-105,26,-335,342
3,392,119975,-3031,-16013,-392,32,-287,357
3,393,119980,-3054,-16048,-472,41,-222,374
3,394,119985,-3087,-16092,-397,43,-163,386
3,395,119990,-3232,-16057,-139,45,-110,399
3,396,119995,-3459,-16017,113,52,-61,411
3,397,120000,-3657,-15987,196,54,-27,421
3,398,120005,-3792,-16010,313,55,0,434
3,399,120010,-3880,-16022,509,57,10,448
3,400,120015,-3911,-16069,567,56,8,459
3,401,120020,-3823,-16121,526,58,4,473
3,402,120025,-3808,-16169,386,58,17,482
3,403,120030,-3896,-16095,237,57,35,488
3,404,120035,-4097,-16047,342,59,50,498
3,405,120040,-4208,-16016,344,61,52,511
3,406,120045,-3910,-16065,-56,67,55,524
3,407,120050,-3794,-16072,-37,67,85,535
3,408,120055,-3975,-16120,212,67,113,544
3,409,120060,-4083,-16027,139,74,128,553
3,410,120065,-3989,-16045,21,78,148,565
3,411,120070,-3887,-16121,180,76,174,580
3,412,120075,-4015,-16107,483,77,193,588
3,413,120080,-4130,-16092,518,78,196,597
3,414,120085,-4192,-16070,409,77,196,605
3,415,120090,-4121,-16029,267,77,200,618
3,416,120095,-4131,-16045,285,77,207,628
3,417,120100,-4185,-16007,584,74,212,639
3,418,120105,-4228,-16022,521,79,204,647
3,419,120110,-4309,-15994,486,79,200,654
3,420,120115,-4371,-15970,450,75,194,661
3,421,120120,-4329,-15991,454,72,193,670
3,422,120125,-4232,-15973,357,72,202,679
3,423,120130,-4149,-15945,169,78,221,690
3,424,120135,-4332,-15906,140,77,237,699
3,425,120140,-4508,-15747,147,73,239,702
3,426,120145,-4602,-15924,687,71,238,713
3,427,120150,-4530,-15588,637,73,196,707
3,428,120155,-4388,-15844,504,70,172,733
3,429,120160,-4495,-15803,381,71,143,731
3,430,120165,-4653,-15709,546,69,113,728
3,431,120170,-4690,-15794,390,61,76,739
3,432,120175,-4616,-15647,565,68,51,740
3,433,120180,-4686,-15789,566,65,25,753
3,434,120185,-4710,-15842,425,66,13,750
3,435,120190,-4657,-15792,264,66,6,751
3,436,120195,-4648,-15876,137,62,10,755
3,437,120200,-4789,-15806,237,64,18,755
3,438,120205,-4828,-15775,386,61,29,756
3,439,120210,-4802,-15712,360,62,27,763
3,440,120215,-4867,-15729,332,58,35,765
3,441,120220,-5003,-15664,413,58,41,760
3,442,120225,-5166,-15627,318,58,25,761
3,443,120230,-5145,-15534,403,61,17,757
3,444,120235,-4982,-15466,360,57,-7,759
3,445,120240,-4979,-15542,384,49,-13,755
3,446,120245,-5089,-15467,554,50,-15,750
3,447,120250,-5100,-15630,-850,54,-34,751
3,448,120255,-5449,-15521,951,42,65,725
3,449,120260,-5559,-15096,1105,39,-42,723
3,450,120265,-5318,-15828,1217,49,-176,752
3,451,120270,-5218,-15666,14,45,-246,717
3,452,120275,-5396,-15238,-300,44,-218,688
3,453,120280,-5716,-15532,154,45,-170,704
3,454,120285,-5697,-15317,728,43,-144,683
3,455,120290,-5448,-15261,317,42,-170,680
3,456,120295,-5363,-15545,44,45,-188,678
3,457,120300,-5693,-15506,403,41,-185,653
3,458,120305,-5945,-15303,464,42,-206,635
3,459,120310,-5777,-15440,286,43,-220,632
3,460,120315,-5599,-15357,212,42,-197,620
3,461,120320,-5643,-15454,165,41,-153,611
3,462,120325,-5840,-15559,655,40,-120,595
3,463,120330,-5815,-15457,453,36,-141,576
3,464,120335,-5583,-15670,434,35,-150,567
3,465,120340,-5446,-15559,773,34,-141,545
3,466,120345,-5419,-15530,840,31,-147,534
3,467,120350,-5298,-15603,848,33,-156,524
3,468,120355,-5224,-15657,721,31,-176,508
3,469,120360,-5232,-15716,771,25,-198,493
3,470,120365,-5252,-15747,993,21,-228,481
3,471,120370,-5278,-15746,1179,18,-263,465
3,472,120375,-5279,-15744,1257,14,-299,450
3,473,120380,-5301,-15749,1166,12,-334,435
3,474,120385,-5406,-15766,993,8,-361,420
3,475,120390,-5516,-15736,892,4,-381,402
3,476,120395,-5667,-15770,783,2,-394,388
3,477,120400,-5674,-15734,613,1,-398,370
3,478,120405,-5794,-15675,428,3,-387,349
3,479,120410,-5934,-15574,325,3,-370,331
3,480,120415,-6028,-15524,255,2,-340,311
3,481,120420,-6090,-15464,145,4,-296,293
3,482,120425,-6065,-15455,180,7,-237,280
3,483,120430,-6117,-15460,127,9,-167,259
3,484,120435,-6178,-15437,142,13,-96,238
3,485,120440,-6328,-15421,165,10,-35,214
3,486,120445,-6400,-15326,337,10,28,189
3,487,120450,-6393,-15289,481,11,76,171
3,488,120455,-6221,-15355,575,11,116,153
3,489,120460,-6147,-15354,747,13,153,129
3,490,120465,-6184,-15336,792,7,181,108
3,491,120470,-6265,-15333,838,3,193,86
3,492,120475,-6248,-15233,959,3,189,61
3,493,120480,-6140,-15257,1064,-1,170,41
3,494,120485,-6062,-15236,1168,-5,147,23
3,495,120490,-5970,-15205,1215,-10,118,-3
3,496,120495,-6006,-15225,1162,-10,86,-25
3,497,120500,-6062,-15180,981,-15,54,-45
3,498,120505,-6101,-15188,866,-19,26,-65
3,499,120510,-6022,-15197,888,-20,1,-86
3,500,120515,-5956,-15174,922,-25,-23,-107
3,501,120520,-5933,-15162,795,-26,-42,-130
3,502,120525,-5941,-15199,732,-28,-57,-153
3,503,120530,-5960,-15186,638,-30,-65,-171
3,504,120535,-5968,-15259,601,-35,-69,-192
3,505,120540,-5960,-15271,663,-34,-67,-216
3,506,120545,-5863,-15278,702,-36,-64,-235
3,507,120550,-5889,-15267,641,-40,-58,-256
3,508,120555,-6000,-15252,638,-42,-56,-279
3,509,120560,-6012,-15231,589,-40,-60,-300
3,510,120565,-5853,-15235,515,-41,-56,-319
3,511,120570,-5772,-15263,495,-42,-45,-338
3,512,120575,-5739,-15308,439,-44,-25,-357
3,513,120580,-5775,-15307,480,-45,-6,-381
3,514,120585,-5894,-15260,481,-46,4,-403
3,515,120590,-5849,-15226,520,-50,10,-423
3,516,120595,-5741,-15181,630,-48,10,-440
3,517,120600,-5641,-15186,722,-48,12,-462
3,518,120605,-5640,-15235,681,-53,5,-482
3,519,120610,-5729,-15197,605,-55,-8,-503
3,520,120615,-5765,-15205,535,-55,-23,-522
3,521,120620,-5519,-15179,620,-59,-30,-560
3,522,120625,-5531,-15177,666,-63,-30,-581
3,523,120630,-5523,-15154,565,-62,-32,-600
3,524,120635,-5473,-15171,394,-59,-24,-616
3,525,120640,-5364,-15232,265,-62,-2,-636
3,526,120645,-5226,-15321,205,-65,27,-654
3,527,120650,-5155,-15366,155,-61,61,-670
3,528,120655,-5165,-15337,215,-60,93,-692
3,529,120660,-5195,-15305,185,-58,122,-708
3,530,120665,-5083,-15306,234,-56,141,-719
3,531,120670,-4964,-15339,357,-59,159,-732
3,532,120675,-4861,-15406,510,-59,168,-746
3,533,120680,-4837,-15423,555,-58,165,-766
3,534,120685,-4807,-15462,534,-61,159,-780
3,535,120690,-4744,-15449,552,-60,143,-794
3,536,120695,-4721,-15465,641,-63,124,-809
3,537,120700,-4673,-15554,680,-60,103,-822
3,538,120705,-4527,-15644,1213,-49,65,-838
3,539,120710,-4423,-15394,105,-59,-1,-856
3,540,120715,-4311,-15728,-328,-77,8,-858
3,541,120720,-4597,-15418,1067,-75,39,-877
3,542,120725,-4417,-15683,1260,-70,-16,-873
3,543,120730,-4095,-15679,129,-56,-87,-895
3,544,120735,-3964,-15622,81,-59,-92,-911
3,545,120740,-4076,-15788,491,-70,-85,-916
3,546,120745,-4083,-15885,517,-73,-89,-920
3,547,120750,-3775,-15847,61,-71,-80,-930
3,548,120755,-3643,-15937,10,-66,-45,-936
3,549,120760,-3780,-15973,251,-66,-27,-944
3,550,120765,-3862,-15969,428,-68,-39,-951
3,551,120770,-3776,-15953,434,-65,-56,-957
3,552,120775,-3643,-15957,358,-65,-61,-965
3,553,120780,-3537,-15999,278,-64,-59,-967
3,554,120785,-3506,-16019,387,-63,-69,-974
3,555,120790,-3633,-16085,475,-65,-88,-978
3,556,120795,-3541,-16065,296,-65,-113,-982
3,557,120800,-3379,-16026,299,-63,-122,-985
3,558,120805,-3322,-16104,451,-63,-125,-989
3,559,120810,-3329,-16039,456,-63,-141,-994
3,560,120815,-3369,-16009,308,-61,-159,-997
3,561,120820,-3355,-16026,305,-62,-181,-1004
3,562,120825,-3234,-16070,257,-64,-198,-1003
3,563,120830,-3047,-16121,306,-61,-207,-1002
3,564,120835,-2906,-16122,335,-59,-217,-1007
3,565,120840,-2848,-16161,248,-59,-231,-1009
3,566,120845,-2849,-16185,218,-58,-247,-1013
3,567,120850,-2773,-16205,308,-58,-269,-1008
3,568,120855,-2712,-16207,366,-55,-292,-1007
3,569,120860,-2653,-16182,451,-55,-321,-1008
3,570,120865,-2673,-16164,524,-57,-361,-1010
3,571,120870,-2675,-16143,461,-60,-411,-1012
3,572,120875,-2732,-16167,470,-61,-463,-1012
3,573,120880,-2646,-16195,662,-60,-521,-1011
3,574,120885,-2459,-16204,270,-65,-582,-1011
3,575,120890,-2452,-16202,722,-59,-608,-1010
3,576,120895,-2464,-16183,589,-64,-654,-1008
3,577,120900,-2459,-16180,424,-68,-679,-1004
3,578,120905,-2376,-16125,83,-66,-680,-1001
3,579,120910,-2173,-16367,-283,-62,-649,-994
3,580,120915,-2103,-16339,-461,-60,-596,-995
3,581,120920,-2130,-16433,-492,-56,-534,-994
3,582,120925,-2153,-16453,-436,-51,-461,-994
3,583,120930,-2070,-16513,-334,-45,-376,-987
3,584,120935,-2007,-16597,-122,-41,-288,-979
3,585,120940,-1917,-16732,313,-36,-208,-972
3,586,120945,-1577,-16707,-382,-28,-157,-968
3,587,120950,-1485,-16803,-199,-32,-58,-954
3,588,120955,-1719,-17160,816,-42,12,-942
3,589,120960,-1662,-17207,1574,-26,33,-947
3,590,120965,-1436,-16907,2685,-12,-46,-955
3,591,120970,-996,-17068,-178,-3,-213,-922
3,592,120975,-1181,-17459,88,-23,-120,-924
3,593,120980,-1847,-16696,1133,-35,-40,-936
3,594,120985,-763,-17144,2219,-22,-203,-898
3,595,120990,-475,-17246,1038,-24,-331,-898
3,596,120995,-1254,-17242,666,-39,-399,-899
3,597,121000,-1881,-16902,944,-45,-419,-888
3,598,121005,-3696,-14373,-3218,-43,-433,-850
3,599,121010,15611,-25622,-31524,190,86,-816
3,600,121015,-23868,745,13127,472,3342,-987
3,601,121037,-3183,-22522,32767,52,4340,-462
3,602,121038,-3183,-22522,32767,52,4340,-462
3,603,121039,-3183,-22522,32767,52,4340,-462
3,604,121040,-32768,-12016,23816,54,-2082,-912
3,605,121041,-32768,-12016,23816,54,-2082,-912
3,606,121045,-23660,-4605,-12128,190,-5035,-112
3,607,121050,21385,-14166,-32768,346,-4041,901
3,608,121055,32767,-26571,-7111,106,-110,892
3,609,121060,-1434,-20865,21620,-36,1313,-46
3,610,121065,-26798,-11973,21892,49,-1014,-267
3,611,121070,-14909,-11795,-7158,191,-3539,318
3,612,121075,12934,-17168,-24037,251,-3209,600
3,613,121080,13884,-19400,-7990,77,-1161,401
3,614,121085,-2939,-17772,9181,24,-71,114
3,615,121090,-14225,-14788,10065,173,-376,145
3,616,121095,-5441,-15431,-3163,332,-1006,369
3,617,121100,6992,-16787,-12068,286,-935,429
3,618,121105,4334,-18086,517,129,-191,323
3,619,121110,-3857,-17468,6727,88,-75,218
3,620,121115,-7617,-15499,3709,222,-124,239
3,621,121120,-2182,-15422,-3533,335,-78,361
3,622,121125,2674,-17014,-5022,271,235,406
3,623,121130,539,-17381,2549,169,487,315
3,624,121135,-3581,-16654,5878,184,303,255
3,625,121140,-4015,-16507,2439,226,99,284
3,626,121145,-1279,-15515,-2460,266,166,312
3,627,121150,133,-16516,-2111,231,452,372
3,628,121155,-1443,-16976,2765,176,567,337
3,629,121160,-2775,-16383,4796,180,370,296
3,630,121165,-1905,-16535,2074,203,159,311
3,631,121170,-710,-16160,-312,211,177,312
3,632,121175,-854,-16645,390,184,279,331
3,633,121180,-2016,-16571,2639,160,247,314
3,634,121185,-2108,-16437,2971,165,112,315
3,635,121190,-845,-16619,1188,179,40,324
3,636,121195,-489,-16419,1150,170,103,312
3,637,121200,-1200,-16533,1232,148,90,317
3,638,121205,-1943,-16844,1678,136,24,321
3,639,121210,-1812,-16526,1759,138,-40,308
3,640,121215,-929,-16240,624,145,-52,313
3,641,121220,-748,-16712,550,142,22,329
3,642,121225,-1522,-16498,1316,127,60,312
3,643,121230,-1850,-16566,1317,124,14,318
3,644,121235,-1390,-16739,182,125,-16,321
3,645,121240,-1283,-16393,547,124,69,309
3,646,121245,-1464,-16707,1042,116,130,326
3,647,121250,-1683,-16668,980,123,126,322
3,648,121255,-1772,-16468,980,120,115,312
3,649,121260,-1574,-16455,326,112,117,314
3,650,121265,-1692,-16667,639,110,180,317
3,651,121270,-2071,-16360,1468,108,221,304
3,652,121275,-1959,-16636,959,103,203,318
3,653,121280,-1888,-16539,849,105,206,309
3,654,121285,-1947,-16639,1397,97,209,306
3,655,121290,-2069,-16555,1368,90,172,296
3,656,121295,-1980,-16539,1038,94,159,298
3,657,121300,-1945,-16585,900,85,173,296
3,658,121305,-1997,-16597,1322,79,201,290
3,659,121310,-2178,-16624,1446,76,189,287
3,660,121315,-2178,-16593,1485,70,148,280
3,661,121320,-2061,-16553,1167,62,98,279
3,662,121325,-2025,-16560,1238,58,89,278
3,663,121330,-2117,-16482,1245,53,93,274
3,664,121335,-2153,-16514,918,47,103,272
3,665,121340,-2241,-16566,1261,46,141,266
3,666,121345,-2175,-16404,1078,43,129,260
3,667,121350,-2149,-16594,1330,34,121,263
3,668,121355,-2190,-16474,1181,29,95,252
3,669,121360,-2266,-16409,1022,23,106,246
3,670,121365,-2329,-16388,893,16,131,241
3,671,121370,-2339,-16464,1150,15,161,239
3,672,121375,-2264,-16367,1368,17,156,232
3,673,121380,-2208,-16390,1193,8,132,235
3,674,121385,-2247,-16363,1044,4,119,227
3,675,121390,-2310,-16335,1069,-1,122,218
3,676,121395,-2363,-16351,1094,-4,130,218
3,677,121400,-2289,-16334,1151,-6,138,214
3,678,121405,-2221,-16343,1029,-11,137,212
3,679,121410,-2240,-16369,1294,-17,141,207
3,680,121415,-2265,-16386,1452,-19,122,203
3,681,121420,-2301,-16409,1231,-22,95,197
3,682,121425,-2311,-16296,1152,-25,83,191
3,683,121430,-2352,-16316,1309,-34,76,190
3,684,121435,-2365,-16393,1318,-38,62,186
3,685,121440,-2348,-16336,1265,-41,49,179
3,686,121445,-2396,-16376,1201,-42,36,180
3,687,121450,-2431,-16342,1172,-45,20,172
3,688,121455,-2420,-16291,1167,-52,2,165
3,689,121460,-2400,-16324,1258,-54,-11,160
3,690,121465,-2268,-16253,1281,-57,-17,156
3,691,121470,-2312,-16264,1236,-61,-18,154
3,692,121475,-2439,-16245,1186,-61,-20,146
3,693,121480,-2547,-16284,1112,-65,-29,141
3,694,121485,-2591,-16286,1030,-71,-39,138
3,695,121490,-2507,-16271,993,-70,-43,132
3,696,121495,-2433,-16243,932,-70,-38,129
3,697,121500,-2431,-16206,921,-74,-33,125
3,698,121505,-2505,-16198,884,-77,-25,118
3,699,121510,-2587,-16195,870,-77,-13,112
3,700,121515,-2635,-16187,884,-78,-3,110
3,701,121520,-2589,-16201,901,-79,9,104
3,702,121525,-2500,-16250,869,-78,30,100
3,703,121530,-2494,-16218,821,-83,49,96
3,704,121535,-2569,-16179,819,-81,67,90
3,705,121540,-2607,-16204,895,-82,91,86
3,706,121545,-2621,-16278,975,-83,108,82
3,707,121550,-2570,-16270,1052,-85,124,78
3,708,121555,-2555,-16281,1167,-83,137,75
3,709,121560,-2570,-16266,1186,-86,133,66
3,710,121565,-2640,-16250,1206,-91,129,63
3,711,121570,-2640,-16249,1280,-93,113,60
3,712,121575,-2641,-16221,1343,-95,89,53
3,713,121580,-2659,-16232,1296,-97,70,52
3,714,121585,-2616,-16214,1256,-100,46,45
3,715,121590,-2644,-16225,1196,-102,21,41
3,716,121595,-2661,-16192,1152,-101,3,37
3,717,121600,-2651,-16180,1133,-105,-10,33
3,718,121605,-2635,-16183,1053,-105,-21,32
3,719,121610,-2560,-16162,1041,-107,-21,27
3,720,121615,-2534,-16134,995,-108,-20,22
3,721,121620,-2606,-16063,934,-109,-22,16
3,722,121625,-2665,-16097,862,-111,-19,14
3,723,121630,-2693,-16128,877,-109,-11,11
3,724,121635,-2687,-16116,830,-106,4,8
3,725,121640,-2725,-16091,760,-105,16,4
3,726,121645,-2618,-16102,625,-105,35,0
3,727,121650,-2594,-16093,563,-103,64,-2
3,728,121655,-2602,-16136,508,-100,97,-5
3,729,121660,-2679,-16133,550,-97,131,-9
3,730,121665,-2629,-16139,591,-96,161,-14
3,731,121670,-2625,-16155,693,-93,186,-17
3,732,121675,-2615,-16180,868,-93,204,-19
3,733,121680,-2560,-16166,991,-93,210,-19
3,734,121685,-2528,-16213,1130,-91,198,-24
3,735,121690,-2559,-16160,1173,-93,175,-23
3,736,121695,-2554,-16155,1134,-93,141,-23
3,737,121700,-2525,-16139,1236,-94,109,-27
3,738,121705,-2514,-16125,1285,-92,75,-30
3,739,121710,-2515,-16159,1229,-94,38,-33
3,740,121715,-2504,-16139,1102,-97,7,-34
3,741,121720,-2603,-16079,1015,-100,-38,-39
3,742,121725,-2687,-16076,952,-99,-59,-42
3,743,121730,-2604,-16079,825,-95,-75,-42
3,744,121735,-2587,-16071,727,-96,-80,-44
3,745,121740,-2644,-16040,622,-94,-72,-46
3,746,121745,-2687,-16068,494,-89,-49,-48
3,747,121750,-2649,-16043,327,-86,-22,-50
3,748,121755,-2704,-16097,159,-81,18,-49
3,749,121760,-2665,-16110,150,-76,62,-49
3,750,121765,-2635,-16106,240,-74,106,-51
3,751,121770,-2627,-16092,343,-70,145,-53
3,752,121775,-2641,-16121,468,-64,178,-53
3,753,121780,-2641,-16160,633,-60,200,-52
3,754,121785,-2582,-16191,711,-57,210,-51
3,755,121790,-2587,-16218,850,-57,206,-53
3,756,121795,-2606,-16242,1017,-58,194,-53
3,757,121800,-2612,-16163,1088,-56,170,-56
3,758,121805,-2601,-16178,1178,-55,139,-55
3,759,121810,-2573,-16187,1222,-56,101,-57
3,760,121815,-2618,-16225,1167,-55,57,-59
3,761,121820,-2635,-16238,1150,-56,9,-58
3,762,121825,-2667,-16231,1151,-56,-39,-59
3,763,121830,-2642,-16183,1098,-57,-86,-59
3,764,121835,-2583,-16198,993,-57,-126,-60
3,765,121840,-2599,-16197,918,-56,-147,-61
3,766,121845,-2586,-16234,732,-53,-157,-59
3,767,121850,-2577,-16242,580,-50,-157,-60
3,768,121855,-2619,-16239,454,-50,-144,-59
3,769,121860,-2593,-16234,418,-45,-120,-61
3,770,121865,-2595,-16271,541,-44,-99,-60
3,771,121870,-2661,-16220,583,-40,-76,-61
3,772,121875,-2702,-16229,619,-38,-59,-60
3,773,121880,-2736,-16187,631,-36,-48,-62
3,774,121885,-2762,-16183,644,-31,-38,-59
3,775,121890,-2739,-16210,706,-29,-36,-59
3,776,121895,-2723,-16205,806,-28,-35,-62
3,777,121900,-2681,-16200,848,-25,-36,-62
3,778,121905,-2681,-16204,856,-24,-41,-62
3,779,121910,-2663,-16220,787,-23,-45,-62
3,780,121915,-2656,-16241,779,-19,-48,-63
3,781,121920,-2654,-16266,853,-17,-54,-64
3,782,121925,-2624,-16228,924,-16,-59,-65
3,783,121930,-2658,-16262,894,-17,-68,-64
3,784,121935,-2630,-16224,866,-16,-73,-67
3,785,121940,-2633,-16272,805,-13,-78,-65
3,786,121945,-2656,-16286,801,-11,-84,-63
3,787,121950,-2624,-16277,811,-12,-83,-63
3,788,121955,-2569,-16298,742,-12,-83,-64
3,789,121960,-2583,-16312,721,-10,-79,-64
3,790,121965,-2618,-16334,705,-10,-77,-62
3,791,121970,-2629,-16317,772,-6,-77,-62
3,792,121975,-2636,-16301,740,-1,-75,-61
3,793,121980,-2610,-16342,704,0,-73,-63
3,794,121985,-2534,-16364,644,4,-68,-61
3,795,121990,-2554,-16321,693,5,-59,-60
3,796,121995,-2589,-16306,736,5,-52,-62
3,797,122000,-2639,-16301,806,9,-49,-58
3,798,122005,-2616,-16296,803,9,-43,-59
3,799,122010,-2535,-16289,799,10,-36,-57
3,800,122015,-2554,-16340,764,11,-31,-57
3,801,122020,-2606,-16321,689,15,-26,-57
3,802,122025,-2663,-16258,627,15,-25,-59
3,803,122030,-2659,-16223,631,19,-22,-59
3,804,122035,-2572,-16231,622,22,-15,-54
3,805,122040,-2533,-16183,653,22,-10,-53
3,806,122045,-2511,-16220,714,26,-6,-54
3,807,122050,-2601,-16223,655,26,-5,-55
3,808,122055,-2620,-16175,644,30,-8,-55
3,809,122060,-2611,-16152,682,33,-15,-51
3,810,122065,-2543,-16147,773,31,-23,-49
3,811,122070,-2549,-16169,782,32,-26,-50
3,812,122075,-2501,-16180,741,33,-36,-49
3,813,122080,-2471,-16193,751,37,-40,-49
3,814,122085,-2574,-16244,654,35,-44,-47
3,815,122090,-2561,-16178,683,41,-47,-45
3,816,122095,-2493,-16200,752,41,-52,-45
3,817,122100,-2519,-16233,791,41,-56,-42
3,818,122105,-2562,-16252,785,42,-57,-42
3,819,122110,-2522,-16312,690,46,-59,-40
3,820,122115,-2479,-16252,609,48,-56,-38
3,821,122120,-2480,-16221,626,45,-49,-39
3,822,122125,-2556,-16225,672,47,-42,-39
3,823,122130,-2572,-16221,683,48,-35,-35
3,824,122135,-2614,-16189,636,51,-27,-33
3,825,122140,-2624,-16195,620,53,-24,-32
3,826,122145,-2652,-16209,610,54,-28,-32
3,827,122150,-2622,-16249,732,51,-27,-30
3,828,122155,-2543,-16275,881,56,-32,-30
3,829,122160,-2471,-16289,924,55,-34,-28
3,830,122165,-2478,-16321,904,55,-32,-26
3,831,122170,-2522,-16310,793,53,-29,-28
3,832,122175,-2583,-16283,705,52,-25,-29
3,833,122180,-2641,-16241,687,55,-22,-26
3,834,122185,-2618,-16158,668,56,-19,-23
3,835,122190,-2597,-16183,606,56,-19,-19
3,836,122195,-2654,-16157,624,58,-17,-22
3,837,122200,-2684,-16193,646,59,-20,-25
3,838,122205,-2689,-16219,628,59,-23,-22
3,839,122210,-2525,-16252,675,58,-24,-19
3,840,122215,-2475,-16253,790,56,-25,-19
3,841,122220,-2463,-16200,920,57,-27,-19
3,842,122225,-2566,-16170,901,57,-34,-19
3,843,122230,-2568,-16183,833,58,-43,-15
3,844,122235,-2587,-16185,770,58,-61,-14
3,845,122240,-2609,-16162,863,56,-73,-17
3,846,122245,-2598,-16180,965,54,-86,-17
3,847,122250,-2563,-16210,946,53,-97,-14
3,848,122255,-2554,-16253,1002,52,-106,-11
3,849,122260,-2528,-16347,1075,52,-108,-11
3,850,122265,-2505,-16405,1097,52,-115,-10
3,851,122270,-2511,-16402,1010,50,-115,-13
3,852,122275,-2524,-16364,910,48,-112,-14
3,853,122280,-2542,-16328,793,46,-110,-12
3,854,122285,-2630,-16319,677,47,-106,-10
3,855,122290,-2676,-16304,729,47,-100,-10
3,856,122295,-2687,-16291,789,46,-97,-9
3,857,122300,-2672,-16363,825,46,-89,-9
3,858,122305,-2613,-16389,753,48,-75,-8
3,859,122310,-2575,-16386,653,47,-52,-5
3,860,122315,-2621,-16357,632,48,-25,-8
3,861,122320,-2686,-16333,643,43,-4,-11
3,862,122325,-2689,-16266,674,44,15,-10
3,863,122330,-2627,-16219,675,48,32,-10
3,864,122335,-2588,-16198,646,49,44,-9
3,865,122340,-2583,-16152,699,50,54,-10
3,866,122345,-2627,-16121,778,47,53,-8
3,867,122350,-2651,-16143,815,45,51,-7
3,868,122355,-2622,-16191,853,47,46,-6
3,869,122360,-2580,-16281,918,45,42,-6
3,870,122365,-2598,-16331,1015,41,33,-5
3,871,122370,-2601,-16289,1075,40,22,-8
3,872,122375,-2594,-16296,1088,38,12,-8
3,873,122380,-2595,-16282,1052,38,2,-7
3,874,122385,-2560,-16297,1022,35,-3,-3
3,875,122390,-2560,-16253,948,33,-2,-8
3,876,122395,-2508,-16212,884,31,-6,-11
3,877,122400,-2464,-16161,747,29,-2,-7
3,878,122405,-2485,-16118,712,30,2,-8
3,879,122410,-2538,-16102,712,29,3,-8
3,880,122415,-2519,-16071,700,25,1,-6
3,881,122420,-2499,-16079,702,27,1,-6
3,882,122425,-2480,-16092,709,28,-2,-6
3,883,122430,-2480,-16066,743,26,-7,-6
3,884,122435,-2495,-16141,952,24,-9,-8
3,885,122440,-2486,-16218,1050,25,-14,-6
3,886,122445,-2412,-16263,1035,24,-7,-6
3,887,122450,-2373,-16312,1000,23,-2,-5
3,888,122455,-2495,-16301,919,19,6,-5
3,889,122460,-2437,-16281,918,16,11,-4
3,890,122465,-2405,-16242,909,15,15,-3
3,891,122470,-2416,-16212,824,17,14,-6
3,892,122475,-2394,-16214,831,13,16,-4
3,893,122480,-2478,-16232,826,12,14,-8
3,894,122485,-2451,-16226,824,12,9,-6
3,895,122490,-2345,-16241,868,11,9,0
3,896,122495,-2274,-16241,943,8,7,-2
3,897,122500,-2301,-16241,1002,6,6,-2
3,898,122505,-2382,-16264,993,5,2,-2
3,899,122510,-2403,-16247,961,3,-5,-3
3,900,122515,-2371,-16283,903,3,-8,0
3,901,122520,-2376,-16280,937,1,-11,2
3,902,122525,-2415,-16254,972,-3,-15,-2
3,903,122530,-2431,-16208,990,-3,-19,-1
3,904,122535,-2467,-16186,901,-4,-24,1
3,905,122540,-2506,-16160,789,-5,-24,-4
3,906,122545,-2441,-16128,693,-6,-26,-2
3,907,122550,-2431,-16137,632,-7,-24,-2
3,908,122555,-2408,-16136,642,-8,-20,-3
3,909,122560,-2419,-16104,788,-7,-20,-4
3,910,122565,-2440,-16084,848,-6,-14,-4
3,911,122570,-2393,-16146,812,-7,-11,-2
3,912,122575,-2408,-16167,898,-6,-11,-1
3,913,122580,-2382,-16244,976,-9,-14,-5
3,914,122585,-2386,-16284,1080,-13,-16,-4
3,915,122590,-2412,-16291,1160,-10,-22,-5
3,916,122595,-2395,-16309,1109,-13,-21,-5
3,917,122600,-2376,-16328,1029,-14,-27,-3
3,918,122605,-2380,-16323,932,-17,-27,-4
3,919,122610,-2363,-16338,930,-18,-26,-6
3,920,122615,-2405,-16346,879,-17,-22,-5
3,921,122620,-2397,-16341,797,-17,-17,-6
3,922,122625,-2389,-16308,864,-20,-13,-7
3,923,122630,-2401,-16324,907,-19,-8,-6
3,924,122635,-2379,-16334,927,-19,-6,-5
3,925,122640,-2396,-16331,943,-22,-4,-6
3,926,122645,-2408,-16369,979,-23,-5,-8
3,927,122650,-2391,-16366,905,-22,-5,-9
3,928,122655,-2433,-16347,865,-24,-9,-7
3,929,122660,-2475,-16358,828,-26,-12,-7
3,930,122665,-2462,-16339,849,-26,-17,-8
3,931,122670,-2436,-16337,875,-27,-19,-8
3,932,122675,-2393,-16364,939,-26,-18,-8
3,933,122680,-2375,-16382,976,-28,-15,-9
3,934,122685,-2390,-16374,957,-28,-15,-10
3,935,122690,-2395,-16425,899,-28,-10,-11
3,936,122695,-2447,-16435,869,-30,-8,-10
3,937,122700,-2402,-16328,845,-29,-3,-10
3,938,122705,-2368,-16307,847,-29,3,-10
3,939,122710,-2361,-16304,905,-29,4,-8
3,940,122715,-2399,-16286,941,-29,2,-9
3,941,122720,-2413,-16316,933,-29,1,-12
3,942,122725,-2410,-16335,932,-31,-1,-15
3,943,122730,-2373,-16365,1005,-33,-5,-12
3,944,122735,-2327,-16411,1093,-29,-6,-10
3,945,122740,-2356,-16451,1098,-29,-7,-12
3,946,122745,-2392,-16452,1105,-32,-12,-14
3,947,122750,-2421,-16444,1108,-36,-18,-13
3,948,122755,-2437,-16396,1032,-32,-23,-13
3,949,122760,-2374,-16434,988,-33,-24,-12
3,950,122765,-2382,-16387,1000,-36,-23,-12
3,951,122770,-2457,-16368,898,-36,-24,-14
3,952,122775,-2500,-16364,824,-38,-22,-15
3,953,122780,-2489,-16315,824,-35,-24,-17
3,954,122785,-2439,-16283,842,-34,-21,-15
3,955,122790,-2385,-16325,890,-37,-15,-16
3,956,122795,-2394,-16334,907,-36,-12,-17
3,957,122800,-2463,-16307,884,-36,-9,-16
3,958,122805,-2509,-16293,881,-36,-6,-18
3,959,122810,-2475,-16304,897,-36,-6,-17
3,960,122815,-2457,-16317,923,-34,-4,-18
3,961,122820,-2466,-16268,892,-34,-1,-20
3,962,122825,-2459,-16310,868,-34,-5,-20
3,963,122830,-2444,-16288,838,-34,-5,-23
3,964,122835,-2442,-16220,907,-34,-7,-23
3,965,122840,-2440,-16262,942,-31,-12,-21
3,966,122845,-2358,-16279,954,-33,-13,-21
3,967,122850,-2368,-16303,942,-35,-13,-21
3,968,122855,-2416,-16323,950,-35,-12,-21
3,969,122860,-2404,-16313,905,-32,-12,-23
3,970,122865,-2415,-16259,763,-34,-11,-23
3,971,122870,-2451,-16200,688,-34,-6,-21
3,972,122875,-2460,-16171,677,-33,-2,-21
3,973,122880,-2388,-16118,708,-33,3,-23
3,974,122885,-2397,-16157,755,-28,8,-23
3,975,122890,-2425,-16176,796,-26,11,-24
3,976,122895,-2405,-16180,800,-27,11,-24
3,977,122900,-2366,-16270,755,-27,10,-23
3,978,122905,-2385,-16212,759,-24,11,-23
3,979,122910,-2357,-16184,743,-24,13,-24
3,980,122915,-2366,-16153,799,-21,8,-22
3,981,122920,-2330,-16170,790,-21,6,-23
3,982,122925,-2339,-16174,788,-22,10,-23
3,983,122930,-2325,-16234,794,-19,9,-24
3,984,122935,-2291,-16210,898,-20,8,-26
3,985,122940,-2300,-16234,991,-20,-1,-25
3,986,122945,-2296,-16269,1035,-23,-6,-24
3,987,122950,-2255,-16313,987,-21,-8,-19
3,988,122955,-2228,-16355,905,-19,-11,-19
3,989,122960,-2303,-16277,752,-18,-12,-21
3,990,122965,-2341,-16223,745,-18,-14,-18
3,991,122970,-2296,-16128,720,-18,-14,-18
3,992,122975,-2191,-16107,753,-15,-11,-16
3,993,122980,-2165,-16153,707,-13,-6,-16
3,994,122985,-2241,-16151,675,-15,-5,-17
3,995,122990,-2355,-16160,694,-14,-5,-19
3,996,122995,-2382,-16172,729,-10,-11,-15
3,997,123000,-2330,-16179,824,-10,-18,-12
3,998,123005,-2274,-16205,942,-11,-21,-14
3,999,123010,-2300,-16237,969,-12,-25,-13
4,0,158840,-1851,-16034,-867,16,-4,-2
4,1,158845,-1857,-16011,-805,17,-11,-3
4,2,158850,-1840,-16095,-835,18,-11,-4
4,3,158855,-1821,-16073,-878,21,-13,-9
4,4,158860,-1818,-16092,-880,16,-10,-10
4,5,158865,-1841,-16046,-797,16,-3,-12
4,6,158870,-1835,-16027,-702,14,5,-13
4,7,158875,-1799,-16119,-668,16,11,-17
4,8,158880,-1764,-16133,-672,19,13,-16
4,9,158885,-1787,-16186,-674,19,12,-19
4,10,158890,-1859,-16242,-668,15,7,-25
4,11,158895,-1917,-16288,-683,13,-1,-24
4,12,158900,-1894,-16299,-670,12,-10,-23
4,13,158905,-1837,-16336,-701,8,-10,-26
4,14,158910,-1761,-16342,-772,10,-9,-31
4,15,158915,-1732,-16373,-829,11,-7,-31
4,16,158920,-1725,-16387,-869,12,3,-33
4,17,158925,-1691,-16396,-909,10,5,-35
4,18,158930,-1663,-16427,-884,10,11,-35
4,19,158935,-1675,-16487,-825,10,11,-38
4,20,158940,-1742,-16476,-853,10,10,-39
4,21,158945,-1779,-16493,-843,10,9,-38
4,22,158950,-1706,-16500,-953,9,10,-38
4,23,158955,-1648,-16484,-1015,7,11,-38
4,24,158960,-1608,-16495,-1002,9,15,-42
4,25,158965,-1593,-16490,-1009,10,13,-44
4,26,158970,-1651,-16491,-1010,11,6,-45
4,27,158975,-1650,-16440,-1037,13,-1,-46
4,28,158980,-1620,-16465,-1031,12,-10,-44
4,29,158985,-1519,-16444,-1059,11,-19,-43
4,30,158990,-1482,-16456,-1085,10,-21,-45
4,31,158995,-1440,-16476,-1013,15,-20,-44
4,32,159000,-1420,-16486,-1014,12,-22,-46
4,33,159005,-1474,-16569,-972,13,-23,-50
4,34,159010,-1561,-16645,-869,14,-29,-45
4,35,159015,-1557,-16715,-794,13,-36,-46
4,36,159020,-1535,-16744,-796,14,-43,-44
4,37,159025,-1496,-16780,-891,14,-45,-43
4,38,159030,-1402,-16768,-1000,13,-41,-42
4,39,159035,-1347,-16794,-987,13,-40,-42
4,40,159040,-1361,-16762,-901,12,-40,-43
4,41,159045,-1397,-16783,-885,11,-44,-45
4,42,159050,-1346,-16838,-837,16,-50,-40
4,43,159055,-1379,-16849,-805,15,-52,-38
4,44,159060,-1445,-16922,-767,11,-60,-37
4,45,159065,-1486,-16952,-717,11,-70,-36
4,46,159070,-1506,-16905,-698,11,-76,-38
4,47,159075,-1406,-16895,-825,11,-79,-37
4,48,159080,-1331,-16817,-972,12,-73,-32
4,49,159085,-1290,-16863,-971,10,-58,-31
4,50,159090,-1383,-16841,-893,14,-45,-31
4,51,159095,-1416,-16807,-883,15,-39,-30
4,52,159100,-1424,-16760,-868,12,-39,-29
4,53,159105,-1359,-16719,-892,12,-36,-28
4,54,159110,-1317,-16708,-959,11,-34,-26
4,55,159115,-1305,-16685,-853,9,-30,-22
4,56,159120,-1284,-16575,-811,9,-29,-24
4,57,159125,-1274,-16500,-882,12,-22,-22
4,58,159130,-1228,-16438,-888,16,-6,-15
4,59,159135,-1211,-16415,-815,13,9,-15
4,60,159140,-1243,-16382,-757,9,14,-14
4,61,159145,-1285,-16338,-662,13,14,-14
4,62,159150,-1337,-16316,-589,11,8,-12
4,63,159155,-1462,-16326,-481,9,-11,-9
4,64,159160,-1565,-16314,-371,7,-38,-8
4,65,159165,-1649,-16327,-327,4,-63,-10
4,66,159170,-1645,-16355,-483,3,-93,-10
4,67,159175,-1563,-16320,-581,1,-111,-4
4,68,159180,-1520,-16285,-717,-2,-118,-7
4,69,159185,-1524,-16217,-667,-3,-128,-10
4,70,159190,-1505,-16165,-712,-3,-126,-10
4,71,159195,-1538,-16136,-780,-1,-120,-9
4,72,159200,-1538,-16126,-852,-2,-120,-5
4,73,159205,-1586,-16161,-762,-7,-109,-5
4,74,159210,-1606,-16039,-771,-9,-104,-8
4,75,159215,-1575,-16083,-819,-5,-92,-6
4,76,159220,-1504,-15996,-889,-2,-77,-4
4,77,159225,-1498,-16017,-953,-7,-57,-3
4,78,159230,-1510,-16051,-957,-7,-40,-2
4,79,159235,-1510,-15974,-789,-3,-24,0
4,80,159240,-1562,-16075,-755,-2,-17,2
4,81,159245,-1652,-16079,-638,-4,-13,-2
4,82,159250,-1673,-16088,-575,-5,-19,-4
4,83,159255,-1704,-16050,-601,-6,-25,0
4,84,159260,-1678,-16051,-575,-7,-32,1
4,85,159265,-1669,-15969,-519,-8,-43,-3
4,86,159270,-1598,-16043,-516,-11,-54,-1
4,87,159275,-1676,-16000,-457,-8,-67,-5
4,88,159280,-1709,-16050,-403,-11,-79,-2
4,89,159285,-1737,-16024,-431,-15,-92,-3
4,90,159290,-1714,-16033,-431,-17,-104,-4
4,91,159295,-1719,-16025,-528,-18,-110,-2
4,92,159300,-1711,-16050,-609,-17,-115,-3
4,93,159305,-1751,-16002,-679,-19,-121,-2
4,94,159310,-1714,-16000,-745,-17,-120,-4
4,95,159315,-1743,-16017,-757,-20,-118,-3
4,96,159320,-1725,-16077,-735,-21,-116,-4
4,97,159325,-1816,-16187,-668,-22,-115,-5
4,98,159330,-1908,-16154,-387,-20,-113,-6
4,99,159335,-1827,-16278,-309,-12,-134,-1
4,100,159340,-1698,-16162,-1330,-21,-148,-5
4,101,159345,-1713,-16291,-1257,-30,-90,-7
4,102,159350,-2022,-16039,11,-29,-52,-12
4,103,159355,-1895,-16311,5,-22,-99,-3
4,104,159360,-1659,-16142,-1090,-16,-138,-13
4,105,159365,-1738,-16242,-899,-22,-111,-12
4,106,159370,-2054,-16273,-343,-25,-101,-12
4,107,159375,-2104,-16270,-459,-26,-125,-13
4,108,159380,-1912,-16281,-858,-27,-132,-12
4,109,159385,-1838,-16248,-678,-27,-109,-13
4,110,159390,-1983,-16307,-508,-26,-97,-11
4,111,159395,-2059,-16369,-458,-23,-104,-18
4,112,159400,-2015,-16322,-572,-20,-119,-20
4,113,159405,-1967,-16302,-735,-20,-126,-20
4,114,159410,-1946,-16343,-701,-26,-120,-21
4,115,159415,-2061,-16372,-550,-28,-113,-21
4,116,159420,-2032,-16352,-509,-24,-115,-24
4,117,159425,-1876,-16285,-719,-21,-118,-23
4,118,159430,-1858,-16313,-790,-19,-111,-25
4,119,159435,-1901,-16301,-662,-21,-99,-25
4,120,159440,-1961,-16306,-665,-23,-94,-26
4,121,159445,-1913,-16294,-718,-18,-88,-23
4,122,159450,-1813,-16235,-833,-17,-79,-24
4,123,159455,-1745,-16246,-807,-17,-65,-26
4,124,159460,-1837,-16195,-794,-17,-49,-26
4,125,159465,-1810,-16180,-775,-13,-40,-23
4,126,159470,-1782,-16158,-823,-10,-34,-27
4,127,159475,-1729,-16163,-914,-10,-22,-26
4,128,159480,-1760,-16210,-902,-9,-7,-27
4,129,159485,-1798,-16247,-823,-8,-3,-27
4,130,159490,-1819,-16216,-730,-5,-4,-27
4,131,159495,-1810,-16217,-682,-5,-7,-26
4,132,159500,-1827,-16271,-674,-6,-6,-27
4,133,159505,-1874,-16288,-677,-2,-8,-29
4,134,159510,-1865,-16256,-585,-2,-10,-29
4,135,159515,-1883,-16259,-556,-4,-17,-30
4,136,159520,-1879,-16286,-492,-1,-18,-27
4,137,159525,-1844,-16294,-417,2,-16,-28
4,138,159530,-1807,-16308,-499,0,-18,-31
4,139,159535,-1784,-16303,-541,1,-18,-30
4,140,159540,-1808,-16351,-539,2,-19,-27
4,141,159545,-1763,-16355,-469,1,-19,-30
4,142,159550,-1723,-16391,-458,0,-10,-29
4,143,159555,-1633,-16422,-536,3,9,-30
4,144,159560,-1639,-16431,-522,4,21,-31
4,145,159565,-1679,-16426,-456,3,29,-26
4,146,159570,-1674,-16472,-407,1,35,-26
4,147,159575,-1632,-16445,-417,1,42,-27
4,148,159580,-1635,-16431,-460,3,46,-26
4,149,159585,-1625,-16443,-464,3,47,-24
4,150,159590,-1657,-16436,-462,1,42,-24
4,151,159595,-1626,-16435,-427,2,40,-21
4,152,159600,-1622,-16400,-420,4,34,-22
4,153,159605,-1584,-16352,-433,3,30,-23
4,154,159610,-1567,-16321,-464,3,26,-21
4,155,159615,-1561,-16304,-485,4,20,-20
4,156,159620,-1577,-16307,-439,2,10,-16
4,157,159625,-1641,-16295,-420,3,-2,-19
4,158,159630,-1617,-16264,-412,3,-10,-21
4,159,159635,-1665,-16294,-401,0,-16,-20
4,160,159640,-1634,-16269,-443,1,-17,-18
4,161,159645,-1620,-16286,-473,2,-19,-15
4,162,159650,-1618,-16298,-503,5,-12,-15
4,163,159655,-1621,-16261,-561,3,-8,-16
4,164,159660,-1593,-16334,-542,6,-5,-14
4,165,159665,-1645,-16327,-550,4,-2,-16
4,166,159670,-1647,-16340,-611,2,2,-14
4,167,159675,-1576,-16356,-674,6,1,-13
4,168,159680,-1583,-16360,-756,5,8,-14
4,169,159685,-1556,-16347,-729,4,14,-14
4,170,159690,-1546,-16343,-713,6,18,-12
4,171,159695,-1587,-16339,-731,8,22,-12
4,172,159700,-1562,-16347,-736,10,22,-12
4,173,159705,-1557,-16354,-690,11,19,-10
4,174,159710,-1534,-16373,-647,12,16,-7
4,175,159715,-1517,-16361,-603,12,15,-5
4,176,159720,-1557,-16378,-578,17,11,-4
4,177,159725,-1532,-16376,-565,14,4,-5
4,178,159730,-1573,-16399,-578,11,-5,-6
4,179,159735,-1623,-16376,-547,10,-16,-3
4,180,159740,-1628,-16364,-511,12,-24,-2
4,181,159745,-1600,-16387,-508,15,-31,-2
4,182,159750,-1580,-16382,-595,16,-31,-2
4,183,159755,-1606,-16413,-646,14,-33,-1
4,184,159760,-1648,-16446,-607,13,-36,-4
4,185,159765,-1658,-16470,-656,15,-38,-4
4,186,159770,-1679,-16448,-664,16,-38,-5
4,187,159775,-1702,-16468,-704,15,-36,-2
4,188,159780,-1718,-16470,-669,14,-26,-2
4,189,159785,-1624,-16476,-683,17,-14,2
4,190,159790,-1546,-16533,-744,19,4,3
4,191,159795,-1510,-16502,-777,20,24,6
4,192,159800,-1520,-16512,-692,21,38,4
4,193,159805,-1516,-16517,-628,18,47,3
4,194,159810,-1506,-16484,-573,21,50,3
4,195,159815,-1495,-16505,-553,21,46,7
4,196,159820,-1442,-16489,-526,18,40,6
4,197,159825,-1435,-16459,-473,19,30,9
4,198,159830,-1453,-16505,-383,15,24,9
4,199,159835,-1534,-16498,-352,15,12,7
4,200,159840,-1548,-16508,-399,16,1,8
4,201,159845,-1547,-16490,-452,18,-11,14
4,202,159850,-1564,-16536,-439,12,-22,13
4,203,159855,-1545,-16519,-346,9,-35,10
4,204,159860,-1599,-16510,-345,8,-47,11
4,205,159865,-1618,-16479,-488,9,-56,9
4,206,159870,-1560,-16434,-621,10,-54,14
4,207,159875,-1589,-16436,-724,8,-46,13
4,208,159880,-1546,-16407,-747,7,-33,15
4,209,159885,-1536,-16361,-718,10,-20,17
4,210,159890,-1504,-16315,-758,11,-5,15
4,211,159895,-1514,-16287,-811,9,14,13
4,212,159900,-1462,-16245,-767,10,24,16
4,213,159905,-1522,-16252,-757,13,31,19
4,214,159910,-1536,-16279,-686,13,35,20
4,215,159915,-1577,-16281,-606,12,38,18
4,216,159920,-1628,-16331,-485,10,36,18
4,217,159925,-1626,-16336,-556,10,36,18
4,218,159930,-1615,-16307,-560,9,27,20
4,219,159935,-1569,-16312,-416,4,13,21
4,220,159940,-1616,-16313,-305,3,-1,19
4,221,159945,-1658,-16346,-332,5,-18,14
4,222,159950,-1693,-16332,-493,2,-36,17
4,223,159955,-1654,-16298,-597,-2,-44,18
4,224,159960,-1646,-16259,-664,2,-46,21
4,225,159965,-1578,-16267,-678,-1,-38,18
4,226,159970,-1587,-16234,-679,-1,-31,17
4,227,159975,-1596,-16202,-712,3,-23,18
4,228,159980,-1652,-16253,-781,2,-14,19
4,229,159985,-1706,-16283,-774,0,-6,17
4,230,159990,-1761,-16262,-794,2,5,16
4,231,159995,-1763,-16296,-845,-1,15,20
4,232,160000,-1729,-16330,-884,3,24,18
4,233,160005,-1698,-16275,-874,5,37,17
4,234,160010,-1680,-16279,-865,2,51,16
4,235,160015,-1686,-16305,-832,4,60,15
4,236,160020,-1687,-16322,-787,7,67,17
4,237,160025,-1713,-16334,-669,6,71,14
4,238,160030,-1692,-16332,-606,6,72,12
4,239,160035,-1704,-16409,-568,7,72,14
4,240,160040,-1679,-16339,-556,5,64,13
4,241,160045,-1641,-16411,-527,2,59,14
4,242,160050,-1670,-16424,-430,2,52,14
4,243,160055,-1612,-16428,-362,3,40,14
4,244,160060,-1580,-16483,-451,4,34,14
4,245,160065,-1582,-16480,-379,-1,31,11
4,246,160070,-1623,-16513,-428,-2,23,11
4,247,160075,-1598,-16520,-520,-1,16,14
4,248,160080,-1561,-16513,-489,-4,9,15
4,249,160085,-1528,-16527,-432,-3,-1,15
4,250,160090,-1525,-16540,-483,-5,-10,15
4,251,160095,-1556,-16520,-537,-6,-14,12
4,252,160100,-1587,-16542,-591,-9,-16,14
4,253,160105,-1612,-16533,-622,-10,-17,16
4,254,160110,-1610,-16551,-633,-9,-12,16
4,255,160115,-1573,-16510,-690,-9,-10,17
4,256,160120,-1522,-16492,-732,-8,-2,15
4,257,160125,-1551,-16482,-713,-8,6,16
4,258,160130,-1563,-16449,-731,-8,13,15
4,259,160135,-1534,-16453,-729,-9,17,17
4,260,160140,-1552,-16440,-731,-7,22,17
4,261,160145,-1575,-16428,-725,-6,29,15
4,262,160150,-1597,-16434,-714,-4,28,19
4,263,160155,-1606,-16447,-713,-8,25,17
4,264,160160,-1564,-16394,-694,-9,19,19
4,265,160165,-1504,-16386,-693,-8,14,20
4,266,160170,-1557,-16422,-694,-8,14,19
4,267,160175,-1584,-16412,-690,-7,4,16
4,268,160180,-1617,-16401,-669,-5,-5,17
4,269,160185,-1635,-16372,-630,-7,-14,19
4,270,160190,-1613,-16408,-633,-6,-21,21
4,271,160195,-1573,-16408,-650,-8,-26,18
4,272,160200,-1608,-16392,-655,-9,-30,19
4,273,160205,-1603,-16408,-656,-8,-26,21
4,274,160210,-1672,-16409,-671,-7,-22,20
4,275,160215,-1682,-16453,-671,-6,-21,18
4,276,160220,-1763,-16430,-665,-10,-18,16
4,277,160225,-1739,-16417,-682,-7,-12,18
4,278,160230,-1748,-16426,-756,-9,-8,18
4,279,160235,-1746,-16370,-810,-8,-6,16
4,280,160240,-1736,-16376,-827,-8,4,16
4,281,160245,-1747,-16371,-764,-6,10,12
4,282,160250,-1816,-16359,-715,-5,11,15
4,283,160255,-1783,-16342,-708,-7,17,13
4,284,160260,-1762,-16312,-695,-4,21,10
4,285,160265,-1739,-16310,-722,-5,23,13
4,286,160270,-1804,-16314,-746,-6,26,10
4,287,160275,-1807,-16276,-746,-9,29,11
4,288,160280,-1776,-16241,-746,-5,28,9
4,289,160285,-1786,-16204,-765,-6,29,9
4,290,160290,-1645,-16201,-987,-3,41,9
4,291,160295,-1628,-16165,-974,-5,56,11
4,292,160300,-1654,-16148,-884,-6,68,11
4,293,160305,-1711,-16097,-893,-1,79,9
4,294,160310,-1766,-16153,-776,-1,89,9
4,295,160315,-1783,-16061,-723,-3,83,7
4,296,160320,-1773,-16082,-803,-7,74,11
4,297,160325,-1830,-16067,-714,-3,65,8
4,298,160330,-1941,-16076,-602,-3,45,7
4,299,160335,-2022,-16211,-608,-6,22,9
4,300,160340,-2025,-16217,-645,-7,11,6
4,301,160345,-1812,-16268,-794,-9,6,10
4,302,160350,-1837,-16198,-871,-9,12,12
4,303,160355,-1911,-16174,-803,-10,28,9
4,304,160360,-1958,-16068,-769,-9,44,7
4,305,160365,-1933,-16041,-910,-10,65,9
4,306,160370,-1919,-16079,-1005,-9,90,13
4,307,160375,-1986,-16187,-817,-9,111,14
4,308,160380,-1984,-16208,-745,-11,116,13
4,309,160385,-1985,-16220,-823,-9,125,15
4,310,160390,-2018,-16238,-819,-9,136,17
4,311,160395,-1938,-16210,-733,-10,139,17
4,312,160400,-1943,-16270,-671,-16,142,20
4,313,160405,-1971,-16268,-454,-16,134,17
4,314,160410,-2052,-16232,-271,-21,115,23
4,315,160415,-2083,-16259,-174,-25,90,24
4,316,160420,-2198,-16261,-186,-29,59,22
4,317,160425,-2106,-16287,-329,-27,18,24
4,318,160430,-2160,-16219,-335,-34,-29,26
4,319,160435,-2230,-16183,-105,-44,-80,28
4,320,160440,-2206,-16091,-47,-47,-131,26
4,321,160445,-2180,-16093,-207,-48,-175,29
4,322,160450,-2208,-16139,-534,-50,-213,33
4,323,160455,-2277,-16145,-726,-49,-246,35
4,324,160460,-2280,-16120,-780,-57,-272,34
4,325,160465,-2258,-16149,-769,-61,-286,38
4,326,160470,-2272,-16178,-964,-58,-284,41
4,327,160475,-2233,-16226,-1208,-57,-273,42
4,328,160480,-2206,-16211,-1442,-56,-239,46
4,329,160485,-2201,-16221,-1614,-59,-185,51
4,330,160490,-2194,-16223,-1637,-54,-127,59
4,331,160495,-2252,-16298,-1699,-49,-57,60
4,332,160500,-2342,-16303,-1450,-44,21,64
4,333,160505,-2329,-16311,-1555,-47,70,67
4,334,160510,-2374,-16152,-1398,-46,131,71
4,335,160515,-2347,-16246,-1222,-42,180,83
4,336,160520,-2362,-16274,-946,-44,211,83
4,337,160525,-2411,-16287,-812,-46,217,85
4,338,160530,-2478,-16260,-656,-46,210,90
4,339,160535,-2387,-16250,-537,-50,185,101
4,340,160540,-2142,-16317,-629,-57,151,110
4,341,160545,-2108,-16253,-489,-64,120,115
4,342,160550,-2236,-16232,-101,-67,78,121
4,343,160555,-2380,-16210,-220,-70,10,129
4,344,160560,-2252,-16308,-628,-72,-46,136
4,345,160565,-2105,-16277,-711,-79,-77,142
4,346,160570,-2064,-16374,-583,-87,-99,153
4,347,160575,-2045,-16399,-620,-88,-121,161
4,348,160580,-2116,-16343,-633,-89,-132,167
4,349,160585,-2243,-16452,-811,-92,-138,176
4,350,160590,-2257,-16319,-843,-98,-140,190
4,351,160595,-2173,-16430,-894,-103,-141,203
4,352,160600,-2309,-16420,-964,-100,-137,212
4,353,160605,-2336,-16491,-957,-108,-129,222
4,354,160610,-2353,-16445,-1180,-112,-118,238
4,355,160615,-2380,-16403,-1295,-110,-88,252
4,356,160620,-2357,-16399,-1520,-112,-55,266
4,357,160625,-2371,-16293,-1600,-113,-11,273
4,358,160630,-2215,-16249,-1681,-113,36,286
4,359,160635,-2148,-16271,-1549,-110,88,305
4,360,160640,-2155,-16277,-1367,-110,124,318
4,361,160645,-2163,-16251,-1122,-112,137,328
4,362,160650,-2205,-16235,-832,-116,127,340
4,363,160655,-2248,-16265,-590,-125,69,370
4,364,160660,-2376,-16244,-487,-133,22,383
4,365,160665,-2455,-16342,-496,-139,-36,402
4,366,160670,-2569,-16253,-610,-142,-86,414
4,367,160675,-2519,-16295,-736,-149,-122,426
4,368,160680,-2573,-16193,-1073,-152,-155,440
4,369,160685,-2589,-16228,-1386,-153,-161,457
4,370,160690,-2630,-16234,-1560,-157,-142,470
4,371,160695,-2650,-16151,-1754,-159,-112,484
4,372,160700,-2947,-16228,-1890,-155,-72,499
4,373,160705,-2804,-16174,-2154,-154,-14,511
4,374,160710,-2723,-16163,-1949,-155,65,534
4,375,160715,-2564,-16145,-1786,-155,131,547
4,376,160720,-2822,-16131,-1625,-158,193,561
4,377,160725,-2977,-16032,-1413,-154,230,573
4,378,160730,-3189,-16012,-1197,-159,240,587
4,379,160735,-3169,-15965,-899,-165,225,597
4,380,160740,-3172,-16009,-728,-172,189,613
4,381,160745,-3172,-15996,-646,-175,139,625
4,382,160750,-3308,-15957,-770,-178,78,635
4,383,160755,-3517,-15957,-886,-187,13,646
4,384,160760,-3628,-15914,-1120,-194,-49,657
4,385,160765,-3539,-15910,-1157,-198,-89,669
4,386,160770,-3661,-15966,-1299,-198,-112,679
4,387,160775,-3714,-15947,-1456,-199,-120,687
4,388,160780,-3925,-15862,-1653,-202,-122,694
4,389,160785,-3962,-15849,-1793,-204,-120,703
4,390,160790,-4001,-15831,-1820,-204,-111,714
4,391,160795,-4035,-15793,-1901,-203,-91,723
4,392,160800,-4205,-15898,-1965,-203,-65,734
4,393,160805,-4376,-15832,-2087,-204,-37,737
4,394,160810,-4345,-15883,-2354,-201,2,750
4,395,160815,-4164,-15855,-2191,-195,66,758
4,396,160820,-4078,-15858,-2142,-199,113,764
4,397,160825,-4328,-15969,-1896,-203,159,770
4,398,160830,-4542,-15840,-1593,-198,179,772
4,399,160835,-4491,-15817,-1527,-201,173,781
4,400,160840,-4593,-15768,-1527,-200,157,785
4,401,160845,-4588,-15954,-1410,-204,129,792
4,402,160850,-4848,-15902,-1383,-207,90,796
4,403,160855,-4676,-15874,-1486,-210,54,798
4,404,160860,-4760,-15760,-1716,-210,38,800
4,405,160865,-4859,-15827,-1929,-213,37,802
4,406,160870,-5107,-15811,-2059,-214,40,807
4,407,160875,-5064,-15829,-2081,-210,49,813
4,408,160880,-4973,-15729,-2117,-209,68,812
4,409,160885,-4968,-15760,-1996,-212,93,813
4,410,160890,-5154,-15724,-1944,-209,107,815
4,411,160895,-5350,-15712,-1955,-208,111,817
4,412,160900,-5383,-15675,-1885,-207,108,817
4,413,160905,-5350,-15641,-1871,-209,99,818
4,414,160910,-5377,-15629,-1800,-211,92,818
4,415,160915,-5589,-15643,-1797,-207,83,815
4,416,160920,-5765,-15628,-1915,-206,77,810
4,417,160925,-5728,-15579,-2165,-209,76,810
4,418,160930,-5647,-15586,-1989,-204,93,810
4,419,160935,-5542,-15647,-2161,-207,102,808
4,420,160940,-5683,-15589,-2146,-208,125,804
4,421,160945,-5793,-15501,-2140,-199,145,799
4,422,160950,-5699,-15498,-2132,-199,152,797
4,423,160955,-5777,-15523,-2160,-200,160,789
4,424,160960,-5633,-15611,-1989,-200,173,787
4,425,160965,-5645,-15540,-1932,-198,176,787
4,426,160970,-5603,-15400,-1901,-195,169,783
4,427,160975,-5745,-15338,-1774,-198,151,776
4,428,160980,-5748,-15405,-1709,-198,116,770
4,429,160985,-5697,-15351,-1641,-198,80,766
4,430,160990,-5541,-15419,-1688,-199,44,769
4,431,160995,-5589,-15256,-2472,-196,20,766
4,432,161000,-5964,-15643,-969,-197,93,749
4,433,161005,-5927,-14730,-2064,-193,-9,727
4,434,161010,-5713,-15524,-1658,-196,-54,767
4,435,161015,-5496,-15063,-2473,-202,-111,739
4,436,161020,-5829,-15385,-2045,-201,-75,736
4,437,161025,-6318,-15005,-2016,-181,-99,708
4,438,161030,-6201,-15005,-2416,-178,-111,704
4,439,161035,-6062,-14971,-2263,-177,-96,694
4,440,161040,-6196,-14950,-2095,-177,-98,686
4,441,161045,-6337,-15014,-1936,-175,-115,677
4,442,161050,-6461,-14934,-2130,-170,-128,659
4,443,161055,-6480,-14948,-2274,-164,-139,653
4,444,161060,-6523,-14858,-2277,-162,-136,642
4,445,161065,-6651,-14844,-2105,-160,-132,630
4,446,161070,-6699,-14813,-2303,-155,-135,617
4,447,161075,-6670,-14863,-2724,-147,-117,603
4,448,161080,-6780,-14780,-2492,-138,-67,583
4,449,161085,-6758,-14691,-2720,-137,-61,575
4,450,161090,-6743,-14782,-2643,-130,-50,570
4,451,161095,-6682,-14828,-2824,-122,-20,551
4,452,161100,-6825,-14848,-2958,-113,38,529
4,453,161105,-7005,-14746,-2824,-103,106,513
4,454,161110,-7098,-14714,-2736,-96,156,496
4,455,161115,-7147,-14788,-2634,-91,203,480
4,456,161120,-7102,-14653,-2301,-82,240,459
4,457,161125,-7074,-14658,-2506,-80,238,448
4,458,161130,-7094,-14671,-2437,-75,250,424
4,459,161135,-7132,-14583,-2369,-67,247,402
4,460,161140,-7114,-14634,-2232,-66,243,387
4,461,161145,-7070,-14547,-2072,-59,229,362
4,462,161150,-6902,-14550,-2043,-55,211,344
4,463,161155,-6873,-14477,-1850,-48,191,322
4,464,161160,-6979,-14425,-1855,-47,141,299
4,465,161165,-7065,-14408,-1787,-42,83,279
4,466,161170,-7070,-14262,-1816,-39,18,256
4,467,161175,-7080,-14302,-1880,-36,-38,236
4,468,161180,-7059,-14320,-2070,-32,-81,214
4,469,161185,-6909,-14375,-2467,-21,-100,195
4,470,161190,-6744,-14387,-2798,-13,-82,174
4,471,161195,-6653,-14385,-2993,-6,-35,148
4,472,161200,-6725,-14424,-3082,3,22,128
4,473,161205,-6823,-14379,-2998,17,86,105
4,474,161210,-6888,-14413,-2936,28,146,83
4,475,161215,-6820,-14405,-2914,38,208,63
4,476,161220,-6759,-14386,-2803,47,270,43
4,477,161225,-6751,-14422,-2677,57,323,18
4,478,161230,-6840,-14393,-2525,65,351,-5
4,479,161235,-6862,-14408,-2345,71,363,-29
4,480,161240,-6758,-14419,-2161,80,374,-49
4,481,161245,-6564,-14464,-1957,87,379,-67
4,482,161250,-6538,-14540,-1817,97,372,-91
4,483,161255,-6654,-14541,-1738,101,356,-119
4,484,161260,-6631,-14539,-1757,108,329,-143
4,485,161265,-6515,-14515,-1823,114,299,-160
4,486,161270,-6384,-14515,-1788,115,276,-181
4,487,161275,-6293,-14591,-1754,121,256,-200
4,488,161280,-6382,-14623,-1730,127,227,-224
4,489,161285,-6392,-14557,-1848,134,193,-248
4,490,161290,-6312,-14551,-1987,141,168,-268
4,491,161295,-6283,-14562,-2024,149,149,-290
4,492,161300,-6254,-14565,-2004,151,133,-310
4,493,161305,-6248,-14601,-2098,158,119,-332
4,494,161310,-6216,-14562,-2183,164,112,-351
4,495,161315,-6203,-14558,-2250,168,104,-371
4,496,161320,-6144,-14575,-2181,177,108,-389
4,497,161325,-6123,-14612,-2125,186,112,-407
4,498,161330,-6086,-14605,-2168,193,115,-429
4,499,161335,-6048,-14646,-2219,203,121,-451
4,500,161340,-6101,-14727,-2193,210,128,-466
4,501,161345,-6029,-14745,-2206,217,136,-488
4,502,161350,-6015,-14692,-2084,226,142,-506
4,503,161355,-5838,-14795,-2176,232,149,-523
4,504,161360,-5888,-14813,-2041,238,156,-541
4,505,161365,-5920,-14893,-1911,240,159,-561
4,506,161370,-5872,-14873,-1965,248,151,-578
4,507,161375,-5739,-14888,-2044,259,147,-596
4,508,161380,-5675,-14927,-1989,262,139,-612
4,509,161385,-5776,-14989,-1847,266,121,-632
4,510,161390,-5642,-15013,-1865,279,87,-661
4,511,161395,-5453,-15099,-2145,285,83,-676
4,512,161400,-5402,-15121,-2194,291,85,-692
4,513,161405,-5428,-15173,-2133,296,82,-708
4,514,161410,-5419,-15179,-2058,302,76,-724
4,515,161415,-5348,-15195,-1955,308,68,-736
4,516,161420,-5217,-15199,-1886,313,63,-748
4,517,161425,-5158,-15246,-1898,317,57,-762
4,518,161430,-5178,-15309,-1844,322,51,-776
4,519,161435,-5140,-15294,-1792,326,35,-790
4,520,161440,-5134,-15334,-1693,330,18,-802
4,521,161445,-5044,-15287,-1772,333,-6,-815
4,522,161450,-4913,-15346,-1761,337,-18,-821
4,523,161455,-4881,-15411,-1772,338,-35,-836
4,524,161460,-4744,-15446,-1829,344,-47,-846
4,525,161465,-4625,-15438,-1875,345,-55,-853
4,526,161470,-4591,-15477,-1793,348,-56,-864
4,527,161475,-4613,-15513,-1674,347,-58,-874
4,528,161480,-4583,-15558,-1508,354,-68,-883
4,529,161485,-4409,-15555,-1461,356,-86,-891
4,530,161490,-4205,-15646,-1465,355,-99,-896
4,531,161495,-4117,-15662,-1371,355,-112,-902
4,532,161500,-4111,-15718,-1198,354,-129,-907
4,533,161505,-4011,-15722,-1204,353,-159,-915
4,534,161510,-3757,-15769,-1140,350,-188,-918
4,535,161515,-3687,-15822,-1004,350,-218,-922
4,536,161520,-3718,-15870,-811,345,-260,-926
4,537,161525,-3861,-15874,-714,339,-318,-931
4,538,161530,-3949,-15899,-765,338,-381,-938
4,539,161535,-3938,-15889,-888,334,-443,-939
4,540,161540,-3932,-16046,-924,330,-492,-938
4,541,161545,-3972,-16104,-1131,326,-530,-944
4,542,161550,-3964,-16166,-1463,318,-540,-947
4,543,161555,-3811,-16244,-1937,317,-522,-949
4,544,161560,-3643,-16239,-2168,316,-463,-950
4,545,161565,-3513,-16212,-2351,318,-387,-947
4,546,161570,-3540,-16193,-2294,321,-296,-948
4,547,161575,-3618,-16123,-2146,324,-216,-950
4,548,161580,-3664,-16155,-1915,326,-149,-947
4,549,161585,-3675,-16134,-1696,327,-96,-947
4,550,161590,-3525,-16199,-1520,326,-62,-939
4,551,161595,-3413,-16251,-1369,325,-45,-938
4,552,161600,-3344,-16252,-1033,323,-50,-939
4,553,161605,-3379,-16289,-805,317,-79,-937
4,554,161610,-3418,-16245,-649,310,-123,-932
4,555,161615,-3424,-16279,-508,304,-183,-931
4,556,161620,-3365,-16394,-405,302,-254,-926
4,557,161625,-3299,-16433,487,305,-348,-923
4,558,161630,-3181,-16146,-725,293,-481,-932
4,559,161635,-3173,-16562,-1736,263,-519,-916
4,560,161640,-3636,-16263,-125,256,-487,-919
4,561,161645,-3411,-16539,557,257,-555,-903
4,562,161650,-2962,-16533,-1025,258,-674,-906
4,563,161655,-2897,-16536,-1384,253,-695,-912
4,564,161660,-3337,-16576,-793,239,-704,-906
4,565,161665,-3583,-16535,-510,230,-726,-906
4,566,161670,-3319,-16498,-949,226,-754,-898
4,567,161675,-2946,-16468,-1284,222,-742,-894
4,568,161680,-3027,-16490,-820,213,-720,-892
4,569,161685,-3301,-16598,-602,204,-744,-890
4,570,161690,-3274,-16524,-595,202,-784,-891
4,571,161695,-3082,-16446,-632,201,-811,-889
4,572,161700,-2699,-16478,-760,195,-821,-882
4,573,161705,-2916,-16533,-681,186,-820,-879
4,574,161710,-2952,-16578,-577,178,-834,-877
4,575,161715,-2850,-16612,-681,177,-852,-870
4,576,161720,-2758,-16781,-832,173,-856,-862
4,577,161725,-2872,-16889,-1116,168,-843,-858
4,578,161730,-2719,-16979,-1607,167,-801,-849
4,579,161735,-2282,-16997,-2036,169,-708,-837
4,580,161740,-1995,-16929,-2099,172,-578,-834
4,581,161745,-2209,-17008,-1722,177,-439,-831
4,582,161750,-2638,-16962,-1390,179,-326,-825
4,583,161755,-2623,-16899,-1198,183,-235,-818
4,584,161760,-2095,-16804,-294,186,-98,-795
4,585,161765,-2075,-16795,29,181,-80,-787
4,586,161770,-2123,-16777,140,180,-103,-780
4,587,161775,-2054,-16809,338,173,-146,-774
4,588,161780,-1767,-16738,525,164,-212,-760
4,589,161785,-1609,-16769,774,158,-285,-747
4,590,161790,-1657,-16739,985,152,-370,-739
4,591,161795,-1743,-16679,898,144,-463,-730
4,592,161800,-1896,-16582,730,138,-562,-729
4,593,161805,-1990,-16619,665,130,-661,-716
4,594,161810,-1937,-16720,447,115,-748,-704
4,595,161815,-2067,-16807,545,111,-812,-696
4,596,161820,-2303,-16841,1359,103,-879,-696
4,597,161825,-1369,-16581,-2657,100,-1012,-673
4,598,161830,-1182,-17340,-2489,82,-775,-641
4,599,161835,-885,-11460,3130,80,-519,-671
4,600,161840,-23542,-5394,28828,-124,-1157,-562
4,601,161862,14348,-24755,-20172,-79,771,397
4,602,161863,14348,-24755,-20172,-79,771,397
4,603,161864,-18923,-18201,10351,-142,2206,-46
4,604,161865,-18923,-18201,10351,-142,2206,-46
4,605,161866,-18923,-18201,10351,-142,2206,-46
4,606,161870,-21938,-12841,14116,57,955,55
4,607,161875,-2320,-12230,-13259,330,327,493
4,608,161880,12589,-18790,-14912,218,1877,497
4,609,161885,-326,-17097,7281,50,2967,216
4,610,161890,-8973,-20597,12395,15,1988,237
4,611,161895,-10091,-14604,1678,184,925,186
4,612,161900,-11,-14855,607,179,938,290
4,613,161905,2699,-14932,3294,137,990,334
4,614,161910,999,-18152,5839,47,721,322
4,615,161915,-4526,-17454,4066,-2,82,248
4,616,161920,-4450,-16455,2449,17,-455,257
4,617,161925,-1923,-15167,-1258,8,-681,302
4,618,161930,429,-16761,-1885,-17,-498,364
4,619,161935,-551,-16827,2222,-7,-282,308
4,620,161940,-2084,-17038,1376,-12,-431,290
4,621,161945,-2223,-16621,-2421,1,-555,286
4,622,161950,-2057,-16156,-2419,3,-402,310
4,623,161955,-1300,-16631,-572,-18,-237,338
4,624,161960,-1202,-16523,-199,-7,-180,327
4,625,161965,-1355,-16734,-541,16,-97,326
4,626,161970,-2180,-16614,-589,30,-5,319
4,627,161975,-2166,-16495,-915,21,41,309
4,628,161980,-2169,-16503,-778,7,99,320
4,629,161985,-1771,-16585,208,9,154,332
4,630,161990,-1759,-16786,312,9,162,338
4,631,161995,-1879,-16711,92,15,164,323
4,632,162000,-2169,-16661,-348,12,152,318
4,633,162005,-2201,-16637,-378,6,149,321
4,634,162010,-2083,-16690,-96,4,164,321
4,635,162015,-1945,-16661,266,5,180,320
4,636,162020,-1942,-16790,153,4,183,317
4,637,162025,-2112,-16630,-147,4,185,304
4,638,162030,-2257,-16848,-249,-5,192,313
4,639,162035,-2276,-16618,645,-1,189,302
4,640,162040,-2012,-16661,311,-9,118,309
4,641,162045,-1825,-16905,82,-14,86,312
4,642,162050,-2017,-16689,-24,-14,102,295
4,643,162055,-2215,-16799,118,-16,121,293
4,644,162060,-2192,-16746,-68,-19,118,290
4,645,162065,-1997,-16672,-167,-22,128,292
4,646,162070,-1932,-16726,23,-24,152,293
4,647,162075,-1981,-16761,19,-27,164,285
4,648,162080,-2085,-16621,-223,-28,166,282
4,649,162085,-2173,-16560,-271,-29,175,278
4,650,162090,-2138,-16477,-204,-33,194,276
4,651,162095,-2071,-16487,-137,-36,215,277
4,652,162100,-2025,-16567,-135,-37,228,274
4,653,162105,-2082,-16433,-209,-35,236,268
4,654,162110,-2150,-16373,-345,-38,237,263
4,655,162115,-2131,-16319,-279,-39,237,263
4,656,162120,-2045,-16317,-128,-41,242,261
4,657,162125,-1986,-16332,-107,-43,247,254
4,658,162130,-2101,-16342,-179,-46,246,250
4,659,162135,-2135,-16371,-187,-47,244,247
4,660,162140,-2083,-16351,-256,-52,238,245
4,661,162145,-1932,-16321,-171,-52,235,242
4,662,162150,-1881,-16226,-139,-55,237,240
4,663,162155,-1971,-16312,-222,-54,235,236
4,664,162160,-2056,-16285,-238,-55,231,230
4,665,162165,-2133,-16278,-187,-57,221,228
4,666,162170,-2096,-16293,-168,-61,209,226
4,667,162175,-2091,-16312,-146,-64,205,224
4,668,162180,-2045,-16288,-210,-65,198,219
4,669,162185,-2063,-16173,-335,-65,194,218
4,670,162190,-2051,-16147,-419,-70,190,215
4,671,162195,-2049,-16145,-503,-70,192,212
4,672,162200,-1959,-16121,-422,-67,194,213
4,673,162205,-1964,-16111,-276,-69,196,211
4,674,162210,-2086,-16120,-261,-69,197,206
4,675,162215,-2114,-16141,-343,-72,199,206
4,676,162220,-2124,-16226,-231,-74,195,204
4,677,162225,-2154,-16160,-244,-74,180,197
4,678,162230,-2171,-16320,-77,-76,178,200
4,679,162235,-2274,-16244,25,-76,160,195
4,680,162240,-2281,-16337,-36,-77,147,193
4,681,162245,-2339,-16353,-196,-80,145,189
4,682,162250,-2422,-16277,-145,-86,144,184
4,683,162255,-2409,-16343,-293,-85,138,182
4,684,162260,-2339,-16267,-305,-82,138,177
4,685,162265,-2264,-16335,-385,-87,139,177
4,686,162270,-2262,-16332,-465,-88,143,173
4,687,162275,-2342,-16285,-471,-87,145,171
4,688,162280,-2466,-16285,-210,-85,144,169
4,689,162285,-2488,-16248,-171,-89,128,164
4,690,162290,-2488,-16230,-153,-90,123,160
4,691,162295,-2485,-16214,-238,-92,118,161
4,692,162300,-2479,-16265,-348,-92,116,158
4,693,162305,-2471,-16219,-194,-91,118,152
4,694,162310,-2568,-16241,-89,-90,105,147
4,695,162315,-2484,-16321,-223,-89,77,147
4,696,162320,-2461,-16323,-368,-94,67,138
4,697,162325,-2555,-16305,-294,-95,66,135
4,698,162330,-2676,-16288,-262,-95,71,135
4,699,162335,-2594,-16209,-736,-93,77,133
4,700,162340,-2637,-16406,-207,-93,124,133
4,701,162345,-2633,-16096,136,-90,119,120
4,702,162350,-2575,-16370,-310,-93,66,133
4,703,162355,-2532,-16312,-468,-95,54,121
4,704,162360,-2616,-16141,-492,-95,68,109
4,705,162365,-2666,-16271,-569,-90,77,114
4,706,162370,-2660,-16187,-327,-88,91,109
4,707,162375,-2459,-16168,-426,-89,76,108
4,708,162380,-2398,-16268,-430,-90,63,103
4,709,162385,-2570,-16180,-426,-88,55,101
4,710,162390,-2623,-16193,-416,-89,51,96
4,711,162395,-2598,-16189,-457,-87,42,96
4,712,162400,-2436,-16158,-475,-83,42,91
4,713,162405,-2354,-16187,-514,-83,45,92
4,714,162410,-2436,-16187,-378,-83,50,91
4,715,162415,-2513,-16156,-327,-83,46,88
4,716,162420,-2470,-16130,-401,-81,36,87
4,717,162425,-2438,-16076,-484,-78,27,83
4,718,162430,-2409,-16082,-566,-80,22,86
4,719,162435,-2411,-16067,-520,-75,23,84
4,720,162440,-2449,-16036,-502,-74,18,80
4,721,162445,-2463,-15979,-538,-76,15,75
4,722,162450,-2522,-15990,-538,-72,13,76
4,723,162455,-2571,-16022,-491,-69,7,77
4,724,162460,-2612,-16052,-496,-67,-1,75
4,725,162465,-2686,-16055,-458,-69,-17,70
4,726,162470,-2750,-16036,-468,-65,-31,66
4,727,162475,-2786,-16026,-572,-64,-39,65
4,728,162480,-2801,-16041,-645,-63,-45,62
4,729,162485,-2846,-16086,-668,-59,-46,58
4,730,162490,-2825,-16117,-667,-57,-38,53
4,731,162495,-2966,-16125,-700,-53,-8,45
4,732,162500,-3032,-16076,-773,-49,11,43
4,733,162505,-3017,-16109,-846,-46,35,41
4,734,162510,-2946,-16157,-976,-42,61,36
4,735,162515,-2921,-16126,-903,-41,86,34
4,736,162520,-2990,-16139,-917,-39,102,28
4,737,162525,-3072,-16012,-870,-35,121,21
4,738,162530,-3140,-16040,-816,-33,138,21
4,739,162535,-2998,-15998,-851,-27,149,17
4,740,162540,-2904,-16134,-968,-23,162,16
4,741,162545,-2872,-16109,-848,-20,170,9
4,742,162550,-2902,-16174,-703,-19,175,8
4,743,162555,-2975,-16136,-633,-21,167,2
4,744,162560,-2998,-16158,-452,-17,157,-2
4,745,162565,-2950,-16172,-543,-15,139,-3
4,746,162570,-2949,-16254,-483,-14,136,-7
4,747,162575,-2991,-16139,-145,-14,118,-15
4,748,162580,-2909,-16245,-312,-14,65,-12
4,749,162585,-2820,-16334,-633,-16,37,-15
4,750,162590,-2874,-16213,-428,-15,33,-24
4,751,162595,-2949,-16256,-551,-14,15,-26
4,752,162600,-3039,-16310,-501,-12,11,-30
4,753,162605,-2970,-16255,-628,-9,10,-31
4,754,162610,-2876,-16307,-655,-8,17,-32
4,755,162615,-2913,-16322,-656,-6,23,-37
4,756,162620,-2987,-16316,-763,-5,30,-37
4,757,162625,-2947,-16296,-809,-6,39,-40
4,758,162630,-2888,-16288,-820,-6,50,-42
4,759,162635,-2888,-16334,-734,0,71,-43
4,760,162640,-2952,-16356,-677,4,91,-48
4,761,162645,-2957,-16359,-706,4,107,-54
4,762,162650,-2927,-16350,-778,7,124,-54
4,763,162655,-2851,-16348,-733,8,134,-53
4,764,162660,-2789,-16329,-663,7,143,-54
4,765,162665,-2758,-16285,-587,6,142,-55
4,766,162670,-2709,-16258,-574,9,138,-58
4,767,162675,-2771,-16297,-571,13,128,-60
4,768,162680,-2885,-16333,-470,10,113,-64
4,769,162685,-2847,-16348,-369,8,95,-63
4,770,162690,-2779,-16349,-258,9,75,-64
4,771,162695,-2733,-16340,-313,9,51,-66
4,772,162700,-2705,-16352,-454,7,28,-65
4,773,162705,-2679,-16347,-559,7,6,-67
4,774,162710,-2665,-16329,-540,7,-10,-68
4,775,162715,-2638,-16329,-477,8,-25,-68
4,776,162720,-2686,-16302,-472,6,-35,-72
4,777,162725,-2705,-16233,-572,8,-41,-73
4,778,162730,-2737,-16233,-695,10,-41,-72
4,779,162735,-2761,-16250,-716,8,-35,-72
4,780,162740,-2798,-16286,-710,9,-35,-72
4,781,162745,-2776,-16294,-662,9,-29,-74
4,782,162750,-2833,-16249,-710,11,-26,-76
4,783,162755,-2803,-16263,-745,13,-25,-75
4,784,162760,-2851,-16250,-808,14,-16,-78
4,785,162765,-2902,-16246,-856,9,-13,-84
4,786,162770,-2840,-16205,-802,14,-10,-83
4,787,162775,-2718,-16207,-818,14,-3,-82
4,788,162780,-2600,-16145,-928,12,4,-82
4,789,162785,-2587,-16108,-1034,19,16,-81
4,790,162790,-2593,-16081,-1003,18,25,-82
4,791,162795,-2625,-16083,-837,19,25,-85
4,792,162800,-2714,-16132,-639,20,16,-82
4,793,162805,-2777,-16236,-506,21,6,-86
4,794,162810,-2773,-16292,-521,24,-6,-87
4,795,162815,-2786,-16330,-639,24,-17,-85
4,796,162820,-2786,-16370,-684,19,-22,-87
4,797,162825,-2763,-16346,-734,18,-23,-88
4,798,162830,-2698,-16322,-727,19,-16,-88
4,799,162835,-2653,-16336,-749,19,-4,-89
4,800,162840,-2630,-16362,-841,21,11,-89
4,801,162845,-2638,-16367,-815,23,20,-88
4,802,162850,-2660,-16317,-796,21,27,-88
4,803,162855,-2673,-16261,-779,22,28,-86
4,804,162860,-2588,-16123,-682,18,19,-86
4,805,162865,-2648,-16128,-621,18,10,-86
4,806,162870,-2709,-16203,-579,20,-3,-87
4,807,162875,-2685,-16241,-597,17,-10,-88
4,808,162880,-2628,-16264,-686,18,-14,-87
4,809,162885,-2592,-16297,-704,16,-17,-88
4,810,162890,-2686,-16248,-633,12,-18,-90
4,811,162895,-2776,-16232,-619,17,-25,-89
4,812,162900,-2819,-16234,-603,18,-31,-87
4,813,162905,-2704,-16252,-697,19,-30,-86
4,814,162910,-2658,-16264,-876,17,-21,-86
4,815,162915,-2609,-16225,-947,15,-7,-87
4,816,162920,-2623,-16217,-979,15,12,-89
4,817,162925,-2605,-16130,-1043,11,29,-89
4,818,162930,-2524,-16117,-965,16,42,-87
4,819,162935,-2432,-16077,-883,17,48,-85
4,820,162940,-2386,-16015,-777,16,45,-83
4,821,162945,-2443,-15977,-751,16,34,-84
4,822,162950,-2477,-15923,-714,15,14,-85
4,823,162955,-2487,-15872,-638,13,-6,-81
4,824,162960,-2482,-15881,-554,11,-31,-76
4,825,162965,-2432,-15913,-494,10,-58,-78
4,826,162970,-2440,-15962,-556,11,-83,-77
4,827,162975,-2495,-15982,-567,11,-105,-78
4,828,162980,-2449,-15989,-635,9,-121,-76
4,829,162985,-2471,-16033,-677,9,-131,-75
4,830,162990,-2474,-16089,-705,8,-136,-76
4,831,162995,-2479,-16125,-771,6,-137,-76
4,832,163000,-2496,-16143,-787,5,-137,-74
4,833,163005,-2445,-16128,-854,6,-131,-71
4,834,163010,-2467,-16138,-845,9,-125,-71
4,835,163015,-2478,-16200,-795,6,-115,-71
4,836,163020,-2532,-16258,-681,5,-106,-66
4,837,163025,-2642,-16326,-603,6,-96,-67
4,838,163030,-2634,-16334,-682,5,-85,-67
4,839,163035,-2510,-16355,-778,6,-67,-67
4,840,163040,-2412,-16298,-884,9,-39,-65
4,841,163045,-2371,-16295,-888,6,-10,-60
4,842,163050,-2365,-16268,-797,7,13,-60
4,843,163055,-2359,-16261,-711,7,31,-59
4,844,163060,-2370,-16269,-581,4,38,-58
4,845,163065,-2443,-16262,-467,9,33,-59
4,846,163070,-2464,-16280,-431,6,14,-56
4,847,163075,-2476,-16234,-435,4,-10,-54
4,848,163080,-2449,-16202,-465,3,-36,-50
4,849,163085,-2417,-16221,-517,1,-61,-49
4,850,163090,-2437,-16247,-584,-3,-79,-51
4,851,163095,-2448,-16269,-592,-2,-97,-49
4,852,163100,-2474,-16267,-662,1,-110,-49
4,853,163105,-2500,-16209,-704,2,-116,-48
4,854,163110,-2508,-16233,-749,1,-116,-43
4,855,163115,-2534,-16217,-719,-2,-112,-43
4,856,163120,-2514,-16288,-671,0,-110,-43
4,857,163125,-2526,-16269,-731,-1,-102,-42
4,858,163130,-2537,-16367,-754,1,-86,-39
4,859,163135,-2570,-16328,-732,-1,-75,-39
4,860,163140,-2638,-16355,-642,0,-67,-39
4,861,163145,-2669,-16411,-530,1,-59,-36
4,862,163150,-2711,-16439,-513,2,-58,-32
4,863,163155,-2721,-16466,-599,3,-55,-33
4,864,163160,-2703,-16454,-659,1,-49,-35
4,865,163165,-2725,-16459,-639,1,-48,-35
4,866,163170,-2715,-16461,-692,2,-44,-34
4,867,163175,-2682,-16407,-739,4,-36,-34
4,868,163180,-2599,-16393,-766,5,-25,-37
4,869,163185,-2571,-16402,-791,4,-9,-33
4,870,163190,-2541,-16392,-784,4,6,-32
4,871,163195,-2431,-16392,-715,6,20,-30
4,872,163200,-2397,-16302,-667,10,31,-28
4,873,163205,-2419,-16278,-602,8,33,-29
4,874,163210,-2419,-16251,-541,7,35,-28
4,875,163215,-2383,-16226,-518,5,32,-22
4,876,163220,-2375,-16236,-521,5,22,-20
4,877,163225,-2339,-16235,-484,5,11,-22
4,878,163230,-2336,-16243,-506,8,-15,-15
4,879,163235,-2359,-16216,-551,4,-20,-15
4,880,163240,-2376,-16208,-606,1,-33,-15
4,881,163245,-2406,-16217,-592,2,-42,-11
4,882,163250,-2422,-16212,-588,3,-47,-10
4,883,163255,-2474,-16176,-648,0,-48,-12
4,884,163260,-2469,-16237,-752,3,-49,-9
4,885,163265,-2464,-16224,-815,7,-44,-6
4,886,163270,-2423,-16218,-837,5,-33,-6
4,887,163275,-2413,-16249,-832,4,-19,-4
4,888,163280,-2388,-16190,-839,6,-1,-3
4,889,163285,-2420,-16191,-867,8,17,-2
4,890,163290,-2441,-16205,-873,9,32,1
4,891,163295,-2468,-16250,-786,11,44,1
4,892,163300,-2480,-16261,-668,12,55,0
4,893,163305,-2466,-16266,-624,14,62,2
4,894,163310,-2413,-16261,-694,12,69,6
4,895,163315,-2386,-16220,-685,13,76,7
4,896,163320,-2375,-16211,-745,12,80,3
4,897,163325,-2405,-16197,-714,11,77,4
4,898,163330,-2343,-16205,-602,11,78,6
4,899,163335,-2370,-16172,-537,12,72,6
4,900,163340,-2348,-16203,-544,12,63,7
4,901,163345,-2329,-16218,-588,12,55,10
4,902,163350,-2291,-16195,-603,10,46,13
4,903,163355,-2220,-16183,-540,8,37,14
4,904,163360,-2215,-16127,-531,7,28,12
4,905,163365,-2274,-16140,-572,7,15,13
4,906,163370,-2306,-16137,-595,8,0,14
4,907,163375,-2388,-16208,-549,10,-17,17
4,908,163380,-2451,-16278,-558,6,-30,17
4,909,163385,-2464,-16303,-518,5,-39,16
4,910,163390,-2467,-16292,-608,5,-40,18
4,911,163395,-2419,-16241,-820,7,-38,21
4,912,163400,-2401,-16200,-939,6,-27,19
4,913,163405,-2369,-16139,-936,5,-12,19
4,914,163410,-2350,-16103,-911,6,-3,20
4,915,163415,-2390,-16107,-829,8,8,22
4,916,163420,-2502,-16158,-729,12,17,22
4,917,163425,-2598,-16260,-554,10,15,19
4,918,163430,-2619,-16353,-426,10,12,20
4,919,163435,-2587,-16400,-480,7,12,20
4,920,163440,-2574,-16380,-552,6,14,22
4,921,163445,-2519,-16353,-645,6,19,20
4,922,163450,-2432,-16296,-692,6,26,18
4,923,163455,-2438,-16227,-760,8,34,18
4,924,163460,-2365,-16182,-827,11,40,19
4,925,163465,-2376,-16168,-833,11,51,16
4,926,163470,-2423,-16087,-862,10,54,18
4,927,163475,-2453,-16024,-815,12,50,18
4,928,163480,-2436,-16021,-739,11,43,19
4,929,163485,-2419,-16056,-558,11,33,19
4,930,163490,-2474,-16159,-415,9,18,20
4,931,163495,-2529,-16256,-366,7,2,18
4,932,163500,-2482,-16273,-449,7,-10,18
4,933,163505,-2418,-16254,-562,10,-16,20
4,934,163510,-2379,-16248,-635,9,-15,18
4,935,163515,-2318,-16253,-681,4,-12,17
4,936,163520,-2337,-16255,-690,4,-10,18
4,937,163525,-2334,-16273,-722,7,-8,17
4,938,163530,-2406,-16306,-766,8,-8,18
4,939,163535,-2463,-16282,-680,6,-6,17
4,940,163540,-2481,-16251,-586,7,-4,19
4,941,163545,-2453,-16269,-605,6,4,22
4,942,163550,-2370,-16317,-617,8,12,22
4,943,163555,-2324,-16347,-637,8,27,20
4,944,163560,-2355,-16336,-664,10,40,17
4,945,163565,-2345,-16293,-674,10,44,17
4,946,163570,-2373,-16306,-645,12,44,17
4,947,163575,-2354,-16285,-546,13,38,19
4,948,163580,-2349,-16296,-494,10,31,19
4,949,163585,-2355,-16307,-471,9,24,20
4,950,163590,-2406,-16269,-515,9,17,20
4,951,163595,-2368,-16164,-658,6,-4,21
4,952,163600,-2378,-16163,-635,9,-9,23
4,953,163605,-2383,-16196,-594,8,-14,18
4,954,163610,-2441,-16250,-545,10,-21,16
4,955,163615,-2499,-16263,-623,10,-31,17
4,956,163620,-2466,-16263,-722,9,-29,19
4,957,163625,-2398,-16296,-756,8,-24,20
4,958,163630,-2429,-16250,-729,11,-20,19
4,959,163635,-2405,-16228,-744,12,-8,16
4,960,163640,-2437,-16228,-773,9,8,15
4,961,163645,-2481,-16316,-721,10,19,15
4,962,163650,-2528,-16362,-628,12,28,15
4,963,163655,-2501,-16371,-560,14,32,15
4,964,163660,-2444,-16395,-547,17,39,15
4,965,163665,-2430,-16349,-586,13,47,13
4,966,163670,-2425,-16310,-578,12,51,13
4,967,163675,-2449,-16320,-562,12,49,13
4,968,163680,-2401,-16270,-553,11,51,10
4,969,163685,-2397,-16304,-528,10,46,10
4,970,163690,-2456,-16298,-519,13,37,10
4,971,163695,-2489,-16313,-500,12,23,5
4,972,163700,-2544,-16332,-505,10,5,5
4,973,163705,-2506,-16298,-554,10,-12,6
4,974,163710,-2416,-16276,-578,10,-20,7
4,975,163715,-2418,-16302,-669,7,-24,7
4,976,163720,-2456,-16283,-729,13,-21,7
4,977,163725,-2490,-16270,-698,12,-20,4
4,978,163730,-2522,-16303,-670,10,-17,1
4,979,163735,-2552,-16306,-624,11,-9,-1
4,980,163740,-2507,-16309,-639,12,-4,1
4,981,163745,-2408,-16345,-687,14,5,-1
4,982,163750,-2483,-16345,-664,13,15,-3
4,983,163755,-2501,-16278,-636,12,22,-6
4,984,163760,-2462,-16207,-643,11,28,-4
4,985,163765,-2440,-16161,-633,12,28,-4
4,986,163770,-2433,-16131,-581,12,28,-5
4,987,163775,-2514,-16122,-565,13,26,-5
4,988,163780,-2679,-16170,-469,12,17,-10
4,989,163785,-2659,-16261,-439,11,0,-10
4,990,163790,-2563,-16306,-428,13,-7,-8
4,991,163795,-2447,-16350,-521,14,0,-9
4,992,163800,-2489,-16406,-641,13,8,-12
4,993,163805,-2549,-16394,-727,8,14,-13
4,994,163810,-2466,-16341,-724,8,26,-16
4,995,163815,-2382,-16342,-633,11,33,-15
4,996,163820,-2391,-16286,-502,10,37,-15
4,997,163825,-2428,-16291,-443,8,38,-14
4,998,163830,-2506,-16257,-448,8,30,-17
4,999,163835,-2538,-16246,-557,10,26,-17
5,0,172235,-2257,-16366,-619,-2,11,-10
5,1,172240,-2283,-16361,-647,0,4,-10
5,2,172245,-2257,-16362,-589,-2,0,-8
5,3,172250,-2211,-16371,-571,-4,-2,-11
5,4,172255,-2246,-16362,-601,-4,-2,-9
5,5,172260,-2286,-16373,-635,-3,-1,-10
5,6,172265,-2233,-16366,-654,-4,3,-10
5,7,172270,-2229,-16359,-666,-5,5,-10
5,8,172275,-2202,-16338,-665,-4,9,-6
5,9,172280,-2205,-16350,-623,-3,12,-7
5,10,172285,-2174,-16292,-620,-5,13,-5
5,11,172290,-2128,-16269,-642,-4,15,-5
5,12,172295,-2179,-16256,-662,-4,16,-6
5,13,172300,-2225,-16243,-688,-9,13,-6
5,14,172305,-2216,-16206,-624,-7,10,-3
5,15,172310,-2180,-16280,-581,-5,4,-2
5,16,172315,-2230,-16243,-590,-5,-3,-5
5,17,172320,-2217,-16233,-625,-5,-10,-5
5,18,172325,-2255,-16184,-697,-8,-17,-4
5,19,172330,-2223,-16198,-703,-6,-22,0
5,20,172335,-2198,-16204,-751,-5,-25,-2
5,21,172340,-2244,-16183,-814,-5,-24,-3
5,22,172345,-2230,-16155,-793,-3,-25,-2
5,23,172350,-2255,-16183,-783,-4,-26,-2
5,24,172355,-2300,-16196,-776,-3,-22,-3
5,25,172360,-2276,-16189,-841,-3,-22,-3
5,26,172365,-2280,-16183,-825,-6,-14,-2
5,27,172370,-2255,-16188,-846,-4,-6,-1
5,28,172375,-2243,-16182,-812,-3,-1,-3
5,29,172380,-2257,-16179,-769,-4,9,-2
5,30,172385,-2259,-16196,-757,-1,13,0
5,31,172390,-2305,-16247,-668,-2,16,-2
5,32,172395,-2300,-16247,-653,-1,17,-1
5,33,172400,-2252,-16230,-706,-1,16,-1
5,34,172405,-2203,-16199,-768,0,16,-2
5,35,172410,-2174,-16193,-770,-4,18,-2
5,36,172415,-2179,-16190,-726,0,15,-1
5,37,172420,-2163,-16189,-714,0,14,0
5,38,172425,-2146,-16210,-714,2,13,0
5,39,172430,-2157,-16181,-695,-1,8,0
5,40,172435,-2195,-16204,-705,-3,4,-2
5,41,172440,-2167,-16206,-727,0,2,0
5,42,172445,-2135,-16216,-714,0,-6,2
5,43,172450,-2156,-16219,-735,-2,-9,5
5,44,172455,-2121,-16243,-747,-2,-10,2
5,45,172460,-2116,-16211,-764,0,-14,4
5,46,172465,-2178,-16222,-757,0,-18,5
5,47,172470,-2232,-16217,-668,-3,-22,4
5,48,172475,-2224,-16228,-646,-1,-27,6
5,49,172480,-2226,-16236,-622,-1,-30,5
5,50,172485,-2232,-16225,-684,-1,-33,4
5,51,172490,-2241,-16229,-720,-2,-28,4
5,52,172495,-2297,-16278,-697,-1,-25,6
5,53,172500,-2243,-16272,-714,-1,-23,4
5,54,172505,-2241,-16234,-722,3,-16,5
5,55,172510,-2245,-16238,-708,2,-10,6
5,56,172515,-2301,-16245,-688,0,-11,5
5,57,172520,-2288,-16243,-655,0,-11,4
5,58,172525,-2276,-16256,-689,1,-11,4
5,59,172530,-2264,-16286,-710,1,-14,5
5,60,172535,-2256,-16274,-684,-1,-10,5
5,61,172540,-2239,-16237,-720,-2,-7,2
5,62,172545,-2329,-16224,-680,0,-7,3
5,63,172550,-2333,-16254,-658,0,-7,3
5,64,172555,-2316,-16257,-675,-1,-8,4
5,65,172560,-2265,-16272,-684,-2,-12,1
5,66,172565,-2257,-16289,-695,-1,-14,1
5,67,172570,-2363,-16276,-694,0,-17,2
5,68,172575,-2347,-16276,-668,-2,-20,3
5,69,172580,-2311,-16274,-702,-1,-17,2
5,70,172585,-2323,-16256,-751,0,-14,1
5,71,172590,-2335,-16259,-747,0,-11,1
5,72,172595,-2339,-16267,-690,2,-9,-2
5,73,172600,-2320,-16252,-670,2,-3,-3
5,74,172605,-2293,-16300,-793,1,0,0
5,75,172610,-2282,-16286,-756,2,4,-2
5,76,172615,-2308,-16235,-748,2,5,-3
5,77,172620,-2357,-16255,-710,-1,6,-2
5,78,172625,-2336,-16251,-716,-1,3,-4
5,79,172630,-2281,-16251,-686,1,3,-4
5,80,172635,-2259,-16302,-656,1,7,-6
5,81,172640,-2262,-16295,-663,3,3,-6
5,82,172645,-2251,-16285,-650,5,2,-4
5,83,172650,-2276,-16298,-687,3,0,-7
5,84,172655,-2235,-16305,-595,2,-5,-5
5,85,172660,-2224,-16344,-595,3,-8,-2
5,86,172665,-2250,-16306,-674,4,-11,-6
5,87,172670,-2251,-16321,-675,4,-13,-3
5,88,172675,-2290,-16273,-675,1,-17,-5
5,89,172680,-2306,-16269,-678,-1,-17,-8
5,90,172685,-2296,-16270,-652,2,-18,-7
5,91,172690,-2249,-16320,-640,4,-22,-6
5,92,172695,-2217,-16328,-708,4,-23,-5
5,93,172700,-2236,-16320,-736,4,-19,-6
5,94,172705,-2261,-16294,-722,3,-15,-7
5,95,172710,-2274,-16300,-752,2,-15,-4
5,96,172715,-2283,-16267,-687,6,-15,-5
5,97,172720,-2300,-16252,-680,2,-11,-8
5,98,172725,-2292,-16276,-737,3,-5,-8
5,99,172730,-2329,-16303,-743,4,-1,-8
5,100,172735,-2277,-16289,-762,9,1,-9
5,101,172740,-2279,-16269,-770,8,1,-7
5,102,172745,-2305,-16280,-718,3,0,-6
5,103,172750,-2314,-16258,-653,6,0,-7
5,104,172755,-2298,-16226,-680,8,0,-9
5,105,172760,-2261,-16259,-712,11,2,-8
5,106,172765,-2252,-16264,-722,7,5,-10
5,107,172770,-2276,-16272,-727,7,3,-14
5,108,172775,-2249,-16282,-626,8,2,-10
5,109,172780,-2270,-16337,-656,9,-4,-11
5,110,172785,-2249,-16314,-684,10,-5,-7
5,111,172790,-2273,-16332,-636,7,-9,-9
5,112,172795,-2271,-16330,-707,7,-9,-11
5,113,172800,-2263,-16330,-684,7,-9,-10
5,114,172805,-2270,-16286,-662,8,-8,-8
5,115,172810,-2219,-16287,-668,7,-4,-11
5,116,172815,-2251,-16317,-688,7,-4,-11
5,117,172820,-2264,-16268,-707,9,-6,-14
5,118,172825,-2242,-16243,-698,8,-4,-10
5,119,172830,-2216,-16214,-702,7,-3,-9
5,120,172835,-2212,-16232,-664,9,-4,-10
5,121,172840,-2210,-16243,-686,7,-1,-9
5,122,172845,-2207,-16252,-687,6,-1,-9
5,123,172850,-2196,-16269,-675,8,0,-7
5,124,172855,-2208,-16242,-719,7,4,-9
5,125,172860,-2233,-16230,-732,5,4,-8
5,126,172865,-2238,-16208,-649,9,-1,-10
5,127,172870,-2222,-16272,-613,7,-6,-9
5,128,172875,-2256,-16250,-650,4,-10,-8
5,129,172880,-2254,-16274,-638,4,-16,-9
5,130,172885,-2269,-16245,-660,7,-19,-10
5,131,172890,-2254,-16264,-719,5,-18,-9
5,132,172895,-2199,-16243,-751,6,-18,-8
5,133,172900,-2251,-16255,-716,6,-19,-8
5,134,172905,-2246,-16274,-719,8,-18,-7
5,135,172910,-2241,-16277,-660,9,-16,-9
5,136,172915,-2289,-16321,-655,5,-18,-10
5,137,172920,-2263,-16328,-675,7,-17,-7
5,138,172925,-2250,-16319,-746,6,-13,-7
5,139,172930,-2301,-16317,-720,5,-10,-8
5,140,172935,-2315,-16314,-635,4,-9,-8
5,141,172940,-2278,-16333,-635,6,-9,-10
5,142,172945,-2283,-16317,-642,5,-10,-8
5,143,172950,-2315,-16340,-629,6,-10,-8
5,144,172955,-2324,-16300,-672,4,-9,-11
5,145,172960,-2365,-16276,-669,2,-11,-11
5,146,172965,-2361,-16286,-656,5,-12,-10
5,147,172970,-2332,-16233,-701,2,-17,-10
5,148,172975,-2345,-16267,-714,0,-18,-10
5,149,172980,-2314,-16308,-738,2,-19,-13
5,150,172985,-2268,-16315,-809,3,-20,-14
5,151,172990,-2271,-16324,-774,3,-12,-11
5,152,172995,-2213,-16290,-752,4,-7,-12
5,153,173000,-2230,-16270,-729,5,-5,-13
5,154,173005,-2313,-16325,-668,5,-5,-11
5,155,173010,-2346,-16367,-662,4,-9,-12
5,156,173015,-2302,-16364,-674,4,-12,-13
5,157,173020,-2223,-16371,-676,3,-10,-13
5,158,173025,-2257,-16319,-687,2,-10,-12
5,159,173030,-2254,-16319,-722,0,-3,-11
5,160,173035,-2198,-16319,-780,1,1,-13
5,161,173040,-2195,-16343,-769,5,4,-12
5,162,173045,-2186,-16354,-740,6,7,-10
5,163,173050,-2177,-16315,-731,5,8,-9
5,164,173055,-2182,-16332,-677,4,12,-11
5,165,173060,-2171,-16321,-668,1,11,-10
5,166,173065,-2163,-16325,-668,0,7,-7
5,167,173070,-2160,-16320,-667,0,5,-9
5,168,173075,-2163,-16346,-671,0,1,-9
5,169,173080,-2177,-16349,-730,0,-4,-8
5,170,173085,-2179,-16342,-691,1,-7,-9
5,171,173090,-2254,-16297,-685,1,-7,-9
5,172,173095,-2230,-16293,-692,0,-10,-9
5,173,173100,-2255,-16253,-706,1,-16,-7
5,174,173105,-2239,-16294,-681,-1,-17,-8
5,175,173110,-2219,-16324,-686,-2,-19,-8
5,176,173115,-2296,-16309,-737,-4,-19,-6
5,177,173120,-2239,-16286,-762,-4,-17,-7
5,178,173125,-2268,-16283,-727,-2,-15,-9
5,179,173130,-2208,-16239,-764,-2,-13,-9
5,180,173135,-2177,-16283,-738,0,-8,-7
5,181,173140,-2203,-16248,-721,-1,-2,-6
5,182,173145,-2228,-16218,-674,0,2,-7
5,183,173150,-2204,-16243,-709,-5,2,-7
5,184,173155,-2229,-16215,-703,-2,-3,-7
5,185,173160,-2232,-16184,-668,-3,-6,-6
5,186,173165,-2209,-16184,-670,-3,-12,-5
5,187,173170,-2224,-16209,-698,-1,-15,-6
5,188,173175,-2256,-16217,-709,-2,-24,-5
5,189,173180,-2246,-16206,-728,-5,-27,-4
5,190,173185,-2296,-16201,-757,-5,-32,-5
5,191,173190,-2279,-16209,-708,-6,-33,-4
5,192,173195,-2299,-16256,-737,-6,-35,-6
5,193,173200,-2303,-16259,-784,-6,-35,-10
5,194,173205,-2293,-16288,-772,-5,-29,-6
5,195,173210,-2283,-16280,-759,-3,-24,-6
5,196,173215,-2279,-16279,-770,-4,-20,-8
5,197,173220,-2296,-16266,-744,-4,-12,-8
5,198,173225,-2325,-16263,-688,-4,-5,-6
5,199,173230,-2350,-16249,-667,-6,-3,-6
5,200,173235,-2314,-16292,-713,-5,0,-7
5,201,173240,-2245,-16284,-743,-5,7,-8
5,202,173245,-2220,-16257,-725,-3,7,-9
5,203,173250,-2306,-16268,-647,-3,10,-8
5,204,173255,-2338,-16301,-654,-4,8,-9
5,205,173260,-2284,-16309,-663,-3,3,-8
5,206,173265,-2274,-16296,-679,-4,1,-8
5,207,173270,-2303,-16305,-704,-4,-1,-9
5,208,173275,-2304,-16283,-727,-6,-4,-8
5,209,173280,-2278,-16264,-730,-5,-5,-9
5,210,173285,-2269,-16234,-755,-4,-5,-7
5,211,173290,-2248,-16253,-785,-4,-3,-8
5,212,173295,-2243,-16228,-783,-2,-1,-10
5,213,173300,-2201,-16265,-776,-2,6,-5
5,214,173305,-2163,-16322,-819,-3,12,-7
5,215,173310,-2135,-16313,-775,-4,16,-8
5,216,173315,-2146,-16276,-703,0,20,-8
5,217,173320,-2135,-16280,-714,1,23,-7
5,218,173325,-2114,-16303,-666,-1,20,-4
5,219,173330,-2116,-16325,-628,-3,16,-4
5,220,173335,-2086,-16337,-629,-1,14,-5
5,221,173340,-2108,-16268,-605,-3,12,-2
5,222,173345,-2138,-16278,-595,-5,10,0
5,223,173350,-2182,-16257,-609,-2,5,-1
5,224,173355,-2159,-16237,-529,-2,-3,-1
5,225,173360,-2177,-16314,-521,-5,-13,-1
5,226,173365,-2168,-16274,-554,-2,-21,2
5,227,173370,-2185,-16277,-624,-5,-22,0
5,228,173375,-2174,-16278,-668,-6,-27,1
5,229,173380,-2206,-16248,-702,-7,-29,3
5,230,173385,-2182,-16294,-699,-6,-28,3
5,231,173390,-2163,-16258,-678,-5,-27,3
5,232,173395,-2215,-16240,-702,-2,-26,2
5,233,173400,-2249,-16262,-732,-3,-25,0
5,234,173405,-2259,-16279,-751,-3,-21,4
5,235,173410,-2213,-16270,-801,-2,-16,4
5,236,173415,-2235,-16304,-811,-3,-16,3
5,237,173420,-2313,-16276,-718,-3,-15,2
5,238,173425,-2348,-16264,-679,-2,-17,5
5,239,173430,-2322,-16295,-692,0,-19,3
5,240,173435,-2282,-16262,-780,1,-13,2
5,241,173440,-2284,-16285,-777,0,-5,4
5,242,173445,-2309,-16310,-713,1,-1,3
5,243,173450,-2312,-16292,-668,1,-2,4
5,244,173455,-2278,-16291,-695,0,1,1
5,245,173460,-2281,-16339,-736,-1,5,3
5,246,173465,-2271,-16268,-762,2,6,7
5,247,173470,-2247,-16278,-752,1,8,3
5,248,173475,-2287,-16280,-767,-1,9,0
5,249,173480,-2299,-16248,-752,1,6,0
5,250,173485,-2256,-16258,-720,2,4,3
5,251,173490,-2249,-16266,-756,2,3,5
5,252,173495,-2247,-16271,-726,6,2,1
5,253,173500,-2266,-16235,-707,3,0,2
5,254,173505,-2245,-16245,-726,4,-1,5
5,255,173510,-2291,-16230,-710,5,-1,4
5,256,173515,-2268,-16292,-707,5,0,4
5,257,173520,-2197,-16263,-725,6,2,1
5,258,173525,-2228,-16242,-698,7,1,3
5,259,173530,-2240,-16262,-671,4,5,3
5,260,173535,-2251,-16270,-705,8,6,3
5,261,173540,-2224,-16252,-704,4,8,2
5,262,173545,-2237,-16293,-714,3,11,2
5,263,173550,-2232,-16275,-678,6,11,3
5,264,173555,-2216,-16263,-712,8,10,1
5,265,173560,-2248,-16253,-688,7,6,4
5,266,173565,-2218,-16227,-709,6,5,2
5,267,173570,-2209,-16209,-750,5,5,2
5,268,173575,-2210,-16226,-805,6,0,4
5,269,173580,-2188,-16219,-811,9,-3,1
5,270,173585,-2236,-16219,-772,7,-6,1
5,271,173590,-2261,-16236,-753,10,-9,1
5,272,173595,-2279,-16280,-771,13,-10,2
5,273,173600,-2274,-16296,-753,10,-9,0
5,274,173605,-2320,-16294,-757,8,-2,-3
5,275,173610,-2275,-16316,-724,7,5,0
5,276,173615,-2224,-16306,-692,10,15,0
5,277,173620,-2229,-16301,-682,10,27,-2
5,278,173625,-2226,-16317,-698,12,34,1
5,279,173630,-2240,-16339,-636,11,41,0
5,280,173635,-2266,-16289,-617,11,41,1
5,281,173640,-2212,-16336,-564,9,38,0
5,282,173645,-2229,-16324,-516,8,34,-1
5,283,173650,-2202,-16320,-521,6,28,-3
5,284,173655,-2203,-16341,-552,6,19,-4
5,285,173660,-2240,-16340,-547,5,13,-5
5,286,173665,-2262,-16317,-563,4,4,-7
5,287,173670,-2267,-16313,-582,4,-7,-5
5,288,173675,-2247,-16296,-651,4,-15,-5
5,289,173680,-2265,-16268,-699,4,-21,-5
5,290,173685,-2276,-16297,-720,2,-30,-9
5,291,173690,-2298,-16309,-804,3,-31,-8
5,292,173695,-2248,-16272,-818,3,-28,-7
5,293,173700,-2197,-16259,-821,4,-22,-8
5,294,173705,-2227,-16293,-841,5,-12,-6
5,295,173710,-2235,-16297,-753,4,-5,-8
5,296,173715,-2293,-16284,-733,5,5,-10
5,297,173720,-2248,-16251,-763,6,10,-10
5,298,173725,-2265,-16286,-705,4,14,-10
5,299,173730,-2213,-16291,-625,4,19,-12
5,300,173735,-2214,-16285,-611,6,18,-11
5,301,173740,-2212,-16299,-579,5,14,-7
5,302,173745,-2196,-16301,-600,3,10,-7
5,303,173750,-2190,-16308,-640,3,7,-10
5,304,173755,-2166,-16296,-611,1,3,-10
5,305,173760,-2185,-16296,-573,2,-8,-10
5,306,173765,-2240,-16288,-571,0,-15,-11
5,307,173770,-2227,-16276,-661,0,-24,-11
5,308,173775,-2213,-16325,-731,1,-30,-11
5,309,173780,-2241,-16304,-800,0,-28,-7
5,310,173785,-2274,-16316,-832,-2,-24,-6
5,311,173790,-2303,-16279,-889,-1,-16,-9
5,312,173795,-2318,-16240,-998,0,-2,-8
5,313,173800,-2339,-16190,-1063,2,16,-7
5,314,173805,-2406,-16153,-1101,4,34,-8
5,315,173810,-2458,-16177,-1161,6,59,-7
5,316,173815,-2436,-16125,-1217,7,88,-6
5,317,173820,-2422,-16082,-1248,12,118,-8
5,318,173825,-2404,-16031,-1278,12,148,-4
5,319,173830,-2505,-16035,-1216,13,179,-4
5,320,173835,-2641,-16072,-1075,13,198,-6
5,321,173840,-2683,-16129,-875,14,207,-5
5,322,173845,-2758,-16139,-813,15,217,-5
5,323,173850,-2600,-16159,-962,16,224,-3
5,324,173855,-2480,-16156,-961,18,234,-4
5,325,173860,-2691,-16033,-771,16,248,-4
5,326,173865,-2896,-15962,-931,12,256,-7
5,327,173870,-3070,-15947,-1179,15,266,-8
5,328,173875,-2555,-16038,-1589,17,286,4
5,329,173880,-2074,-15945,-1592,20,339,8
5,330,173885,-2393,-15804,-1047,14,401,-5
5,331,173890,-2530,-16014,-997,17,413,12
5,332,173895,-2562,-15656,-752,22,415,14
5,333,173900,-2242,-15889,-667,13,399,32
5,334,173905,-2179,-15910,-411,6,379,30
5,335,173910,-2283,-16038,-413,5,339,34
5,336,173915,-2360,-16096,-469,1,288,39
5,337,173920,-2318,-15935,-570,-3,236,43
5,338,173925,-2300,-16053,-580,-11,192,53
5,339,173930,-2338,-16119,-556,-11,158,60
5,340,173935,-2298,-16169,-778,-16,143,68
5,341,173940,-2300,-16156,-1066,-19,148,77
5,342,173945,-2275,-16131,-1338,-22,173,84
5,343,173950,-2340,-16095,-1328,-25,213,93
5,344,173955,-2359,-16066,-1145,-27,247,100
5,345,173960,-2403,-16053,-955,-28,273,109
5,346,173965,-2430,-16125,-934,-32,290,117
5,347,173970,-2528,-16170,-880,-38,300,133
5,348,173975,-2460,-16066,-868,-40,292,140
5,349,173980,-2460,-16122,-858,-48,280,155
5,350,173985,-2476,-16089,-749,-51,268,166
5,351,173990,-2430,-16045,-814,-58,246,177
5,352,173995,-2270,-16109,-1259,-65,228,191
5,353,174000,-2424,-15986,-1067,-77,244,196
5,354,174005,-2630,-15909,-47,-69,241,211
5,355,174010,-2628,-16028,-473,-76,151,224
5,356,174015,-2387,-15974,-1182,-81,89,226
5,357,174020,-2564,-15967,-951,-93,75,238
5,358,174025,-2854,-16089,-353,-99,47,253
5,359,174030,-2871,-15990,-854,-105,-5,260
5,360,174035,-2692,-16114,-1181,-109,-16,277
5,361,174040,-2715,-16063,-1190,-109,-10,290
5,362,174045,-2726,-16120,-1305,-115,-10,301
5,363,174050,-2843,-16178,-1334,-123,-1,309
5,364,174055,-2979,-16130,-1216,-125,17,316
5,365,174060,-3050,-16169,-1391,-128,32,329
5,366,174065,-3090,-16213,-1555,-132,67,348
5,367,174070,-3182,-16263,-1381,-136,104,360
5,368,174075,-3247,-16262,-1270,-139,122,366
5,369,174080,-3259,-16255,-1259,-142,129,374
5,370,174085,-3407,-16188,-1146,-145,134,382
5,371,174090,-3503,-16151,-1199,-151,127,394
5,372,174095,-3564,-16166,-1343,-155,115,401
5,373,174100,-3533,-16174,-1313,-160,103,413
5,374,174105,-3507,-16181,-1242,-167,89,419
5,375,174110,-3630,-16156,-1220,-173,78,423
5,376,174115,-3819,-16108,-1368,-173,73,427
5,377,174120,-3862,-16069,-1628,-174,74,437
5,378,174125,-3808,-16079,-1797,-178,92,448
5,379,174130,-3650,-16114,-1943,-182,116,459
5,380,174135,-3529,-16080,-1789,-182,162,466
5,381,174140,-3492,-16124,-1886,-188,197,473
5,382,174145,-3667,-16052,-1744,-190,229,474
5,383,174150,-3849,-15990,-1776,-192,244,483
5,384,174155,-3942,-16102,-1383,-193,247,492
5,385,174160,-4062,-15973,-1233,-199,235,493
5,386,174165,-3813,-16150,-1310,-203,220,505
5,387,174170,-3883,-16065,-1343,-206,207,507
5,388,174175,-3967,-16178,-1382,-214,184,512
5,389,174180,-4135,-16120,-1315,-220,150,516
5,390,174185,-4006,-16132,-1307,-225,116,524
5,391,174190,-3932,-16133,-1391,-225,101,530
5,392,174195,-3965,-16192,-1435,-231,91,533
5,393,174200,-4071,-16189,-1536,-236,79,535
5,394,174205,-4043,-16193,-1549,-241,75,537
5,395,174210,-4067,-16114,-1681,-242,73,544
5,396,174215,-4116,-16139,-1613,-241,76,550
5,397,174220,-4293,-16169,-1694,-246,80,555
5,398,174225,-4258,-16181,-1837,-249,82,557
5,399,174230,-4281,-16112,-1872,-250,88,560
5,400,174235,-4292,-16103,-1909,-252,104,565
5,401,174240,-4303,-16098,-1964,-254,130,568
5,402,174245,-4383,-16084,-1954,-253,153,572
5,403,174250,-4501,-15990,-1978,-254,193,571
5,404,174255,-4441,-16006,-1776,-255,209,575
5,405,174260,-4478,-15983,-1897,-259,211,575
5,406,174265,-4514,-15958,-1750,-260,221,575
5,407,174270,-4547,-15961,-1831,-259,212,579
5,408,174275,-4495,-15965,-1776,-260,205,578
5,409,174280,-4500,-15895,-1629,-264,188,577
5,410,174285,-4441,-15929,-1556,-267,167,579
5,411,174290,-4540,-15927,-1509,-270,141,580
5,412,174295,-4552,-15948,-1423,-274,103,580
5,413,174300,-4621,-15927,-1442,-279,60,581
5,414,174305,-4620,-15871,-1518,-283,20,578
5,415,174310,-4620,-15808,-1667,-282,-22,577
5,416,174315,-4556,-15753,-3112,-283,-39,583
5,417,174320,-4919,-16114,-839,-281,91,573
5,418,174325,-4882,-14907,-2211,-278,-36,549
5,419,174330,-4899,-16230,-1531,-288,-73,608
5,420,174335,-4667,-15411,-2457,-294,-131,565
5,421,174340,-4903,-15814,-2328,-286,-90,574
5,422,174345,-5092,-15597,-2493,-273,-57,558
5,423,174350,-5213,-15524,-2494,-271,-17,553
5,424,174355,-5188,-15556,-2365,-269,-1,555
5,425,174360,-5003,-15611,-2296,-269,4,555
5,426,174365,-5043,-15675,-2222,-267,14,548
5,427,174370,-5219,-15660,-2462,-266,17,537
5,428,174375,-5462,-15603,-2478,-259,33,532
5,429,174380,-5493,-15507,-2473,-258,43,528
5,430,174385,-5327,-15506,-2403,-258,61,528
5,431,174390,-5136,-15507,-2343,-257,80,522
5,432,174395,-5193,-15589,-2257,-253,97,514
5,433,174400,-5349,-15428,-2318,-249,94,497
5,434,174405,-5461,-15325,-2439,-244,75,491
5,435,174410,-5356,-15311,-2468,-243,56,488
5,436,174415,-5299,-15279,-2261,-241,57,480
5,437,174420,-5249,-15368,-2242,-236,50,474
5,438,174425,-5308,-15371,-2287,-233,41,461
5,439,174430,-5441,-15273,-2306,-231,20,451
5,440,174435,-5468,-15284,-2351,-229,-10,442
5,441,174440,-5485,-15283,-2258,-226,-28,435
5,442,174445,-5523,-15318,-2169,-223,-43,426
5,443,174450,-5565,-15353,-2248,-216,-61,415
5,444,174455,-5589,-15401,-2493,-214,-72,405
5,445,174460,-5483,-15370,-2827,-209,-61,395
5,446,174465,-5468,-15357,-2909,-207,-21,386
5,447,174470,-5488,-15338,-2898,-199,28,377
5,448,174475,-5503,-15367,-2915,-194,72,364
5,449,174480,-5419,-15328,-2778,-184,112,352
5,450,174485,-5470,-15257,-2784,-176,138,344
5,451,174490,-5555,-15246,-2658,-173,160,331
5,452,174495,-5585,-15184,-2596,-167,173,314
5,453,174500,-5515,-15179,-2531,-162,171,303
5,454,174505,-5520,-15225,-2423,-157,171,296
5,455,174510,-5493,-15167,-2336,-151,162,281
5,456,174515,-5499,-15141,-2321,-146,137,266
5,457,174520,-5493,-15098,-2301,-143,112,248
5,458,174525,-5470,-15012,-2325,-140,78,236
5,459,174530,-5463,-15014,-2261,-137,37,226
5,460,174535,-5531,-14970,-2227,-132,-7,213
5,461,174540,-5654,-14941,-2223,-126,-51,196
5,462,174545,-5747,-14936,-2407,-120,-92,183
5,463,174550,-5666,-14921,-2666,-113,-116,172
5,464,174555,-5493,-14906,-2952,-106,-114,158
5,465,174560,-5434,-14884,-3138,-96,-90,145
5,466,174565,-5463,-14868,-3234,-87,-48,127
5,467,174570,-5490,-14871,-3284,-77,4,114
5,468,174575,-5473,-14885,-3241,-68,61,98
5,469,174580,-5527,-14910,-3092,-59,118,83
5,470,174585,-5589,-14962,-2864,-49,162,73
5,471,174590,-5569,-15006,-2694,-41,190,57
5,472,174595,-5570,-15024,-2567,-35,201,41
5,473,174600,-5554,-15015,-2491,-27,202,25
5,474,174605,-5498,-15082,-2423,-18,196,12
5,475,174610,-5526,-15078,-2317,-12,182,-3
5,476,174615,-5506,-15071,-2251,-7,162,-18
5,477,174620,-5367,-15063,-2211,6,120,-49
5,478,174625,-5317,-15063,-2194,11,92,-66
5,479,174630,-5331,-15113,-2141,19,53,-84
5,480,174635,-5370,-15141,-2017,24,2,-95
5,481,174640,-5439,-15135,-1992,30,-52,-111
5,482,174645,-5414,-15138,-2146,34,-101,-131
5,483,174650,-5377,-15116,-2367,41,-140,-145
5,484,174655,-5307,-15136,-2610,47,-155,-159
5,485,174660,-5265,-15147,-2876,56,-149,-172
5,486,174665,-5255,-15121,-2997,68,-123,-188
5,487,174670,-5216,-15082,-3104,74,-75,-203
5,488,174675,-5242,-15089,-3102,87,-22,-216
5,489,174680,-5277,-15121,-3082,98,28,-233
5,490,174685,-5283,-15114,-2983,110,78,-248
5,491,174690,-5261,-15082,-2805,120,114,-261
5,492,174695,-5257,-15125,-2579,131,137,-277
5,493,174700,-5247,-15101,-2391,138,147,-292
5,494,174705,-5254,-15104,-2313,147,143,-307
5,495,174710,-5183,-15140,-2235,155,130,-319
5,496,174715,-5145,-15146,-2079,163,110,-334
5,497,174720,-5226,-15227,-1967,168,79,-354
5,498,174725,-5285,-15258,-1885,176,44,-370
5,499,174730,-5237,-15272,-1973,185,10,-382
5,500,174735,-5046,-15315,-2160,192,-18,-391
5,501,174740,-4960,-15305,-2350,196,-28,-407
5,502,174745,-4973,-15227,-2514,203,-28,-423
5,503,174750,-5055,-15198,-2642,211,-14,-438
5,504,174755,-5028,-15221,-2713,219,12,-450
5,505,174760,-4838,-15231,-2858,227,51,-461
5,506,174765,-4696,-15264,-2835,240,97,-472
5,507,174770,-4741,-15245,-2752,251,142,-485
5,508,174775,-4766,-15261,-2602,260,171,-498
5,509,174780,-4745,-15260,-2424,269,182,-510
5,510,174785,-4641,-15254,-2215,277,187,-517
5,511,174790,-4513,-15307,-1998,283,182,-526
5,512,174795,-4493,-15353,-1791,289,160,-539
5,513,174800,-4568,-15388,-1767,294,118,-549
5,514,174805,-4537,-15407,-1723,299,73,-560
5,515,174810,-4520,-15364,-1688,302,25,-570
5,516,174815,-4446,-15379,-1698,305,-19,-578
5,517,174820,-4422,-15368,-1784,310,-62,-590
5,518,174825,-4399,-15344,-1978,319,-95,-600
5,519,174830,-4401,-15339,-2190,322,-114,-612
5,520,174835,-4392,-15347,-2263,326,-119,-618
5,521,174840,-4299,-15393,-2292,331,-112,-625
5,522,174845,-4252,-15419,-2317,340,-98,-634
5,523,174850,-4247,-15451,-2395,345,-75,-641
5,524,174855,-4232,-15472,-2439,354,-49,-651
5,525,174860,-4232,-15488,-2255,357,-29,-656
5,526,174865,-4194,-15495,-2136,361,-14,-662
5,527,174870,-4131,-15532,-2056,367,-8,-668
5,528,174875,-4088,-15623,-2026,373,-4,-674
5,529,174880,-4001,-15710,-1900,378,-4,-677
5,530,174885,-3881,-15760,-1804,380,-14,-683
5,531,174890,-3911,-15793,-1664,381,-30,-686
5,532,174895,-3786,-15863,-1575,387,-53,-695
5,533,174900,-3727,-15849,-1514,389,-79,-697
5,534,174905,-3593,-15883,-1453,390,-109,-697
5,535,174910,-3612,-15832,-1309,390,-148,-706
5,536,174915,-3793,-15887,-1273,390,-192,-710
5,537,174920,-3867,-15855,-1367,388,-234,-718
5,538,174925,-3659,-15970,-1448,391,-268,-716
5,539,174930,-3375,-16038,-1514,393,-286,-716
5,540,174935,-3333,-16074,-1591,390,-295,-722
5,541,174940,-3387,-16122,-1451,389,-299,-727
5,542,174945,-3460,-16103,-1316,393,-311,-733
5,543,174950,-3275,-16144,-1233,393,-334,-730
5,544,174955,-3185,-16124,-1140,388,-357,-730
5,545,174960,-3229,-16135,-793,386,-380,-733
5,546,174965,-3490,-16313,-736,384,-433,-736
5,547,174970,-3758,-16245,-739,380,-495,-746
5,548,174975,-3702,-16335,-1134,376,-558,-739
5,549,174980,-3279,-16294,-1444,375,-578,-735
5,550,174985,-2983,-16303,-1913,372,-518,-739
5,551,174990,-3168,-16255,-1941,370,-458,-746
5,552,174995,-3129,-16277,-2053,374,-398,-743
5,553,175000,-2977,-16264,-1882,379,-328,-735
5,554,175005,-2961,-16342,-1456,377,-262,-735
5,555,175010,-3049,-16372,-542,385,-237,-737
5,556,175015,-2966,-16225,-1086,387,-275,-744
5,557,175020,-2800,-16341,-1635,372,-281,-739
5,558,175025,-3057,-16180,-484,363,-258,-739
5,559,175030,-2967,-16309,389,364,-314,-728
5,560,175035,-2559,-16405,-311,367,-425,-727
5,561,175040,-2556,-16420,-610,358,-494,-737
5,562,175045,-3077,-16536,-378,342,-550,-738
5,563,175050,-3520,-16571,-256,338,-623,-734
5,564,175055,-3202,-16561,-842,333,-686,-727
5,565,175060,-2540,-16569,-1512,328,-685,-724
5,566,175065,-2369,-16542,-1579,324,-628,-719
5,567,175070,-2674,-16658,-1585,319,-564,-723
5,568,175075,-3018,-16516,-1643,322,-496,-728
5,569,175080,-2921,-16470,-1756,325,-423,-723
5,570,175085,-2699,-16483,-1583,326,-335,-716
5,571,175090,-2608,-16590,-1315,324,-255,-708
5,572,175095,-2621,-16728,-1048,321,-201,-707
5,573,175100,-2612,-16595,-907,318,-180,-708
5,574,175105,-2545,-16457,-886,317,-177,-704
5,575,175110,-2380,-16492,-780,311,-177,-695
5,576,175115,-2310,-16568,-482,304,-191,-686
5,577,175120,-2272,-16585,-90,298,-228,-680
5,578,175125,-2233,-16586,45,295,-285,-678
5,579,175130,-2199,-16562,-142,287,-351,-676
5,580,175135,-2266,-16529,-199,278,-407,-673
5,581,175140,-2378,-16453,160,270,-456,-667
5,582,175145,-2450,-16443,67,262,-527,-662
5,583,175150,-2528,-16384,-400,259,-586,-659
5,584,175155,-2611,-16465,-923,256,-607,-655
5,585,175160,-2620,-16568,-1507,248,-592,-647
5,586,175165,-2373,-16576,-1811,242,-530,-641
5,587,175170,-2043,-16611,-1995,241,-426,-633
5,588,175175,-1924,-16628,-1971,249,-283,-627
5,589,175180,-1944,-16610,-2006,254,-131,-622
5,590,175185,-1942,-16716,-1737,258,18,-614
5,591,175190,-1678,-16732,-1288,258,135,-605
5,592,175195,-1323,-16728,-556,250,212,-595
5,593,175200,-1219,-16796,444,246,241,-579
5,594,175205,-1265,-16812,1310,237,194,-573
5,595,175210,-1322,-16691,1945,226,69,-569
5,596,175215,-1166,-16590,1788,219,-111,-557
5,597,175220,-1170,-16684,1759,206,-276,-541
5,598,175225,-1229,-16677,1829,182,-435,-529
5,599,175230,-460,-15975,2099,167,-582,-521
5,600,175235,-9407,-7563,4346,124,-754,-496
5,601,175257,7540,-21898,8318,-130,193,234
5,602,175258,7540,-21898,8318,-130,193,234
5,603,175259,7540,-21898,8318,-130,193,234
5,604,175260,7540,-21898,8318,-130,193,234
5,605,175261,-13088,-17109,7978,-27,-330,-35
5,606,175265,-13088,-17109,7978,-27,-330,-35
5,607,175270,-11102,-14110,-12496,119,-698,58
5,608,175275,-2689,-14497,-13780,122,487,326
5,609,175280,5239,-16890,-11,27,1415,392
5,610,175285,2679,-20053,6330,-24,1265,353
5,611,175290,-2940,-18588,3179,76,816,155
5,612,175295,-6583,-14957,-1515,161,722,111
5,613,175300,-3986,-15242,-2550,113,837,254
5,614,175305,-197,-15400,1322,40,883,313
5,615,175310,1511,-17549,3111,-13,688,359
5,616,175315,-368,-17733,4492,-5,474,287
5,617,175320,-2961,-16681,2933,23,217,220
5,618,175325,-2925,-15669,-635,28,8,223
5,619,175330,-1500,-15502,-1620,-5,-40,291
5,620,175335,-92,-16710,494,-46,-8,352
5,621,175340,-192,-16955,2144,-47,-24,325
5,622,175345,-1018,-16919,1427,-25,-94,282
5,623,175350,-1887,-16093,-813,-2,-146,247
5,624,175355,-1525,-16428,-914,-44,-100,327
5,625,175360,-844,-16824,988,-57,-84,336
5,626,175365,-695,-16890,942,-43,-104,314
5,627,175370,-1337,-16541,-406,-29,-95,289
5,628,175375,-2072,-16411,-1125,-37,-53,295
5,629,175380,-2022,-16410,-729,-48,-30,316
5,630,175385,-1324,-16644,34,-61,-33,330
5,631,175390,-823,-16674,501,-56,-37,324
5,632,175395,-1164,-16610,245,-51,-33,309
5,633,175400,-1968,-16389,-8,-48,-30,300
5,634,175405,-2245,-16257,-395,-55,-59,305
5,635,175410,-1934,-16271,-275,-64,-91,316
5,636,175415,-1508,-16378,365,-70,-104,320
5,637,175420,-1426,-16464,315,-68,-121,311
5,638,175425,-1755,-16376,-111,-63,-122,294
5,639,175430,-2110,-16246,-623,-62,-115,289
5,640,175435,-1978,-16247,-808,-67,-95,299
5,641,175440,-1613,-16341,-530,-71,-65,305
5,642,175445,-1355,-16469,-367,-79,-29,302
5,643,175450,-1554,-16498,-63,-77,24,294
5,644,175455,-1843,-16415,-108,-70,51,283
5,645,175460,-1945,-16336,-546,-70,50,281
5,646,175465,-1822,-16345,-627,-78,64,285
5,647,175470,-1673,-16379,-97,-82,98,288
5,648,175475,-1656,-16529,132,-86,122,287
5,649,175480,-1737,-16437,-114,-85,132,276
5,650,175485,-1887,-16469,-242,-85,138,272
5,651,175490,-1871,-16458,-268,-90,145,270
5,652,175495,-1796,-16409,-162,-91,152,270
5,653,175500,-1778,-16443,-95,-96,156,268
5,654,175505,-1745,-16480,-57,-99,167,261
5,655,175510,-1809,-16422,-236,-100,164,259
5,656,175515,-1877,-16370,-323,-106,162,254
5,657,175520,-1898,-16375,-260,-109,160,253
5,658,175525,-1873,-16385,-125,-109,153,252
5,659,175530,-1819,-16380,-228,-109,148,247
5,660,175535,-1845,-16375,-326,-110,144,241
5,661,175540,-1980,-16349,-368,-114,144,236
5,662,175545,-2047,-16316,-224,-114,143,233
5,663,175550,-1954,-16336,-194,-115,140,231
5,664,175555,-1911,-16353,-187,-115,135,227
5,665,175560,-1922,-16387,-171,-121,124,221
5,666,175565,-2023,-16387,-202,-125,110,216
5,667,175570,-2142,-16334,-123,-127,96,211
5,668,175575,-2158,-16384,-140,-131,81,210
5,669,175580,-2120,-16349,-189,-132,71,206
5,670,175585,-2066,-16394,-218,-134,68,204
5,671,175590,-2161,-16414,-235,-136,69,196
5,672,175595,-2197,-16393,-377,-135,70,192
5,673,175600,-2259,-16340,-433,-135,74,190
5,674,175605,-2273,-16326,-436,-138,80,188
5,675,175610,-2323,-16335,-439,-141,90,179
5,676,175615,-2397,-16350,-471,-140,99,173
5,677,175620,-2374,-16413,-541,-138,110,169
5,678,175625,-2349,-16394,-588,-139,126,168
5,679,175630,-2331,-16412,-505,-139,147,167
5,680,175635,-2378,-16446,-435,-142,164,159
5,681,175640,-2481,-16406,-214,-139,170,151
5,682,175645,-2493,-16429,-351,-140,165,149
5,683,175650,-2453,-16457,-298,-140,166,149
5,684,175655,-2458,-16459,-351,-142,162,143
5,685,175660,-2476,-16498,-337,-144,156,137
5,686,175665,-2493,-16459,-365,-144,149,132
5,687,175670,-2382,-16460,-448,-144,148,133
5,688,175675,-2301,-16424,-408,-145,154,127
5,689,175680,-2317,-16502,-226,-144,160,127
5,690,175685,-2361,-16486,-290,-145,151,122
5,691,175690,-2320,-16443,-408,-145,132,116
5,692,175695,-2365,-16445,-309,-145,119,115
5,693,175700,-2432,-16451,-321,-148,105,112
5,694,175705,-2343,-16425,-362,-144,86,112
5,695,175710,-2284,-16400,-426,-144,70,109
5,696,175715,-2370,-16402,-526,-144,54,107
5,697,175720,-2367,-16378,-585,-145,44,100
5,698,175725,-2367,-16342,-687,-140,42,98
5,699,175730,-2349,-16302,-810,-138,43,97
5,700,175735,-2370,-16312,-844,-135,49,93
5,701,175740,-2346,-16297,-863,-131,57,93
5,702,175745,-2371,-16269,-820,-129,66,91
5,703,175750,-2425,-16285,-767,-126,71,90
5,704,175755,-2500,-16268,-782,-124,76,88
5,705,175760,-2465,-16254,-854,-121,89,84
5,706,175765,-2354,-16267,-841,-115,103,84
5,707,175770,-2365,-16259,-826,-114,116,83
5,708,175775,-2358,-16237,-764,-114,129,78
5,709,175780,-2384,-16218,-718,-107,136,77
5,710,175785,-2381,-16221,-607,-106,132,71
5,711,175790,-2393,-16255,-575,-104,127,72
5,712,175795,-2341,-16220,-590,-103,115,74
5,713,175800,-2261,-16203,-576,-100,93,73
5,714,175805,-2234,-16171,-539,-101,74,72
5,715,175810,-2256,-16162,-480,-102,54,69
5,716,175815,-2310,-16134,-479,-98,28,68
5,717,175820,-2359,-16112,-564,-94,4,66
5,718,175825,-2379,-16113,-623,-95,-19,62
5,719,175830,-2403,-16116,-674,-92,-40,62
5,720,175835,-2450,-16064,-711,-89,-58,62
5,721,175840,-2472,-16079,-774,-90,-65,59
5,722,175845,-2475,-16069,-922,-88,-68,57
5,723,175850,-2522,-16060,-1037,-81,-61,59
5,724,175855,-2478,-16003,-1152,-79,-43,55
5,725,175860,-2453,-16022,-1174,-76,-14,51
5,726,175865,-2480,-16049,-1152,-70,16,49
5,727,175870,-2513,-16013,-1145,-67,45,48
5,728,175875,-2489,-15959,-1098,-62,72,48
5,729,175880,-2490,-15955,-1041,-61,98,47
5,730,175885,-2515,-16005,-985,-56,114,47
5,731,175890,-2549,-16049,-932,-52,122,43
5,732,175895,-2567,-16078,-816,-49,127,43
5,733,175900,-2595,-16047,-629,-48,124,42
5,734,175905,-2691,-16008,-579,-47,116,40
5,735,175910,-2646,-15986,-634,-48,101,37
5,736,175915,-2605,-16012,-718,-43,87,36
5,737,175920,-2587,-16035,-767,-39,68,34
5,738,175925,-2603,-16042,-650,-41,47,28
5,739,175930,-2698,-16034,-562,-41,17,26
5,740,175935,-2769,-16004,-624,-38,-12,24
5,741,175940,-2697,-16033,-823,-34,-33,21
5,742,175945,-2606,-16065,-995,-34,-40,21
5,743,175950,-2632,-16141,-1007,-32,-39,17
5,744,175955,-2592,-16108,-962,-32,-28,16
5,745,175960,-2602,-16107,-970,-26,-16,14
5,746,175965,-2595,-16110,-937,-22,0,12
5,747,175970,-2616,-16160,-949,-20,19,12
5,748,175975,-2674,-16211,-897,-19,30,10
5,749,175980,-2688,-16221,-738,-16,36,9
5,750,175985,-2678,-16210,-711,-16,30,7
5,751,175990,-2727,-16241,-643,-14,23,6
5,752,175995,-2771,-16202,-680,-13,13,5
5,753,176000,-2792,-16186,-734,-9,-3,0
5,754,176005,-2814,-16194,-820,-11,-14,1
5,755,176010,-2751,-16189,-892,-9,-20,-1
5,756,176015,-2653,-16218,-932,-6,-19,-6
5,757,176020,-2680,-16198,-946,-1,-14,-6
5,758,176025,-2706,-16220,-979,0,-7,-6
5,759,176030,-2737,-16200,-984,0,3,-11
5,760,176035,-2727,-16224,-992,5,10,-13
5,761,176040,-2761,-16231,-956,6,19,-13
5,762,176045,-2758,-16256,-875,9,20,-13
5,763,176050,-2759,-16229,-828,8,15,-16
5,764,176055,-2757,-16222,-868,6,11,-17
5,765,176060,-2737,-16212,-933,11,7,-17
5,766,176065,-2744,-16187,-942,15,0,-20
5,767,176070,-2769,-16218,-926,16,-3,-23
5,768,176075,-2783,-16264,-881,18,-13,-25
5,769,176080,-2782,-16257,-829,20,-22,-28
5,770,176085,-2780,-16235,-862,18,-29,-27
5,771,176090,-2823,-16262,-903,24,-35,-31
5,772,176095,-2823,-16285,-977,22,-35,-34
5,773,176100,-2772,-16291,-1046,27,-32,-33
5,774,176105,-2717,-16277,-1045,28,-21,-36
5,775,176110,-2752,-16277,-1118,30,-4,-38
5,776,176115,-2766,-16282,-1195,31,12,-38
5,777,176120,-2736,-16230,-1201,33,28,-38
5,778,176125,-2657,-16241,-1118,33,42,-42
5,779,176130,-2627,-16228,-1081,38,55,-42
5,780,176135,-2702,-16253,-996,41,66,-41
5,781,176140,-2704,-16234,-914,43,69,-42
5,782,176145,-2703,-16184,-913,40,67,-42
5,783,176150,-2674,-16153,-859,44,62,-42
5,784,176155,-2712,-16226,-804,42,57,-43
5,785,176160,-2756,-16234,-752,44,44,-43
5,786,176165,-2729,-16233,-698,41,30,-48
5,787,176170,-2714,-16226,-709,42,15,-46
5,788,176175,-2675,-16259,-840,43,3,-47
5,789,176180,-2706,-16266,-852,44,-5,-49
5,790,176185,-2732,-16251,-840,42,-10,-52
5,791,176190,-2690,-16257,-847,39,-13,-51
5,792,176195,-2712,-16249,-897,40,-15,-52
5,793,176200,-2724,-16288,-941,40,-15,-53
5,794,176205,-2725,-16278,-1027,44,-11,-54
5,795,176210,-2706,-16264,-1043,44,-3,-56
5,796,176215,-2628,-16276,-976,43,-1,-57
5,797,176220,-2603,-16252,-904,42,4,-57
5,798,176225,-2642,-16259,-888,45,5,-55
5,799,176230,-2659,-16263,-871,48,3,-56
5,800,176235,-2742,-16289,-844,45,-3,-57
5,801,176240,-2763,-16371,-841,48,-9,-56
5,802,176245,-2706,-16333,-782,45,-16,-59
5,803,176250,-2649,-16289,-844,43,-17,-62
5,804,176255,-2623,-16274,-908,44,-18,-60
5,805,176260,-2613,-16265,-967,44,-14,-59
5,806,176265,-2571,-16242,-1057,45,-12,-62
5,807,176270,-2553,-16211,-999,48,-10,-61
5,808,176275,-2532,-16182,-916,43,-10,-60
5,809,176280,-2524,-16178,-870,42,-11,-63
5,810,176285,-2626,-16215,-798,43,-16,-60
5,811,176290,-2761,-16287,-736,40,-31,-62
5,812,176295,-2735,-16311,-765,37,-46,-60
5,813,176300,-2619,-16282,-861,37,-51,-60
5,814,176305,-2528,-16240,-938,40,-45,-61
5,815,176310,-2533,-16231,-1053,40,-35,-62
5,816,176315,-2526,-16208,-1098,37,-19,-61
5,817,176320,-2518,-16133,-1078,41,-3,-60
5,818,176325,-2511,-16111,-1078,43,10,-60
5,819,176330,-2478,-16063,-1002,43,18,-58
5,820,176335,-2472,-16101,-944,41,19,-57
5,821,176340,-2585,-16111,-902,38,12,-57
5,822,176345,-2702,-16176,-810,37,-3,-57
5,823,176350,-2741,-16205,-707,37,-20,-56
5,824,176355,-2690,-16227,-651,35,-34,-55
5,825,176360,-2613,-16234,-731,36,-43,-59
5,826,176365,-2608,-16214,-871,35,-43,-58
5,827,176370,-2625,-16165,-934,31,-37,-59
5,828,176375,-2577,-16150,-935,33,-35,-55
5,829,176380,-2487,-16121,-879,32,-34,-56
5,830,176385,-2452,-16168,-807,33,-36,-53
5,831,176390,-2532,-16196,-770,31,-42,-55
5,832,176395,-2609,-16222,-735,27,-49,-56
5,833,176400,-2591,-16223,-720,28,-60,-52
5,834,176405,-2536,-16208,-758,28,-67,-52
5,835,176410,-2443,-16207,-770,21,-66,-50
5,836,176415,-2422,-16236,-759,22,-68,-49
5,837,176420,-2454,-16233,-761,22,-75,-50
5,838,176425,-2463,-16197,-723,21,-81,-48
5,839,176430,-2495,-16169,-709,18,-90,-49
5,840,176435,-2543,-16220,-699,16,-103,-49
5,841,176440,-2567,-16251,-707,17,-116,-46
5,842,176445,-2569,-16255,-738,14,-128,-47
5,843,176450,-2595,-16193,-783,13,-133,-44
5,844,176455,-2560,-16203,-1016,10,-118,-42
5,845,176460,-2519,-16216,-988,11,-100,-43
5,846,176465,-2541,-16209,-1026,13,-87,-44
5,847,176470,-2542,-16245,-947,11,-68,-44
5,848,176475,-2528,-16273,-846,13,-53,-44
5,849,176480,-2475,-16259,-805,11,-44,-40
5,850,176485,-2475,-16289,-760,9,-40,-39
5,851,176490,-2482,-16307,-727,7,-40,-38
5,852,176495,-2420,-16311,-691,6,-48,-38
5,853,176500,-2437,-16263,-574,7,-63,-36
5,854,176505,-2430,-16247,-596,5,-78,-37
5,855,176510,-2475,-16263,-598,3,-98,-38
5,856,176515,-2454,-16224,-584,-1,-120,-37
5,857,176520,-2443,-16227,-610,-1,-138,-34
5,858,176525,-2465,-16263,-579,-1,-153,-35
5,859,176530,-2425,-16270,-685,-2,-165,-32
5,860,176535,-2440,-16245,-807,-3,-172,-35
5,861,176540,-2449,-16256,-832,-4,-176,-32
5,862,176545,-2495,-16271,-842,-5,-176,-32
5,863,176550,-2511,-16321,-820,-4,-172,-32
5,864,176555,-2536,-16312,-803,-3,-166,-28
5,865,176560,-2527,-16322,-918,-4,-157,-30
5,866,176565,-2540,-16258,-1044,-3,-149,-30
5,867,176570,-2526,-16340,-949,-2,-129,-29
5,868,176575,-2534,-16317,-954,-4,-111,-31
5,869,176580,-2508,-16304,-913,-2,-96,-30
5,870,176585,-2478,-16297,-887,-1,-77,-29
5,871,176590,-2496,-16285,-925,-1,-54,-30
5,872,176595,-2443,-16301,-923,-2,-45,-29
5,873,176600,-2428,-16260,-844,-1,-39,-32
5,874,176605,-2427,-16226,-764,-2,-43,-29
5,875,176610,-2372,-16197,-724,-2,-49,-32
5,876,176615,-2358,-16184,-783,-2,-59,-30
5,877,176620,-2351,-16187,-751,0,-75,-28
5,878,176625,-2391,-16179,-688,1,-91,-30
5,879,176630,-2432,-16225,-643,1,-106,-28
5,880,176635,-2471,-16230,-666,-1,-120,-30
5,881,176640,-2442,-16177,-746,0,-126,-28
5,882,176645,-2368,-16207,-845,0,-127,-29
5,883,176650,-2406,-16187,-911,-2,-121,-27
5,884,176655,-2411,-16173,-951,-3,-112,-31
5,885,176660,-2384,-16139,-910,0,-106,-27
5,886,176665,-2378,-16127,-895,2,-97,-28
5,887,176670,-2389,-16195,-866,3,-92,-31
5,888,176675,-2475,-16201,-840,5,-89,-29
5,889,176680,-2554,-16223,-820,3,-85,-25
5,890,176685,-2519,-16255,-792,1,-83,-25
5,891,176690,-2477,-16270,-839,2,-78,-28
5,892,176695,-2383,-16296,-863,3,-68,-27
5,893,176700,-2350,-16298,-960,6,-56,-27
5,894,176705,-2390,-16275,-939,4,-44,-28
5,895,176710,-2394,-16294,-900,7,-36,-27
5,896,176715,-2405,-16250,-868,9,-29,-28
5,897,176720,-2396,-16217,-857,11,-27,-27
5,898,176725,-2354,-16205,-826,10,-29,-27
5,899,176730,-2374,-16198,-832,8,-35,-28
5,900,176735,-2410,-16176,-779,8,-50,-25
5,901,176740,-2400,-16215,-726,11,-65,-25
5,902,176745,-2406,-16240,-619,11,-75,-26
5,903,176750,-2427,-16290,-607,11,-86,-25
5,904,176755,-2455,-16363,-589,9,-93,-25
5,905,176760,-2452,-16372,-593,7,-97,-26
5,906,176765,-2447,-16399,-652,8,-92,-25
5,907,176770,-2429,-16361,-742,6,-86,-25
5,908,176775,-2421,-16327,-864,8,-82,-27
5,909,176780,-2424,-16329,-844,7,-74,-25
5,910,176785,-2410,-16318,-858,10,-64,-26
5,911,176790,-2445,-16300,-852,9,-54,-27
5,912,176795,-2440,-16264,-846,12,-43,-25
5,913,176800,-2448,-16295,-778,9,-33,-24
5,914,176805,-2468,-16303,-697,11,-31,-23
5,915,176810,-2480,-16340,-634,12,-30,-24
5,916,176815,-2421,-16338,-589,9,-30,-25
5,917,176820,-2404,-16331,-601,9,-33,-23
5,918,176825,-2399,-16357,-622,6,-42,-26
5,919,176830,-2409,-16353,-669,5,-51,-25
5,920,176835,-2390,-16345,-655,4,-48,-24
5,921,176840,-2369,-16328,-634,6,-47,-21
5,922,176845,-2379,-16281,-734,3,-47,-22
5,923,176850,-2423,-16243,-753,4,-46,-23
5,924,176855,-2458,-16231,-793,3,-40,-22
5,925,176860,-2492,-16254,-739,4,-33,-24
5,926,176865,-2418,-16257,-715,8,-29,-23
5,927,176870,-2421,-16280,-687,5,-25,-22
5,928,176875,-2435,-16273,-708,5,-16,-21
5,929,176880,-2470,-16220,-733,6,-13,-22
5,930,176885,-2458,-16224,-775,3,-13,-22
5,931,176890,-2427,-16184,-718,2,-18,-23
5,932,176895,-2432,-16170,-673,3,-24,-21
5,933,176900,-2392,-16154,-647,4,-33,-19
5,934,176905,-2424,-16223,-667,3,-38,-21
5,935,176910,-2451,-16190,-704,6,-42,-24
5,936,176915,-2434,-16204,-737,3,-47,-23
5,937,176920,-2377,-16224,-761,0,-50,-23
5,938,176925,-2329,-16207,-744,-1,-48,-20
5,939,176930,-2375,-16181,-714,2,-46,-20
5,940,176935,-2366,-16215,-778,1,-42,-19
5,941,176940,-2416,-16175,-840,2,-34,-20
5,942,176945,-2412,-16206,-865,4,-26,-20
5,943,176950,-2344,-16214,-823,5,-16,-19
5,944,176955,-2389,-16242,-765,3,-5,-19
5,945,176960,-2382,-16240,-799,1,-1,-17
5,946,176965,-2384,-16204,-776,3,3,-15
5,947,176970,-2416,-16205,-728,2,5,-14
5,948,176975,-2418,-16280,-736,-1,5,-15
5,949,176980,-2339,-16256,-675,1,5,-16
5,950,176985,-2341,-16239,-602,2,3,-16
5,951,176990,-2361,-16262,-617,0,1,-15
5,952,176995,-2344,-16239,-655,1,-7,-12
5,953,177000,-2352,-16228,-704,-1,-11,-12
5,954,177005,-2325,-16202,-742,-2,-18,-10
5,955,177010,-2258,-16194,-756,-1,-27,-9
5,956,177015,-2303,-16206,-735,-2,-30,-10
5,957,177020,-2313,-16210,-758,-1,-31,-7
5,958,177025,-2334,-16174,-823,-1,-28,-7
5,959,177030,-2270,-16146,-861,-2,-27,-5
5,960,177035,-2266,-16224,-835,0,-22,-3
5,961,177040,-2284,-16225,-792,1,-17,-3
5,962,177045,-2296,-16246,-728,-1,-17,-2
5,963,177050,-2347,-16285,-757,-2,-15,-4
5,964,177055,-2330,-16265,-734,-1,-15,1
5,965,177060,-2318,-16255,-683,-3,-17,0
5,966,177065,-2350,-16247,-676,-5,-13,1
5,967,177070,-2349,-16286,-706,-3,-17,1
5,968,177075,-2337,-16300,-681,-2,-18,2
5,969,177080,-2355,-16286,-669,-3,-18,2
5,970,177085,-2393,-16328,-619,-4,-21,0
5,971,177090,-2399,-16332,-660,-4,-22,3
5,972,177095,-2406,-16365,-696,-6,-25,4
5,973,177100,-2375,-16326,-732,-7,-23,7
5,974,177105,-2371,-16324,-739,-6,-17,6
5,975,177110,-2333,-16286,-709,-6,-15,8
5,976,177115,-2353,-16255,-747,-7,-12,6
5,977,177120,-2377,-16287,-702,-5,-14,7
5,978,177125,-2336,-16282,-703,-4,-15,7
5,979,177130,-2354,-16264,-757,-7,-11,10
5,980,177135,-2346,-16262,-756,-8,-8,8
5,981,177140,-2359,-16260,-776,-9,-8,11
5,982,177145,-2314,-16203,-811,-9,-4,11
5,983,177150,-2293,-16207,-827,-6,1,10
5,984,177155,-2292,-16213,-829,-7,3,11
5,985,177160,-2381,-16244,-732,-7,3,14
5,986,177165,-2392,-16210,-637,-5,0,13
5,987,177170,-2446,-16256,-647,-6,-3,13
5,988,177175,-2383,-16280,-672,-9,-2,13
5,989,177180,-2345,-16264,-728,-9,-3,15
5,990,177185,-2340,-16272,-752,-12,-3,15
5,991,177190,-2384,-16220,-681,-7,-10,14
5,992,177195,-2429,-16222,-722,-7,-13,13
5,993,177200,-2440,-16269,-720,-8,-17,14
5,994,177205,-2425,-16258,-714,-9,-21,13
5,995,177210,-2384,-16248,-764,-10,-20,15
5,996,177215,-2379,-16190,-815,-10,-20,15
5,997,177220,-2370,-16189,-907,-10,-15,14
5,998,177225,-2392,-16223,-903,-9,-12,17
5,999,177230,-2364,-16216,-868,-6,-7,16
6,0,185925,-2473,-16441,-669,-2,6,-19
6,1,185930,-2502,-16414,-697,-1,1,-20
6,2,185935,-2523,-16450,-665,-3,-5,-20
6,3,185940,-2519,-16461,-665,-5,-5,-20
6,4,185945,-2456,-16442,-684,-4,-2,-21
6,5,185950,-2401,-16441,-748,-4,1,-21
6,6,185955,-2379,-16427,-787,-3,7,-20
6,7,185960,-2417,-16414,-762,-2,9,-22
6,8,185965,-2476,-16402,-700,-3,8,-22
6,9,185970,-2460,-16390,-678,-2,2,-21
6,10,185975,-2407,-16426,-657,-1,1,-21
6,11,185980,-2365,-16467,-689,-2,3,-21
6,12,185985,-2410,-16408,-811,-2,8,-22
6,13,185990,-2402,-16377,-802,-3,12,-21
6,14,185995,-2339,-16321,-864,-3,14,-23
6,15,186000,-2332,-16288,-800,-1,13,-21
6,16,186005,-2343,-16268,-768,-3,10,-22
6,17,186010,-2362,-16259,-835,0,2,-22
6,18,186015,-2303,-16269,-857,1,4,-21
6,19,186020,-2274,-16250,-873,-2,10,-21
6,20,186025,-2301,-16204,-907,-4,12,-21
6,21,186030,-2310,-16196,-889,-2,12,-23
6,22,186035,-2367,-16149,-909,2,9,-21
6,23,186040,-2385,-16128,-821,2,6,-20
6,24,186045,-2409,-16186,-797,3,0,-20
6,25,186050,-2418,-16251,-818,-1,-7,-19
6,26,186055,-2353,-16267,-836,0,-10,-18
6,27,186060,-2287,-16257,-917,0,-7,-20
6,28,186065,-2332,-16229,-896,3,-2,-17
6,29,186070,-2388,-16221,-848,4,5,-18
6,30,186075,-2309,-16230,-793,4,8,-19
6,31,186080,-2320,-16213,-796,7,12,-18
6,32,186085,-2312,-16227,-782,5,15,-18
6,33,186090,-2345,-16228,-690,3,13,-19
6,34,186095,-2338,-16234,-711,5,14,-17
6,35,186100,-2285,-16276,-698,-1,12,-17
6,36,186105,-2257,-16246,-694,-2,9,-16
6,37,186110,-2311,-16232,-719,0,1,-18
6,38,186115,-2325,-16178,-747,2,-7,-18
6,39,186120,-2350,-16189,-779,0,-16,-19
6,40,186125,-2351,-16178,-802,-3,-26,-18
6,41,186130,-2379,-16197,-761,-1,-31,-17
6,42,186135,-2354,-16221,-769,-1,-34,-16
6,43,186140,-2311,-16227,-844,0,-35,-15
6,44,186145,-2316,-16280,-902,1,-25,-11
6,45,186150,-2330,-16271,-974,3,-14,-11
6,46,186155,-2350,-16215,-1024,1,1,-14
6,47,186160,-2328,-16185,-947,2,9,-15
6,48,186165,-2287,-16141,-888,3,13,-14
6,49,186170,-2255,-16136,-914,4,14,-15
6,50,186175,-2325,-16137,-883,0,15,-15
6,51,186180,-2400,-16143,-811,1,8,-13
6,52,186185,-2393,-16181,-733,2,0,-12
6,53,186190,-2316,-16247,-689,0,-2,-11
6,54,186195,-2288,-16294,-742,3,0,-9
6,55,186200,-2297,-16289,-798,3,-1,-10
6,56,186205,-2363,-16267,-858,3,-3,-10
6,57,186210,-2345,-16260,-866,1,-7,-12
6,58,186215,-2329,-16231,-812,3,-13,-11
6,59,186220,-2312,-16242,-845,5,-17,-9
6,60,186225,-2339,-16271,-837,1,-22,-8
6,61,186230,-2362,-16302,-862,1,-21,-10
6,62,186235,-2354,-16294,-844,5,-15,-8
6,63,186240,-2305,-16280,-872,4,-9,-7
6,64,186245,-2269,-16263,-876,4,-2,-8
6,65,186250,-2226,-16245,-885,2,8,-8
6,66,186255,-2299,-16240,-887,4,12,-5
6,67,186260,-2339,-16222,-827,5,9,-6
6,68,186265,-2327,-16261,-779,4,4,-6
6,69,186270,-2296,-16291,-800,4,3,-4
6,70,186275,-2283,-16338,-872,5,3,-4
6,71,186280,-2273,-16298,-763,7,1,-4
6,72,186285,-2303,-16263,-762,6,-2,-4
6,73,186290,-2299,-16259,-813,6,-3,-3
6,74,186295,-2275,-16302,-757,7,-7,-3
6,75,186300,-2260,-16291,-760,7,-11,-1
6,76,186305,-2298,-16264,-817,5,-14,0
6,77,186310,-2256,-16286,-837,5,-15,0
6,78,186315,-2233,-16267,-832,4,-18,1
6,79,186320,-2258,-16256,-787,5,-18,4
6,80,186325,-2269,-16269,-741,4,-18,2
6,81,186330,-2245,-16271,-749,6,-19,4
6,82,186335,-2259,-16248,-776,7,-21,3
6,83,186340,-2286,-16237,-842,4,-21,3
6,84,186345,-2281,-16239,-807,5,-19,5
6,85,186350,-2317,-16232,-813,6,-19,7
6,86,186355,-2351,-16197,-829,5,-20,6
6,87,186360,-2360,-16220,-792,5,-21,6
6,88,186365,-2346,-16236,-830,5,-16,9
6,89,186370,-2354,-16222,-821,6,-17,8
6,90,186375,-2494,-16213,-797,5,-26,6
6,91,186380,-2479,-16185,-741,4,-28,7
6,92,186385,-2430,-16218,-777,3,-29,7
6,93,186390,-2406,-16227,-838,5,-28,7
6,94,186395,-2391,-16180,-874,6,-24,7
6,95,186400,-2433,-16173,-908,6,-21,5
6,96,186405,-2450,-16182,-831,5,-17,3
6,97,186410,-2440,-16162,-822,5,-12,5
6,98,186415,-2448,-16147,-880,5,-13,7
6,99,186420,-2406,-16148,-855,7,-10,5
6,100,186425,-2452,-16138,-862,5,-7,4
6,101,186430,-2457,-16178,-849,6,-4,2
6,102,186435,-2441,-16170,-792,6,-5,2
6,103,186440,-2407,-16170,-780,4,-7,3
6,104,186445,-2399,-16167,-801,7,-7,4
6,105,186450,-2397,-16207,-829,8,-7,2
6,106,186455,-2435,-16196,-834,6,-10,3
6,107,186460,-2406,-16172,-793,7,-10,4
6,108,186465,-2360,-16216,-797,6,-9,3
6,109,186470,-2338,-16216,-797,6,-8,6
6,110,186475,-2347,-16225,-797,8,-5,2
6,111,186480,-2372,-16255,-836,6,-2,3
6,112,186485,-2364,-16233,-826,6,-3,5
6,113,186490,-2403,-16234,-784,4,-1,4
6,114,186495,-2364,-16223,-744,5,-2,3
6,115,186500,-2344,-16271,-737,5,-5,4
6,116,186505,-2403,-16305,-681,6,-7,4
6,117,186510,-2474,-16288,-704,6,-12,4
6,118,186515,-2405,-16308,-723,6,-18,5
6,119,186520,-2439,-16328,-720,2,-21,5
6,120,186525,-2438,-16341,-756,4,-23,5
6,121,186530,-2455,-16380,-803,5,-23,2
6,122,186535,-2446,-16348,-786,2,-22,3
6,123,186540,-2426,-16367,-835,4,-21,2
6,124,186545,-2400,-16366,-826,7,-17,1
6,125,186550,-2396,-16330,-812,5,-9,1
6,126,186555,-2393,-16320,-824,4,-2,1
6,127,186560,-2385,-16336,-776,4,1,1
6,128,186565,-2354,-16294,-822,5,8,2
6,129,186570,-2389,-16313,-804,4,13,2
6,130,186575,-2360,-16321,-777,3,12,2
6,131,186580,-2363,-16290,-726,4,11,1
6,132,186585,-2353,-16292,-712,4,4,2
6,133,186590,-2364,-16291,-724,3,3,3
6,134,186595,-2332,-16315,-791,4,1,2
6,135,186600,-2300,-16286,-811,4,-1,4
6,136,186605,-2345,-16233,-825,2,-2,1
6,137,186610,-2374,-16271,-823,4,-7,2
6,138,186615,-2332,-16241,-825,2,-9,3
6,139,186620,-2317,-16237,-803,2,-11,3
6,140,186625,-2311,-16236,-814,3,-15,5
6,141,186630,-2343,-16245,-830,4,-15,3
6,142,186635,-2371,-16228,-872,7,-21,4
6,143,186640,-2343,-16225,-862,6,-18,5
6,144,186645,-2324,-16234,-840,5,-13,4
6,145,186650,-2360,-16148,-903,6,-10,3
6,146,186655,-2364,-16149,-887,5,-10,3
6,147,186660,-2421,-16193,-855,8,-12,2
6,148,186665,-2393,-16161,-821,5,-11,2
6,149,186670,-2356,-16162,-839,6,-8,5
6,150,186675,-2330,-16211,-854,6,-5,4
6,151,186680,-2333,-16176,-855,8,-2,4
6,152,186685,-2371,-16238,-826,8,-1,5
6,153,186690,-2344,-16219,-820,8,4,5
6,154,186695,-2287,-16189,-820,9,6,5
6,155,186700,-2306,-16231,-816,11,10,3
6,156,186705,-2315,-16243,-827,8,14,2
6,157,186710,-2382,-16267,-764,6,10,3
6,158,186715,-2320,-16251,-737,8,9,6
6,159,186720,-2269,-16248,-726,11,3,7
6,160,186725,-2286,-16235,-728,8,0,7
6,161,186730,-2280,-16224,-722,6,-6,3
6,162,186735,-2304,-16189,-762,5,-13,3
6,163,186740,-2289,-16214,-765,8,-20,7
6,164,186745,-2216,-16253,-760,6,-24,10
6,165,186750,-2263,-16243,-784,4,-23,6
6,166,186755,-2252,-16220,-809,8,-20,7
6,167,186760,-2295,-16197,-824,6,-16,7
6,168,186765,-2322,-16204,-777,5,-16,9
6,169,186770,-2275,-16203,-775,7,-15,10
6,170,186775,-2272,-16239,-775,6,-14,10
6,171,186780,-2352,-16237,-765,7,-13,11
6,172,186785,-2379,-16210,-806,6,-16,11
6,173,186790,-2360,-16216,-790,4,-16,7
6,174,186795,-2386,-16242,-759,6,-17,10
6,175,186800,-2367,-16243,-743,6,-20,11
6,176,186805,-2370,-16276,-681,6,-21,9
6,177,186810,-2379,-16325,-693,7,-21,8
6,178,186815,-2426,-16338,-689,5,-24,8
6,179,186820,-2415,-16318,-694,2,-24,7
6,180,186825,-2470,-16351,-724,4,-29,8
6,181,186830,-2468,-16372,-671,4,-33,8
6,182,186835,-2484,-16377,-676,2,-33,5
6,183,186840,-2555,-16364,-702,2,-33,6
6,184,186845,-2547,-16383,-800,-1,-31,5
6,185,186850,-2535,-16372,-790,0,-27,3
6,186,186855,-2552,-16390,-753,0,-21,4
6,187,186860,-2534,-16433,-748,1,-17,1
6,188,186865,-2553,-16430,-795,1,-15,-3
6,189,186870,-2540,-16357,-797,1,-13,-1
6,190,186875,-2569,-16400,-819,3,-14,0
6,191,186880,-2542,-16412,-817,2,-14,-4
6,192,186885,-2527,-16380,-830,1,-15,-3
6,193,186890,-2564,-16346,-800,-1,-14,-4
6,194,186895,-2487,-16352,-799,2,-11,-4
6,195,186900,-2505,-16353,-755,4,-6,-4
6,196,186905,-2529,-16366,-803,1,-1,-7
6,197,186910,-2509,-16345,-817,3,2,-6
6,198,186915,-2486,-16334,-812,3,1,-5
6,199,186920,-2498,-16329,-781,3,4,-5
6,200,186925,-2504,-16297,-743,2,1,-10
6,201,186930,-2470,-16320,-734,3,0,-11
6,202,186935,-2463,-16338,-793,4,0,-10
6,203,186940,-2458,-16311,-818,3,0,-7
6,204,186945,-2499,-16265,-795,0,2,-8
6,205,186950,-2459,-16289,-806,1,5,-11
6,206,186955,-2407,-16323,-809,2,7,-10
6,207,186960,-2362,-16325,-860,2,7,-13
6,208,186965,-2373,-16318,-798,3,8,-13
6,209,186970,-2424,-16309,-825,3,7,-10
6,210,186975,-2447,-16284,-794,0,5,-11
6,211,186980,-2405,-16255,-753,-1,9,-13
6,212,186985,-2333,-16229,-789,0,9,-12
6,213,186990,-2298,-16254,-765,2,13,-10
6,214,186995,-2297,-16254,-820,1,14,-9
6,215,187000,-2367,-16255,-770,1,12,-11
6,216,187005,-2372,-16240,-754,0,11,-10
6,217,187010,-2339,-16196,-735,-1,5,-10
6,218,187015,-2333,-16180,-739,-4,0,-10
6,219,187020,-2312,-16206,-789,-2,-3,-12
6,220,187025,-2336,-16204,-786,-1,-7,-10
6,221,187030,-2326,-16185,-823,-1,-10,-11
6,222,187035,-2346,-16177,-849,-6,-7,-10
6,223,187040,-2346,-16178,-819,-5,-6,-7
6,224,187045,-2313,-16201,-867,-3,-4,-8
6,225,187050,-2300,-16183,-790,-4,-2,-9
6,226,187055,-2319,-16212,-809,-3,-4,-8
6,227,187060,-2375,-16208,-786,-2,-8,-11
6,228,187065,-2372,-16231,-745,-3,-9,-8
6,229,187070,-2391,-16235,-690,-5,-13,-6
6,230,187075,-2393,-16240,-745,-3,-16,-4
6,231,187080,-2344,-16286,-787,-5,-16,-7
6,232,187085,-2345,-16252,-784,-3,-13,-6
6,233,187090,-2356,-16258,-763,-7,-13,-7
6,234,187095,-2323,-16259,-732,-7,-12,-4
6,235,187100,-2314,-16233,-758,-6,-11,-5
6,236,187105,-2323,-16239,-784,-7,-7,-6
6,237,187110,-2344,-16181,-773,-9,-6,-3
6,238,187115,-2331,-16190,-748,-10,-8,-3
6,239,187120,-2332,-16205,-771,-8,-11,-1
6,240,187125,-2348,-16213,-824,-9,-10,-3
6,241,187130,-2322,-16214,-844,-9,-13,0
6,242,187135,-2363,-16179,-837,-9,-18,-1
6,243,187140,-2360,-16235,-838,-9,-19,-2
6,244,187145,-2365,-16209,-799,-10,-21,-1
6,245,187150,-2400,-16266,-820,-12,-22,-1
6,246,187155,-2427,-16277,-803,-9,-25,-3
6,247,187160,-2415,-16265,-890,-10,-26,-3
6,248,187165,-2402,-16272,-912,-7,-23,0
6,249,187170,-2413,-16242,-901,-10,-20,-3
6,250,187175,-2423,-16261,-843,-9,-19,-2
6,251,187180,-2407,-16270,-817,-8,-14,-1
6,252,187185,-2402,-16268,-856,-8,-14,-2
6,253,187190,-2378,-16285,-891,-8,-7,0
6,254,187195,-2343,-16310,-880,-8,-3,2
6,255,187200,-2351,-16300,-794,-9,-4,2
6,256,187205,-2372,-16310,-749,-8,-3,-1
6,257,187210,-2400,-16289,-710,-9,-2,2
6,258,187215,-2394,-16378,-702,-8,-7,0
6,259,187220,-2404,-16416,-715,-10,-13,0
6,260,187225,-2365,-16399,-757,-12,-11,1
6,261,187230,-2372,-16378,-734,-9,-9,1
6,262,187235,-2407,-16399,-685,-9,-8,2
6,263,187240,-2422,-16407,-649,-12,-13,2
6,264,187245,-2418,-16397,-639,-11,-17,3
6,265,187250,-2452,-16378,-671,-11,-21,2
6,266,187255,-2448,-16396,-691,-12,-23,4
6,267,187260,-2444,-16402,-740,-12,-27,-1
6,268,187265,-2417,-16341,-783,-12,-25,1
6,269,187270,-2418,-16289,-809,-13,-22,3
6,270,187275,-2454,-16269,-752,-15,-21,3
6,271,187280,-2407,-16301,-754,-14,-19,-1
6,272,187285,-2466,-16283,-790,-14,-19,-2
6,273,187290,-2491,-16252,-789,-15,-17,1
6,274,187295,-2476,-16176,-816,-16,-19,-2
6,275,187300,-2401,-16146,-823,-14,-22,-1
6,276,187305,-2460,-16180,-819,-13,-22,0
6,277,187310,-2473,-16165,-821,-13,-24,0
6,278,187315,-2515,-16154,-863,-14,-25,1
6,279,187320,-2519,-16176,-827,-13,-24,0
6,280,187325,-2505,-16150,-879,-10,-23,-2
6,281,187330,-2531,-16147,-892,-11,-27,-3
6,282,187335,-2539,-16142,-904,-12,-28,-1
6,283,187340,-2533,-16165,-878,-11,-28,-1
6,284,187345,-2513,-16163,-878,-12,-23,-3
6,285,187350,-2504,-16134,-979,-11,-21,-5
6,286,187355,-2476,-16094,-1012,-9,-14,-4
6,287,187360,-2460,-16130,-1007,-9,-3,-3
6,288,187365,-2441,-16131,-975,-10,5,-5
6,289,187370,-2504,-16133,-876,-9,14,-9
6,290,187375,-2498,-16116,-806,-9,18,-8
6,291,187380,-2446,-16109,-848,-5,16,-6
6,292,187385,-2464,-16129,-862,-4,17,-3
6,293,187390,-2460,-16116,-847,-7,17,-7
6,294,187395,-2469,-16116,-850,-8,17,-9
6,295,187400,-2476,-16139,-841,-7,15,-7
6,296,187405,-2416,-16122,-851,-6,14,-9
6,297,187410,-2355,-16102,-862,-5,14,-10
6,298,187415,-2351,-16045,-871,-6,12,-8
6,299,187420,-2361,-16089,-915,-6,14,-7
6,300,187425,-2391,-16054,-916,-9,12,-9
6,301,187430,-2354,-16106,-847,-6,10,-9
6,302,187435,-2307,-16078,-811,-6,10,-7
6,303,187440,-2321,-16111,-838,-6,13,-8
6,304,187445,-2355,-16128,-859,-6,14,-7
6,305,187450,-2379,-16160,-859,-6,12,-10
6,306,187455,-2392,-16138,-862,-1,11,-7
6,307,187460,-2385,-16179,-841,0,13,-8
6,308,187465,-2365,-16163,-844,-2,14,-8
6,309,187470,-2367,-16141,-829,-1,15,-7
6,310,187475,-2408,-16171,-797,-1,12,-5
6,311,187480,-2415,-16212,-738,-2,6,-6
6,312,187485,-2395,-16188,-760,-1,4,-5
6,313,187490,-2376,-16207,-714,-4,0,-7
6,314,187495,-2403,-16222,-722,-1,-1,-6
6,315,187500,-2411,-16236,-756,-2,-9,-5
6,316,187505,-2414,-16277,-787,-2,-14,-10
6,317,187510,-2408,-16262,-759,-6,-18,-9
6,318,187515,-2425,-16241,-773,-4,-24,-7
6,319,187520,-2386,-16237,-829,0,-24,-7
6,320,187525,-2408,-16237,-866,-3,-22,-7
6,321,187530,-2417,-16226,-880,-3,-22,-8
6,322,187535,-2414,-16234,-908,1,-25,-6
6,323,187540,-2413,-16240,-926,-1,-22,-7
6,324,187545,-2439,-16183,-901,0,-22,-3
6,325,187550,-2483,-16199,-854,1,-20,-7
6,326,187555,-2459,-16208,-817,-1,-20,-10
6,327,187560,-2474,-16213,-887,0,-18,-8
6,328,187565,-2475,-16239,-949,1,-8,-9
6,329,187570,-2453,-16233,-918,3,-4,-6
6,330,187575,-2428,-16203,-903,4,-1,-7
6,331,187580,-2506,-16242,-843,6,0,-10
6,332,187585,-2484,-16243,-838,5,4,-12
6,333,187590,-2448,-16249,-850,7,5,-7
6,334,187595,-2434,-16285,-875,5,8,-5
6,335,187600,-2497,-16277,-825,4,13,-7
6,336,187605,-2483,-16278,-831,6,19,-10
6,337,187610,-2402,-16246,-817,8,22,-5
6,338,187615,-2397,-16202,-877,9,29,-5
6,339,187620,-2452,-16188,-831,10,33,-6
6,340,187625,-2461,-16210,-786,7,33,-7
6,341,187630,-2418,-16176,-795,7,32,-8
6,342,187635,-2435,-16171,-808,10,27,-5
6,343,187640,-2465,-16186,-894,8,26,-3
6,344,187645,-2459,-16224,-943,10,27,-2
6,345,187650,-2381,-16223,-953,10,29,-1
6,346,187655,-2334,-16149,-978,11,31,-1
6,347,187660,-2396,-16082,-960,11,37,1
6,348,187665,-2512,-16075,-1053,10,48,0
6,349,187670,-2499,-16076,-1178,13,61,6
6,350,187675,-2279,-16060,-1300,13,81,15
6,351,187680,-2131,-15949,-1265,16,117,17
6,352,187685,-2212,-15990,-1243,15,152,18
6,353,187690,-2519,-16016,-1317,18,181,23
6,354,187695,-2493,-16038,-1119,15,206,32
6,355,187700,-2206,-15999,-1294,13,233,42
6,356,187705,-1998,-15906,-1212,12,289,54
6,357,187710,-1987,-15961,-1275,13,332,61
6,358,187715,-2223,-16004,-1231,16,380,63
6,359,187720,-2112,-16029,-1223,13,410,76
6,360,187725,-1949,-16235,-819,11,442,89
6,361,187730,-2123,-16329,-111,4,458,101
6,362,187735,-2298,-16420,356,-4,431,107
6,363,187740,-2670,-16254,387,-12,360,109
6,364,187745,-2878,-16239,251,-25,270,124
6,365,187750,-2958,-16208,277,-38,177,139
6,366,187755,-2887,-16255,148,-56,68,152
6,367,187760,-3072,-16216,94,-64,-28,157
6,368,187765,-3269,-16262,-372,-71,-118,165
6,369,187770,-3322,-16191,-975,-79,-181,174
6,370,187775,-3158,-16115,-1377,-84,-211,187
6,371,187780,-3169,-16116,-1535,-90,-211,197
6,372,187785,-3207,-16032,-1688,-97,-195,207
6,373,187790,-3224,-15965,-1865,-97,-170,213
6,374,187795,-3196,-15927,-2039,-94,-134,228
6,375,187800,-3293,-15879,-2129,-97,-94,241
6,376,187805,-3545,-15919,-1883,-102,-60,253
6,377,187810,-3637,-15895,-1752,-106,-40,264
6,378,187815,-3545,-15888,-1816,-107,-16,278
6,379,187820,-3425,-15865,-1997,-108,21,292
6,380,187825,-3472,-15834,-1970,-112,64,305
6,381,187830,-3574,-15745,-1835,-116,108,313
6,382,187835,-3706,-15844,-1798,-116,147,329
6,383,187840,-3664,-16021,-1587,-116,171,336
6,384,187845,-3499,-16210,-1563,-139,241,371
6,385,187850,-3580,-15903,-355,-132,253,372
6,386,187855,-3438,-16059,-626,-137,178,393
6,387,187860,-3320,-15980,-1365,-145,122,395
6,388,187865,-3547,-15908,-842,-161,113,403
6,389,187870,-3686,-16088,-521,-176,68,429
6,390,187875,-3580,-16059,-712,-180,7,441
6,391,187880,-3322,-16127,-863,-187,-39,451
6,392,187885,-3297,-16133,-926,-192,-77,463
6,393,187890,-3479,-16015,-1143,-200,-128,474
6,394,187895,-3694,-16023,-1180,-207,-164,487
6,395,187900,-3859,-16039,-1284,-215,-193,502
6,396,187905,-3797,-16026,-1550,-221,-210,517
6,397,187910,-3756,-15981,-1767,-226,-201,530
6,398,187915,-3856,-15953,-1782,-226,-178,541
6,399,187920,-4014,-15932,-1834,-224,-151,551
6,400,187925,-4101,-15886,-1963,-226,-128,559
6,401,187930,-4142,-15876,-1972,-224,-102,569
6,402,187935,-4208,-15841,-1888,-230,-77,581
6,403,187940,-4353,-15796,-1842,-233,-53,592
6,404,187945,-4520,-15769,-1844,-235,-36,599
6,405,187950,-4532,-15752,-1886,-235,-25,611
6,406,187955,-4418,-15771,-1900,-235,-8,621
6,407,187960,-4385,-15826,-1791,-236,12,625
6,408,187965,-4436,-15856,-1617,-238,18,634
6,409,187970,-4433,-15871,-1555,-241,19,641
6,410,187975,-4421,-15833,-1448,-245,10,651
6,411,187980,-4465,-15861,-1399,-249,-15,660
6,412,187985,-4511,-15890,-1344,-255,-43,664
6,413,187990,-4598,-15934,-1354,-258,-81,669
6,414,187995,-4671,-15944,-1520,-261,-115,677
6,415,188000,-4754,-15869,-1723,-266,-135,681
6,416,188005,-4821,-15922,-1799,-265,-142,688
6,417,188010,-4869,-15911,-1924,-266,-143,696
6,418,188015,-4943,-15916,-2025,-264,-137,700
6,419,188020,-5033,-15859,-2137,-262,-120,701
6,420,188025,-5133,-15850,-2285,-263,-92,705
6,421,188030,-5226,-15810,-2350,-259,-53,710
6,422,188035,-5374,-15903,-2262,-258,-10,716
6,423,188040,-5366,-15844,-2263,-258,29,714
6,424,188045,-5287,-15857,-2247,-255,73,720
6,425,188050,-5377,-15818,-2082,-253,115,720
6,426,188055,-5482,-15825,-1951,-252,142,720
6,427,188060,-5557,-15783,-1852,-254,149,718
6,428,188065,-5556,-15796,-1859,-254,141,720
6,429,188070,-5436,-15714,-1780,-257,129,719
6,430,188075,-5308,-15686,-1703,-258,111,720
6,431,188080,-5271,-15637,-1745,-258,84,715
6,432,188085,-5352,-15586,-1751,-259,55,711
6,433,188090,-5376,-15527,-1677,-261,19,713
6,434,188095,-5436,-15439,-1666,-260,-25,714
6,435,188100,-5438,-15370,-1663,-261,-73,713
6,436,188105,-5537,-15337,-1656,-262,-121,708
6,437,188110,-5611,-15282,-1825,-260,-169,702
6,438,188115,-5538,-15244,-2024,-258,-208,698
6,439,188120,-5551,-15222,-2174,-255,-232,698
6,440,188125,-5730,-15212,-2277,-251,-241,695
6,441,188130,-5962,-15236,-2494,-248,-242,685
6,442,188135,-6032,-15215,-2687,-246,-219,679
6,443,188140,-5834,-15189,-2863,-233,-179,679
6,444,188145,-5692,-15172,-3080,-229,-121,675
6,445,188150,-5837,-15168,-3025,-223,-42,666
6,446,188155,-6081,-15188,-2930,-217,23,661
6,447,188160,-6143,-15168,-2806,-209,78,647
6,448,188165,-6123,-15115,-2559,-202,122,642
6,449,188170,-6033,-15086,-2426,-199,150,638
6,450,188175,-6074,-15055,-2243,-196,165,624
6,451,188180,-6179,-15011,-2029,-191,159,613
6,452,188185,-6240,-14955,-1949,-191,138,601
6,453,188190,-6332,-14890,-1975,-188,99,591
6,454,188195,-6250,-14889,-1876,-185,57,581
6,455,188200,-6186,-14833,-1932,-185,15,567
6,456,188205,-6183,-14789,-2093,-179,-24,557
6,457,188210,-6228,-14771,-2302,-175,-49,543
6,458,188215,-6347,-14668,-2683,-165,-55,518
6,459,188220,-6291,-14741,-2860,-160,-34,507
6,460,188225,-6192,-14697,-2820,-148,9,494
6,461,188230,-6139,-14644,-3068,-140,57,478
6,462,188235,-6292,-14640,-2951,-130,118,462
6,463,188240,-6371,-14647,-2876,-124,165,448
6,464,188245,-6384,-14663,-2854,-118,198,433
6,465,188250,-6346,-14647,-2682,-111,227,416
6,466,188255,-6351,-14682,-2493,-104,249,401
6,467,188260,-6390,-14663,-2393,-97,260,385
6,468,188265,-6400,-14655,-2368,-93,257,370
6,469,188270,-6346,-14681,-2239,-86,241,353
6,470,188275,-6259,-14642,-2100,-83,216,333
6,471,188280,-6137,-14619,-1869,-80,176,315
6,472,188285,-6090,-14603,-1559,-75,127,295
6,473,188290,-6192,-14622,-1401,-71,56,273
6,474,188295,-6358,-14659,-1289,-68,-40,254
6,475,188300,-6471,-14683,-944,-70,-152,235
6,476,188305,-6564,-14744,-1066,-71,-274,216
6,477,188310,-6521,-14789,-1089,-65,-370,196
6,478,188315,-6422,-14874,-1655,-59,-444,177
6,479,188320,-6455,-14986,-2259,-55,-471,158
6,480,188325,-6487,-14972,-2968,-48,-443,134
6,481,188330,-6404,-15050,-3243,-36,-358,116
6,482,188335,-6089,-15033,-3695,-25,-252,95
6,483,188340,-5914,-15134,-3771,-6,-98,76
6,484,188345,-6101,-15014,-3544,7,61,48
6,485,188350,-6259,-15103,-3493,14,197,28
6,486,188355,-6327,-15042,-3108,29,332,12
6,487,188360,-6203,-15060,-2576,45,436,2
6,488,188365,-6021,-15184,-2219,51,495,-17
6,489,188370,-5958,-15136,-1902,58,525,-45
6,490,188375,-6117,-15193,-1576,65,516,-65
6,491,188380,-6157,-15129,-1462,69,475,-86
6,492,188385,-6056,-15082,-1329,72,417,-104
6,493,188390,-5829,-15081,-1291,71,351,-123
6,494,188395,-5724,-15135,-1212,74,287,-141
6,495,188400,-5751,-15179,-1225,81,222,-163
6,496,188405,-5726,-15125,-1327,84,155,-183
6,497,188410,-5745,-15061,-1546,84,86,-203
6,498,188415,-5706,-15087,-1592,91,27,-222
6,499,188420,-5706,-15084,-1602,94,-24,-242
6,500,188425,-5708,-15039,-1776,96,-63,-260
6,501,188430,-5713,-15041,-2015,102,-84,-278
6,502,188435,-5688,-15029,-2368,104,-87,-296
6,503,188440,-5608,-15008,-2653,112,-65,-314
6,504,188445,-5509,-14989,-2731,121,-25,-330
6,505,188450,-5468,-14987,-2569,128,19,-351
6,506,188455,-5579,-14951,-2533,140,58,-369
6,507,188460,-5682,-14876,-2501,149,97,-385
6,508,188465,-5659,-14866,-2486,154,130,-401
6,509,188470,-5607,-14896,-2422,164,150,-416
6,510,188475,-5616,-14925,-2290,169,162,-432
6,511,188480,-5537,-14856,-2180,174,168,-452
6,512,188485,-5554,-14888,-2121,183,165,-471
6,513,188490,-5569,-14873,-2144,193,156,-486
6,514,188495,-5562,-14870,-2160,196,143,-504
6,515,188500,-5522,-14897,-2120,200,125,-519
6,516,188505,-5384,-14893,-2123,207,107,-535
6,517,188510,-5298,-14945,-2161,212,91,-554
6,518,188515,-5243,-14971,-2244,220,76,-567
6,519,188520,-5211,-14995,-2259,223,63,-581
6,520,188525,-5151,-14991,-2315,231,53,-595
6,521,188530,-5075,-15044,-2378,235,50,-607
6,522,188535,-5032,-15062,-2367,244,52,-623
6,523,188540,-4986,-15105,-2292,248,57,-638
6,524,188545,-5038,-15079,-2294,253,56,-647
6,525,188550,-5070,-15166,-2228,261,52,-664
6,526,188555,-5009,-15207,-2222,270,45,-676
6,527,188560,-4974,-15241,-2305,273,43,-687
6,528,188565,-4982,-15292,-2270,281,47,-697
6,529,188570,-5038,-15405,-2317,285,54,-713
6,530,188575,-5034,-15449,-2305,293,75,-726
6,531,188580,-4872,-15553,-2345,305,133,-748
6,532,188585,-4797,-15601,-2194,311,165,-761
6,533,188590,-4859,-15658,-1991,315,185,-773
6,534,188595,-5018,-15700,-1771,321,191,-788
6,535,188600,-5136,-15728,-1825,329,183,-799
6,536,188605,-5003,-15795,-1824,337,178,-809
6,537,188610,-4731,-15758,-1998,339,176,-816
6,538,188615,-4527,-15756,-2113,341,199,-822
6,539,188620,-4501,-15745,-2141,348,221,-835
6,540,188625,-4514,-15783,-2154,354,245,-845
6,541,188630,-4426,-15798,-2060,358,269,-853
6,542,188635,-4228,-15787,-1992,365,283,-860
6,543,188640,-4096,-15839,-1828,376,289,-868
6,544,188645,-4127,-15816,-1576,380,278,-880
6,545,188650,-4167,-15819,-1526,381,259,-884
6,546,188655,-4121,-15867,-1323,385,237,-891
6,547,188660,-3983,-15883,-1324,387,201,-894
6,548,188665,-3820,-15954,-1273,384,164,-901
6,549,188670,-3842,-15995,-1107,388,123,-908
6,550,188675,-3881,-16109,-957,385,77,-913
6,551,188680,-3743,-16095,-1064,387,27,-919
6,552,188685,-3477,-16164,-1063,387,-11,-920
6,553,188690,-3352,-16201,-1096,382,-48,-924
6,554,188695,-3387,-16212,-1059,383,-82,-927
6,555,188700,-3458,-16241,-1031,382,-127,-932
6,556,188705,-3443,-16198,-1018,375,-172,-934
6,557,188710,-3442,-16218,-1147,378,-213,-937
6,558,188715,-3346,-16259,-1289,377,-239,-938
6,559,188720,-3249,-16369,-983,381,-249,-935
6,560,188725,-3164,-16218,-1546,379,-275,-945
6,561,188730,-3086,-16493,-2022,372,-254,-942
6,562,188735,-3207,-16431,-1438,367,-203,-946
6,563,188740,-3173,-16495,-964,369,-186,-943
6,564,188745,-2957,-16417,-1378,377,-202,-945
6,565,188750,-2877,-16341,-1610,381,-190,-946
6,566,188755,-3022,-16369,-1204,373,-164,-945
6,567,188760,-3050,-16327,-1103,368,-170,-945
6,568,188765,-2956,-16305,-1002,368,-173,-939
6,569,188770,-2711,-16395,-932,365,-177,-934
6,570,188775,-2624,-16510,-625,360,-190,-934
6,571,188780,-2653,-16516,-526,359,-240,-932
6,572,188785,-2633,-16564,-821,354,-290,-929
6,573,188790,-2797,-16550,-617,350,-316,-930
6,574,188795,-2824,-16564,-633,343,-363,-924
6,575,188800,-2728,-16630,-1001,336,-394,-916
6,576,188805,-2503,-16611,-1256,334,-393,-914
6,577,188810,-2367,-16638,-1443,331,-368,-907
6,578,188815,-2362,-16594,-1545,330,-329,-906
6,579,188820,-2317,-16566,-1615,332,-285,-902
6,580,188825,-2257,-16527,-1562,327,-235,-894
6,581,188830,-2199,-16508,-1342,327,-191,-885
6,582,188835,-2175,-16426,-1109,329,-164,-879
6,583,188840,-2145,-16371,-884,325,-161,-873
6,584,188845,-2122,-16339,-678,319,-176,-863
6,585,188850,-2093,-16385,-511,314,-209,-854
6,586,188855,-2154,-16449,-263,312,-258,-845
6,587,188860,-2305,-16510,-519,303,-323,-838
6,588,188865,-2287,-16484,-723,292,-366,-830
6,589,188870,-2138,-16374,-841,287,-389,-815
6,590,188875,-1896,-16382,-1010,287,-387,-804
6,591,188880,-2082,-16202,-874,286,-372,-798
6,592,188885,-2131,-16371,-2314,281,-347,-781
6,593,188890,-2145,-16632,-2414,273,-243,-766
6,594,188895,-1918,-16463,-1201,268,-159,-764
6,595,188900,-1725,-16519,-1499,272,-129,-755
6,596,188905,-1949,-16305,-1368,295,-37,-746
6,597,188910,-1842,-16283,-1609,307,62,-719
6,598,188915,-1599,-16683,-1905,290,132,-698
6,599,188920,2158,-12953,3428,261,193,-707
6,600,188925,-23791,-2155,30118,-60,-505,-628
6,601,188947,-15513,-16964,255,-203,919,-189
6,602,188948,-15513,-16964,255,-203,919,-189
6,603,188949,-15513,-16964,255,-203,919,-189
6,604,188951,-20004,-13862,2468,80,1089,73
6,605,188951,-20004,-13862,2468,80,1089,73
6,606,188955,-4626,-13484,-7658,338,1420,410
6,607,188960,9736,-19351,-10848,262,2260,452
6,608,188965,723,-17943,4019,43,2649,157
6,609,188970,-8028,-19582,6333,-14,1952,137
6,610,188975,-10818,-15570,2105,201,1524,162
6,611,188980,-3096,-15211,2035,192,1641,265
6,612,188985,1573,-16245,5497,163,1750,303
6,613,188990,1751,-17636,5390,98,1258,236
6,614,188995,-3592,-18300,8237,59,484,169
6,615,189000,-4851,-15964,3128,0,-551,137
6,616,189005,-2904,-15972,-313,-32,-935,258
6,617,189010,-529,-16217,-1340,-40,-771,298
6,618,189015,-730,-16869,-641,-38,-435,289
6,619,189020,-2273,-17547,1464,-21,-341,265
6,620,189025,-2533,-16965,1233,-14,-583,213
6,621,189030,-1345,-16625,-2558,-43,-859,220
6,622,189035,-1213,-16490,-3712,-54,-700,241
6,623,189040,-2446,-16795,-1210,-38,-345,275
6,624,189045,-2784,-16893,-451,-7,-170,285
6,625,189050,-1972,-16896,-1654,17,-92,274
6,626,189055,-1368,-16928,-2243,9,33,255
6,627,189060,-1830,-16985,-908,-8,174,243
6,628,189065,-2562,-16846,-180,-12,243,246
6,629,189070,-2558,-16977,880,15,281,264
6,630,189075,-1782,-16638,-241,21,216,261
6,631,189080,-1472,-17069,-704,0,209,267
6,632,189085,-1961,-16833,105,-11,203,250
6,633,189090,-2356,-16878,811,-28,164,256
6,634,189095,-2042,-16756,607,-23,110,262
6,635,189100,-1463,-16634,207,-14,80,260
6,636,189105,-1411,-16825,60,-29,68,256
6,637,189110,-1762,-16697,546,-32,44,241
6,638,189115,-1890,-16683,478,-33,-17,244
6,639,189120,-1624,-16686,233,-40,-68,245
6,640,189125,-1416,-16443,171,-45,-89,242
6,641,189130,-1471,-16613,136,-57,-108,254
6,642,189135,-1638,-16546,172,-56,-140,248
6,643,189140,-1636,-16390,-28,-61,-166,239
6,644,189145,-1554,-16283,-701,-65,-156,237
6,645,189150,-1526,-16496,-15,-62,-96,245
6,646,189155,-1514,-16365,-17,-61,-97,237
6,647,189160,-1511,-16535,-549,-60,-96,233
6,648,189165,-1630,-16208,-692,-63,-72,221
6,649,189170,-1659,-16310,-360,-70,-39,237
6,650,189175,-1564,-16278,-378,-70,-15,239
6,651,189180,-1512,-16173,-593,-69,10,226
6,652,189185,-1651,-16197,-534,-70,44,224
6,653,189190,-1808,-16150,-318,-71,68,221
6,654,189195,-1818,-16153,-283,-69,72,220
6,655,189200,-1625,-16197,-490,-73,77,219
6,656,189205,-1556,-16151,-462,-74,97,216
6,657,189210,-1677,-16120,-348,-78,102,211
6,658,189215,-1762,-16142,-306,-78,95,210
6,659,189220,-1755,-16121,-248,-78,86,202
6,660,189225,-1622,-16183,-275,-81,66,200
6,661,189230,-1656,-16194,-281,-84,54,197
6,662,189235,-1693,-16216,-308,-85,44,192
6,663,189240,-1758,-16146,-339,-89,29,187
6,664,189245,-1819,-16119,-342,-90,14,184
6,665,189250,-1756,-16155,-402,-92,2,183
6,666,189255,-1760,-16218,-403,-93,-8,180
6,667,189260,-1824,-16217,-386,-95,-18,172
6,668,189265,-1873,-16223,-383,-94,-31,165
6,669,189270,-2029,-16199,-442,-97,-42,162
6,670,189275,-2023,-16215,-527,-99,-43,161
6,671,189280,-2015,-16219,-538,-102,-36,157
6,672,189285,-2043,-16217,-490,-102,-28,150
6,673,189290,-2008,-16248,-487,-101,-23,146
6,674,189295,-1995,-16263,-542,-99,-21,140
6,675,189300,-2048,-16294,-639,-99,-10,138
6,676,189305,-2060,-16304,-649,-99,-1,134
6,677,189310,-2057,-16313,-688,-99,8,131
6,678,189315,-2103,-16284,-669,-100,37,124
6,679,189320,-2106,-16343,-673,-99,57,123
6,680,189325,-2001,-16375,-735,-96,75,117
6,681,189330,-1993,-16433,-679,-97,91,113
6,682,189335,-2059,-16416,-536,-97,106,111
6,683,189340,-2168,-16448,-531,-96,108,107
6,684,189345,-2172,-16430,-539,-98,108,105
6,685,189350,-2060,-16421,-513,-98,110,102
6,686,189355,-2115,-16454,-486,-97,114,99
6,687,189360,-2159,-16482,-497,-99,112,96
6,688,189365,-2097,-16483,-523,-98,109,93
6,689,189370,-2041,-16466,-555,-98,113,91
6,690,189375,-2074,-16461,-558,-98,119,87
6,691,189380,-2095,-16425,-479,-97,114,84
6,692,189385,-2156,-16389,-385,-100,103,79
6,693,189390,-2158,-16443,-390,-99,83,80
6,694,189395,-2154,-16467,-405,-98,66,81
6,695,189400,-2225,-16452,-416,-98,49,77
6,696,189405,-2253,-16400,-450,-101,31,71
6,697,189410,-2306,-16335,-444,-102,13,72
6,698,189415,-2273,-16311,-507,-99,1,73
6,699,189420,-2192,-16308,-687,-100,-1,70
6,700,189425,-2181,-16294,-677,-99,1,64
6,701,189430,-2187,-16246,-671,-98,2,62
6,702,189435,-2281,-16232,-692,-96,2,60
6,703,189440,-2300,-16247,-685,-92,3,58
6,704,189445,-2269,-16225,-697,-92,8,55
6,705,189450,-2270,-16214,-678,-92,8,54
6,706,189455,-2324,-16218,-655,-94,6,54
6,707,189460,-2363,-16217,-656,-90,1,53
6,708,189465,-2372,-16237,-607,-88,-4,49
6,709,189470,-2321,-16246,-634,-89,-11,48
6,710,189475,-2354,-16203,-605,-87,-21,47
6,711,189480,-2431,-16181,-567,-87,-35,42
6,712,189485,-2462,-16200,-591,-87,-48,41
6,713,189490,-2488,-16224,-617,-86,-54,40
6,714,189495,-2442,-16221,-656,-81,-60,40
6,715,189500,-2423,-16240,-665,-80,-68,38
6,716,189505,-2443,-16268,-669,-77,-78,37
6,717,189510,-2454,-16263,-699,-77,-85,34
6,718,189515,-2442,-16266,-736,-79,-89,33
6,719,189520,-2397,-16280,-828,-72,-89,32
6,720,189525,-2438,-16326,-756,-71,-84,32
6,721,189530,-2471,-16334,-707,-73,-79,29
6,722,189535,-2513,-16359,-782,-70,-73,26
6,723,189540,-2510,-16371,-850,-68,-65,28
6,724,189545,-2508,-16305,-852,-66,-54,25
6,725,189550,-2544,-16296,-848,-62,-40,24
6,726,189555,-2533,-16293,-812,-62,-30,21
6,727,189560,-2519,-16255,-840,-57,-18,19
6,728,189565,-2548,-16262,-868,-54,-8,18
6,729,189570,-2527,-16235,-885,-52,4,19
6,730,189575,-2515,-16200,-836,-50,10,20
6,731,189580,-2497,-16181,-786,-50,16,16
6,732,189585,-2529,-16227,-754,-45,15,17
6,733,189590,-2467,-16212,-779,-44,15,17
6,734,189595,-2452,-16191,-794,-43,16,14
6,735,189600,-2414,-16208,-783,-39,14,13
6,736,189605,-2399,-16214,-828,-38,7,13
6,737,189610,-2365,-16181,-817,-37,2,12
6,738,189615,-2339,-16181,-799,-36,-1,12
6,739,189620,-2365,-16166,-778,-32,-2,14
6,740,189625,-2352,-16234,-755,-31,-8,13
6,741,189630,-2407,-16299,-764,-29,-19,14
6,742,189635,-2438,-16318,-775,-26,-30,14
6,743,189640,-2424,-16318,-756,-24,-36,13
6,744,189645,-2440,-16341,-786,-23,-43,11
6,745,189650,-2460,-16340,-799,-23,-49,10
6,746,189655,-2446,-16333,-881,-22,-52,9
6,747,189660,-2455,-16343,-897,-22,-55,12
6,748,189665,-2442,-16330,-920,-16,-52,11
6,749,189670,-2477,-16312,-917,-13,-52,11
6,750,189675,-2534,-16312,-913,-14,-54,10
6,751,189680,-2559,-16327,-888,-11,-54,8
6,752,189685,-2464,-16322,-926,-6,-53,12
6,753,189690,-2422,-16272,-961,-5,-48,12
6,754,189695,-2447,-16300,-962,-3,-47,10
6,755,189700,-2469,-16239,-993,0,-42,9
6,756,189705,-2461,-16163,-995,4,-38,11
6,757,189710,-2519,-16190,-910,6,-39,10
6,758,189715,-2539,-16266,-832,4,-38,9
6,759,189720,-2486,-16210,-803,6,-38,11
6,760,189725,-2357,-16132,-903,8,-30,12
6,761,189730,-2312,-16158,-956,9,-14,10
6,762,189735,-2310,-16137,-958,10,-1,13
6,763,189740,-2332,-16132,-912,14,6,11
6,764,189745,-2298,-16122,-822,15,8,12
6,765,189750,-2317,-16131,-697,18,5,13
6,766,189755,-2319,-16153,-729,21,-3,14
6,767,189760,-2366,-16120,-744,14,-13,14
6,768,189765,-2355,-16131,-688,16,-22,14
6,769,189770,-2280,-16127,-708,16,-31,16
6,770,189775,-2265,-16126,-754,17,-44,20
6,771,189780,-2317,-16155,-720,20,-57,20
6,772,189785,-2329,-16188,-755,19,-73,20
6,773,189790,-2378,-16212,-760,20,-92,20
6,774,189795,-2374,-16214,-645,18,-108,22
6,775,189800,-2397,-16221,-647,17,-121,23
6,776,189805,-2421,-16264,-665,18,-131,24
6,777,189810,-2418,-16278,-753,19,-135,25
6,778,189815,-2489,-16268,-800,18,-133,25
6,779,189820,-2488,-16272,-817,19,-126,25
6,780,189825,-2452,-16264,-766,22,-117,22
6,781,189830,-2422,-16300,-813,25,-104,25
6,782,189835,-2387,-16331,-842,24,-100,28
6,783,189840,-2460,-16272,-833,24,-93,26
6,784,189845,-2522,-16269,-795,25,-90,26
6,785,189850,-2606,-16269,-717,26,-89,24
6,786,189855,-2669,-16272,-680,27,-88,25
6,787,189860,-2633,-16203,-700,22,-92,27
6,788,189865,-2650,-16185,-706,23,-90,26
6,789,189870,-2697,-16190,-741,23,-90,26
6,790,189875,-2769,-16143,-744,23,-90,25
6,791,189880,-2812,-16110,-801,24,-91,23
6,792,189885,-2770,-16105,-816,26,-94,22
6,793,189890,-2806,-16143,-850,23,-98,21
6,794,189895,-2851,-16155,-986,26,-92,19
6,795,189900,-2829,-16108,-1079,25,-83,16
6,796,189905,-2815,-16105,-1097,28,-74,18
6,797,189910,-2838,-16100,-1087,29,-59,17
6,798,189915,-2863,-16059,-1020,31,-47,15
6,799,189920,-2852,-16083,-988,32,-36,15
6,800,189925,-2854,-16062,-988,34,-25,13
6,801,189930,-2866,-16114,-971,32,-19,11
6,802,189935,-2913,-16099,-937,32,-19,12
6,803,189940,-2886,-16077,-882,36,-19,10
6,804,189945,-2850,-16086,-815,37,-23,6
6,805,189950,-2854,-16060,-801,36,-29,8
6,806,189955,-2867,-16072,-789,34,-33,2
6,807,189960,-2906,-16094,-839,32,-41,-1
6,808,189965,-2836,-16092,-919,33,-42,-1
6,809,189970,-2775,-16085,-955,34,-39,-1
6,810,189975,-2750,-16098,-931,34,-37,-4
6,811,189980,-2806,-16075,-948,35,-29,-5
6,812,189985,-2816,-16107,-971,36,-24,-8
6,813,189990,-2828,-16130,-976,33,-22,-9
6,814,189995,-2822,-16149,-906,34,-21,-8
6,815,190000,-2804,-16152,-847,37,-21,-9
6,816,190005,-2731,-16186,-877,36,-22,-11
6,817,190010,-2703,-16181,-1019,36,-22,-9
6,818,190015,-2686,-16201,-1033,38,-20,-10
6,819,190020,-2676,-16232,-1017,36,-22,-10
6,820,190025,-2726,-16178,-904,35,-26,-13
6,821,190030,-2716,-16204,-824,39,-32,-14
6,822,190035,-2718,-16205,-846,41,-37,-12
6,823,190040,-2737,-16213,-951,39,-41,-12
6,824,190045,-2702,-16201,-978,36,-43,-14
6,825,190050,-2641,-16224,-966,38,-45,-16
6,826,190055,-2639,-16195,-848,36,-44,-16
6,827,190060,-2659,-16192,-880,35,-45,-22
6,828,190065,-2663,-16199,-889,41,-48,-19
6,829,190070,-2646,-16258,-912,34,-46,-16
6,830,190075,-2608,-16263,-901,34,-43,-15
6,831,190080,-2574,-16274,-863,35,-43,-14
6,832,190085,-2592,-16259,-862,35,-46,-16
6,833,190090,-2679,-16251,-883,35,-50,-15
6,834,190095,-2636,-16284,-867,36,-53,-15
6,835,190100,-2618,-16288,-882,34,-49,-19
6,836,190105,-2597,-16327,-939,35,-47,-17
6,837,190110,-2608,-16327,-949,35,-42,-16
6,838,190115,-2582,-16325,-930,34,-29,-16
6,839,190120,-2613,-16324,-870,35,-19,-16
6,840,190125,-2635,-16273,-818,35,-5,-17
6,841,190130,-2592,-16297,-767,35,7,-18
6,842,190135,-2604,-16293,-775,34,19,-16
6,843,190140,-2609,-16285,-773,34,29,-17
6,844,190145,-2647,-16277,-704,31,37,-17
6,845,190150,-2585,-16235,-712,30,41,-15
6,846,190155,-2575,-16212,-713,31,40,-15
6,847,190160,-2536,-16224,-598,27,32,-16
6,848,190165,-2551,-16224,-525,23,22,-19
6,849,190170,-2588,-16206,-537,23,13,-17
6,850,190175,-2591,-16203,-490,22,-5,-17
6,851,190180,-2613,-16188,-512,19,-23,-15
6,852,190185,-2610,-16182,-499,18,-33,-18
6,853,190190,-2686,-16178,-482,15,-45,-22
6,854,190195,-2728,-16178,-446,12,-60,-24
6,855,190200,-2731,-16183,-538,10,-72,-21
6,856,190205,-2731,-16131,-524,7,-79,-22
6,857,190210,-2785,-16154,-533,5,-87,-24
6,858,190215,-2757,-16209,-596,4,-88,-26
6,859,190220,-2788,-16174,-669,3,-84,-26
6,860,190225,-2761,-16175,-769,4,-73,-28
6,861,190230,-2714,-16129,-888,1,-62,-29
6,862,190235,-2724,-16076,-872,2,-45,-30
6,863,190240,-2737,-16043,-822,1,-32,-31
6,864,190245,-2778,-16059,-802,0,-18,-36
6,865,190250,-2781,-16041,-783,-1,-7,-35
6,866,190255,-2793,-16005,-675,2,1,-37
6,867,190260,-2822,-16015,-686,0,3,-39
6,868,190265,-2809,-16003,-677,-1,0,-38
6,869,190270,-2783,-15964,-657,-1,-3,-40
6,870,190275,-2758,-15995,-684,-5,-5,-41
6,871,190280,-2735,-16039,-664,-4,-14,-42
6,872,190285,-2729,-16029,-616,-2,-21,-46
6,873,190290,-2754,-15984,-626,-5,-30,-50
6,874,190295,-2737,-15972,-581,-7,-39,-50
6,875,190300,-2743,-16015,-576,-10,-46,-50
6,876,190305,-2689,-16039,-589,-9,-56,-51
6,877,190310,-2693,-16037,-600,-12,-52,-51
6,878,190315,-2693,-16080,-714,-14,-53,-50
6,879,190320,-2637,-16065,-778,-13,-49,-52
6,880,190325,-2548,-16037,-783,-14,-46,-55
6,881,190330,-2556,-16022,-835,-13,-44,-56
6,882,190335,-2574,-16017,-861,-10,-42,-56
6,883,190340,-2579,-16036,-844,-13,-38,-57
6,884,190345,-2625,-16079,-826,-11,-37,-57
6,885,190350,-2605,-16121,-790,-12,-34,-54
6,886,190355,-2585,-16236,-717,-10,-37,-54
6,887,190360,-2571,-16280,-725,-11,-36,-55
6,888,190365,-2515,-16328,-713,-12,-33,-57
6,889,190370,-2447,-16188,-905,-11,-35,-60
6,890,190375,-2511,-16348,-886,-9,-17,-52
6,891,190380,-2565,-16306,-813,-9,-7,-55
6,892,190385,-2397,-16205,-747,-10,-3,-58
6,893,190390,-2377,-16373,-809,-7,7,-53
6,894,190395,-2485,-16336,-684,-3,16,-54
6,895,190400,-2492,-16523,-798,-6,11,-49
6,896,190405,-2426,-16388,-730,-7,15,-55
6,897,190410,-2355,-16422,-541,-7,21,-50
6,898,190415,-2326,-16610,-621,-5,21,-46
6,899,190420,-2330,-16574,-759,-7,34,-45
6,900,190425,-2362,-16502,-743,-7,44,-44
6,901,190430,-2413,-16443,-647,-9,58,-44
6,902,190435,-2396,-16436,-672,-7,73,-44
6,903,190440,-2342,-16420,-777,-7,83,-43
6,904,190445,-2325,-16373,-699,-6,94,-40
6,905,190450,-2413,-16350,-540,-7,91,-39
6,906,190455,-2505,-16338,-461,-10,80,-38
6,907,190460,-2361,-16342,-478,-10,65,-37
6,908,190465,-2284,-16349,-493,-11,50,-34
6,909,190470,-2300,-16401,-484,-13,33,-32
6,910,190475,-2380,-16369,-474,-13,10,-33
6,911,190480,-2367,-16277,-425,-15,-10,-34
6,912,190485,-2355,-16269,-492,-14,-29,-31
6,913,190490,-2347,-16257,-543,-13,-45,-31
6,914,190495,-2386,-16276,-591,-16,-53,-30
6,915,190500,-2431,-16252,-619,-17,-62,-29
6,916,190505,-2460,-16248,-637,-18,-69,-31
6,917,190510,-2537,-16247,-697,-18,-76,-27
6,918,190515,-2521,-16278,-648,-18,-72,-27
6,919,190520,-2436,-16232,-753,-21,-72,-31
6,920,190525,-2445,-16262,-924,-17,-61,-24
6,921,190530,-2467,-16249,-1009,-15,-45,-24
6,922,190535,-2503,-16101,-937,-14,-28,-27
6,923,190540,-2452,-16201,-979,-17,-17,-21
6,924,190545,-2505,-16104,-834,-14,-10,-25
6,925,190550,-2510,-16246,-818,-12,-11,-21
6,926,190555,-2534,-16210,-734,-11,-11,-24
6,927,190560,-2541,-16201,-690,-14,-16,-26
6,928,190565,-2580,-16285,-704,-12,-23,-22
6,929,190570,-2543,-16293,-628,-12,-24,-22
6,930,190575,-2526,-16304,-595,-11,-31,-23
6,931,190580,-2441,-16297,-689,-10,-33,-21
6,932,190585,-2488,-16294,-736,-11,-35,-20
6,933,190590,-2533,-16256,-714,-10,-35,-21
6,934,190595,-2486,-16252,-781,-11,-36,-21
6,935,190600,-2434,-16251,-697,-10,-36,-17
6,936,190605,-2446,-16274,-677,-9,-33,-17
6,937,190610,-2485,-16296,-699,-12,-32,-18
6,938,190615,-2452,-16259,-731,-10,-33,-17
6,939,190620,-2388,-16199,-796,-9,-31,-16
6,940,190625,-2373,-16216,-834,-11,-25,-15
6,941,190630,-2405,-16182,-809,-11,-24,-14
6,942,190635,-2415,-16159,-756,-9,-21,-12
6,943,190640,-2479,-16162,-675,-8,-20,-12
6,944,190645,-2494,-16158,-680,-7,-25,-13
6,945,190650,-2502,-16210,-656,-10,-24,-13
6,946,190655,-2427,-16183,-745,-8,-25,-9
6,947,190660,-2421,-16177,-762,-7,-28,-6
6,948,190665,-2422,-16181,-741,-7,-35,-5
6,949,190670,-2468,-16179,-750,-9,-35,-7
6,950,190675,-2512,-16123,-745,-4,-38,-9
6,951,190680,-2489,-16106,-780,-4,-41,-6
6,952,190685,-2470,-16174,-663,-5,-39,-3
6,953,190690,-2532,-16248,-639,-4,-40,-4
6,954,190695,-2525,-16303,-683,-2,-41,-4
6,955,190700,-2462,-16231,-763,-4,-36,-4
6,956,190705,-2492,-16174,-777,-5,-32,-3
6,957,190710,-2488,-16137,-809,-6,-30,-5
6,958,190715,-2501,-16126,-721,-3,-30,-3
6,959,190720,-2500,-16108,-762,-2,-28,0
6,960,190725,-2527,-16129,-689,0,-24,-3
6,961,190730,-2560,-16127,-678,-3,-23,-3
6,962,190735,-2612,-16145,-640,-1,-24,1
6,963,190740,-2579,-16162,-650,-2,-28,-1
6,964,190745,-2539,-16167,-725,-2,-27,-3
6,965,190750,-2501,-16145,-818,-2,-26,0
6,966,190755,-2550,-16170,-810,-1,-27,1
6,967,190760,-2534,-16164,-787,2,-24,0
6,968,190765,-2526,-16208,-743,2,-20,-2
6,969,190770,-2508,-16214,-702,3,-16,0
6,970,190775,-2549,-16299,-627,3,-12,-1
6,971,190780,-2621,-16341,-572,3,-12,1
6,972,190785,-2556,-16301,-641,3,-17,1
6,973,190790,-2466,-16297,-696,2,-15,4
6,974,190795,-2480,-16281,-697,2,-12,3
6,975,190800,-2460,-16321,-687,2,-5,1
6,976,190805,-2497,-16353,-683,5,3,3
6,977,190810,-2517,-16349,-647,5,12,4
6,978,190815,-2531,-16352,-582,2,15,7
6,979,190820,-2502,-16352,-592,3,17,6
6,980,190825,-2467,-16345,-658,1,14,7
6,981,190830,-2465,-16317,-699,1,8,5
6,982,190835,-2499,-16261,-696,3,2,8
6,983,190840,-2451,-16235,-670,2,-1,9
6,984,190845,-2511,-16237,-660,4,-4,9
6,985,190850,-2520,-16209,-678,4,-8,12
6,986,190855,-2504,-16204,-702,3,-8,10
6,987,190860,-2523,-16197,-740,7,-9,9
6,988,190865,-2494,-16166,-722,5,-19,9
6,989,190870,-2440,-16137,-741,5,-26,10
6,990,190875,-2458,-16123,-800,5,-33,10
6,991,190880,-2466,-16117,-840,7,-35,11
6,992,190885,-2476,-16162,-809,9,-34,11
6,993,190890,-2472,-16184,-832,5,-27,10
6,994,190895,-2451,-16207,-820,8,-21,16
6,995,190900,-2444,-16243,-787,10,-11,14
6,996,190905,-2490,-16233,-775,11,-4,13
6,997,190910,-2501,-16224,-744,12,-2,14
6,998,190915,-2499,-16232,-667,10,-2,14
6,999,190920,-2552,-16244,-630,10,-3,12
7,0,193885,-2468,-16264,-750,-3,-38,-3
7,1,193890,-2525,-16242,-748,-1,-35,-2
7,2,193895,-2488,-16276,-751,-4,-28,-3
7,3,193900,-2518,-16254,-746,-3,-20,-3
7,4,193905,-2501,-16237,-791,-2,-13,-1
7,5,193910,-2499,-16249,-847,0,-7,-1
7,6,193915,-2576,-16191,-818,-1,-1,-2
7,7,193920,-2608,-16172,-782,-1,-1,-3
7,8,193925,-2571,-16160,-748,-1,2,-4
7,9,193930,-2556,-16143,-796,2,2,-4
7,10,193935,-2550,-16132,-843,1,6,-5
7,11,193940,-2522,-16113,-807,2,3,-3
7,12,193945,-2523,-16106,-778,4,-1,-7
7,13,193950,-2536,-16113,-697,2,-2,-7
7,14,193955,-2511,-16128,-680,2,-3,-9
7,15,193960,-2513,-16156,-680,5,-6,-6
7,16,193965,-2528,-16174,-686,4,-12,-6
7,17,193970,-2476,-16176,-728,3,-13,-6
7,18,193975,-2462,-16209,-711,4,-18,-8
7,19,193980,-2503,-16204,-678,2,-18,-6
7,20,193985,-2473,-16214,-742,2,-22,-8
7,21,193990,-2457,-16241,-784,5,-20,-9
7,22,193995,-2484,-16279,-797,5,-20,-8
7,23,194000,-2479,-16273,-808,3,-17,-7
7,24,194005,-2521,-16309,-786,3,-16,-6
7,25,194010,-2548,-16323,-753,5,-19,-8
7,26,194015,-2590,-16348,-676,7,-21,-8
7,27,194020,-2596,-16384,-643,9,-25,-8
7,28,194025,-2618,-16454,-603,6,-27,-12
7,29,194030,-2638,-16475,-565,5,-27,-10
7,30,194035,-2707,-16491,-507,4,-24,-11
7,31,194040,-2704,-16489,-567,3,-23,-13
7,32,194045,-2648,-16433,-603,3,-21,-12
7,33,194050,-2658,-16413,-686,4,-20,-12
7,34,194055,-2666,-16376,-733,3,-17,-13
7,35,194060,-2648,-16338,-757,2,-16,-15
7,36,194065,-2633,-16343,-803,2,-17,-14
7,37,194070,-2625,-16342,-950,6,-13,-13
7,38,194075,-2611,-16341,-1050,9,-9,-16
7,39,194080,-2632,-16326,-1082,8,-6,-16
7,40,194085,-2655,-16341,-1065,7,-4,-18
7,41,194090,-2664,-16402,-1029,8,-5,-18
7,42,194095,-2542,-16373,-1043,13,1,-18
7,43,194100,-2564,-16384,-1024,16,8,-16
7,44,194105,-2576,-16430,-907,17,14,-14
7,45,194110,-2469,-16478,-863,19,21,-18
7,46,194115,-2401,-16501,-799,20,29,-17
7,47,194120,-2363,-16589,-726,19,41,-18
7,48,194125,-2355,-16613,-641,20,44,-14
7,49,194130,-2356,-16606,-507,21,47,-14
7,50,194135,-2377,-16621,-419,17,46,-16
7,51,194140,-2376,-16555,-391,15,41,-11
7,52,194145,-2280,-16571,-370,15,34,-7
7,53,194150,-2303,-16579,-418,12,25,-11
7,54,194155,-2372,-16507,-437,11,14,-10
7,55,194160,-2365,-16426,-481,9,2,-9
7,56,194165,-2359,-16398,-494,7,-8,-9
7,57,194170,-2331,-16387,-525,6,-22,-4
7,58,194175,-2363,-16347,-572,7,-32,-3
7,59,194180,-2406,-16266,-680,5,-40,-5
7,60,194185,-2397,-16220,-737,4,-40,-3
7,61,194190,-2389,-16193,-795,5,-41,-3
7,62,194195,-2416,-16137,-854,1,-42,-1
7,63,194200,-2419,-16070,-894,2,-37,-2
7,64,194205,-2447,-16010,-867,3,-31,-3
7,65,194210,-2466,-16004,-853,5,-24,-1
7,66,194215,-2455,-15963,-906,4,-18,-1
7,67,194220,-2515,-15931,-941,3,-12,-1
7,68,194225,-2521,-15899,-945,4,-9,-2
7,69,194230,-2455,-15865,-897,3,-3,-1
7,70,194235,-2520,-15864,-848,4,-1,-1
7,71,194240,-2491,-15814,-846,2,2,-1
7,72,194245,-2445,-15838,-882,5,6,0
7,73,194250,-2508,-15872,-927,4,5,-2
7,74,194255,-2519,-15842,-862,2,1,-3
7,75,194260,-2517,-15848,-826,3,-2,-2
7,76,194265,-2497,-15869,-788,2,-7,2
7,77,194270,-2475,-15918,-837,4,-11,-1
7,78,194275,-2418,-15937,-891,2,-11,0
7,79,194280,-2409,-15946,-930,2,-11,3
7,80,194285,-2473,-15969,-901,-1,-10,2
7,81,194290,-2527,-15947,-830,1,-8,-2
7,82,194295,-2477,-15950,-811,-1,-9,1
7,83,194300,-2427,-15974,-867,2,-4,5
7,84,194305,-2463,-16079,-928,2,3,-1
7,85,194310,-2484,-16080,-868,-1,8,1
7,86,194315,-2536,-16087,-837,-1,9,0
7,87,194320,-2505,-16088,-780,1,11,1
7,88,194325,-2522,-16105,-751,-1,12,-1
7,89,194330,-2536,-16101,-787,-2,12,2
7,90,194335,-2538,-16112,-840,-3,7,1
7,91,194340,-2631,-16067,-827,-2,0,-1
7,92,194345,-2570,-16066,-770,-2,-5,-1
7,93,194350,-2510,-16061,-758,-3,-11,-1
7,94,194355,-2528,-16056,-805,-3,-17,-2
7,95,194360,-2532,-16029,-817,-5,-16,-1
7,96,194365,-2526,-16023,-825,-3,-15,-1
7,97,194370,-2542,-16092,-812,-2,-17,0
7,98,194375,-2528,-16066,-776,-4,-11,2
7,99,194380,-2527,-16094,-749,-1,-14,0
7,100,194385,-2511,-16134,-744,-2,-16,-2
7,101,194390,-2437,-16134,-747,-4,-9,-3
7,102,194395,-2477,-16181,-826,-4,-9,-3
7,103,194400,-2528,-16184,-784,-4,-2,-3
7,104,194405,-2528,-16189,-805,-2,2,-3
7,105,194410,-2506,-16237,-835,-4,3,-3
7,106,194415,-2537,-16301,-777,-4,6,-3
7,107,194420,-2516,-16298,-768,-3,7,-1
7,108,194425,-2494,-16315,-761,-2,5,-3
7,109,194430,-2475,-16332,-780,-4,4,-1
7,110,194435,-2413,-16343,-745,-5,5,-2
7,111,194440,-2461,-16372,-760,-1,3,0
7,112,194445,-2430,-16368,-790,-4,2,1
7,113,194450,-2398,-16399,-774,-5,1,-3
7,114,194455,-2488,-16434,-757,0,-7,-1
7,115,194460,-2460,-16467,-718,0,-12,0
7,116,194465,-2413,-16492,-718,0,-16,-1
7,117,194470,-2418,-16545,-764,-2,-17,1
7,118,194475,-2436,-16590,-749,-1,-18,-1
7,119,194480,-2422,-16600,-772,-1,-20,0
7,120,194485,-2446,-16578,-724,0,-21,-1
7,121,194490,-2492,-16579,-694,1,-18,0
7,122,194495,-2476,-16586,-709,2,-18,1
7,123,194500,-2509,-16578,-712,1,-19,-2
7,124,194505,-2506,-16587,-683,3,-18,0
7,125,194510,-2498,-16615,-643,3,-20,2
7,126,194515,-2462,-16579,-716,0,-17,2
7,127,194520,-2466,-16626,-686,2,-14,0
7,128,194525,-2510,-16538,-708,2,-11,-2
7,129,194530,-2556,-16518,-689,0,-11,-1
7,130,194535,-2561,-16515,-650,1,-16,2
7,131,194540,-2572,-16523,-668,0,-22,1
7,132,194545,-2553,-16495,-711,1,-20,0
7,133,194550,-2586,-16478,-757,1,-25,-2
7,134,194555,-2566,-16449,-819,1,-29,-3
7,135,194560,-2598,-16409,-812,4,-31,-3
7,136,194565,-2534,-16362,-762,4,-24,-2
7,137,194570,-2522,-16368,-781,4,-22,0
7,138,194575,-2485,-16317,-859,6,-15,-2
7,139,194580,-2449,-16281,-940,9,-6,-2
7,140,194585,-2458,-16268,-907,4,11,-2
7,141,194590,-2446,-16203,-915,5,21,-1
7,142,194595,-2392,-16169,-841,10,26,2
7,143,194600,-2350,-16189,-784,8,33,2
7,144,194605,-2352,-16161,-727,9,39,3
7,145,194610,-2311,-16162,-745,11,44,3
7,146,194615,-2379,-16160,-680,9,40,3
7,147,194620,-2413,-16163,-614,6,31,3
7,148,194625,-2424,-16158,-571,7,21,1
7,149,194630,-2430,-16118,-575,5,11,1
7,150,194635,-2435,-16074,-609,6,-4,1
7,151,194640,-2460,-16081,-641,5,-16,1
7,152,194645,-2429,-16035,-709,5,-25,3
7,153,194650,-2419,-16056,-777,6,-33,2
7,154,194655,-2401,-16057,-828,4,-35,0
7,155,194660,-2413,-16053,-871,5,-38,2
7,156,194665,-2479,-16012,-858,6,-36,2
7,157,194670,-2500,-16013,-880,6,-36,-1
7,158,194675,-2465,-16003,-877,4,-34,-1
7,159,194680,-2457,-16030,-823,5,-30,3
7,160,194685,-2501,-16043,-847,7,-25,2
7,161,194690,-2548,-16079,-814,7,-22,-2
7,162,194695,-2552,-16111,-795,6,-17,-1
7,163,194700,-2582,-16108,-775,8,-11,-3
7,164,194705,-2603,-16123,-738,8,-8,-2
7,165,194710,-2619,-16090,-688,6,-8,0
7,166,194715,-2631,-16103,-640,7,-8,-3
7,167,194720,-2615,-16144,-675,5,-11,-4
7,168,194725,-2585,-16189,-723,6,-12,-6
7,169,194730,-2570,-16202,-787,5,-9,-5
7,170,194735,-2558,-16178,-797,5,-9,-5
7,171,194740,-2568,-16187,-797,4,-4,-6
7,172,194745,-2540,-16127,-847,5,5,-10
7,173,194750,-2511,-16146,-855,5,8,-7
7,174,194755,-2512,-16096,-834,7,14,-5
7,175,194760,-2468,-16144,-834,6,21,-6
7,176,194765,-2483,-16151,-864,4,24,-6
7,177,194770,-2455,-16134,-807,5,24,-6
7,178,194775,-2468,-16176,-781,6,28,-7
7,179,194781,-2429,-16193,-796,6,32,-6
7,180,194791,-2383,-16193,-726,4,31,-8
7,181,194794,-2436,-16157,-674,2,27,-7
7,182,194797,-2453,-16211,-627,3,22,-8
7,183,194801,-2453,-16211,-627,3,22,-8
7,184,194806,-2412,-16221,-607,5,13,-7
7,185,194810,-2360,-16260,-598,4,7,-3
7,186,194815,-2363,-16287,-717,3,6,-7
7,187,194820,-2363,-16287,-717,3,6,-7
7,188,194825,-2363,-16253,-658,1,6,-7
7,189,194830,-2398,-16272,-580,0,-4,-3
7,190,194835,-2361,-16313,-664,0,-8,-3
7,191,194840,-2348,-16326,-682,2,-11,-2
7,192,194845,-2403,-16329,-671,-2,-17,-4
7,193,194850,-2460,-16319,-663,-3,-17,-7
7,194,194855,-2445,-16330,-634,-3,-25,-2
7,195,194860,-2449,-16339,-606,-5,-27,-5
7,196,194865,-2475,-16342,-652,-4,-32,-5
7,197,194870,-2493,-16354,-700,-6,-33,-4
7,198,194875,-2558,-16369,-737,-7,-35,-6
7,199,194880,-2605,-16363,-720,-5,-39,-7
7,200,194885,-2550,-16362,-741,-5,-38,-8
7,201,194890,-2567,-16351,-765,-5,-35,-4
7,202,194895,-2530,-16326,-808,-4,-31,-4
7,203,194900,-2575,-16310,-760,-5,-26,-9
7,204,194905,-2614,-16277,-772,-8,-23,-8
7,205,194910,-2609,-16280,-779,-5,-17,-8
7,206,194915,-2586,-16299,-825,-5,-10,-9
7,207,194920,-2529,-16295,-838,-3,-3,-11
7,208,194925,-2530,-16283,-855,-3,3,-10
7,209,194930,-2552,-16227,-880,-4,6,-11
7,210,194935,-2570,-16208,-828,-3,6,-14
7,211,194940,-2568,-16217,-737,-3,1,-10
7,212,194945,-2545,-16216,-837,-4,1,-11
7,213,194950,-2506,-16215,-844,-5,-1,-13
7,214,194955,-2509,-16222,-872,-3,1,-12
7,215,194960,-2532,-16181,-895,-3,1,-13
7,216,194965,-2520,-16200,-857,-4,4,-13
7,217,194970,-2497,-16187,-828,-2,2,-13
7,218,194975,-2487,-16207,-811,-1,0,-13
7,219,194980,-2489,-16253,-795,1,-5,-13
7,220,194985,-2490,-16277,-779,-1,-4,-14
7,221,194990,-2508,-16281,-760,0,-2,-15
7,222,194995,-2505,-16329,-783,-1,-2,-13
7,223,195000,-2482,-16316,-753,-2,-1,-15
7,224,195005,-2434,-16349,-740,0,-1,-14
7,225,195010,-2486,-16348,-710,1,1,-15
7,226,195015,-2477,-16322,-731,-2,3,-15
7,227,195020,-2456,-16320,-713,0,-2,-12
7,228,195025,-2453,-16332,-734,-2,-2,-13
7,229,195030,-2422,-16284,-706,-1,-1,-14
7,230,195035,-2380,-16267,-803,2,-5,-15
7,231,195040,-2430,-16228,-797,0,-5,-13
7,232,195045,-2419,-16240,-804,0,-7,-9
7,233,195050,-2424,-16242,-731,-1,-11,-10
7,234,195055,-2370,-16203,-758,0,-14,-11
7,235,195060,-2389,-16222,-762,1,-16,-11
7,236,195065,-2416,-16202,-770,0,-19,-11
7,237,195070,-2401,-16209,-766,-2,-17,-9
7,238,195075,-2413,-16208,-754,-3,-20,-10
7,239,195080,-2423,-16201,-758,-3,-23,-11
7,240,195085,-2421,-16244,-707,-2,-25,-7
7,241,195090,-2450,-16232,-732,-3,-27,-7
7,242,195095,-2472,-16238,-733,0,-30,-8
7,243,195100,-2527,-16219,-711,0,-29,-10
7,244,195105,-2505,-16281,-767,0,-27,-7
7,245,195110,-2522,-16271,-784,-3,-23,-7
7,246,195115,-2531,-16257,-802,-2,-18,-8
7,247,195120,-2546,-16250,-849,-2,-16,-6
7,248,195125,-2548,-16222,-875,-2,-17,-7
7,249,195130,-2598,-16202,-894,1,-12,-9
7,250,195135,-2594,-16201,-826,2,-7,-10
7,251,195140,-2555,-16213,-834,1,-7,-8
7,252,195145,-2547,-16240,-864,-1,-2,-11
7,253,195150,-2543,-16250,-833,0,6,-11
7,254,195155,-2533,-16217,-814,2,10,-10
7,255,195160,-2506,-16225,-825,1,13,-8
7,256,195165,-2508,-16215,-784,1,15,-12
7,257,195170,-2490,-16204,-738,0,18,-11
7,258,195175,-2457,-16247,-722,3,17,-8
7,259,195180,-2460,-16253,-742,2,20,-9
7,260,195185,-2412,-16241,-740,1,19,-9
7,261,195190,-2391,-16269,-719,4,15,-8
7,262,195195,-2424,-16195,-732,-1,8,-7
7,263,195200,-2340,-16216,-745,2,4,-6
7,264,195205,-2346,-16182,-755,0,2,-4
7,265,195210,-2349,-16173,-773,0,-1,-3
7,266,195215,-2339,-16217,-774,1,-5,-2
7,267,195220,-2343,-16214,-770,0,-7,-4
7,268,195225,-2405,-16203,-727,1,-13,0
7,269,195230,-2436,-16236,-661,2,-18,0
7,270,195235,-2428,-16265,-705,0,-21,-1
7,271,195240,-2395,-16277,-731,-1,-25,1
7,272,195245,-2439,-16300,-805,0,-25,3
7,273,195250,-2433,-16293,-789,1,-21,5
7,274,195255,-2438,-16253,-834,1,-17,2
7,275,195260,-2450,-16261,-836,2,-15,0
7,276,195265,-2461,-16199,-838,1,-9,1
7,277,195270,-2411,-16196,-820,3,-5,1
7,278,195275,-2449,-16262,-817,0,-3,2
7,279,195280,-2473,-16247,-808,2,0,6
7,280,195285,-2455,-16192,-758,3,-2,4
7,281,195290,-2447,-16215,-782,3,-4,4
7,282,195295,-2439,-16239,-772,6,-6,4
7,283,195300,-2416,-16195,-746,2,-12,5
7,284,195305,-2468,-16229,-733,2,-16,5
7,285,195310,-2452,-16214,-767,1,-18,3
7,286,195315,-2441,-16242,-826,1,-21,5
7,287,195320,-2419,-16239,-806,3,-21,5
7,288,195325,-2437,-16222,-770,4,-20,9
7,289,195330,-2479,-16230,-749,4,-14,6
7,290,195335,-2492,-16259,-722,2,-12,5
7,291,195340,-2409,-16258,-788,3,-8,6
7,292,195345,-2430,-16245,-797,3,-4,9
7,293,195350,-2437,-16241,-820,6,1,9
7,294,195355,-2479,-16251,-791,2,2,7
7,295,195360,-2423,-16228,-754,1,4,8
7,296,195365,-2440,-16228,-796,3,5,8
7,297,195370,-2476,-16208,-792,2,4,7
7,298,195375,-2533,-16220,-730,2,0,6
7,299,195380,-2542,-16243,-728,1,-5,9
7,300,195385,-2561,-16223,-749,3,-13,7
7,301,195390,-2533,-16244,-769,3,-15,8
7,302,195395,-2492,-16226,-756,1,-16,7
7,303,195400,-2474,-16229,-817,6,-15,8
7,304,195405,-2514,-16244,-831,2,-15,8
7,305,195410,-2549,-16223,-801,-1,-16,6
7,306,195415,-2536,-16190,-765,1,-15,6
7,307,195420,-2544,-16204,-782,3,-13,7
7,308,195425,-2523,-16190,-867,6,-10,11
7,309,195430,-2508,-16191,-846,3,-8,9
7,310,195435,-2512,-16218,-824,2,-6,9
7,311,195440,-2546,-16210,-801,2,-6,8
7,312,195445,-2505,-16213,-777,2,-7,10
7,313,195450,-2525,-16203,-755,4,-8,11
7,314,195455,-2566,-16270,-755,4,-12,7
7,315,195460,-2621,-16244,-714,2,-17,6
7,316,195465,-2660,-16255,-713,1,-17,7
7,317,195470,-2558,-16275,-644,2,-21,10
7,318,195475,-2553,-16329,-632,3,-18,10
7,319,195480,-2561,-16362,-717,0,-12,7
7,320,195485,-2541,-16327,-865,1,-5,6
7,321,195490,-2588,-16311,-935,1,4,9
7,322,195495,-2596,-16285,-870,2,12,7
7,323,195500,-2565,-16298,-860,2,24,8
7,324,195505,-2561,-16277,-821,1,32,8
7,325,195510,-2526,-16241,-825,3,40,7
7,326,195515,-2518,-16205,-844,1,45,9
7,327,195520,-2500,-16225,-780,1,48,9
7,328,195525,-2506,-16224,-726,3,46,10
7,329,195530,-2491,-16202,-672,1,45,10
7,330,195535,-2519,-16219,-695,1,38,11
7,331,195540,-2532,-16181,-658,-1,27,10
7,332,195545,-2478,-16134,-655,0,18,12
7,333,195550,-2507,-16129,-753,-1,12,13
7,334,195555,-2507,-16125,-759,-3,8,12
7,335,195560,-2601,-16150,-825,-5,-3,10
7,336,195565,-2609,-16041,-907,-2,-12,10
7,337,195570,-2565,-16068,-919,-6,-11,9
7,338,195575,-2569,-16063,-877,-2,-12,11
7,339,195580,-2570,-16085,-923,-1,-13,9
7,340,195585,-2568,-16128,-974,1,-8,12
7,341,195590,-2630,-16127,-1003,-1,4,12
7,342,195595,-2636,-16153,-954,-3,13,14
7,343,195600,-2613,-16166,-941,1,26,15
7,344,195605,-2584,-16173,-947,2,42,17
7,345,195610,-2576,-16168,-1009,5,62,16
7,346,195615,-2573,-16200,-1023,4,83,16
7,347,195620,-2634,-16207,-955,1,98,15
7,348,195625,-2661,-16209,-859,3,108,18
7,349,195630,-2630,-16193,-730,3,110,18
7,350,195635,-2601,-16182,-763,4,113,22
7,351,195640,-2670,-16239,-777,2,112,22
7,352,195645,-2708,-16231,-836,0,105,24
7,353,195650,-2670,-16158,-796,-5,99,24
7,354,195655,-2547,-16108,-739,-2,90,27
7,355,195660,-2647,-16051,-568,-2,88,28
7,356,195665,-3012,-16003,-621,-4,83,25
7,357,195670,-3253,-16045,-885,0,66,22
7,358,195675,-3065,-16127,-1290,-1,58,32
7,359,195680,-2575,-16152,-1228,-5,72,39
7,360,195685,-2279,-16099,-989,-11,97,43
7,361,195690,-2443,-15968,-705,-10,120,40
7,362,195695,-2805,-15859,-881,-7,129,39
7,363,195700,-2985,-15732,-1076,-5,124,44
7,364,195705,-2801,-15745,-768,-9,112,56
7,365,195710,-2698,-15839,-286,-16,92,63
7,366,195715,-2676,-15886,186,-18,44,62
7,367,195720,-2969,-15830,129,-19,-29,63
7,368,195725,-3083,-15903,-148,-26,-109,69
7,369,195730,-3130,-15979,-315,-34,-185,72
7,370,195735,-3122,-16123,-244,-43,-255,78
7,371,195740,-3118,-16265,-378,-48,-314,85
7,372,195745,-3166,-16350,-720,-46,-348,85
7,373,195750,-3197,-16288,-1230,-50,-343,89
7,374,195755,-3171,-16227,-1646,-50,-300,99
7,375,195760,-3194,-16195,-1932,-49,-231,106
7,376,195765,-3128,-16185,-2063,-47,-145,112
7,377,195770,-3041,-16085,-2066,-39,-49,120
7,378,195775,-3090,-16037,-1927,-39,54,130
7,379,195780,-3205,-16081,-1773,-37,144,138
7,380,195785,-3247,-16099,-1545,-38,218,148
7,381,195790,-3185,-16048,-1349,-39,267,158
7,382,195795,-3161,-16002,-1047,-42,293,167
7,383,195800,-3139,-15929,-886,-45,300,177
7,384,195805,-3165,-15993,-780,-46,294,189
7,385,195810,-3020,-15994,-703,-53,254,197
7,386,195815,-2860,-15892,-935,-60,203,207
7,387,195820,-3053,-16137,-868,-60,160,223
7,388,195825,-3090,-15810,-298,-66,106,227
7,389,195830,-3258,-15676,-546,-75,49,241
7,390,195835,-3000,-15852,-1085,-74,24,254
7,391,195840,-2987,-15893,-1203,-79,21,270
7,392,195845,-3009,-16220,-1245,-91,2,289
7,393,195850,-3238,-16066,-781,-97,-15,291
7,394,195855,-3182,-16124,-726,-100,-37,300
7,395,195860,-3324,-16060,-1196,-97,-42,313
7,396,195865,-3273,-16145,-1553,-101,-27,336
7,397,195870,-3256,-16181,-1526,-111,-5,348
7,398,195875,-3269,-16164,-1352,-118,24,358
7,399,195880,-3479,-16138,-1223,-119,56,369
7,400,195885,-3657,-16270,-1318,-117,91,381
7,401,195890,-3653,-16255,-1500,-116,111,396
7,402,195895,-3479,-16224,-1538,-119,128,407
7,403,195900,-3441,-16152,-1366,-125,151,418
7,404,195905,-3580,-16110,-1232,-127,167,433
7,405,195910,-3728,-16107,-1321,-131,179,442
7,406,195915,-3750,-16105,-1381,-133,186,456
7,407,195920,-3709,-16097,-1274,-138,182,469
7,408,195925,-3666,-16081,-1006,-146,168,479
7,409,195930,-4058,-16069,-1082,-149,103,495
7,410,195935,-4084,-16001,-1403,-158,66,507
7,411,195940,-4078,-16069,-1375,-162,46,521
7,412,195945,-4062,-15982,-1542,-162,28,531
7,413,195950,-4131,-16174,-1462,-164,44,545
7,414,195955,-4300,-15995,-1660,-163,71,546
7,415,195960,-4391,-15983,-1506,-165,98,554
7,416,195965,-4471,-16089,-1966,-174,115,567
7,417,195970,-4520,-15968,-1566,-170,158,576
7,418,195975,-4480,-15988,-1517,-176,171,592
7,419,195980,-4475,-16106,-1370,-178,195,593
7,420,195985,-4614,-15928,-1369,-178,198,589
7,421,195990,-4790,-16078,-1543,-184,194,604
7,422,195995,-4777,-15945,-1517,-188,197,608
7,423,196000,-4743,-15950,-1548,-195,197,622
7,424,196005,-4593,-15990,-2152,-203,214,627
7,425,196010,-4583,-16036,-1507,-199,268,633
7,426,196015,-4716,-15944,-1033,-191,266,637
7,427,196020,-4547,-16052,-2715,-194,228,644
7,428,196025,-4757,-16106,-2051,-199,328,641
7,429,196030,-4972,-15579,-498,-207,330,637
7,430,196035,-4803,-15840,-1111,-220,200,675
7,431,196040,-4537,-16054,-1496,-220,167,676
7,432,196045,-4765,-15651,-1545,-219,171,658
7,433,196050,-5027,-15919,-1276,-219,147,676
7,434,196055,-5150,-15684,-1428,-221,89,673
7,435,196060,-4949,-15744,-1551,-226,43,681
7,436,196065,-4754,-15699,-1671,-226,35,681
7,437,196070,-4842,-15742,-1780,-229,47,682
7,438,196075,-5090,-15655,-1872,-230,47,682
7,439,196080,-5281,-15677,-1858,-229,43,688
7,440,196085,-5202,-15518,-1831,-229,31,686
7,441,196090,-5172,-15589,-1646,-230,33,686
7,442,196095,-5265,-15605,-1583,-229,29,685
7,443,196100,-5452,-15578,-1520,-231,16,682
7,444,196105,-5539,-15485,-1809,-230,-14,679
7,445,196110,-5411,-15478,-1973,-231,-26,680
7,446,196115,-5401,-15467,-1861,-230,-21,676
7,447,196120,-5472,-15494,-1956,-231,-12,673
7,448,196125,-5584,-15487,-2043,-228,3,667
7,449,196130,-5630,-15499,-2489,-223,32,659
7,450,196135,-5756,-15383,-2282,-217,96,653
7,451,196140,-5684,-15345,-2281,-218,125,653
7,452,196145,-5572,-15378,-2187,-218,149,649
7,453,196150,-5596,-15309,-2177,-218,171,637
7,454,196155,-5711,-15343,-2192,-212,196,629
7,455,196160,-5844,-15278,-1924,-203,224,621
7,456,196165,-5817,-15209,-1932,-203,218,612
7,457,196170,-5648,-15143,-1683,-204,203,603
7,458,196175,-5560,-15153,-1754,-206,168,593
7,459,196180,-5640,-15155,-1680,-202,132,577
7,460,196185,-5766,-15128,-1716,-202,79,567
7,461,196190,-5655,-15112,-1766,-201,22,559
7,462,196195,-5556,-15052,-1695,-201,-31,547
7,463,196200,-5442,-15043,-1751,-201,-85,534
7,464,196205,-5483,-14990,-1744,-196,-133,520
7,465,196210,-5669,-14961,-1790,-195,-180,503
7,466,196215,-5730,-14849,-1916,-192,-227,491
7,467,196220,-5799,-14842,-1896,-185,-274,481
7,468,196225,-5843,-14839,-1918,-180,-310,466
7,469,196230,-5867,-14824,-2161,-175,-341,450
7,470,196235,-5929,-14836,-2477,-168,-350,433
7,471,196240,-5857,-14734,-2904,-161,-327,419
7,472,196245,-5871,-14748,-3117,-151,-280,404
7,473,196250,-5937,-14733,-3110,-137,-211,383
7,474,196255,-6003,-14688,-3240,-129,-138,364
7,475,196260,-6044,-14764,-3137,-116,-38,348
7,476,196265,-6045,-14829,-3092,-103,62,329
7,477,196270,-6048,-14853,-2932,-94,147,309
7,478,196275,-6167,-14924,-2569,-83,210,293
7,479,196280,-6231,-14984,-2374,-73,243,271
7,480,196285,-6204,-15055,-2251,-64,266,249
7,481,196290,-6164,-15111,-2088,-58,283,230
7,482,196295,-6214,-15220,-1869,-53,301,209
7,483,196300,-6220,-15351,-1791,-42,295,163
7,484,196305,-6157,-15403,-1764,-36,289,141
7,485,196310,-6038,-15415,-2131,-30,285,122
7,486,196315,-6083,-15539,-1425,-22,321,98
7,487,196320,-5929,-15244,-1587,-16,275,70
7,488,196325,-5771,-15599,-1951,-13,228,67
7,489,196330,-5782,-15472,-1958,-7,223,34
7,490,196335,-5836,-15441,-1889,-3,226,13
7,491,196340,-5883,-15421,-1766,6,227,-3
7,492,196345,-5763,-15356,-1589,16,228,-30
7,493,196350,-5551,-15369,-1890,21,212,-49
7,494,196355,-5538,-15394,-1797,26,209,-65
7,495,196360,-5622,-15364,-1873,32,196,-87
7,496,196365,-5551,-15294,-1859,39,182,-112
7,497,196370,-5535,-15190,-1900,48,166,-129
7,498,196375,-5418,-15165,-1871,54,159,-145
7,499,196380,-5393,-15168,-1888,62,155,-165
7,500,196385,-5396,-15188,-1912,69,153,-185
7,501,196390,-5327,-15090,-1890,78,145,-207
7,502,196395,-5285,-15060,-1983,84,134,-225
7,503,196400,-5251,-15065,-1939,92,123,-242
7,504,196405,-5203,-15070,-1902,102,113,-258
7,505,196410,-5173,-15031,-1881,109,99,-279
7,506,196415,-5168,-15061,-1932,114,84,-299
7,507,196420,-5159,-15070,-1978,126,72,-314
7,508,196425,-5159,-15064,-2110,134,65,-331
7,509,196430,-5095,-15016,-2054,139,55,-348
7,510,196435,-5029,-15029,-1983,148,46,-367
7,511,196440,-5010,-15019,-1913,156,38,-385
7,512,196445,-5069,-15076,-2017,166,23,-403
7,513,196450,-5117,-15129,-2028,174,16,-419
7,514,196455,-5105,-15149,-2115,179,8,-434
7,515,196460,-5044,-15130,-2115,184,7,-450
7,516,196465,-4977,-15163,-2072,194,12,-468
7,517,196470,-5047,-15170,-1911,203,23,-484
7,518,196475,-5098,-15226,-1895,211,26,-502
7,519,196480,-5062,-15276,-1930,220,36,-516
7,520,196485,-5001,-15295,-2008,224,48,-529
7,521,196490,-4865,-15356,-1986,232,58,-545
7,522,196495,-4811,-15345,-1831,241,66,-560
7,523,196500,-4776,-15338,-1681,245,70,-580
7,524,196505,-4870,-15295,-1602,250,63,-596
7,525,196510,-4888,-15316,-1550,256,51,-606
7,526,196515,-4770,-15372,-1498,260,37,-619
7,527,196520,-4740,-15461,-1435,266,21,-633
7,528,196525,-4770,-15503,-1495,269,3,-648
7,529,196530,-4723,-15510,-1480,273,-12,-664
7,530,196535,-4560,-15483,-1578,276,-26,-676
7,531,196540,-4592,-15460,-1696,281,-29,-688
7,532,196545,-4460,-15520,-1791,287,-33,-700
7,533,196550,-4447,-15473,-1811,290,-32,-712
7,534,196555,-4291,-15515,-1752,294,-31,-724
7,535,196560,-4281,-15489,-1661,300,-32,-734
7,536,196565,-4195,-15507,-1632,303,-43,-744
7,537,196570,-4171,-15483,-1528,308,-51,-754
7,538,196575,-4050,-15469,-1544,312,-73,-761
7,539,196580,-3954,-15474,-1449,312,-98,-772
7,540,196585,-3954,-15480,-1363,314,-124,-782
7,541,196590,-3974,-15504,-1209,315,-157,-789
7,542,196595,-3961,-15519,-1210,315,-188,-795
7,543,196600,-3938,-15610,-1217,319,-207,-802
7,544,196605,-3871,-15635,-1194,319,-218,-810
7,545,196610,-3867,-15586,-1316,319,-223,-818
7,546,196615,-3797,-15606,-1405,318,-221,-825
7,547,196620,-3751,-15612,-1366,317,-215,-833
7,548,196625,-3822,-15669,-1324,317,-210,-840
7,549,196630,-3839,-15772,-1290,321,-213,-842
7,550,196635,-3917,-15773,-1279,321,-221,-852
7,551,196640,-3852,-15839,-1338,318,-227,-856
7,552,196645,-3647,-15938,-1350,317,-221,-861
7,553,196650,-3453,-16128,-1359,315,-218,-861
7,554,196655,-3350,-16132,-1274,315,-214,-866
7,555,196660,-3309,-16243,-1191,313,-219,-872
7,556,196665,-3465,-16274,-732,308,-277,-879
7,557,196670,-3468,-16222,-899,305,-321,-881
7,558,196675,-3417,-16242,-952,301,-355,-881
7,559,196680,-3281,-16188,-1216,298,-381,-880
7,560,196685,-3116,-16291,-1415,290,-389,-883
7,561,196690,-3216,-16212,-1482,290,-385,-885
7,562,196695,-3156,-16293,-1363,294,-378,-881
7,563,196700,-2997,-16256,-1714,292,-374,-884
7,564,196705,-2920,-16324,-1542,286,-346,-885
7,565,196710,-3003,-16277,-946,284,-324,-883
7,566,196715,-3069,-16421,-820,283,-340,-877
7,567,196720,-2943,-16428,-1070,281,-369,-880
7,568,196725,-2864,-16517,-786,275,-388,-877
7,569,196730,-2877,-16624,-452,263,-425,-873
7,570,196735,-2878,-16647,-350,257,-477,-871
7,571,196740,-2896,-16716,-246,255,-529,-869
7,572,196745,-2869,-16688,-386,250,-583,-868
7,573,196750,-2743,-16829,-481,239,-624,-863
7,574,196755,-2706,-16874,-556,229,-653,-861
7,575,196760,-2701,-16892,-480,222,-678,-860
7,576,196765,-2703,-16834,-643,217,-708,-856
7,577,196770,-2754,-16812,-812,217,-717,-855
7,578,196775,-2860,-16909,-1003,213,-717,-849
7,579,196780,-3004,-17006,-644,203,-706,-845
7,580,196785,-3355,-16963,-1139,196,-705,-844
7,581,196790,-2860,-16746,-2915,198,-645,-826
7,582,196795,-1912,-17460,-2135,180,-481,-799
7,583,196800,-2115,-17297,-1206,184,-392,-825
7,584,196805,-3101,-17225,-1377,193,-331,-831
7,585,196810,-3288,-16788,-2124,204,-247,-829
7,586,196815,-3016,-16924,-440,209,-127,-809
7,587,196820,-2252,-16556,-807,215,-215,-798
7,588,196825,-2018,-17501,-1892,198,-224,-771
7,589,196830,-2492,-16713,-1018,202,-89,-815
7,590,196835,-2967,-16584,-513,204,-26,-792
7,591,196840,-2513,-16803,-128,208,-58,-769
7,592,196845,-1886,-16786,-906,200,-124,-771
7,593,196850,-1746,-16812,-944,198,-115,-773
7,594,196855,-2390,-16672,-6,186,-109,-767
7,595,196860,-2428,-16772,255,184,-176,-751
7,596,196865,-2131,-16547,-433,177,-278,-744
7,597,196870,-1590,-16487,-1083,175,-323,-730
7,598,196875,-1790,-16608,-699,170,-291,-718
7,599,196880,-1410,-15324,-384,170,-284,-715
7,600,196885,-5510,-1249,9014,95,-314,-684
7,601,196907,7154,-24025,-5078,-162,1150,152
7,602,196908,7154,-24025,-5078,-162,1150,152
7,603,196909,7154,-24025,-5078,-162,1150,152
7,604,196910,7154,-24025,-5078,-162,1150,152
7,605,196911,7154,-24025,-5078,-162,1150,152
7,606,196915,-27191,-15143,16113,-26,1616,-154
7,607,196920,-16944,-12820,-2151,249,618,163
7,608,196925,-234,-14596,-17452,351,1285,547
7,609,196930,11829,-21152,-10009,184,2680,410
7,610,196935,-3575,-18144,12746,9,3252,115
7,611,196940,-9177,-18984,13088,21,1781,153
7,612,196945,-8868,-15505,1036,201,802,210
7,613,196950,235,-13773,-1344,265,818,201
7,614,196955,1937,-17307,-765,162,974,328
7,615,196960,-566,-18352,4127,27,877,235
7,616,196965,-4310,-17530,6865,16,417,218
7,617,196970,-3475,-16471,4453,35,-148,223
7,618,196975,-1291,-15374,-2802,44,-426,228
7,619,196980,-948,-17016,-3378,6,-208,301
7,620,196985,-2113,-17090,272,-26,13,291
7,621,196990,-2376,-17503,2070,-6,-47,305
7,622,196995,-1471,-16814,95,8,-206,271
7,623,197000,-1366,-16515,-3118,19,-187,270
7,624,197005,-2232,-16565,-2430,3,53,294
7,625,197010,-2463,-17353,-997,-21,186,319
7,626,197015,-1829,-16763,52,-3,219,292
7,627,197020,-1435,-16778,151,14,228,299
7,628,197025,-1576,-16702,-781,23,250,296
7,629,197030,-2473,-16681,-716,9,314,299
7,630,197035,-2099,-16423,102,-14,264,315
7,631,197040,-1577,-16654,242,-24,211,327
7,632,197045,-1622,-16712,457,-23,179,325
7,633,197050,-2070,-16659,15,-31,128,314
7,634,197055,-2398,-16302,-421,-29,85,309
7,635,197060,-2114,-16478,-690,-35,69,331
7,636,197065,-1732,-16701,-141,-46,77,327
7,637,197070,-1691,-16350,321,-48,70,310
7,638,197075,-1819,-16494,-382,-43,44,319
7,639,197080,-2146,-16393,-983,-41,63,318
7,640,197085,-2330,-16549,-420,-62,110,322
7,641,197090,-2075,-16292,-40,-64,95,320
7,642,197095,-1683,-16525,-167,-59,74,336
7,643,197100,-1585,-16442,-535,-59,87,319
7,644,197105,-2049,-16223,-805,-69,123,309
7,645,197110,-2306,-16429,-161,-70,159,321
7,646,197115,-2061,-16260,-212,-76,138,320
7,647,197120,-1667,-16334,-183,-80,129,325
7,648,197125,-1722,-16377,-103,-82,145,320
7,649,197130,-2021,-16355,-102,-84,155,314
7,650,197135,-2208,-16348,-183,-88,145,312
7,651,197140,-2145,-16224,-261,-92,122,310
7,652,197145,-1968,-16308,-402,-100,106,312
7,653,197150,-1973,-16332,-292,-104,107,308
7,654,197155,-2081,-16281,-224,-108,111,305
7,655,197160,-2191,-16311,-465,-109,110,302
7,656,197165,-2180,-16231,-764,-111,114,300
7,657,197170,-2127,-16207,-626,-111,127,300
7,658,197175,-2138,-16215,-438,-117,122,295
7,659,197180,-2136,-16284,-504,-120,105,297
7,660,197185,-2176,-16245,-530,-120,108,289
7,661,197190,-2250,-16189,-603,-122,109,279
7,662,197195,-2328,-16168,-684,-125,109,279
7,663,197200,-2307,-16199,-705,-127,111,276
7,664,197205,-2288,-16230,-583,-128,112,271
7,665,197210,-2320,-16189,-655,-132,112,266
7,666,197215,-2393,-16251,-739,-131,111,259
7,667,197220,-2488,-16215,-822,-133,116,258
7,668,197225,-2463,-16167,-856,-135,123,256
7,669,197230,-2420,-16155,-912,-135,138,251
7,670,197235,-2412,-16179,-921,-137,161,246
7,671,197240,-2456,-16181,-988,-134,182,240
7,672,197245,-2463,-16150,-1023,-133,196,233
7,673,197250,-2505,-16147,-1002,-136,203,229
7,674,197255,-2516,-16150,-851,-138,209,221
7,675,197260,-2451,-16186,-734,-139,203,220
7,676,197265,-2481,-16184,-707,-137,196,215
7,677,197270,-2577,-16187,-762,-138,185,209
7,678,197275,-2660,-16224,-803,-139,173,207
7,679,197280,-2678,-16207,-855,-139,167,202
7,680,197285,-2592,-16167,-911,-141,171,195
7,681,197290,-2567,-16146,-1128,-143,182,192
7,682,197295,-2641,-16225,-999,-139,209,188
7,683,197300,-2553,-16119,-997,-136,224,181
7,684,197305,-2349,-16199,-1363,-135,242,181
7,685,197310,-2400,-16202,-1423,-133,285,176
7,686,197315,-2558,-16189,-1018,-137,329,172
7,687,197320,-2639,-16213,-1071,-136,345,170
7,688,197325,-2665,-16189,-339,-132,372,160
7,689,197330,-2618,-16080,-418,-133,319,159
7,690,197335,-2497,-16414,-348,-139,257,170
7,691,197340,-2584,-16308,-380,-144,210,152
7,692,197345,-2673,-16233,-216,-142,162,144
7,693,197350,-2691,-16315,-353,-144,101,148
7,694,197355,-2648,-16225,-402,-146,62,143
7,695,197360,-2641,-16253,-558,-145,26,140
7,696,197365,-2568,-16326,-697,-148,-7,139
7,697,197370,-2733,-16330,-677,-152,-28,135
7,698,197375,-2774,-16282,-760,-148,-43,130
7,699,197380,-2767,-16260,-990,-149,-46,129
7,700,197385,-2807,-16214,-1147,-146,-25,126
7,701,197390,-2825,-16224,-1242,-146,0,123
7,702,197395,-2859,-16256,-1291,-144,33,119
7,703,197400,-2839,-16184,-1441,-130,123,117
7,704,197405,-2811,-16155,-1546,-135,175,113
7,705,197410,-2840,-16199,-1365,-130,232,114
7,706,197415,-2820,-16172,-1129,-123,271,107
7,707,197420,-2800,-16156,-1183,-117,289,102
7,708,197425,-2803,-16099,-1274,-116,308,99
7,709,197430,-2864,-16153,-955,-117,329,102
7,710,197435,-2858,-16133,-721,-115,328,98
7,711,197440,-2843,-16085,-578,-114,303,95
7,712,197445,-2809,-16113,-608,-113,264,91
7,713,197450,-2879,-16093,-588,-113,220,87
7,714,197455,-2840,-16072,-640,-114,174,85
7,715,197460,-2761,-16035,-674,-116,130,84
7,716,197465,-2713,-16028,-642,-116,94,83
7,717,197470,-2808,-16059,-753,-116,58,82
7,718,197475,-2971,-16073,-808,-116,27,76
7,719,197480,-3028,-16074,-938,-114,0,74
7,720,197485,-2935,-16057,-1092,-112,-16,73
7,721,197490,-2953,-16026,-1284,-109,-25,69
7,722,197495,-2984,-16065,-1354,-108,-21,68
7,723,197500,-3059,-16043,-1366,-106,-7,64
7,724,197505,-3108,-16015,-1466,-101,10,61
7,725,197510,-3078,-16045,-1464,-96,36,58
7,726,197515,-3061,-16015,-1465,-93,60,56
7,727,197520,-3020,-15997,-1455,-91,82,55
7,728,197525,-2986,-16032,-1472,-88,101,55
7,729,197530,-2967,-15936,-1421,-82,121,51
7,730,197535,-2996,-15951,-1419,-78,132,48
7,731,197540,-3025,-15963,-1328,-76,131,44
7,732,197545,-3056,-15983,-1157,-72,125,40
7,733,197550,-3068,-16014,-1086,-68,117,41
7,734,197555,-3005,-16040,-1172,-63,106,38
7,735,197560,-3042,-16093,-1205,-60,94,37
7,736,197565,-3055,-16101,-1182,-63,83,37
7,737,197570,-3029,-16090,-1143,-59,74,31
7,738,197575,-3050,-16079,-1198,-58,69,28
7,739,197580,-2992,-16075,-1232,-52,64,29
7,740,197585,-2956,-16118,-1325,-51,67,29
7,741,197590,-2997,-16083,-1314,-48,70,25
7,742,197595,-2992,-16067,-1275,-47,66,21
7,743,197600,-2956,-16025,-1243,-45,65,17
7,744,197605,-2988,-16034,-1216,-41,61,18
7,745,197610,-3035,-16069,-1255,-37,61,16
7,746,197615,-2961,-16091,-1294,-37,57,15
7,747,197620,-2945,-16032,-1401,-36,61,14
7,748,197625,-2957,-16011,-1359,-30,64,14
7,749,197630,-2952,-16016,-1321,-28,66,12
7,750,197635,-2957,-15998,-1314,-26,67,8
7,751,197640,-2987,-15946,-1244,-20,62,9
7,752,197645,-3062,-16005,-1134,-20,49,5
7,753,197650,-3171,-16045,-1066,-23,31,3
7,754,197655,-3170,-16061,-1017,-18,7,2
7,755,197660,-3110,-16081,-1083,-18,-11,-1
7,756,197665,-3020,-16114,-1192,-16,-20,-2
7,757,197670,-3044,-16109,-1309,-14,-23,-3
7,758,197675,-3044,-16057,-1364,-13,-23,-9
7,759,197680,-3021,-16025,-1319,-10,-22,-12
7,760,197685,-3067,-16005,-1259,-4,-24,-12
7,761,197690,-3126,-16117,-1205,0,-28,-11
7,762,197695,-3214,-16229,-1178,-2,-35,-16
7,763,197700,-3252,-16240,-1139,-4,-47,-17
7,764,197705,-3195,-16233,-1213,0,-46,-18
7,765,197710,-3133,-16255,-1393,3,-36,-21
7,766,197715,-3078,-16230,-1528,5,-16,-25
7,767,197720,-3083,-16197,-1556,6,6,-28
7,768,197725,-3042,-16094,-1547,12,26,-29
7,769,197730,-2981,-16021,-1479,15,44,-30
7,770,197735,-2925,-15935,-1406,17,52,-31
7,771,197740,-2986,-15919,-1398,22,44,-32
7,772,197745,-3111,-15969,-1314,20,25,-35
7,773,197750,-3210,-16004,-1210,20,-8,-34
7,774,197755,-3161,-16024,-1111,22,-42,-36
7,775,197760,-3011,-16094,-1087,25,-62,-35
7,776,197765,-2995,-16179,-1175,30,-68,-36
7,777,197770,-3140,-16118,-1353,29,-62,-46
7,778,197775,-3070,-16092,-1281,31,-66,-45
7,779,197780,-2942,-16074,-1198,32,-72,-45
7,780,197785,-2874,-16092,-1146,35,-84,-45
7,781,197790,-2940,-16102,-1210,39,-99,-47
7,782,197795,-3031,-16123,-1242,36,-119,-50
7,783,197800,-3031,-16090,-1215,39,-137,-51
7,784,197805,-2949,-16126,-1111,40,-148,-47
7,785,197810,-2866,-16232,-1035,45,-162,-46
7,786,197815,-2925,-16263,-1034,43,-172,-54
7,787,197820,-3029,-16283,-1091,46,-180,-55
7,788,197825,-3099,-16263,-1214,48,-186,-53
7,789,197830,-3064,-16216,-1307,49,-187,-51
7,790,197835,-2992,-16153,-1332,48,-181,-54
7,791,197840,-3027,-16181,-1364,51,-169,-55
7,792,197845,-3104,-16166,-1321,55,-155,-56
7,793,197850,-3173,-16140,-1331,59,-139,-59
7,794,197855,-3218,-16065,-1430,62,-118,-63
7,795,197860,-3249,-16082,-1414,61,-96,-58
7,796,197865,-3160,-16100,-1405,61,-79,-58
7,797,197870,-3115,-16093,-1456,62,-57,-63
7,798,197875,-3140,-16090,-1415,66,-40,-63
7,799,197880,-3179,-16051,-1371,70,-28,-62
7,800,197885,-3226,-16075,-1426,73,-20,-64
7,801,197890,-3208,-16032,-1390,77,-17,-64
7,802,197895,-3169,-16024,-1362,76,-11,-65
7,803,197900,-3156,-15996,-1362,76,-4,-68
7,804,197905,-3127,-15976,-1325,79,-3,-68
7,805,197910,-3117,-15939,-1334,81,2,-70
7,806,197915,-3094,-15883,-1425,80,-2,-71
7,807,197920,-3025,-15842,-1420,85,-9,-71
7,808,197925,-2978,-15876,-1350,86,-11,-75
7,809,197930,-2999,-15858,-1260,88,-19,-72
7,810,197935,-3041,-15866,-1177,87,-26,-73
7,811,197940,-3056,-15908,-1156,86,-35,-75
7,812,197945,-2990,-15959,-1133,88,-49,-74
7,813,197950,-2949,-15979,-1098,87,-56,-71
7,814,197955,-2979,-15995,-1070,87,-66,-73
7,815,197960,-3039,-16032,-1067,88,-81,-75
7,816,197965,-3015,-16052,-1109,86,-89,-77
7,817,197970,-2998,-16056,-1084,87,-100,-77
7,818,197975,-3009,-16032,-1083,88,-109,-74
7,819,197980,-3064,-16046,-1032,89,-114,-76
7,820,197985,-3093,-16047,-1000,86,-124,-78
7,821,197990,-3148,-16059,-1061,85,-131,-77
7,822,197995,-3117,-16076,-1212,84,-132,-78
7,823,198000,-3033,-16090,-1311,84,-128,-78
7,824,198005,-2934,-16104,-1339,84,-120,-78
7,825,198010,-2949,-16046,-1304,82,-105,-80
7,826,198015,-2969,-15986,-1280,84,-94,-78
7,827,198020,-2998,-15982,-1256,84,-81,-78
7,828,198025,-3047,-15995,-1284,85,-70,-77
7,829,198030,-3029,-16011,-1298,87,-59,-76
7,830,198035,-2996,-16016,-1276,84,-53,-77
7,831,198040,-2953,-16006,-1252,82,-48,-77
7,832,198045,-2993,-15996,-1235,80,-46,-77
7,833,198050,-2984,-16006,-1134,81,-47,-78
7,834,198055,-2959,-15968,-1166,83,-54,-78
7,835,198060,-2911,-15960,-1174,80,-58,-77
7,836,198065,-2867,-15988,-1089,79,-61,-76
7,837,198070,-2911,-15998,-1032,77,-69,-76
7,838,198075,-2940,-16044,-1049,75,-71,-75
7,839,198080,-2939,-16065,-1067,75,-78,-73
7,840,198085,-2913,-16076,-1151,72,-81,-73
7,841,198090,-2878,-16040,-1195,72,-81,-70
7,842,198095,-2867,-15998,-1196,71,-79,-69
7,843,198100,-2919,-15966,-1176,67,-75,-73
7,844,198105,-2949,-15968,-1163,68,-74,-68
7,845,198110,-2959,-16048,-1163,66,-68,-65
7,846,198115,-2920,-16118,-1124,65,-62,-68
7,847,198120,-2881,-16157,-1194,67,-48,-64
7,848,198125,-2785,-16179,-1274,64,-29,-63
7,849,198130,-2858,-16224,-1225,63,-16,-63
7,850,198135,-2966,-16164,-1097,59,-6,-63
7,851,198140,-2940,-16207,-1021,60,-6,-60
7,852,198145,-2902,-16203,-999,58,-12,-58
7,853,198150,-2893,-16234,-943,54,-21,-57
7,854,198155,-2874,-16193,-919,54,-32,-56
7,855,198160,-2825,-16177,-984,50,-38,-53
7,856,198165,-2805,-16198,-931,49,-46,-53
7,857,198170,-2813,-16207,-895,47,-57,-50
7,858,198175,-2817,-16235,-848,48,-67,-50
7,859,198180,-2815,-16239,-855,44,-74,-45
7,860,198185,-2797,-16180,-944,40,-82,-43
7,861,198190,-2834,-16169,-919,34,-87,-43
7,862,198195,-2853,-16220,-971,34,-94,-41
7,863,198200,-2900,-16190,-1003,32,-100,-37
7,864,198205,-2920,-16188,-1045,31,-106,-37
7,865,198210,-2882,-16157,-1061,30,-105,-35
7,866,198215,-2919,-16160,-1077,28,-99,-32
7,867,198220,-2969,-16207,-1154,27,-92,-33
7,868,198225,-3033,-16212,-1205,24,-82,-34
7,869,198230,-3069,-16209,-1190,24,-72,-29
7,870,198235,-3036,-16213,-1124,23,-64,-27
7,871,198240,-3012,-16254,-1087,22,-58,-28
7,872,198245,-3041,-16274,-1068,19,-50,-24
7,873,198250,-3036,-16264,-1072,19,-45,-24
7,874,198255,-3015,-16248,-1033,17,-41,-21
7,875,198260,-3035,-16272,-1013,18,-34,-20
7,876,198265,-3030,-16252,-1015,17,-27,-19
7,877,198270,-3014,-16234,-881,11,-19,-18
7,878,198275,-3033,-16253,-833,9,-18,-16
7,879,198280,-3080,-16248,-833,7,-21,-17
7,880,198285,-3037,-16278,-812,6,-30,-15
7,881,198290,-3014,-16278,-825,2,-36,-12
7,882,198295,-2976,-16259,-910,1,-40,-13
7,883,198300,-2956,-16245,-956,-2,-41,-10
7,884,198305,-3026,-16263,-999,-6,-42,-7
7,885,198310,-3063,-16233,-999,-8,-45,-5
7,886,198315,-3024,-16234,-991,-6,-45,-4
7,887,198320,-2899,-16250,-979,-6,-46,-6
7,888,198325,-2936,-16262,-1028,-8,-50,-3
7,889,198330,-3014,-16270,-1004,-7,-52,-1
7,890,198335,-3063,-16281,-1002,-13,-53,0
7,891,198340,-3007,-16266,-1037,-14,-54,1
7,892,198345,-2916,-16273,-1073,-13,-46,5
7,893,198350,-2860,-16251,-1037,-14,-36,6
7,894,198355,-2925,-16245,-1081,-14,-25,8
7,895,198360,-3016,-16171,-1024,-19,-22,7
7,896,198365,-3039,-16155,-892,-19,-18,9
7,897,198370,-2915,-16223,-802,-20,-19,13
7,898,198375,-2832,-16237,-771,-20,-20,16
7,899,198380,-2818,-16248,-849,-23,-20,17
7,900,198385,-2816,-16198,-995,-26,-18,19
7,901,198390,-2832,-16181,-1086,-28,-16,20
7,902,198395,-2801,-16180,-1034,-29,-14,21
7,903,198400,-2787,-16132,-935,-29,-15,24
7,904,198405,-2764,-16160,-866,-29,-17,26
7,905,198410,-2794,-16189,-883,-29,-15,26
7,906,198415,-2805,-16172,-981,-31,-15,29
7,907,198420,-2781,-16124,-1064,-32,-15,32
7,908,198425,-2735,-16100,-1064,-33,-14,35
7,909,198430,-2746,-16102,-922,-37,-19,37
7,910,198435,-2823,-16113,-920,-40,-24,38
7,911,198440,-2837,-16120,-920,-38,-30,39
7,912,198445,-2789,-16122,-999,-33,-34,43
7,913,198450,-2793,-16084,-1051,-34,-34,48
7,914,198455,-2823,-16115,-1124,-38,-31,48
7,915,198460,-2868,-16125,-1027,-41,-33,48
7,916,198465,-2859,-16095,-985,-39,-37,49
7,917,198470,-2909,-16071,-974,-37,-43,50
7,918,198475,-2913,-16094,-1031,-40,-51,53
7,919,198480,-2900,-16067,-1089,-38,-53,53
7,920,198485,-2941,-16046,-1104,-37,-55,54
7,921,198490,-2955,-16082,-1038,-39,-55,56
7,922,198495,-2945,-16102,-1053,-39,-52,55
7,923,198500,-2933,-16142,-996,-37,-49,57
7,924,198505,-3085,-16129,-943,-37,-50,56
7,925,198510,-3048,-16134,-971,-36,-49,58
7,926,198515,-2995,-16177,-1050,-37,-44,58
7,927,198520,-2995,-16224,-1028,-39,-35,60
7,928,198525,-3062,-16244,-989,-39,-30,59
7,929,198530,-3063,-16198,-880,-39,-32,56
7,930,198535,-3093,-16195,-904,-34,-30,57
7,931,198540,-3095,-16187,-904,-37,-25,55
7,932,198545,-3076,-16212,-960,-37,-23,58
7,933,198550,-3038,-16231,-1021,-37,-22,59
7,934,198555,-3009,-16283,-990,-39,-16,58
7,935,198560,-3066,-16278,-927,-39,-12,54
7,936,198565,-3074,-16208,-953,-39,-9,54
7,937,198570,-3054,-16184,-984,-37,-7,54
7,938,198575,-3026,-16149,-987,-37,-2,55
7,939,198580,-2985,-16132,-952,-36,3,57
7,940,198585,-3015,-16172,-830,-40,4,56
7,941,198590,-3049,-16234,-826,-40,1,56
7,942,198595,-3088,-16231,-942,-36,-3,57
7,943,198600,-3036,-16226,-983,-37,-7,55
7,944,198605,-3058,-16222,-980,-38,-9,53
7,945,198610,-3069,-16149,-1032,-39,-15,52
7,946,198615,-3066,-16108,-1076,-36,-10,51
7,947,198620,-3028,-16107,-1117,-33,-5,53
7,948,198625,-3009,-16068,-1108,-31,-1,53
7,949,198630,-2981,-16065,-1185,-35,2,53
7,950,198635,-3108,-16029,-994,-32,1,52
7,951,198640,-3215,-16180,-898,-34,-7,53
7,952,198645,-3210,-16250,-858,-32,-17,52
7,953,198650,-3093,-16251,-859,-31,-21,48
7,954,198655,-3084,-16272,-967,-32,-17,46
7,955,198660,-3148,-16214,-1117,-29,-10,44
7,956,198665,-3177,-16136,-1198,-31,2,45
7,957,198670,-3108,-16115,-1191,-31,15,42
7,958,198675,-3023,-16127,-1171,-25,28,42
7,959,198680,-2999,-16098,-1148,-21,39,41
7,960,198685,-3050,-16032,-1115,-22,38,38
7,961,198690,-3123,-15980,-1068,-23,28,36
7,962,198695,-3180,-15975,-965,-22,15,37
7,963,198700,-3159,-16046,-834,-23,-2,38
7,964,198705,-3070,-16163,-808,-22,-17,34
7,965,198710,-3038,-16209,-884,-19,-32,38
7,966,198715,-3073,-16192,-961,-20,-40,36
7,967,198720,-3081,-16140,-1087,-23,-42,33
7,968,198725,-3031,-16075,-1099,-20,-40,33
7,969,198730,-3023,-16029,-1089,-16,-36,31
7,970,198735,-2993,-16101,-1098,-15,-32,31
7,971,198740,-3072,-16167,-1094,-12,-26,30
7,972,198745,-3138,-16169,-1159,-13,-21,28
7,973,198750,-3098,-16147,-1173,-15,-7,27
7,974,198755,-3014,-16120,-1185,-12,12,29
7,975,198760,-2990,-16087,-1229,-9,33,28
7,976,198765,-3017,-16141,-1173,-8,52,25
7,977,198770,-2999,-16120,-1120,-7,68,23
7,978,198775,-2982,-16109,-1058,-4,76,24
7,979,198780,-2995,-16099,-898,-5,80,23
7,980,198785,-2954,-16090,-822,-2,78,21
7,981,198790,-2993,-16097,-814,-1,71,21
7,982,198795,-2993,-16093,-838,-3,61,23
7,983,198800,-2954,-16107,-872,-2,47,24
7,984,198805,-2912,-16079,-864,-2,35,23
7,985,198810,-2893,-16079,-832,-5,17,19
7,986,198815,-2915,-16054,-849,0,-4,19
7,987,198820,-2981,-16083,-933,0,-18,16
7,988,198825,-3034,-16122,-948,-3,-35,17
7,989,198830,-3044,-16136,-990,-3,-44,16
7,990,198835,-3035,-16096,-1011,-4,-45,15
7,991,198840,-3000,-16097,-1077,-4,-43,14
7,992,198845,-3026,-16126,-1193,3,-33,15
7,993,198850,-3051,-16127,-1278,2,-16,12
7,994,198855,-3147,-16085,-1212,2,0,9
7,995,198860,-3099,-16066,-1149,4,16,9
7,996,198865,-3049,-16064,-1116,5,31,7
7,997,198870,-3061,-16044,-1117,5,50,7
7,998,198875,-3077,-16053,-1097,6,49,6
7,999,198880,-3097,-16064,-1017,8,47,5
8,0,206110,-2774,-15973,-1070,-9,-51,-12
8,1,206115,-2688,-16004,-1003,-9,-56,-10
8,2,206120,-2625,-16013,-1034,-11,-62,-13
8,3,206125,-2605,-16052,-1086,-9,-66,-11
8,4,206130,-2678,-16100,-1088,-14,-72,-8
8,5,206135,-2700,-16138,-1071,-13,-78,-6
8,6,206140,-2679,-16196,-1037,-13,-85,-5
8,7,206145,-2716,-16230,-1025,-18,-93,-5
8,8,206150,-2814,-16244,-1019,-17,-102,-1
8,9,206155,-2821,-16341,-1047,-15,-112,-1
8,10,206160,-2849,-16447,-992,-18,-118,0
8,11,206165,-2899,-16536,-932,-19,-124,-1
8,12,206170,-3002,-16617,-866,-22,-129,-3
8,13,206175,-3083,-16675,-821,-24,-134,-3
8,14,206180,-3156,-16686,-751,-28,-140,-1
8,15,206185,-3196,-16764,-729,-32,-141,2
8,16,206190,-3194,-16860,-700,-36,-137,0
8,17,206195,-3164,-16929,-655,-35,-138,1
8,18,206200,-3257,-16993,-723,-38,-139,-3
8,19,206205,-3349,-17013,-750,-39,-140,-5
8,20,206210,-3348,-16993,-736,-42,-143,-6
8,21,206215,-3319,-17069,-677,-46,-146,-5
8,22,206220,-3430,-17097,-550,-51,-157,-5
8,23,206225,-3592,-17035,-580,-53,-164,-10
8,24,206230,-3665,-17021,-666,-59,-170,-11
8,25,206235,-3726,-16940,-740,-60,-174,-12
8,26,206240,-3671,-16881,-783,-62,-173,-12
8,27,206245,-3645,-16831,-942,-62,-164,-13
8,28,206250,-3663,-16805,-1019,-64,-147,-18
8,29,206255,-3685,-16808,-1092,-64,-126,-20
8,30,206260,-3673,-16754,-1059,-68,-106,-20
8,31,206265,-3695,-16666,-940,-68,-87,-21
8,32,206270,-3725,-16583,-893,-69,-67,-25
8,33,206275,-3742,-16533,-947,-70,-51,-28
8,34,206280,-3784,-16439,-1011,-72,-38,-31
8,35,206285,-3775,-16383,-1051,-76,-27,-33
8,36,206290,-3722,-16305,-1014,-79,-18,-33
8,37,206295,-3756,-16286,-1086,-78,-9,-38
8,38,206300,-3688,-16167,-1145,-81,1,-42
8,39,206305,-3576,-16092,-1287,-81,14,-43
8,40,206310,-3424,-16064,-1410,-79,30,-46
8,41,206315,-3320,-15978,-1512,-80,50,-46
8,42,206320,-3230,-15920,-1486,-81,71,-45
8,43,206325,-3165,-15891,-1412,-82,83,-46
8,44,206330,-3095,-15761,-1331,-81,91,-48
8,45,206335,-3053,-15730,-1401,-81,96,-49
8,46,206340,-3047,-15669,-1361,-80,102,-48
8,47,206345,-3016,-15631,-1334,-82,99,-46
8,48,206350,-3024,-15595,-1302,-85,98,-47
8,49,206355,-2967,-15544,-1346,-82,92,-44
8,50,206360,-2942,-15506,-1412,-84,88,-44
8,51,206365,-2860,-15456,-1468,-84,86,-44
8,52,206370,-2781,-15441,-1618,-84,84,-44
8,53,206375,-2731,-15415,-1661,-83,85,-42
8,54,206380,-2737,-15374,-1687,-84,85,-40
8,55,206385,-2623,-15351,-1689,-83,87,-38
8,56,206390,-2581,-15334,-1730,-84,92,-38
8,57,206395,-2531,-15350,-1766,-80,97,-34
8,58,206400,-2545,-15330,-1814,-76,101,-32
8,59,206405,-2426,-15436,-1772,-74,104,-29
8,60,206410,-2364,-15459,-1618,-76,104,-26
8,61,206415,-2415,-15503,-1379,-76,97,-26
8,62,206420,-2558,-15541,-1288,-76,83,-25
8,63,206425,-2668,-15518,-1306,-76,63,-22
8,64,206430,-2639,-15591,-1375,-78,48,-14
8,65,206435,-2594,-15678,-1346,-78,32,-12
8,66,206440,-2531,-15799,-1373,-80,20,-11
8,67,206445,-2567,-15878,-1391,-78,10,-10
8,68,206450,-2574,-15888,-1498,-76,2,-10
8,69,206455,-2576,-15882,-1629,-73,0,-8
8,70,206460,-2593,-15923,-1620,-73,-1,-5
8,71,206465,-2539,-15988,-1578,-77,0,-4
8,72,206470,-2544,-16012,-1566,-73,4,1
8,73,206475,-2567,-16065,-1557,-71,10,3
8,74,206480,-2553,-16115,-1595,-72,21,5
8,75,206485,-2550,-16139,-1558,-71,33,9
8,76,206490,-2576,-16146,-1415,-69,38,10
8,77,206495,-2658,-16178,-1334,-70,42,13
8,78,206500,-2676,-16184,-1259,-71,41,17
8,79,206505,-2711,-16190,-1303,-70,35,18
8,80,206510,-2738,-16199,-1368,-70,24,20
8,81,206515,-2805,-16198,-1383,-67,6,20
8,82,206520,-2863,-16180,-1374,-68,-11,20
8,83,206525,-2891,-16144,-1412,-68,-25,19
8,84,206530,-2942,-16166,-1466,-66,-37,19
8,85,206535,-2934,-16256,-1502,-65,-47,22
8,86,206540,-2975,-16301,-1523,-62,-51,23
8,87,206545,-3041,-16274,-1541,-62,-53,22
8,88,206550,-3142,-16295,-1616,-63,-53,20
8,89,206555,-3144,-16280,-1724,-58,-51,20
8,90,206560,-3052,-16218,-1754,-56,-43,21
8,91,206565,-3053,-16235,-1777,-55,-31,20
8,92,206570,-3070,-16308,-1780,-52,-15,17
8,93,206575,-3078,-16341,-1772,-45,0,21
8,94,206580,-3027,-16290,-1807,-45,16,18
8,95,206585,-3055,-16267,-1719,-44,30,17
8,96,206590,-3127,-16252,-1508,-38,36,16
8,97,206595,-3092,-16295,-1529,-36,35,16
8,98,206600,-3022,-16337,-1474,-33,36,17
8,99,206605,-2938,-16338,-1522,-31,38,14
8,100,206610,-2946,-16331,-1425,-31,37,16
8,101,206615,-2977,-16358,-1379,-32,31,14
8,102,206620,-3035,-16373,-1251,-30,25,12
8,103,206625,-2936,-16372,-1192,-30,17,15
8,104,206630,-2869,-16433,-1267,-28,6,17
8,105,206635,-2883,-16438,-1269,-30,-4,15
8,106,206640,-2868,-16466,-1254,-30,-13,15
8,107,206645,-2862,-16464,-1261,-32,-21,15
8,108,206650,-2879,-16401,-1294,-31,-27,15
8,109,206655,-2876,-16380,-1274,-30,-31,15
8,110,206660,-2893,-16352,-1341,-27,-41,16
8,111,206665,-2917,-16296,-1387,-29,-49,18
8,112,206670,-2933,-16270,-1424,-28,-55,19
8,113,206675,-2983,-16248,-1451,-28,-56,17
8,114,206680,-2990,-16200,-1531,-29,-55,16
8,115,206685,-2951,-16111,-1570,-29,-57,17
8,116,206690,-2992,-16102,-1589,-27,-55,16
8,117,206695,-3014,-16004,-1616,-24,-56,14
8,118,206700,-3010,-15962,-1644,-25,-53,16
8,119,206705,-3062,-15932,-1644,-21,-45,16
8,120,206710,-3111,-15927,-1642,-20,-44,11
8,121,206715,-3094,-15911,-1744,-18,-37,9
8,122,206720,-3042,-15904,-1770,-19,-32,13
8,123,206725,-3021,-15828,-1743,-18,-29,13
8,124,206730,-2988,-15829,-1743,-14,-24,12
8,125,206735,-3002,-15805,-1698,-13,-19,9
8,126,206740,-3013,-15735,-1460,-12,-25,11
8,127,206745,-2950,-15804,-1812,-9,-49,10
8,128,206750,-2903,-15834,-2115,-13,-41,5
8,129,206755,-2972,-15671,-1633,-10,-9,4
8,130,206760,-2992,-15831,-1563,-7,-8,11
8,131,206765,-2857,-15710,-1868,-5,-11,7
8,132,206770,-2719,-15785,-1891,-4,-2,11
8,133,206775,-2773,-15822,-1784,-7,11,10
8,134,206780,-2864,-15817,-1775,-6,13,6
8,135,206785,-2944,-15801,-1737,-6,17,6
8,136,206790,-2965,-15726,-1690,-3,27,10
8,137,206795,-2894,-15754,-1690,-1,24,14
8,138,206800,-2801,-15856,-1749,-3,17,13
8,139,206805,-2817,-15900,-1622,-5,10,11
8,140,206810,-2807,-15928,-1618,-7,-9,7
8,141,206815,-2812,-15908,-1794,-8,-18,5
8,142,206820,-2802,-15881,-1800,-4,-14,9
8,143,206825,-2818,-15890,-1797,-3,-16,10
8,144,206830,-2800,-15950,-1751,-5,-27,9
8,145,206835,-2770,-15965,-1781,-5,-32,11
8,146,206840,-2736,-15940,-1779,-2,-34,9
8,147,206845,-2742,-15905,-1833,-4,-34,9
8,148,206850,-2783,-15920,-1854,-2,-31,10
8,149,206855,-2835,-15960,-1790,0,-30,12
8,150,206860,-2876,-15979,-1712,-2,-35,10
8,151,206865,-2952,-15993,-1636,-4,-40,10
8,152,206870,-2974,-16038,-1507,-5,-48,12
8,153,206875,-3019,-16032,-1586,-2,-54,9
8,154,206880,-3049,-16070,-1562,-4,-59,11
8,155,206885,-3081,-16075,-1589,-5,-67,8
8,156,206890,-3109,-16037,-1568,-7,-76,7
8,157,206895,-3169,-16050,-1547,-7,-77,7
8,158,206900,-3217,-16055,-1539,-6,-81,7
8,159,206905,-3183,-16036,-1584,-7,-80,2
8,160,206910,-3139,-16054,-1665,-10,-73,-2
8,161,206915,-3076,-16062,-1667,-8,-66,2
8,162,206920,-3081,-16045,-1704,-11,-58,1
8,163,206925,-3091,-16009,-1648,-13,-51,-2
8,164,206930,-3134,-15986,-1617,-12,-45,-6
8,165,206935,-3129,-15892,-1660,-12,-43,-6
8,166,206940,-3056,-15833,-1732,-9,-37,-4
8,167,206945,-2959,-15819,-1731,-11,-29,-6
8,168,206950,-2927,-15809,-1717,-15,-23,-7
8,169,206955,-2845,-15867,-1607,-10,-17,-7
8,170,206960,-2847,-15862,-1618,-10,-18,-3
8,171,206965,-2791,-15909,-1615,-11,-20,-6
8,172,206970,-2826,-15908,-1603,-12,-21,-8
8,173,206975,-2846,-15891,-1556,-15,-28,-10
8,174,206980,-2840,-15896,-1466,-14,-38,-7
8,175,206985,-2845,-15885,-1511,-15,-44,-8
8,176,206990,-2881,-15918,-1621,-14,-49,-5
8,177,206995,-2849,-15903,-1670,-17,-54,-5
8,178,207000,-2778,-15908,-1681,-15,-59,-7
8,179,207005,-2797,-15952,-1692,-14,-61,-8
8,180,207010,-2725,-15962,-1683,-14,-61,-6
8,181,207015,-2795,-15956,-1719,-14,-59,-6
8,182,207020,-2793,-15987,-1737,-14,-56,-4
8,183,207025,-2749,-15968,-1629,-14,-57,-2
8,184,207030,-2840,-15968,-1646,-15,-60,-6
8,185,207035,-2952,-16064,-1525,-13,-67,-4
8,186,207040,-2896,-15949,-1609,-15,-85,-9
8,187,207045,-2937,-16035,-1668,-15,-78,-3
8,188,207050,-2945,-16103,-1592,-14,-78,-4
8,189,207055,-2857,-16032,-1503,-18,-78,-7
8,190,207060,-2946,-16175,-1681,-20,-90,-8
8,191,207065,-3125,-15981,-1640,-13,-89,-15
8,192,207070,-3177,-16109,-1694,-19,-93,-4
8,193,207075,-3021,-16047,-1657,-16,-94,-12
8,194,207080,-2926,-16013,-1700,-19,-85,-12
8,195,207085,-2989,-16079,-1757,-16,-71,-12
8,196,207090,-3094,-15941,-1749,-13,-65,-16
8,197,207095,-3092,-15968,-1837,-15,-68,-13
8,198,207100,-3049,-15887,-1815,-14,-68,-16
8,199,207105,-3017,-15873,-1785,-15,-64,-17
8,200,207110,-3045,-15873,-1807,-14,-63,-18
8,201,207115,-3049,-15798,-1835,-13,-64,-19
8,202,207120,-2993,-15774,-1930,-12,-65,-20
8,203,207125,-2981,-15786,-1931,-11,-58,-21
8,204,207130,-3047,-15799,-1775,-6,-55,-22
8,205,207135,-3123,-15893,-1643,-7,-55,-24
8,206,207140,-3169,-15906,-1599,-8,-56,-28
8,207,207145,-3209,-15952,-1613,-6,-62,-31
8,208,207150,-3306,-15992,-1591,-7,-69,-30
8,209,207155,-3329,-16054,-1537,-10,-74,-33
8,210,207160,-3299,-16073,-1507,-9,-75,-36
8,211,207165,-3310,-16099,-1600,-8,-73,-39
8,212,207170,-3318,-16159,-1649,-8,-68,-41
8,213,207175,-3348,-16167,-1681,-6,-60,-41
8,214,207180,-3331,-16221,-1679,-5,-56,-45
8,215,207185,-3282,-16213,-1665,-7,-52,-48
8,216,207190,-3233,-16218,-1722,-8,-44,-49
8,217,207195,-3227,-16226,-1726,-5,-37,-53
8,218,207200,-3222,-16234,-1688,-5,-34,-55
8,219,207205,-3225,-16307,-1660,-6,-31,-56
8,220,207210,-3165,-16379,-1585,-4,-30,-55
8,221,207215,-3114,-16392,-1471,-4,-26,-57
8,222,207220,-3147,-16389,-1400,-6,-26,-62
8,223,207225,-3206,-16390,-1446,-7,-31,-66
8,224,207230,-3240,-16363,-1443,-10,-42,-65
8,225,207235,-3265,-16358,-1344,-9,-48,-65
8,226,207240,-3249,-16389,-1256,-11,-56,-68
8,227,207245,-3227,-16432,-1148,-8,-71,-69
8,228,207250,-3157,-16406,-1424,-14,-88,-72
8,229,207255,-3191,-16409,-1534,-15,-80,-76
8,230,207260,-3293,-16321,-1280,-12,-68,-73
8,231,207265,-3249,-16335,-1320,-12,-73,-72
8,232,207270,-3147,-16265,-1594,-13,-76,-75
8,233,207275,-3082,-16279,-1551,-11,-67,-77
8,234,207280,-3086,-16323,-1547,-12,-59,-75
8,235,207285,-3066,-16280,-1583,-16,-52,-80
8,236,207290,-3051,-16237,-1643,-13,-40,-79
8,237,207295,-3025,-16223,-1630,-14,-29,-76
8,238,207300,-2954,-16222,-1605,-14,-26,-80
8,239,207305,-2903,-16196,-1587,-9,-19,-78
8,240,207310,-2857,-16172,-1592,-12,-12,-80
8,241,207315,-2806,-16177,-1589,-11,-9,-81
8,242,207320,-2766,-16171,-1566,-9,-8,-77
8,243,207325,-2696,-16094,-1566,-11,-8,-74
8,244,207330,-2659,-16039,-1591,-9,-12,-73
8,245,207335,-2651,-16057,-1579,-10,-14,-72
8,246,207340,-2639,-16015,-1610,-10,-17,-70
8,247,207345,-2613,-15984,-1576,-9,-24,-69
8,248,207350,-2615,-16052,-1635,-10,-34,-64
8,249,207355,-2539,-16056,-1705,-8,-39,-64
8,250,207360,-2427,-16089,-1698,-8,-41,-61
8,251,207365,-2347,-16094,-1658,-9,-41,-58
8,252,207370,-2399,-16112,-1702,-7,-39,-55
8,253,207375,-2420,-16082,-1697,-5,-38,-51
8,254,207380,-2493,-16093,-1682,-7,-37,-49
8,255,207385,-2481,-16124,-1664,-7,-42,-46
8,256,207390,-2408,-16145,-1598,-5,-48,-42
8,257,207395,-2440,-16126,-1632,-6,-47,-40
8,258,207400,-2482,-16113,-1668,-5,-52,-37
8,259,207405,-2451,-16078,-1671,-8,-56,-33
8,260,207410,-2521,-16047,-1688,-5,-60,-31
8,261,207415,-2579,-16054,-1683,-7,-68,-28
8,262,207420,-2589,-16062,-1772,-9,-74,-27
8,263,207425,-2545,-16019,-1859,-8,-79,-24
8,264,207430,-2621,-15952,-1893,-7,-83,-24
8,265,207435,-2736,-15955,-1844,-9,-79,-22
8,266,207440,-2802,-16000,-1808,-5,-80,-16
8,267,207445,-2763,-16027,-1816,-1,-86,-14
8,268,207450,-2847,-16061,-1795,-4,-85,-17
8,269,207455,-2900,-16092,-1773,-2,-78,-14
8,270,207460,-2953,-16114,-1731,-3,-77,-13
8,271,207465,-2943,-16107,-1757,-2,-74,-14
8,272,207470,-2991,-16125,-1727,0,-65,-12
8,273,207475,-3012,-16149,-1632,-1,-54,-12
8,274,207480,-2999,-16202,-1628,-2,-46,-13
8,275,207485,-2989,-16242,-1581,-4,-41,-16
8,276,207490,-2966,-16265,-1601,-6,-36,-14
8,277,207495,-2964,-16256,-1620,-4,-30,-14
8,278,207500,-2975,-16227,-1553,-2,-28,-14
8,279,207505,-2898,-16283,-1574,-7,-24,-15
8,280,207510,-2882,-16329,-1553,-6,-22,-12
8,281,207515,-2874,-16366,-1574,-7,-21,-11
8,282,207520,-2845,-16381,-1514,-8,-25,-9
8,283,207525,-2896,-16412,-1469,-10,-30,-11
8,284,207530,-2919,-16372,-1435,-11,-36,-12
8,285,207535,-2931,-16394,-1456,-11,-43,-9
8,286,207540,-2929,-16473,-1523,-16,-47,-7
8,287,207545,-2894,-16551,-1569,-16,-47,-8
8,288,207550,-2907,-16542,-1463,-17,-49,-9
8,289,207555,-2947,-16534,-1368,-20,-53,-7
8,290,207560,-2992,-16475,-1404,-23,-61,-12
8,291,207565,-3017,-16349,-1449,-23,-60,-11
8,292,207570,-3032,-16276,-1550,-22,-56,-7
8,293,207575,-2970,-16177,-1599,-22,-44,-5
8,294,207580,-2975,-16389,-1373,-24,-26,3
8,295,207585,-2889,-16161,-1347,-28,-35,-10
8,296,207590,-2840,-16161,-1782,-34,-45,-13
8,297,207595,-2926,-16023,-1703,-30,-27,-12
8,298,207600,-3009,-15890,-1373,-28,-13,-7
8,299,207605,-2889,-15814,-1583,-29,-20,-5
8,300,207610,-2733,-15805,-1780,-29,-21,-4
8,301,207615,-2733,-15794,-1740,-35,-16,-2
8,302,207620,-2756,-15700,-1657,-37,-23,-8
8,303,207625,-2786,-15566,-1689,-37,-29,-7
8,304,207630,-2732,-15529,-1678,-30,-28,-4
8,305,207635,-2638,-15486,-1784,-31,-26,-3
8,306,207640,-2536,-15517,-1910,-30,-19,-2
8,307,207645,-2581,-15496,-1852,-30,-15,0
8,308,207650,-2569,-15488,-1791,-31,-23,-1
8,309,207655,-2532,-15442,-1818,-33,-29,1
8,310,207660,-2455,-15454,-1884,-32,-33,3
8,311,207665,-2497,-15527,-1894,-31,-36,5
8,312,207670,-2529,-15536,-2124,-29,-36,9
8,313,207675,-2472,-15522,-2072,-25,-32,13
8,314,207680,-2440,-15468,-2049,-26,-28,14
8,315,207685,-2432,-15518,-1949,-27,-20,13
8,316,207690,-2400,-15644,-1929,-22,-15,18
8,317,207695,-2412,-15715,-1840,-22,-18,22
8,318,207700,-2510,-15763,-1742,-20,-21,22
8,319,207705,-2580,-15801,-1588,-23,-24,21
8,320,207710,-2572,-15868,-1531,-24,-35,25
8,321,207715,-2592,-15932,-1570,-21,-39,30
8,322,207720,-2613,-15997,-1560,-18,-36,32
8,323,207725,-2661,-16013,-1497,-22,-42,31
8,324,207730,-2690,-16042,-1411,-22,-51,28
8,325,207735,-2717,-16057,-1464,-22,-65,30
8,326,207740,-2718,-16037,-1707,-24,-73,34
8,327,207745,-2695,-16069,-1753,-22,-70,33
8,328,207750,-2743,-16061,-1630,-23,-66,32
8,329,207755,-2722,-16091,-1698,-17,-68,36
8,330,207760,-2701,-16060,-1774,-17,-65,37
8,331,207765,-2724,-16068,-1762,-19,-59,38
8,332,207770,-2816,-16045,-1777,-15,-55,38
8,333,207775,-2863,-16021,-1768,-15,-55,38
8,334,207780,-2873,-15995,-1769,-14,-55,38
8,335,207785,-2804,-15966,-1789,-14,-52,41
8,336,207790,-2844,-15995,-1757,-12,-46,40
8,337,207795,-2963,-16025,-1738,-11,-39,36
8,338,207800,-3042,-15996,-1661,-7,-39,35
8,339,207805,-3095,-16009,-1695,-5,-41,34
8,340,207810,-3093,-16051,-1668,-4,-37,33
8,341,207815,-3120,-16087,-1547,-3,-37,36
8,342,207820,-3165,-16123,-1517,-2,-39,34
8,343,207825,-3188,-16149,-1522,-4,-43,31
8,344,207830,-3223,-16230,-1481,-4,-45,29
8,345,207835,-3171,-16331,-1538,-2,-45,27
8,346,207840,-3168,-16367,-1570,-2,-44,27
8,347,207845,-3181,-16418,-1545,-1,-39,23
8,348,207850,-3223,-16397,-1639,0,-37,20
8,349,207855,-3177,-16348,-1658,-1,-30,19
8,350,207860,-3194,-16344,-1647,3,-26,18
8,351,207865,-3161,-16402,-1663,4,-20,18
8,352,207870,-3155,-16452,-1617,6,-13,15
8,353,207875,-3189,-16434,-1593,5,-8,12
8,354,207880,-3178,-16380,-1527,6,-8,10
8,355,207885,-3131,-16339,-1512,7,-6,11
8,356,207890,-3161,-16284,-1658,9,-10,10
8,357,207895,-3086,-16270,-1639,9,-11,9
8,358,207900,-3080,-16267,-1632,10,-19,9
8,359,207905,-3115,-16268,-1666,11,-24,7
8,360,207910,-3091,-16232,-1728,13,-23,6
8,361,207915,-3040,-16166,-1747,15,-14,2
8,362,207920,-3092,-16126,-1747,18,-6,1
8,363,207925,-3156,-16087,-1731,17,1,1
8,364,207930,-3154,-16019,-1712,18,5,0
8,365,207935,-3178,-15970,-1680,18,8,-2
8,366,207940,-3223,-15891,-1634,20,10,-4
8,367,207945,-3326,-15891,-1592,20,9,-5
8,368,207950,-3405,-15879,-1719,23,12,-7
8,369,207955,-3313,-15898,-1836,25,21,-7
8,370,207960,-3116,-15828,-1867,23,39,-6
8,371,207965,-3111,-15855,-1785,24,62,-7
8,372,207970,-3294,-15832,-1800,29,74,-11
8,373,207975,-3412,-15762,-2026,32,79,-15
8,374,207980,-3369,-15646,-2184,31,90,-17
8,375,207985,-3225,-15610,-2179,29,112,-12
8,376,207990,-3119,-15542,-2148,34,135,-11
8,377,207995,-3011,-15562,-2147,38,155,-11
8,378,208000,-3006,-15547,-2060,39,176,-9
8,379,208005,-3163,-15539,-1906,41,191,-10
8,380,208010,-3270,-15506,-1788,40,199,-6
8,381,208015,-3216,-15423,-1882,42,205,-3
8,382,208020,-3006,-15357,-1906,41,221,0
8,383,208025,-2730,-15293,-1942,36,239,10
8,384,208030,-2623,-15370,-1726,34,261,17
8,385,208035,-2735,-15416,-1396,32,266,23
8,386,208040,-2962,-15528,-1178,26,235,30
8,387,208045,-2839,-15410,-984,23,185,41
8,388,208050,-2541,-15227,-745,13,128,58
8,389,208055,-2534,-15208,-491,2,67,69
8,390,208060,-3252,-15470,-332,-17,-107,79
8,391,208065,-3133,-15564,-659,-29,-211,96
8,392,208070,-3005,-15620,-746,-35,-294,108
8,393,208075,-2943,-15741,-1046,-44,-372,119
8,394,208080,-3123,-15710,-1518,-58,-428,130
8,395,208085,-3472,-15650,-1963,-67,-452,141
8,396,208090,-3668,-15484,-2372,-70,-447,154
8,397,208095,-3519,-15587,-3070,-66,-424,176
8,398,208100,-3494,-15607,-3628,-66,-351,194
8,399,208105,-3551,-15743,-3422,-70,-232,208
8,400,208110,-3845,-15707,-3308,-62,-128,217
8,401,208115,-3825,-15728,-3613,-55,-44,233
8,402,208120,-3784,-15723,-3612,-60,58,254
8,403,208125,-3819,-15850,-2752,-63,162,275
8,404,208130,-3999,-15979,-2077,-67,204,291
8,405,208135,-4104,-16035,-1817,-72,202,307
8,406,208140,-4249,-16022,-1596,-77,182,324
8,407,208145,-4377,-15930,-1414,-86,138,340
8,408,208150,-4332,-16072,-1361,-94,76,363
8,409,208155,-4262,-16270,-1233,-103,16,377
8,410,208160,-4361,-16419,-1207,-118,-42,388
8,411,208165,-4561,-16439,-1325,-127,-96,402
8,412,208170,-4753,-16330,-1397,-134,-135,415
8,413,208175,-4729,-16329,-1566,-144,-157,436
8,414,208180,-4619,-16344,-1719,-150,-158,453
8,415,208185,-4565,-16387,-1948,-159,-147,469
8,416,208190,-4526,-16350,-2210,-171,-126,480
8,417,208195,-4534,-16231,-2219,-175,-95,498
8,418,208200,-4555,-16167,-2214,-175,-60,517
8,419,208205,-4406,-16218,-2366,-178,-28,541
8,420,208210,-4204,-16177,-2446,-183,7,562
8,421,208215,-4150,-16145,-2290,-189,35,576
8,422,208220,-4202,-16110,-2047,-194,42,590
8,423,208225,-4178,-16089,-2022,-198,38,611
8,424,208230,-4019,-16071,-1987,-204,32,628
8,425,208235,-4003,-16187,-1927,-209,12,650
8,426,208240,-3913,-16215,-1662,-213,-23,668
8,427,208245,-3980,-16146,-1511,-217,-66,683
8,428,208250,-4219,-16138,-1471,-227,-116,695
8,429,208255,-4365,-16083,-1528,-233,-162,716
8,430,208260,-4350,-16010,-1667,-236,-205,733
8,431,208265,-4375,-16026,-1681,-239,-240,750
8,432,208270,-4411,-16032,-1733,-246,-266,764
8,433,208275,-4539,-15969,-1823,-252,-286,775
8,434,208280,-4610,-15922,-1923,-251,-302,787
8,435,208285,-4689,-15903,-2046,-254,-307,804
8,436,208290,-4782,-15911,-2211,-253,-308,815
8,437,208295,-4984,-15846,-2300,-256,-313,828
8,438,208300,-5130,-15806,-2485,-259,-312,838
8,439,208305,-5226,-15824,-2726,-258,-296,849
8,440,208310,-5125,-15787,-2872,-253,-261,861
8,441,208315,-5083,-15834,-3049,-249,-206,870
8,442,208320,-5192,-15870,-3069,-245,-139,873
8,443,208325,-5327,-15699,-2842,-246,-75,877
8,444,208330,-5443,-15515,-2811,-241,-26,886
8,445,208335,-5613,-15525,-2242,-238,13,890
8,446,208340,-5584,-15390,-2399,-244,-18,888
8,447,208345,-5638,-15394,-1995,-249,-40,896
8,448,208350,-5888,-15171,-1772,-243,-93,896
8,449,208355,-6271,-15183,-1992,-243,-153,898
8,450,208360,-6322,-14917,-2448,-242,-205,893
8,451,208365,-6026,-15017,-2866,-244,-232,901
8,452,208370,-5936,-14946,-2960,-242,-220,891
8,453,208375,-6011,-15051,-3040,-238,-196,891
8,454,208380,-6298,-14969,-3058,-231,-164,884
8,455,208385,-6440,-14881,-3012,-223,-134,875
8,456,208390,-6468,-14865,-3105,-221,-112,873
8,457,208395,-6436,-14861,-2961,-217,-85,866
8,458,208400,-6485,-14849,-2824,-214,-62,862
8,459,208405,-6530,-14859,-2663,-209,-49,855
8,460,208410,-6663,-14785,-2770,-206,-54,843
8,461,208415,-6666,-14828,-2823,-203,-62,833
8,462,208420,-6649,-14819,-2758,-199,-69,826
8,463,208425,-6538,-14930,-2558,-189,-79,806
8,464,208430,-6736,-14847,-2670,-189,-85,787
8,465,208435,-6847,-14828,-2592,-186,-103,776
8,466,208440,-6961,-14714,-2400,-185,-131,764
8,467,208445,-6908,-14720,-2384,-182,-165,749
8,468,208450,-6920,-14696,-2587,-174,-203,737
8,469,208455,-7008,-14772,-2863,-166,-222,720
8,470,208460,-7061,-14826,-3232,-160,-221,705
8,471,208465,-6954,-14832,-3634,-154,-190,688
8,472,208470,-6855,-14859,-3611,-140,-116,673
8,473,208475,-6808,-14952,-3773,-128,-34,660
8,474,208480,-6957,-15054,-3633,-117,62,645
8,475,208485,-7109,-15046,-3531,-111,144,624
8,476,208490,-7103,-15115,-3243,-102,219,607
8,477,208495,-7155,-15118,-2918,-92,275,587
8,478,208500,-7191,-15150,-2798,-82,317,567
8,479,208505,-7242,-15192,-2720,-76,342,547
8,480,208510,-7388,-15134,-2696,-73,360,529
8,481,208515,-7426,-15094,-2576,-71,366,507
8,482,208520,-7343,-15010,-2479,-66,366,484
8,483,208525,-7187,-14946,-2496,-60,359,464
8,484,208530,-7182,-14847,-2478,-55,347,440
8,485,208535,-7260,-14746,-2454,-48,328,411
8,486,208540,-7201,-14663,-2482,-38,290,383
8,487,208545,-7112,-14530,-2460,-33,239,359
8,488,208550,-7047,-14442,-2338,-31,182,336
8,489,208555,-7161,-14314,-2120,-27,114,310
8,490,208560,-7260,-14163,-2051,-20,28,283
8,491,208565,-7291,-14017,-2231,-11,-56,254
8,492,208570,-7211,-13975,-2453,-3,-122,227
8,493,208575,-7184,-14006,-2582,2,-172,203
8,494,208580,-7200,-13967,-2699,11,-211,175
8,495,208585,-7235,-13957,-2747,20,-232,147
8,496,208590,-7301,-14014,-2793,36,-242,114
8,497,208595,-7346,-14102,-2950,45,-234,86
8,498,208600,-7318,-14210,-3049,53,-205,55
8,499,208605,-7391,-14268,-2972,63,-156,28
8,500,208610,-7377,-14064,-3253,73,-92,-1
8,501,208615,-7310,-14460,-4261,86,47,-22
8,502,208620,-7642,-13978,-1617,116,255,-81
8,503,208625,-7383,-13997,-2646,114,196,-85
8,504,208630,-7016,-14654,-2718,117,203,-97
8,505,208635,-6980,-14167,-2697,114,258,-156
8,506,208640,-7133,-14327,-1995,131,322,-182
8,507,208645,-7466,-14106,-1786,157,340,-212
8,508,208650,-7011,-14289,-2520,169,353,-236
8,509,208655,-6691,-14030,-2400,177,398,-275
8,510,208660,-6529,-14247,-1863,176,404,-289
8,511,208665,-6548,-14256,-2077,180,380,-325
8,512,208670,-6539,-14186,-1921,189,368,-362
8,513,208675,-6440,-14140,-2179,199,332,-383
8,514,208680,-6332,-14133,-2227,207,307,-404
8,515,208685,-6299,-14153,-2303,211,282,-428
8,516,208690,-6195,-14180,-2204,220,264,-455
8,517,208695,-6092,-14166,-2358,228,244,-480
8,518,208700,-5979,-14163,-2535,239,232,-507
8,519,208705,-5943,-14100,-2643,250,223,-534
8,520,208710,-5918,-14252,-2531,256,216,-554
8,521,208715,-5892,-14307,-2366,268,197,-579
8,522,208720,-5768,-14327,-2254,278,178,-604
8,523,208725,-5688,-14426,-2306,282,175,-627
8,524,208730,-5682,-14473,-2386,295,183,-649
8,525,208735,-5679,-14569,-2371,299,194,-670
8,526,208740,-5586,-14612,-2221,308,203,-694
8,527,208745,-5494,-14760,-2046,315,212,-715
8,528,208750,-5367,-14794,-1969,322,226,-735
8,529,208755,-5309,-14896,-1968,329,232,-756
8,530,208760,-5286,-14921,-2057,335,235,-778
8,531,208765,-5183,-14930,-2172,342,233,-798
8,532,208770,-5082,-14972,-2103,346,229,-813
8,533,208775,-4926,-15056,-2150,352,225,-832
8,534,208780,-4904,-15107,-1975,361,228,-851
8,535,208785,-4848,-15191,-2027,367,216,-869
8,536,208790,-4885,-15269,-2105,375,204,-887
8,537,208795,-4718,-15428,-2087,384,185,-919
8,538,208800,-4631,-15554,-1930,388,173,-936
8,539,208805,-4601,-15659,-1774,391,163,-951
8,540,208810,-4672,-15741,-1786,393,151,-970
8,541,208815,-4624,-15745,-1890,399,143,-988
8,542,208820,-4545,-15723,-2050,402,141,-998
8,543,208825,-4403,-15743,-2115,407,149,-1009
8,544,208830,-4275,-15871,-2062,409,160,-1024
8,545,208835,-4218,-15922,-1952,413,163,-1041
8,546,208840,-4155,-15937,-1926,419,165,-1053
8,547,208845,-4181,-16019,-1901,422,164,-1067
8,548,208850,-4129,-16090,-1843,424,159,-1077
8,549,208855,-4039,-16119,-1716,424,143,-1087
8,550,208860,-3902,-16180,-1734,426,128,-1098
8,551,208865,-3818,-16146,-1538,428,118,-1110
8,552,208870,-3780,-16124,-1529,427,97,-1122
8,553,208875,-3787,-16157,-1515,426,77,-1136
8,554,208880,-3815,-16250,-1442,427,52,-1141
8,555,208885,-3759,-16388,-1417,427,32,-1148
8,556,208890,-3630,-16456,-1536,426,25,-1157
8,557,208895,-3458,-16425,-1719,433,34,-1164
8,558,208900,-3453,-16399,-1875,432,63,-1171
8,559,208905,-3650,-16431,-2056,433,106,-1183
8,560,208910,-3764,-16553,-2316,436,154,-1193
8,561,208915,-3612,-16724,-2528,440,219,-1193
8,562,208920,-3216,-16795,-2815,447,314,-1198
8,563,208925,-2872,-16820,-2933,456,434,-1202
8,564,208930,-2838,-16780,-2971,466,563,-1203
8,565,208935,-2999,-16715,-2724,475,684,-1208
8,566,208940,-2945,-16757,-2354,480,782,-1208
8,567,208945,-2550,-16725,-1928,485,862,-1205
8,568,208950,-2026,-16741,-1381,489,912,-1198
8,569,208955,-1831,-16755,-771,490,922,-1193
8,570,208960,-1874,-16684,-337,486,865,-1196
8,571,208965,-2013,-16618,143,484,756,-1193
8,572,208970,-1940,-16543,777,481,583,-1189
8,573,208975,-1647,-16538,949,470,366,-1178
8,574,208980,-1333,-16643,1183,458,160,-1178
8,575,208985,-1387,-16756,1317,444,-51,-1180
8,576,208990,-1667,-16813,1124,426,-266,-1178
8,577,208995,-1872,-16969,830,416,-477,-1175
8,578,209000,-1742,-16762,-615,391,-640,-1168
8,579,209005,-1187,-17133,-1779,364,-672,-1144
8,580,209010,-1111,-16865,-807,357,-595,-1146
8,581,209015,-1110,-17061,-1425,356,-576,-1136
8,582,209020,-1464,-16909,-2769,361,-524,-1148
8,583,209025,-1815,-16707,-2900,356,-404,-1143
8,584,209030,-1827,-16875,-2727,350,-257,-1122
8,585,209035,-1522,-16755,-2557,355,-101,-1111
8,586,209040,-1340,-16907,-2106,354,57,-1093
8,587,209045,-1492,-16770,-1861,353,171,-1098
8,588,209050,-1660,-16575,-1958,347,236,-1093
8,589,209055,-1803,-16595,-1677,341,288,-1070
8,590,209060,-1717,-16585,-744,340,318,-1054
8,591,209065,-1396,-16627,-422,336,293,-1046
8,592,209070,-1122,-16676,-513,330,249,-1035
8,593,209075,-1393,-16710,-196,319,209,-1025
8,594,209080,-1750,-16734,148,309,127,-1017
8,595,209085,-1525,-16641,-328,297,4,-1001
8,596,209090,-903,-16630,-969,280,-69,-982
8,597,209095,-613,-16583,-772,266,-72,-970
8,598,209100,-813,-16508,-421,258,-80,-958
8,599,209105,519,-21041,-2333,260,-115,-947
8,600,209110,-24063,8194,19445,278,-105,-987
8,601,209132,-23663,-4588,-32768,432,-7221,-186
8,602,209133,-23663,-4588,-32768,432,-7221,-186
8,603,209134,-23663,-4588,-32768,432,-7221,-186
8,604,209135,-23663,-4588,-32768,432,-7221,-186
8,605,209136,16331,-5357,-32768,412,-4120,1334
8,606,209140,16331,-5357,-32768,412,-4120,1334
8,607,209145,32767,-32028,-19283,66,3785,1379
8,608,209150,-11879,-25868,26737,154,8438,-388
8,609,209155,-30029,-11284,20902,488,2589,-966
8,610,209160,10064,-14812,-27512,225,139,625
8,611,209165,20003,-16141,16428,-8,3086,345
8,612,209170,4451,-20111,32767,252,2960,107
8,613,209175,-12281,-18657,3325,555,1115,-148
8,614,209180,-15437,-11781,-18596,477,373,-167
8,615,209185,-3146,-13213,-9803,230,469,230
8,616,209190,6867,-17978,8474,23,521,368
8,617,209195,7292,-18179,13745,103,336,92
8,618,209200,-2259,-16791,6078,323,-24,5
8,619,209205,-7923,-17230,-5920,279,-441,83
8,620,209210,-6541,-14664,-10311,151,-627,131
8,621,209215,518,-16226,122,21,-472,249
8,622,209220,4450,-17018,7754,53,-538,225
8,623,209225,2628,-18009,3515,131,-644,171
8,624,209230,-3230,-17541,-2468,178,-482,108
8,625,209235,-5559,-15792,-4609,161,-428,119
8,626,209240,-2147,-16719,-2843,72,-595,234
8,627,209245,2308,-16479,840,39,-709,233
8,628,209250,2826,-17189,2570,65,-636,226
8,629,209255,-596,-17232,354,99,-493,199
8,630,209260,-3246,-16503,-2815,105,-379,192
8,631,209265,-2673,-16205,-3317,77,-350,232
8,632,209270,88,-16266,-994,40,-372,265
8,633,209275,1770,-16630,1302,29,-362,270
8,634,209280,488,-16800,1532,64,-295,250
8,635,209285,-1800,-16686,-503,80,-228,231
8,636,209290,-2585,-16363,-1833,68,-209,237
8,637,209295,-1217,-16400,-1053,38,-239,265
8,638,209300,340,-16575,444,16,-293,280
8,639,209305,352,-16778,1214,16,-306,277
8,640,209310,-999,-16919,653,32,-288,267
8,641,209315,-1928,-16678,-519,29,-282,258
8,642,209320,-1497,-16504,-1103,13,-288,267
8,643,209325,-423,-16592,-611,-3,-292,284
8,644,209330,64,-16754,254,-10,-281,286
8,645,209335,-612,-16711,321,-9,-258,279
8,646,209340,-1461,-16909,-100,-12,-219,281
8,647,209345,-1466,-16477,-743,-11,-209,273
8,648,209350,-850,-16514,-712,-21,-196,289
8,649,209355,-601,-16712,-197,-32,-185,296
8,650,209360,-918,-16650,411,-40,-194,289
8,651,209365,-1190,-16610,149,-41,-225,293
8,652,209370,-1270,-16491,-111,-41,-234,286
8,653,209375,-1071,-16343,-634,-48,-249,290
8,654,209380,-1011,-16470,-496,-63,-237,299
8,655,209385,-1101,-16523,193,-71,-241,299
8,656,209390,-1228,-16512,507,-75,-278,297
8,657,209395,-1281,-16468,202,-73,-320,291
8,658,209400,-1255,-16386,-165,-70,-347,291
8,659,209405,-1316,-16388,-229,-83,-365,298
8,660,209410,-1443,-16509,55,-96,-388,299
8,661,209415,-1565,-16525,126,-103,-404,293
8,662,209420,-1634,-16485,124,-105,-411,292
8,663,209425,-1686,-16412,-180,-104,-411,287
8,664,209430,-1783,-16393,-261,-108,-398,285
8,665,209435,-1884,-16437,-200,-116,-387,286
8,666,209440,-1985,-16452,-119,-118,-381,281
8,667,209445,-1970,-16459,-250,-121,-369,277
8,668,209450,-1948,-16441,-307,-122,-340,273
8,669,209455,-2008,-16451,-490,-125,-303,272
8,670,209460,-2075,-16498,-511,-129,-268,273
8,671,209465,-2176,-16485,-432,-136,-235,268
8,672,209470,-2147,-16429,-377,-136,-205,265
8,673,209475,-2167,-16435,-471,-133,-179,266
8,674,209480,-2162,-16400,-558,-134,-153,260
8,675,209485,-2233,-16307,-546,-134,-134,255
8,676,209490,-2229,-16304,-453,-138,-121,252
8,677,209495,-2278,-16276,-445,-141,-108,248
8,678,209500,-2325,-16271,-374,-143,-98,245
8,679,209505,-2326,-16289,-402,-141,-96,243
8,680,209510,-2250,-16283,-427,-141,-99,239
8,681,209515,-2192,-16282,-330,-148,-103,238
8,682,209520,-2236,-16218,-156,-151,-116,231
8,683,209525,-2289,-16218,-77,-150,-137,230
8,684,209530,-2300,-16192,-161,-156,-202,226
8,685,209535,-2267,-16203,-110,-159,-232,226
8,686,209540,-2292,-16245,9,-162,-262,222
8,687,209545,-2349,-16287,32,-168,-296,220
8,688,209550,-2393,-16265,-21,-169,-333,218
8,689,209555,-2286,-16234,-110,-167,-368,218
8,690,209560,-2294,-16176,-44,-170,-402,216
8,691,209565,-2179,-16176,-91,-168,-450,220
8,692,209570,-2116,-16156,-448,-174,-498,216
8,693,209575,-2188,-16071,-425,-176,-517,212
8,694,209580,-2216,-16082,-38,-173,-543,214
8,695,209585,-2270,-16093,-87,-172,-599,214
8,696,209590,-2346,-16217,-287,-173,-650,210
8,697,209595,-2581,-16296,-115,-173,-674,210
8,698,209600,-2924,-16413,-122,-175,-696,211
8,699,209605,-2913,-16498,-347,-172,-699,204
8,700,209610,-3029,-16376,-792,-174,-672,201
8,701,209615,-2946,-16412,-952,-167,-610,203
8,702,209620,-3063,-16273,-1339,-163,-536,201
8,703,209625,-3095,-16255,-1680,-155,-444,199
8,704,209630,-3095,-16163,-1776,-144,-336,196
8,705,209635,-2991,-16126,-1831,-134,-234,193
8,706,209640,-2977,-16115,-1738,-128,-130,188
8,707,209645,-3082,-16092,-1563,-119,-36,186
8,708,209650,-3046,-16046,-1467,-112,45,183
8,709,209655,-3001,-15955,-1560,-106,115,179
8,710,209660,-2991,-15936,-1324,-103,185,178
8,711,209665,-2972,-15937,-767,-97,233,176
8,712,209670,-2862,-15843,-526,-91,236,170
8,713,209675,-2736,-15879,-791,-89,224,171
8,714,209680,-2771,-15802,-758,-87,234,164
8,715,209685,-2882,-15860,-338,-88,230,166
8,716,209690,-2792,-15870,-305,-87,197,163
8,717,209695,-2680,-15928,-238,-88,166,165
8,718,209700,-2596,-16081,-144,-89,138,162
8,719,209705,-2597,-16116,-95,-87,105,158
8,720,209710,-2661,-16208,-84,-89,69,157
8,721,209715,-2710,-16209,-91,-90,37,156
8,722,209720,-2672,-16271,-238,-90,8,157
8,723,209725,-2708,-16303,-157,-93,-5,154
8,724,209730,-2746,-16402,-299,-93,-17,152
8,725,209735,-2787,-16455,-368,-89,-22,150
8,726,209740,-2755,-16389,-505,-90,-23,149
8,727,209745,-2767,-16486,-622,-92,-2,150
8,728,209750,-2830,-16470,-672,-86,30,144
8,729,209755,-2824,-16484,-753,-84,61,147
8,730,209760,-2833,-16645,-796,-81,104,148
8,731,209765,-2782,-16620,-805,-79,151,142
8,732,209770,-2770,-16654,-819,-75,195,143
8,733,209775,-2761,-16703,-865,-72,238,143
8,734,209780,-2680,-16755,-800,-71,276,143
8,735,209785,-2725,-16796,-764,-73,307,142
8,736,209790,-2664,-16800,-675,-70,332,142
8,737,209795,-2677,-16789,-650,-67,342,139
8,738,209800,-2680,-16796,-535,-66,342,143
8,739,209805,-2630,-16774,-343,-67,333,141
8,740,209810,-2600,-16746,-224,-65,306,141
8,741,209815,-2625,-16741,-248,-69,274,141
8,742,209820,-2732,-16776,-182,-68,238,138
8,743,209825,-2760,-16775,-82,-71,199,139
8,744,209830,-2746,-16696,-129,-71,155,140
8,745,209835,-2717,-16665,-176,-72,110,137
8,746,209840,-2753,-16652,-132,-75,69,137
8,747,209845,-2862,-16648,-94,-77,25,133
8,748,209850,-3031,-16652,-154,-78,-19,128
8,749,209855,-3033,-16641,-273,-79,-51,132
8,750,209860,-2989,-16579,-524,-80,-70,131
8,751,209865,-2932,-16573,-736,-81,-72,125
8,752,209870,-2966,-16502,-872,-78,-67,124
8,753,209875,-3078,-16432,-937,-78,-56,123
8,754,209880,-3092,-16342,-939,-73,-46,119
8,755,209885,-3207,-16352,-877,-70,-33,116
8,756,209890,-3278,-16416,-807,-71,-20,116
8,757,209895,-3304,-16355,-815,-66,-3,107
8,758,209900,-3341,-16286,-953,-66,4,102
8,759,209905,-3349,-16196,-1099,-63,9,101
8,760,209910,-3274,-16110,-1167,-56,20,97
8,761,209915,-3124,-16077,-1253,-53,39,92
8,762,209920,-3046,-16048,-1390,-52,60,90
8,763,209925,-3052,-15988,-1378,-46,89,87
8,764,209930,-3103,-15987,-948,-43,117,86
8,765,209935,-3142,-16022,-607,-37,119,82
8,766,209940,-3068,-16173,-818,-33,107,78
8,767,209945,-3064,-16114,-920,-35,111,76
8,768,209950,-3024,-16083,-828,-38,116,74
8,769,209955,-2985,-15982,-881,-35,120,74
8,770,209960,-2909,-15880,-1113,-33,129,73
8,771,209965,-2793,-15894,-1143,-30,149,72
8,772,209970,-2692,-15808,-1074,-26,160,65
8,773,209975,-2727,-15785,-999,-23,171,65
8,774,209980,-2760,-15746,-874,-20,175,63
8,775,209985,-2762,-15739,-728,-20,174,62
8,776,209990,-2740,-15711,-720,-20,164,62
8,777,209995,-2789,-15754,-631,-20,144,59
8,778,210000,-2902,-15875,-437,-21,114,60
8,779,210005,-2961,-15911,-416,-23,71,57
8,780,210010,-2877,-15914,-492,-25,34,56
8,781,210015,-2791,-15877,-556,-23,11,51
8,782,210020,-2892,-15845,-730,-20,-2,49
8,783,210025,-2924,-15842,-841,-21,-9,45
8,784,210030,-2992,-15882,-833,-22,-16,42
8,785,210035,-3046,-15916,-855,-20,-16,39
8,786,210040,-3062,-15944,-878,-18,-15,39
8,787,210045,-3050,-15870,-921,-17,-13,31
8,788,210050,-3031,-15803,-1071,-16,-6,29
8,789,210055,-3014,-15744,-1171,-10,9,27
8,790,210060,-3069,-15758,-1120,-11,28,26
8,791,210065,-3145,-15793,-1029,-10,42,22
8,792,210070,-3149,-15851,-913,-7,52,16
8,793,210075,-3119,-15875,-869,-3,60,13
8,794,210080,-3109,-15878,-922,0,67,13
8,795,210085,-3053,-15848,-913,2,67,8
8,796,210090,-3060,-15788,-801,-1,68,3
8,797,210095,-3095,-15793,-759,-2,58,0
8,798,210100,-3062,-15864,-783,-1,47,-1
8,799,210105,-2991,-15896,-823,1,41,-3
8,800,210110,-2999,-15895,-838,5,28,-7
8,801,210115,-3032,-15906,-859,3,18,-14
8,802,210120,-3071,-15864,-818,3,4,-16
8,803,210125,-3049,-15905,-744,5,-10,-21
8,804,210130,-2996,-16006,-773,6,-22,-20
8,805,210135,-3013,-16073,-812,5,-29,-23
8,806,210140,-2979,-16121,-928,6,-35,-26
8,807,210145,-3055,-16121,-1016,7,-38,-28
8,808,210150,-3070,-16045,-1056,7,-38,-32
8,809,210155,-3058,-16083,-1028,10,-37,-30
8,810,210160,-3043,-16115,-971,12,-37,-34
8,811,210165,-3037,-16154,-965,15,-29,-37
8,812,210170,-3091,-16212,-996,15,-24,-41
8,813,210175,-3177,-16257,-1067,19,-20,-45
8,814,210180,-3170,-16276,-1152,19,-14,-49
8,815,210185,-3095,-16263,-1105,18,-9,-50
8,816,210190,-3162,-16282,-1097,20,-9,-51
8,817,210195,-3195,-16243,-1088,22,-5,-57
8,818,210200,-3186,-16260,-1175,24,-7,-59
8,819,210205,-3134,-16261,-1207,29,-9,-60
8,820,210210,-3115,-16250,-1213,27,-1,-62
8,821,210215,-3106,-16272,-1152,28,3,-65
8,822,210220,-3124,-16250,-1155,34,6,-71
8,823,210225,-3157,-16238,-1231,37,8,-75
8,824,210230,-3142,-16212,-1265,40,6,-73
8,825,210235,-3087,-16198,-1257,42,4,-74
8,826,210240,-3070,-16232,-1131,43,1,-77
8,827,210245,-3051,-16291,-1050,44,-5,-80
8,828,210250,-2981,-16341,-1067,44,-8,-82
8,829,210255,-2945,-16341,-1122,50,-6,-80
8,830,210260,-2928,-16346,-1194,53,0,-82
8,831,210265,-2928,-16302,-1002,51,0,-85
8,832,210270,-3036,-16339,-869,53,-10,-88
8,833,210275,-3037,-16376,-874,53,-20,-91
8,834,210280,-3024,-16344,-901,54,-27,-87
8,835,210285,-2982,-16331,-1082,55,-30,-89
8,836,210290,-2911,-16327,-1193,54,-22,-91
8,837,210295,-2923,-16282,-1178,53,-9,-91
8,838,210300,-2904,-16243,-1208,57,4,-94
8,839,210305,-2892,-16261,-1152,60,11,-96
8,840,210310,-2883,-16270,-1150,61,19,-96
8,841,210315,-2836,-16262,-1273,61,28,-95
8,842,210320,-2808,-16227,-1139,62,46,-95
8,843,210325,-2736,-16134,-1010,65,54,-92
8,844,210330,-2612,-16164,-1272,68,48,-92
8,845,210335,-2589,-16102,-1364,67,48,-94
8,846,210340,-2594,-16031,-1181,65,61,-92
8,847,210345,-2555,-16002,-1028,67,56,-93
8,848,210350,-2537,-15938,-953,71,45,-91
8,849,210355,-2489,-15944,-934,70,31,-87
8,850,210360,-2442,-15966,-929,71,15,-86
8,851,210365,-2526,-15921,-905,69,-7,-82
8,852,210370,-2597,-15961,-817,65,-35,-81
8,853,210375,-2656,-15998,-733,65,-64,-83
8,854,210380,-2672,-16073,-787,65,-84,-79
8,855,210385,-2596,-16070,-836,65,-90,-77
8,856,210390,-2600,-16065,-939,65,-86,-77
8,857,210395,-2676,-16044,-1034,64,-80,-79
8,858,210400,-2744,-16028,-1064,65,-75,-80
8,859,210405,-2735,-15979,-1035,60,-66,-77
8,860,210410,-2746,-16094,-956,60,-62,-73
8,861,210415,-2712,-16148,-928,59,-57,-71
8,862,210420,-2646,-16178,-969,62,-50,-71
8,863,210425,-2743,-16161,-1034,59,-46,-71
8,864,210430,-2769,-16105,-1086,57,-42,-70
8,865,210435,-2770,-16060,-1044,55,-37,-68
8,866,210440,-2738,-16111,-991,56,-39,-69
8,867,210445,-2665,-16121,-998,57,-43,-65
8,868,210450,-2607,-16204,-1003,58,-47,-65
8,869,210455,-2691,-16210,-1035,58,-56,-67
8,870,210460,-2745,-16196,-1008,57,-64,-66
8,871,210465,-2831,-16172,-988,56,-75,-63
8,872,210470,-2796,-16165,-865,54,-90,-59
8,873,210475,-2769,-16221,-773,51,-102,-58
8,874,210480,-2795,-16297,-722,51,-113,-59
8,875,210485,-2884,-16296,-787,50,-124,-60
8,876,210490,-2956,-16319,-861,49,-128,-58
8,877,210495,-2983,-16356,-866,49,-133,-55
8,878,210500,-2992,-16386,-871,46,-136,-55
8,879,210505,-3046,-16471,-898,43,-137,-56
8,880,210510,-3060,-16499,-996,45,-138,-55
8,881,210515,-3047,-16570,-1175,45,-131,-54
8,882,210520,-2982,-16624,-1306,48,-120,-53
8,883,210525,-3023,-16780,-1386,49,-100,-54
8,884,210530,-3006,-16869,-1222,48,-81,-53
8,885,210535,-3063,-16929,-1063,49,-59,-51
8,886,210540,-3137,-17042,-944,48,-37,-53
8,887,210545,-3181,-17213,-867,50,-18,-54
8,888,210550,-3133,-17340,-843,49,1,-52
8,889,210555,-3103,-17464,-830,42,18,-50
8,890,210560,-3094,-17527,-638,42,31,-50
8,891,210565,-3018,-17537,-657,40,34,-45
8,892,210570,-3041,-17527,-476,39,44,-47
8,893,210575,-2976,-17449,-544,39,38,-46
8,894,210580,-2852,-17392,-620,32,39,-43
8,895,210585,-2783,-17217,-580,28,41,-42
8,896,210590,-2731,-17083,-566,24,29,-40
8,897,210595,-2637,-16881,-597,21,12,-39
8,898,210600,-2634,-16629,-678,25,-10,-35
8,899,210605,-2585,-16430,-780,20,-35,-32
8,900,210610,-2571,-16251,-894,19,-55,-33
8,901,210615,-2607,-16027,-983,19,-74,-27
8,902,210620,-2671,-15883,-946,12,-93,-25
8,903,210625,-2713,-15754,-623,16,-113,-24
8,904,210630,-2910,-15792,-1275,9,-132,-18
8,905,210635,-3272,-15788,-413,10,-109,-18
8,906,210640,-3468,-16084,144,12,-128,-13
8,907,210645,-3529,-16255,-129,12,-160,-20
8,908,210650,-3558,-16426,-75,7,-155,-21
8,909,210655,-3721,-16663,177,-7,-144,-24
8,910,210660,-3890,-16688,204,-13,-147,-30
8,911,210665,-3912,-16703,-57,-17,-146,-31
8,912,210670,-3844,-16677,-201,-22,-118,-35
8,913,210675,-3778,-16617,-232,-26,-84,-35
8,914,210680,-3662,-16625,-435,-32,-56,-37
8,915,210685,-3698,-16517,-526,-32,-30,-46
8,916,210690,-3655,-16417,-588,-37,2,-45
8,917,210695,-3553,-16280,-628,-42,32,-45
8,918,210700,-3422,-16049,-720,-41,66,-43
8,919,210705,-3278,-15994,-926,-43,91,-40
8,920,210710,-3158,-15826,-1116,-46,109,-47
8,921,210715,-3076,-15616,-1076,-45,124,-53
8,922,210720,-2985,-15468,-1162,-45,129,-51
8,923,210725,-2937,-15345,-1119,-43,141,-50
8,924,210730,-2886,-15276,-1134,-42,145,-46
8,925,210735,-2787,-15195,-1138,-41,147,-45
8,926,210740,-2751,-15105,-1120,-43,146,-44
8,927,210745,-2755,-15137,-1098,-43,149,-43
8,928,210750,-2689,-15133,-1005,-43,154,-38
8,929,210755,-2607,-15202,-955,-41,159,-36
8,930,210760,-2513,-15197,-1006,-41,168,-37
8,931,210765,-2442,-15228,-955,-43,180,-35
8,932,210770,-2432,-15292,-817,-42,191,-29
8,933,210775,-2428,-15353,-751,-44,194,-29
8,934,210780,-2289,-15344,-653,-46,201,-23
8,935,210785,-2169,-15375,-563,-49,203,-19
8,936,210790,-2130,-15381,-495,-54,203,-16
8,937,210795,-2120,-15383,-463,-54,198,-13
8,938,210800,-2157,-15356,-457,-57,188,-8
8,939,210805,-2092,-15326,-479,-60,175,-5
8,940,210810,-2015,-15359,-436,-62,153,0
8,941,210815,-2055,-15383,-438,-64,130,4
8,942,210820,-2081,-15355,-365,-67,104,9
8,943,210825,-2078,-15313,-376,-71,69,11
8,944,210830,-2128,-15278,-340,-74,36,17
8,945,210835,-2137,-15252,-489,-71,-9,24
8,946,210840,-2129,-15243,-905,-79,-45,26
8,947,210845,-2155,-15203,-798,-86,-50,27
8,948,210850,-2219,-15109,-369,-81,-59,34
8,949,210855,-2211,-15207,-548,-81,-91,40
8,950,210860,-2164,-15148,-783,-81,-106,41
8,951,210865,-2275,-15204,-722,-85,-100,45
8,952,210870,-2457,-15259,-678,-87,-100,44
8,953,210875,-2540,-15191,-610,-88,-104,49
8,954,210880,-2577,-15278,-595,-90,-97,53
8,955,210885,-2640,-15282,-660,-88,-88,55
8,956,210890,-2693,-15359,-640,-90,-85,57
8,957,210895,-2806,-15428,-638,-91,-88,57
8,958,210900,-2924,-15489,-631,-89,-92,57
8,959,210905,-2915,-15524,-692,-89,-91,58
8,960,210910,-2919,-15540,-722,-91,-82,60
8,961,210915,-3010,-15614,-749,-92,-73,61
8,962,210920,-3110,-15738,-752,-92,-59,59
8,963,210925,-3112,-15772,-712,-90,-39,55
8,964,210930,-3100,-15797,-772,-88,-25,61
8,965,210935,-3080,-15862,-773,-87,2,62
8,966,210940,-3139,-15914,-879,-85,33,60
8,967,210945,-3195,-15956,-898,-87,63,59
8,968,210950,-3210,-15999,-689,-88,96,59
8,969,210955,-3217,-16011,-611,-84,110,59
8,970,210960,-3150,-16107,-786,-81,116,60
8,971,210965,-3151,-16163,-867,-83,133,58
8,972,210970,-3207,-16211,-819,-84,156,57
8,973,210975,-3146,-16290,-939,-80,176,59
8,974,210980,-3076,-16376,-1108,-76,203,59
8,975,210985,-2971,-16476,-1198,-76,236,59
8,976,210990,-2944,-16582,-1214,-72,262,59
8,977,210995,-2838,-16641,-1272,-70,283,60
8,978,211000,-2724,-16608,-1202,-63,309,60
8,979,211005,-2759,-16619,-1082,-63,322,62
8,980,211010,-2813,-16676,-890,-65,329,64
8,981,211015,-2861,-16725,-716,-63,326,65
8,982,211020,-3036,-16828,-529,-63,313,66
8,983,211025,-3160,-16850,-457,-65,296,60
8,984,211030,-3193,-16876,-583,-66,282,64
8,985,211035,-3189,-16878,-885,-66,286,64
8,986,211040,-3183,-16854,-1213,-66,300,62
8,987,211045,-3215,-16787,-1500,-69,322,61
8,988,211050,-3164,-16740,-1827,-67,354,57
8,989,211055,-3140,-16719,-1757,-65,405,55
8,990,211060,-3145,-16633,-1382,-57,445,55
8,991,211065,-3159,-16679,-1482,-50,457,53
8,992,211070,-3137,-16692,-1683,-48,460,51
8,993,211075,-3199,-16686,-1543,-51,466,49
8,994,211080,-3188,-16722,-1275,-53,457,47
8,995,211085,-3048,-16740,-1173,-53,433,46
8,996,211090,-2835,-16735,-1141,-52,407,47
8,997,211095,-2780,-16771,-1131,-49,380,44
8,998,211100,-2721,-16753,-1056,-50,336,43
8,999,211105,-2679,-16733,-894,-55,285,45
9,0,217310,-3070,-15991,-1700,-9,9,-4
9,1,217315,-3049,-16040,-1674,-10,8,-3
9,2,217320,-3021,-16039,-1694,-10,8,-3
9,3,217325,-3051,-15993,-1678,-10,9,-5
9,4,217330,-3094,-15978,-1660,-10,5,-5
9,5,217335,-3087,-15997,-1627,-7,0,-6
9,6,217340,-3073,-15979,-1650,-9,0,-4
9,7,217345,-3000,-16013,-1668,-10,-3,-1
9,8,217350,-3020,-16043,-1720,-13,-4,-3
9,9,217355,-3050,-15998,-1720,-11,-2,-4
9,10,217360,-3074,-15980,-1710,-8,-5,-5
9,11,217365,-3073,-15961,-1742,-10,-3,-3
9,12,217370,-3031,-15975,-1706,-9,1,1
9,13,217375,-3015,-16032,-1722,-10,7,0
9,14,217380,-3009,-16008,-1731,-9,11,-2
9,15,217385,-3006,-15978,-1705,-6,13,-2
9,16,217390,-3010,-15924,-1697,-6,19,-1
9,17,217395,-3026,-15965,-1671,-5,24,0
9,18,217400,-2984,-15922,-1691,-8,21,1
9,19,217405,-3013,-15923,-1680,-7,15,4
9,20,217410,-3014,-15927,-1682,-7,11,3
9,21,217415,-3021,-15971,-1622,-8,7,2
9,22,217420,-2982,-15934,-1640,-7,5,2
9,23,217425,-2938,-15943,-1687,-7,-2,3
9,24,217430,-2974,-15947,-1687,-6,-9,2
9,25,217435,-2996,-15951,-1690,-6,-13,3
9,26,217440,-3018,-15983,-1694,-7,-18,4
9,27,217445,-3046,-16028,-1662,-6,-21,6
9,28,217450,-3034,-16021,-1684,-3,-22,6
9,29,217455,-3058,-16053,-1660,-6,-25,5
9,30,217460,-3047,-16015,-1707,-4,-22,4
9,31,217465,-3075,-16018,-1738,-5,-17,5
9,32,217470,-3085,-16030,-1693,-4,-15,5
9,33,217475,-3085,-16018,-1674,-5,-12,5
9,34,217480,-3080,-16067,-1642,-4,-10,5
9,35,217485,-3097,-16071,-1632,-3,-8,6
9,36,217490,-3097,-16093,-1608,-3,-7,6
9,37,217495,-3115,-16119,-1631,-4,-7,6
9,38,217500,-3140,-16126,-1591,-4,-4,3
9,39,217505,-3176,-16110,-1559,-2,-3,6
9,40,217510,-3098,-16097,-1613,-1,2,4
9,41,217515,-3047,-16146,-1670,-3,9,5
9,42,217520,-3082,-16115,-1621,-4,16,3
9,43,217525,-3093,-16145,-1648,-2,11,2
9,44,217530,-3103,-16127,-1592,-3,8,1
9,45,217535,-3091,-16088,-1609,-1,4,5
9,46,217540,-3051,-16079,-1614,0,1,7
9,47,217545,-3052,-16124,-1657,1,-5,6
9,48,217550,-3087,-16111,-1712,1,-5,5
9,49,217555,-3081,-16078,-1714,-1,-5,3
9,50,217560,-3075,-16060,-1683,0,-9,3
9,51,217565,-3056,-15974,-1695,0,-10,3
9,52,217570,-3049,-15992,-1727,2,-10,3
9,53,217575,-3075,-15989,-1752,1,-11,3
9,54,217580,-3108,-16009,-1722,3,-13,4
9,55,217585,-3119,-15999,-1778,2,-12,4
9,56,217590,-3086,-16005,-1808,4,-9,2
9,57,217595,-3050,-15980,-1747,7,-7,2
9,58,217600,-3080,-15978,-1781,7,-3,4
9,59,217605,-3104,-15972,-1767,8,-2,5
9,60,217610,-3116,-15952,-1702,9,-2,0
9,61,217615,-3037,-16059,-1655,10,-2,4
9,62,217620,-3070,-16045,-1668,9,-5,0
9,63,217625,-3078,-16031,-1617,12,-4,1
9,64,217630,-3067,-16056,-1638,11,-6,3
9,65,217635,-3076,-16062,-1604,9,-9,3
9,66,217640,-3086,-16096,-1582,9,-12,1
9,67,217645,-3071,-16080,-1602,9,-13,-1
9,68,217650,-3072,-16132,-1646,12,-14,0
9,69,217655,-3063,-16080,-1621,11,-16,3
9,70,217660,-3080,-16094,-1588,9,-18,2
9,71,217665,-3088,-16085,-1648,9,-19,1
9,72,217670,-3061,-16066,-1693,11,-16,0
9,73,217675,-3013,-16082,-1680,10,-14,1
9,74,217680,-3076,-16080,-1706,13,-11,-1
9,75,217685,-3055,-16081,-1678,12,-5,-2
9,76,217690,-3070,-16084,-1675,10,-6,-1
9,77,217695,-3022,-16052,-1663,13,-3,0
9,78,217700,-3059,-16065,-1656,14,-2,0
9,79,217705,-3051,-16048,-1647,14,-5,0
9,80,217710,-3101,-16058,-1651,11,-10,0
9,81,217715,-3124,-16041,-1587,10,-14,1
9,82,217720,-3074,-16027,-1597,11,-17,-2
9,83,217725,-3043,-16075,-1651,11,-21,2
9,84,217730,-3069,-16097,-1664,10,-23,0
9,85,217735,-3085,-16066,-1636,13,-21,-1
9,86,217740,-3101,-16051,-1642,13,-22,0
9,87,217745,-3131,-16051,-1671,10,-23,-2
9,88,217750,-3112,-16062,-1708,14,-19,-2
9,89,217755,-3103,-16083,-1721,12,-18,-1
9,90,217760,-3086,-16093,-1720,11,-14,-1
9,91,217765,-3123,-16057,-1723,13,-8,-1
9,92,217770,-3162,-16067,-1691,12,-4,-2
9,93,217775,-3122,-16088,-1677,14,-2,-4
9,94,217780,-3108,-16128,-1670,13,0,-5
9,95,217785,-3118,-16086,-1662,13,-1,-3
9,96,217790,-3101,-16078,-1666,13,0,-5
9,97,217795,-3124,-16107,-1644,11,-2,-6
9,98,217800,-3114,-16057,-1620,10,-7,-6
9,99,217805,-3142,-16048,-1650,9,-9,-6
9,100,217810,-3121,-16090,-1650,13,-12,-5
9,101,217815,-3093,-16108,-1606,10,-16,-6
9,102,217820,-3098,-16131,-1649,8,-14,-10
9,103,217825,-3101,-16120,-1682,9,-12,-11
9,104,217830,-3122,-16117,-1639,9,-9,-10
9,105,217835,-3080,-16129,-1633,8,-5,-10
9,106,217840,-3071,-16132,-1677,7,-2,-8
9,107,217845,-3117,-16133,-1651,10,-2,-6
9,108,217850,-3129,-16113,-1637,9,0,-10
9,109,217855,-3133,-16104,-1647,7,0,-12
9,110,217860,-3138,-16118,-1632,9,-7,-10
9,111,217865,-3100,-16098,-1672,7,-3,-10
9,112,217870,-3114,-16121,-1655,5,-2,-9
9,113,217875,-3105,-16146,-1634,5,-3,-9
9,114,217880,-3115,-16093,-1658,6,-4,-10
9,115,217885,-3078,-16083,-1663,4,0,-12
9,116,217890,-3082,-16078,-1692,5,-4,-11
9,117,217895,-3113,-16088,-1656,4,-6,-12
9,118,217900,-3092,-16078,-1704,3,-7,-12
9,119,217905,-3029,-16029,-1719,0,-8,-9
9,120,217910,-3035,-16001,-1766,2,-3,-10
9,121,217915,-3048,-16067,-1755,2,2,-9
9,122,217920,-3074,-16047,-1717,-1,2,-11
9,123,217925,-3027,-15999,-1655,-1,4,-12
9,124,217930,-3046,-16018,-1621,1,8,-11
9,125,217935,-3046,-16019,-1644,-1,8,-11
9,126,217940,-3041,-16000,-1684,-1,8,-13
9,127,217945,-3009,-15988,-1681,-4,5,-12
9,128,217950,-3031,-15951,-1659,-5,2,-10
9,129,217955,-2995,-15915,-1681,-3,-1,-11
9,130,217960,-2955,-15923,-1664,-2,-6,-10
9,131,217965,-2983,-15946,-1723,-1,-15,-10
9,132,217970,-3007,-15961,-1734,-5,-22,-8
9,133,217975,-3040,-15947,-1750,-5,-28,-8
9,134,217980,-2976,-15951,-1754,-4,-33,-9
9,135,217985,-3001,-16007,-1818,-4,-28,-4
9,136,217990,-3026,-16020,-1785,-5,-25,-9
9,137,217995,-3035,-16016,-1761,-7,-21,-8
9,138,218000,-3029,-16021,-1740,-6,-13,-5
9,139,218005,-3053,-16082,-1699,-6,-9,-5
9,140,218010,-3095,-16080,-1663,-4,-7,-5
9,141,218015,-3126,-16092,-1651,-5,-4,-7
9,142,218020,-3119,-16071,-1639,-5,-6,-6
9,143,218025,-3077,-16083,-1656,-6,-7,-5
9,144,218030,-3051,-16111,-1619,-8,-2,-5
9,145,218035,-3075,-16153,-1629,-8,-1,-5
9,146,218040,-3033,-16181,-1663,-8,-3,-6
9,147,218045,-3071,-16228,-1614,-8,-3,-5
9,148,218050,-3075,-16223,-1526,-7,-7,-4
9,149,218055,-3054,-16170,-1525,-12,-10,-3
9,150,218060,-3089,-16187,-1531,-11,-15,-3
9,151,218065,-3087,-16224,-1575,-11,-17,-1
9,152,218070,-3033,-16226,-1618,-10,-19,1
9,153,218075,-3052,-16205,-1622,-10,-14,-2
9,154,218080,-3087,-16235,-1664,-13,-9,-5
9,155,218085,-3111,-16217,-1668,-13,-5,-1
9,156,218090,-3081,-16197,-1654,-13,-4,0
9,157,218095,-3011,-16161,-1633,-12,-4,1
9,158,218100,-3065,-16154,-1671,-13,-1,0
9,159,218105,-3096,-16156,-1646,-17,0,-2
9,160,218110,-3123,-16113,-1623,-17,-2,0
9,161,218115,-3135,-16095,-1669,-16,-7,3
9,162,218120,-3090,-16072,-1683,-17,-11,2
9,163,218125,-3110,-16072,-1666,-16,-15,1
9,164,218130,-3118,-16035,-1658,-15,-17,2
9,165,218135,-3162,-16011,-1681,-16,-21,2
9,166,218140,-3174,-16008,-1729,-15,-23,1
9,167,218145,-3163,-16024,-1741,-16,-26,0
9,168,218150,-3132,-15981,-1736,-16,-26,-1
9,169,218155,-3191,-15992,-1749,-14,-22,-2
9,170,218160,-3186,-16005,-1748,-12,-21,-3
9,171,218165,-3192,-15991,-1721,-16,-17,-1
9,172,218170,-3123,-15994,-1691,-16,-15,0
9,173,218175,-3126,-16049,-1743,-17,-11,0
9,174,218180,-3183,-16070,-1747,-15,-7,-1
9,175,218185,-3204,-15998,-1698,-15,-7,0
9,176,218190,-3151,-16030,-1780,-14,-4,0
9,177,218195,-3148,-15980,-1733,-13,1,1
9,178,218200,-3105,-15994,-1722,-15,3,0
9,179,218205,-3149,-15971,-1705,-18,6,-1
9,180,218210,-3134,-15970,-1719,-15,8,1
9,181,218215,-3048,-15979,-1736,-16,10,-3
9,182,218220,-3053,-15946,-1718,-15,16,-3
9,183,218225,-3037,-15930,-1711,-15,15,-5
9,184,218230,-3003,-15911,-1727,-15,13,-4
9,185,218235,-2983,-15900,-1717,-15,8,-1
9,186,218240,-2983,-15901,-1709,-15,3,1
9,187,218245,-3001,-15900,-1733,-14,-2,1
9,188,218250,-2976,-15886,-1719,-14,-8,1
9,189,218255,-3012,-15856,-1783,-14,-10,-3
9,190,218260,-3015,-15873,-1742,-14,-17,2
9,191,218265,-2979,-15867,-1751,-12,-17,3
9,192,218270,-2983,-15882,-1757,-13,-15,2
9,193,218275,-3021,-15905,-1757,-11,-11,3
9,194,218280,-3037,-15956,-1783,-11,-12,3
9,195,218285,-3067,-15941,-1748,-12,-12,2
9,196,218290,-3083,-15940,-1708,-10,-10,3
9,197,218295,-3066,-15964,-1685,-11,-11,3
9,198,218300,-3099,-15988,-1705,-11,-11,2
9,199,218305,-3082,-16026,-1682,-11,-10,3
9,200,218310,-3083,-16088,-1694,-10,-11,6
9,201,218315,-3083,-16080,-1735,-11,-11,4
9,202,218320,-3070,-16051,-1715,-9,-9,5
9,203,218325,-3087,-16057,-1723,-7,-9,5
9,204,218330,-3080,-16069,-1776,-8,-3,4
9,205,218335,-3057,-16055,-1730,-7,-1,3
9,206,218340,-3016,-16042,-1711,-4,4,3
9,207,218345,-3032,-16041,-1714,-5,5,5
9,208,218350,-3080,-16061,-1673,-6,5,6
9,209,218355,-3053,-16050,-1650,-6,4,2
9,210,218360,-3048,-16084,-1679,-6,2,2
9,211,218365,-3067,-16112,-1668,-4,-2,5
9,212,218370,-3072,-16096,-1658,-5,-6,9
9,213,218375,-3100,-16068,-1730,-7,-11,5
9,214,218380,-3106,-16077,-1669,-3,-16,4
9,215,218385,-3066,-16097,-1671,-3,-17,8
9,216,218390,-3102,-16070,-1728,-3,-16,5
9,217,218395,-3141,-16052,-1753,0,-11,2
9,218,218400,-3121,-16074,-1784,0,-6,1
9,219,218405,-3122,-16059,-1737,0,-1,6
9,220,218410,-3145,-16081,-1709,0,1,4
9,221,218415,-3153,-16048,-1768,2,2,3
9,222,218420,-3157,-16049,-1755,1,2,6
9,223,218425,-3143,-16057,-1770,1,4,4
9,224,218430,-3138,-16032,-1786,2,6,1
9,225,218435,-3147,-15983,-1781,4,9,1
9,226,218440,-3149,-15988,-1756,6,12,3
9,227,218445,-3114,-15946,-1736,5,12,3
9,228,218450,-3099,-15965,-1792,8,13,2
9,229,218455,-3102,-15967,-1787,9,16,3
9,230,218460,-3077,-15969,-1764,9,18,0
9,231,218465,-3118,-15954,-1720,10,16,0
9,232,218470,-3091,-15971,-1689,9,10,1
9,233,218475,-3052,-15985,-1703,10,7,1
9,234,218480,-3037,-16006,-1658,12,5,3
9,235,218485,-3062,-16008,-1660,11,2,0
9,236,218490,-3051,-16007,-1617,9,-6,-1
9,237,218495,-3030,-16040,-1635,10,-9,3
9,238,218500,-3056,-16071,-1630,8,-12,0
9,239,218505,-3029,-16065,-1674,5,-14,-1
9,240,218510,-3068,-16058,-1657,10,-16,-1
9,241,218515,-3056,-16055,-1724,8,-14,2
9,242,218520,-3067,-16052,-1758,10,-12,1
9,243,218525,-3062,-16022,-1724,12,-7,1
9,244,218530,-3053,-16021,-1708,10,1,-1
9,245,218535,-3057,-16016,-1734,10,7,-3
9,246,218540,-3082,-15961,-1733,9,11,-1
9,247,218545,-3070,-15961,-1695,10,8,1
9,248,218550,-3098,-15930,-1645,10,2,2
9,249,218555,-3097,-16006,-1666,9,2,2
9,250,218560,-3048,-16021,-1700,10,-2,-1
9,251,218565,-3046,-16042,-1680,9,-4,-3
9,252,218570,-3079,-16017,-1660,11,-6,-5
9,253,218575,-3102,-15998,-1631,8,-11,-3
9,254,218580,-3099,-15970,-1629,8,-20,-4
9,255,218585,-3096,-15962,-1658,12,-25,-4
9,256,218590,-3064,-15964,-1745,10,-26,-3
9,257,218595,-3111,-15959,-1744,10,-25,0
9,258,218600,-3088,-15996,-1751,10,-20,-2
9,259,218605,-3083,-15997,-1799,9,-17,-4
9,260,218610,-3091,-16003,-1754,9,-14,-5
9,261,218615,-3072,-15978,-1746,10,-4,-5
9,262,218620,-3060,-15977,-1779,8,-1,-4
9,263,218625,-3117,-15969,-1768,10,1,-4
9,264,218630,-3128,-15966,-1757,10,-2,-4
9,265,218635,-3099,-15982,-1718,9,-5,-4
9,266,218640,-3096,-15960,-1706,9,-6,-4
9,267,218645,-3094,-15953,-1691,9,-4,-3
9,268,218650,-3102,-15969,-1657,9,-7,-5
9,269,218655,-3157,-16012,-1618,12,-10,-7
9,270,218660,-3164,-16069,-1599,9,-11,-10
9,271,218665,-3138,-16061,-1658,9,-14,-6
9,272,218670,-3142,-16055,-1654,10,-12,-2
9,273,218675,-3192,-16046,-1671,7,-13,-6
9,274,218680,-3124,-16037,-1696,6,-14,-7
9,275,218685,-3131,-16050,-1714,9,-11,-7
9,276,218690,-3129,-16074,-1732,9,-8,-8
9,277,218695,-3094,-16064,-1725,9,-5,-7
9,278,218700,-3115,-16055,-1668,8,-1,-8
9,279,218705,-3137,-16056,-1690,7,0,-10
9,280,218710,-3179,-16056,-1698,7,-6,-9
9,281,218715,-3142,-16043,-1684,7,-5,-10
9,282,218720,-3141,-16048,-1692,7,-8,-11
9,283,218725,-3141,-16066,-1704,7,-5,-10
9,284,218730,-3098,-16034,-1733,7,-7,-6
9,285,218735,-3097,-16061,-1747,7,-3,-10
9,286,218740,-3064,-16073,-1665,6,2,-11
9,287,218745,-3058,-16091,-1592,6,1,-11
9,288,218750,-3052,-16055,-1687,4,-2,-12
9,289,218755,-3100,-16038,-1730,7,-6,-11
9,290,218760,-3113,-16000,-1755,4,-9,-10
9,291,218765,-3111,-16004,-1707,5,-14,-10
9,292,218770,-3126,-16016,-1679,6,-19,-12
9,293,218775,-3126,-16042,-1703,6,-19,-10
9,294,218780,-3098,-15985,-1751,6,-15,-9
9,295,218785,-3079,-16021,-1814,7,-8,-9
9,296,218790,-3072,-16016,-1813,9,-2,-10
9,297,218795,-3122,-16004,-1763,6,-1,-12
9,298,218800,-3080,-15981,-1703,4,-1,-11
9,299,218805,-3080,-16002,-1763,5,-2,-12
9,300,218810,-3074,-16028,-1824,7,1,-12
9,301,218815,-3032,-16037,-1818,8,4,-10
9,302,218820,-3088,-16013,-1763,8,2,-11
9,303,218825,-3087,-16025,-1691,6,0,-11
9,304,218830,-3117,-16058,-1704,8,-3,-11
9,305,218835,-3100,-16094,-1706,6,-8,-11
9,306,218840,-3052,-16077,-1738,4,-10,-12
9,307,218845,-3088,-16111,-1680,5,-13,-11
9,308,218850,-3077,-16077,-1696,9,-17,-9
9,309,218855,-3107,-16054,-1682,7,-15,-11
9,310,218860,-3090,-16091,-1682,7,-14,-11
9,311,218865,-3050,-16137,-1688,8,-13,-10
9,312,218870,-3081,-16149,-1670,5,-9,-11
9,313,218875,-3070,-16125,-1689,5,-9,-10
9,314,218880,-3047,-16131,-1648,6,-5,-8
9,315,218885,-3033,-16142,-1696,5,-1,-10
9,316,218890,-3066,-16167,-1634,4,-1,-11
9,317,218895,-3090,-16179,-1585,3,-1,-9
9,318,218900,-3072,-16174,-1632,4,0,-7
9,319,218905,-3084,-16167,-1657,6,1,-7
9,320,218910,-3086,-16119,-1630,5,1,-6
9,321,218915,-3063,-16135,-1618,2,-1,-8
9,322,218920,-3084,-16085,-1686,2,-3,-7
9,323,218925,-3088,-16057,-1683,3,-5,-4
9,324,218930,-3074,-16027,-1687,1,-4,-5
9,325,218935,-3076,-16040,-1683,1,-6,-7
9,326,218940,-3067,-16031,-1682,2,-10,-6
9,327,218945,-3095,-16014,-1700,0,-12,-5
9,328,218950,-3120,-15993,-1698,2,-16,-7
9,329,218955,-3128,-15969,-1703,2,-20,-6
9,330,218960,-3174,-15971,-1715,-2,-26,-7
9,331,218965,-3180,-15970,-1718,-1,-32,-5
9,332,218970,-3157,-15962,-1750,2,-32,-7
9,333,218975,-3190,-15963,-1761,2,-30,-5
9,334,218980,-3200,-15973,-1741,1,-27,-3
9,335,218985,-3164,-15947,-1736,1,-24,-6
9,336,218990,-3218,-15983,-1763,2,-19,-9
9,337,218995,-3167,-15990,-1754,0,-15,-11
9,338,219000,-3155,-15982,-1748,0,-9,-9
9,339,219005,-3192,-15993,-1762,1,-5,-9
9,340,219010,-3202,-16004,-1738,4,-3,-10
9,341,219015,-3203,-16047,-1693,3,-3,-8
9,342,219020,-3191,-16035,-1742,1,-2,-8
9,343,219025,-3136,-16018,-1755,2,2,-9
9,344,219030,-3045,-16000,-1748,3,5,-7
9,345,219035,-3057,-16029,-1716,7,5,-7
9,346,219040,-3110,-16045,-1735,8,8,-8
9,347,219045,-3144,-16020,-1714,5,9,-8
9,348,219050,-3103,-15973,-1722,2,9,-8
9,349,219055,-3051,-15950,-1701,6,10,-8
9,350,219060,-3028,-15978,-1714,4,12,-8
9,351,219065,-3037,-15954,-1708,5,13,-6
9,352,219070,-3066,-15961,-1659,4,9,-7
9,353,219075,-3077,-15936,-1630,1,8,-7
9,354,219080,-3048,-15978,-1665,3,3,-5
9,355,219085,-3040,-15947,-1738,5,8,-3
9,356,219090,-3076,-15910,-1798,4,8,-3
9,357,219095,-3020,-15914,-1726,5,6,-4
9,358,219100,-3080,-15955,-1633,6,-1,-3
9,359,219105,-3132,-15949,-1646,5,-6,1
9,360,219110,-3123,-15928,-1766,6,-11,0
9,361,219115,-3230,-15989,-2075,3,-12,2
9,362,219120,-3180,-16002,-2229,3,-2,8
9,363,219125,-2928,-15964,-2237,0,22,13
9,364,219130,-2806,-15877,-2148,6,63,18
9,365,219135,-2916,-15906,-2173,12,113,18
9,366,219140,-3154,-15950,-2164,15,153,19
9,367,219145,-3123,-15984,-2133,16,179,27
9,368,219150,-2835,-15874,-1876,15,200,35
9,369,219155,-2648,-15793,-1467,9,215,44
9,370,219160,-2811,-15655,-1154,6,210,47
9,371,219165,-3164,-15605,-875,2,167,48
9,372,219170,-3516,-15622,-611,-4,83,56
9,373,219175,-3654,-15728,-311,-15,-27,66
9,374,219180,-3454,-15866,-113,-23,-151,72
9,375,219185,-3317,-16012,-309,-31,-271,78
9,376,219190,-3406,-16235,-1001,-39,-364,84
9,377,219195,-3392,-16126,-1094,-40,-427,86
9,378,219200,-3377,-16136,-1420,-53,-477,95
9,379,219205,-3498,-16133,-1813,-56,-479,102
9,380,219210,-3624,-16236,-1981,-53,-453,114
9,381,219215,-3546,-16214,-2220,-54,-420,123
9,382,219220,-3437,-16237,-2457,-57,-365,135
9,383,219225,-3345,-16186,-2402,-55,-288,142
9,384,219230,-3437,-16216,-2382,-53,-216,156
9,385,219235,-3539,-16150,-2287,-53,-153,167
9,386,219240,-3708,-16090,-2162,-57,-113,178
9,387,219245,-3560,-16057,-2007,-58,-93,194
9,388,219250,-3464,-15924,-1761,-61,-85,208
9,389,219255,-3555,-15982,-1667,-62,-88,219
9,390,219260,-3788,-15944,-1739,-64,-106,230
9,391,219265,-3827,-15857,-1757,-65,-127,241
9,392,219270,-3817,-15840,-1846,-68,-151,259
9,393,219275,-3799,-15849,-1659,-73,-164,267
9,394,219280,-3861,-15856,-1645,-75,-179,279
9,395,219285,-4000,-15783,-1845,-77,-194,287
9,396,219290,-4053,-15674,-2218,-81,-197,300
9,397,219295,-4042,-15749,-2197,-83,-186,319
9,398,219300,-3942,-15636,-2269,-89,-176,326
9,399,219305,-3942,-15673,-2122,-91,-154,343
9,400,219310,-4036,-15664,-2078,-88,-134,354
9,401,219315,-4156,-15521,-2124,-91,-115,364
9,402,219320,-4122,-15625,-2249,-96,-96,383
9,403,219325,-4030,-15566,-2069,-94,-70,393
9,404,219330,-4109,-15698,-1850,-97,-65,411
9,405,219335,-4265,-15814,-1829,-100,-71,417
9,406,219340,-4373,-15715,-1710,-105,-81,424
9,407,219345,-4434,-15745,-1749,-108,-103,438
9,408,219350,-4451,-15743,-1839,-109,-120,451
9,409,219355,-4392,-15857,-1862,-110,-130,463
9,410,219360,-4459,-15842,-1808,-114,-143,472
9,411,219365,-4599,-15811,-1862,-122,-154,480
9,412,219370,-4758,-15772,-1896,-123,-162,490
9,413,219375,-4745,-15747,-1922,-125,-168,501
9,414,219380,-4709,-15696,-1965,-129,-177,514
9,415,219385,-4707,-15766,-2010,-132,-178,522
9,416,219390,-4895,-15759,-2049,-135,-180,530
9,417,219395,-5128,-15751,-2209,-134,-183,534
9,418,219400,-5156,-15628,-2339,-136,-180,543
9,419,219405,-4949,-15586,-2410,-134,-164,556
9,420,219410,-4882,-15640,-2540,-136,-133,562
9,421,219415,-4979,-15620,-2483,-134,-95,569
9,422,219420,-5132,-15552,-2544,-136,-67,573
9,423,219425,-5268,-15564,-2370,-136,-38,581
9,424,219430,-5236,-15398,-2293,-134,-31,585
9,425,219435,-5110,-15503,-2224,-139,-16,596
9,426,219440,-5161,-15428,-2165,-137,-9,599
9,427,219445,-5200,-15434,-2161,-138,-17,600
9,428,219450,-5266,-15432,-2272,-139,-27,604
9,429,219455,-5244,-15394,-2032,-146,-44,616
9,430,219460,-5292,-15396,-1963,-147,-66,616
9,431,219465,-5283,-15402,-1815,-149,-94,619
9,432,219470,-5322,-15344,-1724,-152,-130,618
9,433,219475,-5646,-15416,-1739,-154,-170,614
9,434,219480,-5820,-15411,-1851,-153,-221,619
9,435,219485,-5755,-15429,-2116,-154,-262,622
9,436,219490,-5696,-15472,-2410,-156,-278,622
9,437,219495,-5790,-15488,-2745,-154,-262,621
9,438,219500,-5864,-15486,-3074,-147,-205,618
9,439,219505,-5836,-15488,-3354,-141,-126,617
9,440,219510,-5845,-15496,-3646,-137,-24,616
9,441,219515,-5910,-15539,-3348,-130,106,613
9,442,219520,-6007,-15589,-3097,-130,213,606
9,443,219525,-6054,-15549,-2800,-118,301,600
9,444,219530,-6120,-15485,-2650,-114,372,595
9,445,219535,-6153,-15561,-2695,-115,422,592
9,446,219540,-6158,-15352,-2472,-126,458,580
9,447,219545,-6019,-15372,-1804,-118,479,582
9,448,219550,-6067,-15482,-1528,-115,443,577
9,449,219555,-5868,-15487,-2082,-121,377,561
9,450,219560,-5797,-15285,-1763,-122,355,547
9,451,219565,-5947,-15290,-1392,-129,304,544
9,452,219570,-6030,-15238,-1743,-132,220,530
9,453,219575,-5979,-15095,-1825,-131,148,523
9,454,219580,-6021,-15121,-1646,-135,69,513
9,455,219585,-6096,-14956,-1879,-132,-26,498
9,456,219590,-6184,-15021,-2304,-134,-101,494
9,457,219595,-6280,-14898,-2684,-128,-135,480
9,458,219600,-6233,-14865,-3354,-123,-136,470
9,459,219605,-6217,-14914,-3841,-115,-77,459
9,460,219610,-6146,-14876,-4240,-105,37,447
9,461,219615,-6205,-14992,-4166,-96,201,436
9,462,219620,-6326,-14936,-3893,-76,358,420
9,463,219625,-6385,-15060,-3793,-64,499,413
9,464,219630,-6235,-15086,-3689,-56,630,394
9,465,219635,-6098,-15163,-3113,-49,748,382
9,466,219640,-6125,-15303,-2496,-46,826,373
9,467,219645,-6222,-15261,-2056,-45,862,354
9,468,219650,-6207,-15264,-1884,-41,855,342
9,469,219655,-6121,-15205,-1593,-44,822,328
9,470,219660,-6001,-15233,-1342,-45,758,314
9,471,219665,-5789,-15316,-1410,-47,672,304
9,472,219670,-5694,-15346,-1242,-46,589,287
9,473,219675,-5658,-15319,-1296,-50,501,271
9,474,219680,-5592,-15288,-1345,-49,415,255
9,475,219685,-5565,-15265,-1466,-51,325,240
9,476,219690,-5581,-15285,-1574,-53,242,224
9,477,219695,-5571,-15281,-1519,-52,165,210
9,478,219700,-5505,-15344,-1665,-51,82,198
9,479,219705,-5376,-15358,-1852,-51,17,183
9,480,219710,-5263,-15375,-1956,-46,-26,172
9,481,219715,-5235,-15317,-1911,-46,-54,156
9,482,219720,-5392,-15330,-2016,-44,-74,138
9,483,219725,-5534,-15305,-2124,-38,-94,124
9,484,219730,-5544,-15218,-2237,-37,-108,111
9,485,219735,-5480,-15189,-2286,-36,-114,95
9,486,219740,-5454,-15167,-2410,-30,-110,84
9,487,219745,-5425,-15192,-2533,-21,-96,68
9,488,219750,-5547,-15133,-2658,-18,-77,49
9,489,219755,-5658,-15148,-2758,-14,-55,34
9,490,219760,-5646,-15133,-2764,-5,-22,16
9,491,219765,-5545,-15092,-2859,2,14,2
9,492,219770,-5472,-15093,-2716,12,58,-15
9,493,219775,-5494,-15052,-2764,18,90,-38
9,494,219780,-5500,-15026,-2710,24,124,-56
9,495,219785,-5561,-15021,-2612,32,151,-74
9,496,219790,-5507,-15014,-2506,36,160,-90
9,497,219795,-5386,-14981,-2353,41,158,-105
9,498,219800,-5339,-15000,-2220,49,153,-122
9,499,219805,-5288,-15044,-2158,53,132,-141
9,500,219810,-5303,-15017,-2058,53,106,-160
9,501,219815,-5307,-14934,-1988,56,69,-178
9,502,219820,-5185,-15005,-2009,58,-8,-214
9,503,219825,-5199,-15024,-2014,59,-48,-228
9,504,219830,-5210,-14982,-2049,61,-82,-247
9,505,219835,-5200,-14939,-2104,64,-110,-267
9,506,219840,-5193,-14983,-2219,65,-134,-287
9,507,219845,-5175,-14973,-2334,69,-150,-304
9,508,219850,-5181,-14991,-2419,75,-153,-319
9,509,219855,-5170,-15008,-2478,79,-157,-338
9,510,219860,-5110,-15032,-2550,81,-152,-356
9,511,219865,-5156,-15080,-2590,82,-137,-370
9,512,219870,-5139,-15092,-2532,88,-127,-388
9,513,219875,-5128,-15054,-2425,93,-117,-405
9,514,219880,-5099,-15132,-2483,96,-110,-421
9,515,219885,-5162,-15112,-2510,100,-102,-438
9,516,219890,-5165,-15161,-2545,103,-98,-454
9,517,219895,-5045,-15109,-2573,106,-94,-468
9,518,219900,-4950,-15113,-2520,109,-86,-486
9,519,219905,-5043,-15147,-2692,112,-76,-501
9,520,219910,-5041,-15155,-2787,116,-65,-518
9,521,219915,-4856,-15150,-2878,120,-47,-530
9,522,219920,-4673,-15148,-2749,126,-24,-543
9,523,219925,-4738,-15117,-2659,130,-1,-558
9,524,219930,-4867,-15106,-2620,135,12,-578
9,525,219935,-4947,-15126,-2721,139,15,-594
9,526,219940,-4759,-15090,-2693,142,14,-603
9,527,219945,-4524,-15149,-2489,144,12,-611
9,528,219950,-4424,-15202,-2417,145,0,-627
9,529,219955,-4504,-15260,-2231,149,-14,-642
9,530,219960,-4628,-15279,-2327,152,-46,-654
9,531,219965,-4701,-15292,-2332,150,-77,-665
9,532,219970,-4505,-15385,-2393,151,-109,-674
9,533,219975,-4259,-15449,-2242,150,-118,-683
9,534,219980,-4221,-15515,-2171,152,-128,-695
9,535,219985,-4424,-15482,-2314,153,-142,-709
9,536,219990,-4584,-15479,-2343,153,-151,-721
9,537,219995,-4539,-15561,-2337,155,-162,-729
9,538,220000,-4247,-15581,-2196,154,-171,-735
9,539,220005,-4132,-15692,-2235,154,-169,-742
9,540,220010,-4275,-15763,-2176,157,-161,-753
9,541,220015,-4333,-15724,-2399,154,-165,-765
9,542,220020,-4353,-15808,-2519,155,-161,-773
9,543,220025,-4231,-15786,-2400,155,-151,-777
9,544,220030,-4182,-15894,-1872,157,-147,-782
9,545,220035,-4050,-15921,-1906,164,-174,-795
9,546,220040,-4076,-15841,-2852,160,-180,-805
9,547,220045,-4176,-15955,-2903,151,-134,-809
9,548,220050,-4347,-15788,-1655,151,-96,-814
9,549,220055,-4106,-16026,-1576,158,-141,-810
9,550,220060,-3739,-15930,-2543,164,-187,-826
9,551,220065,-3750,-15973,-2292,160,-170,-829
9,552,220070,-3997,-15986,-1938,155,-177,-835
9,553,220075,-3971,-15926,-1928,157,-200,-841
9,554,220080,-3709,-15975,-2347,154,-218,-843
9,555,220085,-3619,-16023,-2098,152,-200,-844
9,556,220090,-3802,-16062,-1861,151,-203,-847
9,557,220095,-3814,-16103,-2061,153,-231,-850
9,558,220100,-3617,-16037,-2269,152,-246,-857
9,559,220105,-3456,-16029,-2400,151,-230,-860
9,560,220110,-3529,-16035,-2408,152,-201,-860
9,561,220115,-3624,-16139,-2408,151,-177,-858
9,562,220120,-3619,-16137,-2289,151,-156,-858
9,563,220125,-3533,-16161,-2163,152,-136,-862
9,564,220130,-3457,-16102,-2154,153,-121,-862
9,565,220135,-3391,-16184,-2022,156,-106,-861
9,566,220140,-3328,-16110,-1986,154,-106,-862
9,567,220145,-3417,-16103,-1845,151,-110,-860
9,568,220150,-3422,-16158,-1926,146,-128,-860
9,569,220155,-3279,-16156,-1777,143,-135,-858
9,570,220160,-3104,-16187,-1703,148,-146,-852
9,571,220165,-2999,-16216,-1768,146,-158,-850
9,572,220170,-3038,-16221,-1637,144,-163,-845
9,573,220175,-2935,-16297,-1648,141,-183,-842
9,574,220180,-2776,-16398,-1468,139,-204,-837
9,575,220185,-2572,-16488,-1371,134,-229,-827
9,576,220190,-2548,-16623,-1114,126,-302,-816
9,577,220195,-2621,-16711,-1065,119,-349,-808
9,578,220200,-2567,-16680,-1017,112,-391,-797
9,579,220205,-2407,-16682,-945,103,-429,-789
9,580,220210,-2397,-16681,-875,95,-456,-780
9,581,220215,-2542,-16661,-905,92,-481,-773
9,582,220220,-2732,-16740,-1101,87,-502,-763
9,583,220225,-2780,-16727,-1190,81,-523,-753
9,584,220230,-2645,-16682,-1193,73,-540,-744
9,585,220235,-2511,-16717,-1500,70,-552,-732
9,586,220240,-2597,-16808,-1297,70,-537,-722
9,587,220245,-2770,-16755,-1313,67,-525,-715
9,588,220250,-2685,-16558,-2789,66,-512,-706
9,589,220255,-2629,-16653,-2655,55,-412,-681
9,590,220260,-2264,-17035,-1321,43,-345,-666
9,591,220265,-2325,-16483,983,52,-386,-681
9,592,220270,-2386,-16728,-2406,86,-553,-648
9,593,220275,-2692,-16861,-3153,77,-427,-652
9,594,220280,-2881,-15838,-3075,61,-282,-662
9,595,220285,-2519,-17002,236,38,-182,-604
9,596,220290,-2073,-16631,295,27,-325,-630
9,597,220295,-1782,-16735,-947,42,-464,-621
9,598,220300,-2524,-16644,-1364,60,-517,-610
9,599,220305,-4069,-21619,-1061,70,-557,-592
9,600,220310,-23733,9383,19595,18,-732,-547
9,601,220332,-32768,-6438,-22444,203,-3694,-702
9,602,220333,-13355,-8850,-32768,164,-3431,338
9,603,220334,-13355,-8850,-32768,164,-3431,338
9,604,220335,-13355,-8850,-32768,164,-3431,338
9,605,220336,-13355,-8850,-32768,164,-3431,338
9,606,220340,18783,-16697,-25486,-36,173,888
9,607,220345,21167,-25406,4699,-5,4100,483
9,608,220350,-10019,-18601,26713,259,4655,-260
9,609,220355,-23526,-13454,6889,482,1896,-214
9,610,220360,-11607,-12821,-19806,367,17,174
9,611,220365,4278,-14647,-10674,32,440,311
9,612,220370,9538,-17399,4743,-43,1253,245
9,613,220375,-1008,-18545,18223,130,1728,130
9,614,220380,-7171,-16893,6341,342,982,-18
9,615,220385,-8495,-13447,-9249,341,109,4
9,616,220390,-2067,-14635,-10860,101,-286,176
9,617,220395,1086,-15712,2243,-66,-82,249
9,618,220400,1365,-17228,11909,-1,41,227
9,619,220405,-1292,-16830,2869,167,-214,135
9,620,220410,-3709,-15594,-9167,237,-392,82
9,621,220415,-4610,-14985,-11590,111,-349,129
9,622,220420,-2993,-15152,-1652,-3,-109,215
9,623,220425,98,-16371,5608,-2,-4,265
9,624,220430,1171,-16836,3029,113,-11,216
9,625,220435,-1313,-16711,-4573,177,-69,152
9,626,220440,-4771,-15549,-7181,137,-103,136
9,627,220445,-4983,-15477,-1292,31,-163,199
9,628,220450,-1245,-15734,257,8,-260,251
9,629,220455,1210,-16383,482,81,-24,247
9,630,220460,-679,-16659,-286,147,190,206
9,631,220465,-3738,-16468,-3205,125,80,167
9,632,220470,-4420,-15813,-3393,63,-116,169
9,633,220475,-2244,-15435,-1686,34,-199,215
9,634,220480,-374,-16360,584,45,-83,255
9,635,220485,-797,-16378,-527,91,59,227
9,636,220490,-2581,-16752,-2516,112,130,206
9,637,220495,-3658,-15907,-2935,86,73,177
9,638,220500,-2888,-15734,-1530,32,-39,216
9,639,220505,-1431,-16249,-408,15,-72,245
9,640,220510,-885,-16460,-966,59,15,236
9,641,220515,-1811,-16592,-927,91,142,210
9,642,220520,-2786,-16008,-2136,77,108,181
9,643,220525,-2807,-16069,-2624,42,23,206
9,644,220530,-1928,-16234,-1258,28,36,223
9,645,220535,-1373,-16177,-122,43,76,222
9,646,220540,-1545,-16498,-1090,49,97,222
9,647,220545,-2185,-16272,-1595,49,117,200
9,648,220550,-2526,-16152,-1790,34,72,199
9,649,220555,-1699,-16183,-654,22,7,217
9,650,220560,-1533,-16407,-661,20,15,216
9,651,220565,-1869,-16401,-1355,23,16,208
9,652,220570,-2339,-16363,-1619,15,21,199
9,653,220575,-2362,-16110,-1494,9,1,200
9,654,220580,-1936,-16307,-849,-1,-22,217
9,655,220585,-1688,-16299,-951,-4,-41,210
9,656,220590,-1816,-16372,-1246,0,-35,207
9,657,220595,-2294,-16358,-1682,-2,-27,202
9,658,220600,-2330,-16278,-1816,-6,-19,198
9,659,220605,-2133,-16222,-1486,-16,-8,200
9,660,220610,-1894,-16394,-1212,-14,-5,202
9,661,220615,-1865,-16401,-1381,-15,0,194
9,662,220620,-2081,-16510,-1436,-15,16,192
9,663,220625,-2365,-16318,-1526,-18,20,187
9,664,220630,-2293,-16329,-1529,-23,20,191
9,665,220635,-2077,-16300,-1601,-24,32,193
9,666,220640,-2030,-16364,-1507,-25,69,193
9,667,220645,-2257,-16433,-1284,-28,104,187
9,668,220650,-2379,-16280,-1331,-28,93,178
9,669,220655,-2316,-16369,-1676,-34,68,185
9,670,220660,-2153,-16396,-1558,-39,83,183
9,671,220665,-2122,-16328,-1379,-41,96,177
9,672,220670,-2232,-16395,-1396,-39,105,177
9,673,220675,-2397,-16386,-1253,-41,120,170
9,674,220680,-2470,-16215,-1295,-47,110,164
9,675,220685,-2465,-16327,-1283,-52,82,170
9,676,220690,-2415,-16388,-1256,-57,67,169
9,677,220695,-2356,-16369,-1135,-56,58,167
9,678,220700,-2374,-16353,-1298,-59,42,164
9,679,220705,-2450,-16348,-1476,-61,38,157
9,680,220710,-2526,-16309,-1546,-63,40,153
9,681,220715,-2531,-16360,-1435,-65,39,154
9,682,220720,-2516,-16296,-1319,-68,41,152
9,683,220725,-2463,-16276,-1310,-68,44,148
9,684,220730,-2484,-16240,-1396,-67,43,144
9,685,220735,-2594,-16237,-1518,-71,44,139
9,686,220740,-2634,-16271,-1492,-75,47,138
9,687,220745,-2544,-16239,-1447,-75,53,138
9,688,220750,-2478,-16234,-1476,-74,64,138
9,689,220755,-2427,-16246,-1546,-76,77,133
9,690,220760,-2409,-16229,-1548,-77,93,127
9,691,220765,-2537,-16217,-1461,-77,105,128
9,692,220770,-2589,-16195,-1363,-78,109,124
9,693,220775,-2666,-16225,-1332,-82,109,121
9,694,220780,-2682,-16251,-1325,-79,104,120
9,695,220785,-2624,-16233,-1390,-81,101,120
9,696,220790,-2562,-16207,-1503,-84,98,117
9,697,220795,-2554,-16174,-1520,-86,103,115
9,698,220800,-2534,-16184,-1456,-87,110,113
9,699,220805,-2527,-16179,-1436,-87,113,107
9,700,220810,-2591,-16182,-1390,-86,113,103
9,701,220815,-2606,-16162,-1366,-87,105,103
9,702,220820,-2614,-16180,-1306,-85,91,104
9,703,220825,-2613,-16201,-1257,-89,67,102
9,704,220830,-2568,-16177,-1253,-92,43,99
9,705,220835,-2556,-16132,-1300,-94,20,98
9,706,220840,-2596,-16116,-1343,-94,2,95
9,707,220845,-2681,-16096,-1472,-95,-10,90
9,708,220850,-2819,-16150,-1591,-96,-18,89
9,709,220855,-2784,-16122,-1616,-94,-14,91
9,710,220860,-2637,-16055,-1622,-94,-4,88
9,711,220865,-2628,-16037,-1726,-91,9,86
9,712,220870,-2789,-16088,-1800,-89,31,84
9,713,220875,-2854,-16128,-1900,-89,51,84
9,714,220880,-2694,-16073,-1878,-89,74,82
9,715,220885,-2639,-16027,-1790,-88,100,79
9,716,220890,-2705,-16083,-1689,-82,121,79
9,717,220895,-2830,-16084,-1664,-81,139,72
9,718,220900,-2787,-16124,-1804,-81,153,72
9,719,220905,-2621,-16208,-1932,-78,164,73
9,720,220910,-2533,-16240,-1867,-79,179,74
9,721,220915,-2556,-16226,-1748,-77,190,69
9,722,220920,-2608,-16200,-1785,-75,194,68
9,723,220925,-2671,-16082,-1855,-71,215,68
9,724,220930,-2687,-15993,-1674,-72,224,67
9,725,220935,-2744,-15994,-1525,-72,230,64
9,726,220940,-2791,-15994,-1523,-71,231,61
9,727,220945,-2769,-15968,-1540,-68,227,61
9,728,220950,-2720,-15938,-1506,-69,217,63
9,729,220955,-2704,-15987,-1486,-71,198,61
9,730,220960,-2794,-16012,-1340,-71,167,59
9,731,220965,-2802,-15958,-1393,-76,141,57
9,732,220970,-2752,-15906,-1520,-75,125,57
9,733,220975,-2763,-15897,-1742,-72,117,59
9,734,220980,-2797,-15913,-1749,-73,121,58
9,735,220985,-2798,-15901,-1760,-72,125,51
9,736,220990,-2860,-15884,-1649,-73,124,51
9,737,220995,-2885,-15916,-1532,-72,125,50
9,738,221000,-2915,-15897,-1512,-72,117,46
9,739,221005,-2897,-15976,-1535,-73,103,49
9,740,221010,-2912,-15982,-1520,-76,85,47
9,741,221015,-2995,-16026,-1615,-75,68,49
9,742,221020,-2975,-16056,-1638,-78,55,46
9,743,221025,-2927,-16026,-1716,-74,51,47
9,744,221030,-2859,-16090,-1726,-75,57,47
9,745,221035,-2820,-16086,-1802,-74,66,43
9,746,221040,-2857,-16096,-1852,-71,74,43
9,747,221045,-2880,-16094,-1825,-70,84,40
9,748,221050,-2925,-16055,-1793,-69,91,43
9,749,221055,-2955,-16078,-1723,-69,91,42
9,750,221060,-2954,-16038,-1643,-70,83,41
9,751,221065,-2921,-16027,-1679,-70,82,42
9,752,221070,-2923,-15997,-1683,-71,81,42
9,753,221075,-2960,-16059,-1637,-68,79,38
9,754,221080,-2973,-16079,-1626,-66,76,36
9,755,221085,-2940,-16111,-1560,-69,69,38
9,756,221090,-2952,-16089,-1527,-64,54,40
9,757,221095,-2969,-16107,-1559,-68,39,39
9,758,221100,-3001,-16054,-1557,-70,20,37
9,759,221105,-2968,-16056,-1641,-67,0,38
9,760,221110,-3003,-16084,-1647,-68,-14,37
9,761,221115,-3050,-16145,-1627,-67,-28,33
9,762,221120,-3054,-16178,-1700,-69,-35,36
9,763,221125,-3017,-16161,-1818,-67,-37,38
9,764,221130,-2995,-16142,-1959,-63,-36,36
9,765,221135,-2995,-16096,-2005,-59,-27,36
9,766,221140,-2993,-16088,-2059,-60,-16,33
9,767,221145,-3060,-16081,-2070,-58,-2,35
9,768,221150,-3166,-16044,-2138,-54,15,36
9,769,221155,-3113,-16086,-2131,-52,34,36
9,770,221160,-3021,-16087,-2163,-48,63,37
9,771,221165,-2946,-16079,-2274,-43,96,36
9,772,221170,-2968,-16065,-2285,-40,124,34
9,773,221175,-3032,-16048,-2155,-38,140,32
9,774,221180,-3046,-15986,-1968,-38,138,30
9,775,221185,-3056,-15916,-1733,-33,135,33
9,776,221190,-3042,-15893,-1708,-32,126,34
9,777,221195,-3073,-15933,-1664,-32,105,33
9,778,221200,-3108,-15981,-1702,-33,83,32
9,779,221205,-3093,-16040,-1706,-32,61,32
9,780,221210,-3061,-16037,-1638,-27,37,31
9,781,221215,-3073,-16027,-1658,-28,16,31
9,782,221220,-3175,-16021,-1760,-29,-3,29
9,783,221225,-3201,-15972,-1917,-28,-22,28
9,784,221230,-3116,-15929,-1976,-27,-29,27
9,785,221235,-3051,-15896,-2047,-29,-29,29
9,786,221240,-3054,-15939,-2056,-24,-20,27
9,787,221245,-3131,-16001,-2077,-19,-8,27
9,788,221250,-3211,-16027,-2160,-18,11,26
9,789,221255,-3130,-15970,-2195,-15,32,24
9,790,221260,-3062,-15941,-2135,-14,57,26
9,791,221265,-3123,-15961,-2018,-9,81,24
9,792,221270,-3150,-15913,-1999,-7,93,22
9,793,221275,-3180,-15854,-2010,-7,103,24
9,794,221280,-3134,-15861,-1933,-7,103,23
9,795,221285,-3115,-15900,-1814,-3,100,24
9,796,221290,-3009,-15966,-1745,-2,87,19
9,797,221295,-2989,-15987,-1840,-2,76,18
9,798,221300,-3081,-15944,-1823,-1,64,18
9,799,221305,-3164,-15934,-1756,-1,51,17
9,800,221310,-3088,-15958,-1675,-2,36,17
9,801,221315,-2996,-15933,-1743,-4,16,16
9,802,221320,-3033,-15925,-1772,-1,-1,16
9,803,221325,-3113,-15958,-1877,0,-12,16
9,804,221330,-3111,-15992,-1915,-1,-22,14
9,805,221335,-3083,-16009,-1877,-2,-26,13
9,806,221340,-3011,-15980,-1971,-1,-22,15
9,807,221345,-2988,-16014,-2006,2,-13,11
9,808,221350,-3037,-15996,-2037,3,0,12
9,809,221355,-3096,-15989,-2068,5,9,12
9,810,221360,-3130,-15980,-2052,7,16,12
9,811,221365,-3102,-15976,-1934,6,24,11
9,812,221370,-3065,-15986,-1894,6,26,11
9,813,221375,-3030,-15977,-1897,8,28,9
9,814,221380,-3039,-16014,-1977,11,26,9
9,815,221385,-3078,-16050,-1920,11,23,9
9,816,221390,-3140,-16013,-1870,11,16,7
9,817,221395,-3153,-16074,-1818,12,4,7
9,818,221400,-3168,-16085,-1834,14,-10,7
9,819,221405,-3127,-16043,-1962,13,-23,5
9,820,221410,-3019,-15988,-2025,13,-27,6
9,821,221415,-3009,-16003,-2100,13,-24,4
9,822,221420,-3054,-15927,-2117,13,-22,5
9,823,221425,-3066,-15960,-2074,14,-19,4
9,824,221430,-3182,-16004,-2022,18,-18,1
9,825,221435,-3201,-16033,-1969,21,-20,1
9,826,221440,-3083,-16085,-2015,20,-20,3
9,827,221445,-3047,-16063,-2114,21,-10,1
9,828,221450,-3042,-16001,-2226,22,0,2
9,829,221455,-3131,-15951,-2187,21,8,-2
9,830,221460,-3156,-15919,-2140,23,19,-4
9,831,221465,-3155,-15933,-2115,26,29,-5
9,832,221470,-3144,-15929,-1892,33,36,-2
9,833,221475,-3119,-15973,-1958,33,31,-3
9,834,221480,-3053,-15991,-2082,29,21,-8
9,835,221485,-3016,-15927,-2070,29,13,-5
9,836,221490,-2987,-15910,-2063,29,10,-9
9,837,221495,-2986,-15979,-2022,31,9,-5
9,838,221500,-2967,-15925,-1996,35,6,-8
9,839,221505,-2990,-15975,-1945,35,4,-9
9,840,221510,-2991,-15975,-1917,35,-2,-8
9,841,221515,-3013,-15919,-1896,32,-8,-11
9,842,221520,-3006,-16009,-1943,33,-17,-9
9,843,221525,-2994,-15962,-1864,34,-19,-8
9,844,221530,-2992,-16021,-1909,31,-25,-5
9,845,221535,-2982,-16071,-1993,36,-28,-7
9,846,221540,-3018,-16066,-1927,35,-26,-10
9,847,221545,-3034,-16079,-1917,33,-29,-7
9,848,221550,-3036,-16053,-1930,33,-33,-10
9,849,221555,-3050,-16121,-1944,33,-30,-10
9,850,221560,-3026,-16114,-1969,34,-28,-6
9,851,221565,-2998,-16144,-2016,35,-29,-9
9,852,221570,-3041,-16172,-1952,36,-24,-6
9,853,221575,-3077,-16158,-1918,35,-19,-9
9,854,221580,-3055,-16142,-1931,34,-14,-9
9,855,221585,-3070,-16149,-1871,35,-9,-9
9,856,221590,-3077,-16075,-2018,36,-1,-12
9,857,221595,-3014,-16195,-2245,34,26,-6
9,858,221600,-3145,-15971,-1486,36,60,-15
9,859,221605,-3077,-16005,-1683,33,12,-9
9,860,221610,-2941,-16240,-2000,30,-13,-5
9,861,221615,-3008,-16044,-1716,30,-10,-18
9,862,221620,-3064,-16080,-1952,28,-21,-14
9,863,221625,-3154,-16019,-1871,33,-12,-14
9,864,221630,-3193,-16013,-1729,31,-12,-14
9,865,221635,-2997,-16061,-1937,28,-27,-12
9,866,221640,-2960,-16086,-2028,23,-31,-13
9,867,221645,-3090,-16094,-1726,23,-26,-14
9,868,221650,-3200,-16024,-1876,29,-49,-14
9,869,221655,-3085,-16035,-2143,26,-66,-15
9,870,221660,-3116,-16061,-1910,24,-44,-18
9,871,221665,-3174,-16049,-1966,25,-45,-18
9,872,221670,-3141,-16028,-2055,25,-39,-16
9,873,221675,-3061,-15985,-2084,27,-29,-13
9,874,221680,-3062,-16000,-2105,27,-23,-17
9,875,221685,-3123,-16037,-2025,25,-22,-17
9,876,221690,-3141,-16033,-1956,25,-21,-18
9,877,221695,-3214,-16034,-1947,25,-24,-19
9,878,221700,-3207,-16036,-2033,26,-22,-18
9,879,221705,-3183,-16082,-1991,24,-17,-18
9,880,221710,-3103,-16077,-1979,24,-13,-20
9,881,221715,-3055,-16066,-1996,25,-10,-17
9,882,221720,-3051,-15998,-2045,25,-5,-23
9,883,221725,-3137,-15967,-2006,23,-6,-22
9,884,221730,-3165,-15952,-1930,22,-8,-21
9,885,221735,-3125,-16057,-1824,19,-9,-18
9,886,221740,-3090,-16042,-1876,18,-11,-20
9,887,221745,-3035,-16032,-1947,21,-12,-21
9,888,221750,-2995,-16042,-1998,20,-8,-21
9,889,221755,-3003,-15990,-2003,20,-5,-20
9,890,221760,-3033,-15984,-1979,17,-1,-21
9,891,221765,-3016,-15981,-1919,17,-4,-24
9,892,221770,-3029,-16000,-1894,17,-8,-20
9,893,221775,-3075,-16048,-1863,16,-20,-17
9,894,221780,-3028,-16058,-1863,13,-26,-17
9,895,221785,-2984,-16010,-1931,11,-25,-20
9,896,221790,-2925,-16005,-2023,13,-22,-21
9,897,221795,-2984,-15996,-2058,14,-14,-17
9,898,221800,-2981,-15984,-1971,12,-11,-16
9,899,221805,-3044,-16007,-1914,11,-14,-18
9,900,221810,-3033,-16051,-1837,10,-18,-18
9,901,221815,-3015,-16048,-1838,12,-24,-17
9,902,221820,-2988,-16048,-1917,8,-27,-14
9,903,221825,-2914,-16064,-1932,5,-26,-16
9,904,221830,-2946,-16083,-1871,2,-26,-15
9,905,221835,-3044,-16073,-1867,2,-31,-15
9,906,221840,-3067,-16072,-1766,3,-33,-16
9,907,221845,-3051,-16101,-1792,4,-41,-16
9,908,221850,-3085,-16132,-1834,2,-46,-15
9,909,221855,-3069,-16109,-1877,1,-47,-13
9,910,221860,-3078,-16091,-1857,0,-49,-12
9,911,221865,-3041,-16068,-1858,-4,-46,-11
9,912,221870,-3077,-16060,-1899,-1,-44,-10
9,913,221875,-3097,-16089,-1982,-2,-41,-12
9,914,221880,-3091,-16060,-2030,-3,-36,-11
9,915,221885,-3042,-16046,-1986,-3,-30,-11
9,916,221890,-3060,-16038,-1981,-4,-23,-12
9,917,221895,-3055,-16025,-2041,-2,-17,-9
9,918,221900,-3108,-15993,-2075,-2,-11,-8
9,919,221905,-3171,-16013,-2017,-5,-9,-8
9,920,221910,-3198,-16045,-1920,-4,-11,-10
9,921,221915,-3147,-16024,-1908,-3,-16,-9
9,922,221920,-3100,-16040,-1926,-5,-14,-8
9,923,221925,-3105,-16021,-2042,-5,-7,-8
9,924,221930,-3088,-15974,-2030,-6,0,-10
9,925,221935,-3128,-16027,-1965,-7,4,-9
9,926,221940,-3098,-16032,-1885,-7,8,-10
9,927,221945,-3112,-16016,-1851,-5,8,-9
9,928,221950,-3066,-16048,-1903,-7,9,-6
9,929,221955,-3025,-16038,-1902,-8,4,-5
9,930,221960,-3084,-16073,-1879,-7,4,-7
9,931,221965,-3091,-16071,-1818,-9,2,-7
9,932,221970,-3093,-16063,-1779,-11,-6,-6
9,933,221975,-3068,-16075,-1790,-10,-11,-4
9,934,221980,-3074,-16106,-1845,-11,-16,-7
9,935,221985,-3021,-16078,-1890,-11,-17,-4
9,936,221990,-3030,-16033,-1883,-15,-18,-4
9,937,221995,-3050,-16033,-1887,-14,-18,-4
9,938,222000,-3055,-16054,-1897,-17,-14,-3
9,939,222005,-3093,-16069,-1913,-17,-13,-4
9,940,222010,-3079,-16127,-1938,-15,-9,-4
9,941,222015,-3131,-16061,-1868,-15,-10,-2
9,942,222020,-3096,-16030,-1901,-18,-5,0
9,943,222025,-3070,-15989,-1976,-19,6,-4
9,944,222030,-3059,-15986,-1946,-17,6,-1
9,945,222035,-3092,-16035,-1895,-19,4,0
9,946,222040,-3131,-16014,-1873,-20,-1,-3
9,947,222045,-3110,-15964,-1927,-20,-4,-5
9,948,222050,-3079,-15956,-1975,-20,-6,-3
9,949,222055,-3070,-15969,-2005,-19,-8,-3
9,950,222060,-3071,-15942,-2006,-19,-5,-4
9,951,222065,-3081,-15950,-2045,-21,-7,-5
9,952,222070,-3121,-15966,-1939,-18,-8,-4
9,953,222075,-3116,-15973,-1854,-19,-8,-4
9,954,222080,-3057,-15977,-1877,-19,-7,-5
9,955,222085,-3060,-16002,-1897,-20,-4,-3
9,956,222090,-3093,-15993,-1928,-22,-1,-2
9,957,222095,-3115,-16046,-1843,-18,1,-4
9,958,222100,-3129,-16058,-1818,-20,-2,-4
9,959,222105,-3114,-16084,-1812,-23,-4,-2
9,960,222110,-3087,-16161,-1834,-23,-5,-3
9,961,222115,-3011,-16126,-1861,-22,-8,-3
9,962,222120,-3039,-16073,-1903,-22,-5,-6
9,963,222125,-3140,-16086,-1898,-24,-1,-6
9,964,222130,-3177,-16078,-1887,-21,0,-6
9,965,222135,-3087,-16049,-1877,-21,4,-5
9,966,222140,-3008,-16081,-1898,-24,8,-5
9,967,222145,-2999,-16105,-1955,-22,6,-7
9,968,222150,-3044,-16078,-1929,-22,2,-6
9,969,222155,-3116,-16007,-1880,-23,-5,-3
9,970,222160,-3112,-15998,-1889,-24,-9,-6
9,971,222165,-3061,-15988,-1913,-23,-12,-6
9,972,222170,-3069,-16038,-1963,-21,-16,-6
9,973,222175,-3072,-16040,-2017,-21,-15,-5
9,974,222180,-3041,-15983,-1986,-20,-12,-7
9,975,222185,-3025,-15968,-1979,-18,-7,-6
9,976,222190,-3006,-15945,-1945,-17,0,-5
9,977,222195,-3066,-15972,-1984,-20,7,-8
9,978,222200,-3106,-15932,-1985,-18,10,-8
9,979,222205,-3055,-15946,-1930,-19,11,-6
9,980,222210,-3041,-15925,-1970,-19,14,-9
9,981,222215,-3041,-15905,-1991,-17,16,-7
9,982,222220,-3057,-15933,-1932,-18,18,-4
9,983,222225,-3076,-15929,-1904,-17,15,-8
9,984,222230,-3053,-15937,-1885,-15,10,-7
9,985,222235,-3068,-15978,-1861,-15,6,-5
9,986,222240,-3071,-16044,-1840,-14,-1,-6
9,987,222245,-3035,-16013,-1912,-13,-7,-5
9,988,222250,-3001,-16033,-1929,-15,-7,-6
9,989,222255,-3000,-16064,-1908,-17,-5,-7
9,990,222260,-3017,-15974,-1868,-14,-4,-9
9,991,222265,-3046,-16042,-1796,-13,-2,-8
9,992,222270,-3099,-16056,-1797,-12,-5,-5
9,993,222275,-3113,-16103,-1874,-15,-11,-5
9,994,222280,-3107,-16099,-1906,-13,-14,-8
9,995,222285,-3015,-16046,-1931,-13,-12,-7
9,996,222290,-3037,-16004,-1988,-15,-10,-5
9,997,222295,-3060,-15978,-2024,-14,-3,-7
9,998,222300,-3084,-15960,-2039,-11,1,-7
9,999,222305,-3141,-15961,-1983,-8,4,-8
10,0,226860,-3007,-15890,-2080,-10,-5,-13
10,1,226865,-2953,-15942,-2104,-9,-7,-14
10,2,226870,-2971,-15923,-2043,-10,-8,-13
10,3,226875,-2937,-15943,-2034,-9,-12,-11
10,4,226880,-2935,-15948,-2063,-8,-14,-11
10,5,226885,-2929,-15947,-2014,-6,-13,-13
10,6,226890,-2930,-15974,-2020,-7,-10,-12
10,7,226895,-2906,-16045,-1970,-5,-8,-12
10,8,226900,-2938,-16074,-1930,-8,-3,-13
10,9,226905,-2919,-16087,-1888,-8,-3,-11
10,10,226910,-2942,-16111,-1851,-5,-3,-11
10,11,226915,-2946,-16094,-1900,-5,-6,-11
10,12,226920,-2890,-16106,-1917,-6,-8,-10
10,13,226925,-2871,-16131,-1912,-5,-7,-12
10,14,226930,-2864,-16126,-1917,-7,-5,-14
10,15,226935,-2867,-16130,-1929,-5,-3,-11
10,16,226940,-2911,-16064,-1917,-6,-1,-9
10,17,226945,-2890,-16075,-1897,-8,-1,-8
10,18,226950,-2851,-16104,-1953,-6,-6,-8
10,19,226955,-2873,-16074,-1919,-5,-12,-9
10,20,226960,-2922,-16068,-1974,-4,-18,-9
10,21,226965,-2943,-16022,-1982,-3,-24,-7
10,22,226970,-2989,-16016,-1972,-2,-30,-8
10,23,226975,-2970,-15996,-1990,-3,-35,-9
10,24,226980,-3014,-15987,-1984,1,-33,-9
10,25,226985,-2999,-15995,-2010,0,-29,-7
10,26,226990,-2991,-16011,-2020,2,-25,-7
10,27,226995,-3026,-16027,-2025,1,-25,-8
10,28,227000,-3006,-16062,-1984,3,-23,-8
10,29,227005,-3000,-16068,-1940,4,-22,-8
10,30,227010,-3015,-16094,-1927,2,-22,-9
10,31,227015,-2996,-16065,-1961,3,-19,-8
10,32,227020,-2967,-16081,-2002,3,-18,-8
10,33,227025,-2987,-16060,-1965,3,-14,-7
10,34,227030,-2963,-16069,-1908,5,-11,-6
10,35,227035,-3013,-16059,-1877,3,-13,-10
10,36,227040,-3039,-16072,-1827,3,-18,-10
10,37,227045,-3078,-16043,-1837,7,-22,-10
10,38,227050,-3019,-16083,-1898,7,-28,-10
10,39,227055,-2994,-16084,-1939,7,-30,-7
10,40,227060,-3034,-16071,-1951,7,-33,-6
10,41,227065,-3072,-16023,-1929,7,-32,-9
10,42,227070,-3086,-16045,-1962,7,-27,-9
10,43,227075,-3026,-16064,-1984,10,-21,-7
10,44,227080,-3054,-16023,-1996,8,-15,-9
10,45,227085,-3013,-16042,-1991,9,-8,-10
10,46,227090,-2995,-16011,-1969,10,-3,-4
10,47,227095,-3042,-15985,-2000,10,-2,-8
10,48,227100,-2989,-16004,-1963,11,0,-8
10,49,227105,-2962,-16027,-1916,10,0,-9
10,50,227110,-2985,-16042,-1922,11,-6,-6
10,51,227115,-2998,-16013,-1934,13,-11,-7
10,52,227120,-2967,-15983,-1935,11,-10,-6
10,53,227125,-3023,-15951,-1947,9,-15,-9
10,54,227130,-3025,-15908,-1948,11,-19,-11
10,55,227135,-3027,-15937,-1890,9,-23,-10
10,56,227140,-3005,-15966,-1933,11,-27,-8
10,57,227145,-2951,-15942,-2001,12,-29,-8
10,58,227150,-2959,-15962,-2024,12,-27,-8
10,59,227155,-2988,-15944,-2011,13,-24,-7
10,60,227160,-3039,-15974,-1956,12,-24,-8
10,61,227165,-3014,-15983,-1922,14,-24,-8
10,62,227170,-2999,-15993,-2031,12,-24,-10
10,63,227175,-2997,-16016,-1968,13,-19,-7
10,64,227180,-3049,-15972,-1992,11,-17,-8
10,65,227185,-3036,-15980,-1985,15,-12,-8
10,66,227190,-2996,-16017,-1958,14,-5,-7
10,67,227195,-2965,-15989,-1990,14,-3,-7
10,68,227200,-3012,-15998,-2013,15,-1,-6
10,69,227205,-2994,-16016,-1950,14,-1,-7
10,70,227210,-2992,-16032,-1904,14,-4,-9
10,71,227215,-2990,-16022,-1892,17,-4,-7
10,72,227220,-2980,-16016,-1896,17,-6,-6
10,73,227225,-2975,-16000,-1894,12,-10,-6
10,74,227230,-3019,-15988,-1936,11,-14,-5
10,75,227235,-3017,-16006,-1908,13,-15,-6
10,76,227240,-2981,-16020,-1875,12,-18,-6
10,77,227245,-2940,-16027,-1863,13,-17,-2
10,78,227250,-2932,-16050,-1845,14,-15,-3
10,79,227255,-2964,-16071,-1931,12,-10,-7
10,80,227260,-2948,-16040,-1937,13,-8,-5
10,81,227265,-2955,-16061,-1883,13,-5,-4
10,82,227270,-2942,-16079,-1825,10,-2,-4
10,83,227275,-2927,-16080,-1827,10,-9,-1
10,84,227280,-2944,-16075,-1808,11,-12,-1
10,85,227285,-2989,-16078,-1820,9,-19,-3
10,86,227290,-3018,-16131,-1824,7,-24,-1
10,87,227295,-3022,-16131,-1836,9,-30,-1
10,88,227300,-2973,-16117,-1887,9,-34,0
10,89,227305,-3003,-16114,-1910,9,-35,0
10,90,227310,-3063,-16092,-1936,9,-36,-2
10,91,227315,-3057,-16109,-2016,8,-38,-3
10,92,227320,-3123,-16101,-2018,10,-39,-4
10,93,227325,-3118,-16134,-2016,9,-40,-2
10,94,227330,-3087,-16114,-1989,7,-36,0
10,95,227335,-3079,-16061,-2061,8,-29,-4
10,96,227340,-3082,-16039,-2137,9,-17,-2
10,97,227345,-3076,-16061,-2185,11,-3,0
10,98,227350,-3125,-16083,-2078,10,10,-2
10,99,227355,-3048,-16024,-2055,10,21,-3
10,100,227360,-3025,-16044,-1947,10,26,-3
10,101,227365,-2989,-16060,-1913,12,29,-3
10,102,227370,-2988,-16061,-1939,11,30,-4
10,103,227375,-2972,-16059,-1898,12,22,-3
10,104,227380,-2979,-16039,-1841,12,13,-1
10,105,227385,-2949,-16032,-1831,10,6,0
10,106,227390,-2894,-16082,-1852,9,-2,-1
10,107,227395,-2872,-16076,-1914,11,-10,0
10,108,227400,-2940,-16067,-1867,11,-11,1
10,109,227405,-2971,-16086,-1858,6,-13,-3
10,110,227410,-2975,-16080,-1921,6,-18,-4
10,111,227415,-2968,-16057,-1945,5,-20,0
10,112,227420,-2943,-16107,-1926,8,-20,1
10,113,227425,-2992,-16099,-1935,6,-16,1
10,114,227430,-2992,-16076,-1956,4,-14,1
10,115,227435,-3008,-16094,-1922,4,-8,-1
10,116,227440,-3008,-16096,-1921,3,-1,1
10,117,227445,-3010,-16086,-1904,4,1,-1
10,118,227450,-3026,-16060,-1914,4,4,1
10,119,227455,-3029,-16049,-1890,4,4,1
10,120,227460,-3048,-16032,-1939,2,1,1
10,121,227465,-3026,-16048,-1939,4,-2,-2
10,122,227470,-2996,-16043,-1899,6,-5,-1
10,123,227475,-3013,-16033,-1915,0,-10,-1
10,124,227480,-3036,-16024,-1913,1,-13,-2
10,125,227485,-3016,-16020,-1911,1,-14,-2
10,126,227490,-3002,-15994,-1952,-2,-18,-1
10,127,227495,-2987,-15985,-1995,1,-19,-2
10,128,227500,-2997,-15959,-2025,2,-15,-2
10,129,227505,-2999,-15966,-2025,1,-11,-1
10,130,227510,-2997,-15953,-2051,-1,-5,-1
10,131,227515,-2970,-15959,-2069,1,1,-2
10,132,227520,-2967,-15977,-1989,1,8,-2
10,133,227525,-3003,-15984,-1955,0,9,-1
10,134,227530,-2998,-15969,-1945,-1,13,-1
10,135,227535,-3063,-16003,-1938,-1,10,-4
10,136,227540,-3016,-16072,-1783,-6,-5,-1
10,137,227545,-3044,-16070,-1847,-5,-12,-2
10,138,227550,-3055,-16057,-1937,-5,-16,-4
10,139,227555,-3045,-16056,-1941,-7,-22,-6
10,140,227560,-3031,-16048,-1955,-8,-21,-6
10,141,227565,-3025,-16052,-1897,-7,-20,-5
10,142,227570,-3025,-16051,-1972,-6,-14,-3
10,143,227575,-3026,-16085,-2058,-5,-8,-4
10,144,227580,-3046,-16087,-2009,-6,0,-6
10,145,227585,-3045,-16064,-2000,-7,6,-4
10,146,227590,-2984,-16093,-1959,-6,11,-4
10,147,227595,-2964,-16101,-1938,-6,21,-3
10,148,227600,-2907,-16062,-1968,-9,30,-5
10,149,227605,-2964,-16024,-1923,-9,35,-5
10,150,227610,-2988,-16025,-1857,-12,34,-3
10,151,227615,-2969,-16000,-1840,-12,27,-6
10,152,227620,-3022,-16061,-1777,-8,14,-5
10,153,227625,-2966,-16080,-1783,-11,1,-5
10,154,227630,-2943,-16085,-1859,-11,-14,-3
10,155,227635,-2977,-16043,-1886,-11,-30,-5
10,156,227640,-2971,-16053,-1862,-14,-38,-5
10,157,227645,-2992,-16069,-1926,-14,-40,-6
10,158,227650,-2979,-16059,-2020,-10,-41,-3
10,159,227655,-2979,-16075,-2094,-11,-36,-4
10,160,227660,-2975,-16042,-2122,-11,-27,-6
10,161,227665,-3000,-16079,-2030,-11,-17,-5
10,162,227670,-3023,-16100,-1951,-12,-7,-5
10,163,227675,-3010,-16109,-1951,-15,5,-7
10,164,227680,-3043,-16097,-1989,-12,9,-6
10,165,227685,-3067,-16136,-1935,-12,16,-4
10,166,227690,-3054,-16120,-1869,-17,19,-7
10,167,227695,-3017,-16112,-1861,-13,19,-7
10,168,227700,-2982,-16073,-1874,-12,15,-5
10,169,227705,-3030,-16104,-1890,-13,15,-7
10,170,227710,-3063,-16078,-1879,-15,12,-8
10,171,227715,-3026,-16118,-1850,-11,4,-8
10,172,227720,-3029,-16107,-1893,-11,1,-7
10,173,227725,-2986,-16096,-1952,-11,0,-8
10,174,227730,-2949,-16044,-1964,-11,-2,-7
10,175,227735,-2967,-16066,-2055,-14,-2,-9
10,176,227740,-3024,-16033,-2054,-14,0,-10
10,177,227745,-2987,-16023,-2044,-11,-1,-7
10,178,227750,-2969,-16061,-2033,-9,0,-7
10,179,227755,-2991,-16026,-2106,-10,3,-10
10,180,227760,-2986,-16002,-2060,-12,5,-8
10,181,227765,-2991,-15979,-2072,-11,8,-6
10,182,227770,-2976,-15959,-2087,-12,14,-6
10,183,227775,-2948,-15967,-2098,-10,22,-5
10,184,227780,-2926,-15964,-2097,-5,29,-7
10,185,227785,-2910,-15983,-2042,-6,32,-6
10,186,227790,-2877,-15943,-2002,-7,32,-7
10,187,227795,-2929,-15965,-1975,-7,29,-9
10,188,227800,-2901,-15970,-1934,-6,23,-5
10,189,227805,-2870,-15987,-1960,-6,17,-2
10,190,227810,-2891,-16044,-1951,-6,9,-4
10,191,227815,-2860,-16076,-1948,-7,3,-2
10,192,227820,-2856,-16064,-1975,-7,2,-4
10,193,227825,-2854,-16080,-2018,-7,2,-3
10,194,227830,-2888,-16051,-1979,-6,0,-2
10,195,227835,-2878,-16058,-1954,-5,0,-4
10,196,227840,-2914,-16099,-1919,-6,-2,-5
10,197,227845,-2910,-16138,-1892,-5,-1,-2
10,198,227850,-2913,-16129,-1941,-5,-1,-1
10,199,227855,-2904,-16121,-1951,-5,-4,-3
10,200,227860,-2885,-16122,-1976,-6,-4,-3
10,201,227865,-2902,-16079,-1969,-4,5,0
10,202,227870,-2912,-16097,-1958,-7,11,0
10,203,227875,-2929,-16092,-1928,-6,16,0
10,204,227880,-2965,-16069,-1984,-7,19,-4
10,205,227885,-2937,-16047,-1950,-8,21,-5
10,206,227890,-2954,-16033,-1992,-6,21,-1
10,207,227895,-2968,-16059,-1939,-6,16,-2
10,208,227900,-2955,-15997,-1941,-7,11,-3
10,209,227905,-2999,-15993,-1951,-7,8,-6
10,210,227910,-2978,-16006,-1987,-3,3,-2
10,211,227915,-2989,-16003,-1878,-5,3,-4
10,212,227920,-3041,-16045,-1846,-5,0,-8
10,213,227925,-3067,-16081,-1852,-3,-2,-10
10,214,227930,-3050,-16057,-1887,-5,-7,-5
10,215,227935,-2964,-16027,-1933,-2,-4,-4
10,216,227940,-2940,-16034,-1986,-6,-8,-8
10,217,227945,-3019,-16055,-1937,-11,-6,-11
10,218,227950,-3060,-16083,-1868,-6,-4,-11
10,219,227955,-3016,-16060,-1894,-5,-5,-10
10,220,227960,-2998,-16051,-1933,-6,-6,-12
10,221,227965,-2998,-16065,-1938,-6,-1,-12
10,222,227970,-3059,-16028,-1894,-7,-5,-15
10,223,227975,-3083,-16069,-1908,-7,-13,-15
10,224,227980,-3059,-16086,-1914,-8,-20,-14
10,225,227985,-3045,-16053,-1949,-6,-21,-14
10,226,227990,-3010,-16043,-1977,-7,-22,-16
10,227,227995,-3033,-16013,-2045,-8,-22,-17
10,228,228000,-3058,-16026,-2053,-5,-15,-16
10,229,228005,-3079,-16010,-2046,-4,-8,-15
10,230,228010,-3007,-15980,-2078,-2,-4,-16
10,231,228015,-3008,-15983,-2091,-4,1,-16
10,232,228020,-2971,-16013,-2080,-3,3,-18
10,233,228025,-2971,-15966,-2107,-1,3,-21
10,234,228030,-2966,-15972,-2056,-2,7,-17
10,235,228035,-2970,-15969,-2025,-2,8,-15
10,236,228040,-2974,-15976,-2027,0,12,-15
10,237,228045,-2975,-15969,-2006,-1,16,-17
10,238,228050,-2950,-15984,-1935,-3,18,-20
10,239,228055,-2934,-16023,-1905,-2,18,-18
10,240,228060,-2905,-16047,-1924,-4,15,-18
10,241,228065,-2848,-15997,-1909,-2,13,-19
10,242,228070,-2872,-16025,-1922,-2,11,-18
10,243,228075,-2825,-16009,-1940,-2,6,-18
10,244,228080,-2849,-16004,-1971,-3,2,-18
10,245,228085,-2860,-15974,-1979,-3,-1,-17
10,246,228090,-2851,-15986,-1939,-3,-6,-15
10,247,228095,-2864,-15984,-1982,-3,-10,-17
10,248,228100,-2866,-15978,-2052,-3,-15,-15
10,249,228105,-2858,-15952,-2043,-3,-15,-15
10,250,228110,-2836,-15951,-2096,-4,-15,-14
10,251,228115,-2859,-15934,-2105,-3,-12,-13
10,252,228120,-2859,-15927,-2064,-2,-10,-14
10,253,228125,-2845,-15944,-2043,-3,-11,-15
10,254,228130,-2905,-15934,-2071,-2,-10,-14
10,255,228135,-2901,-15933,-2105,-3,-12,-14
10,256,228140,-2873,-15959,-2059,-2,-11,-15
10,257,228145,-2920,-15947,-2088,1,-12,-15
10,258,228150,-2927,-15974,-2090,1,-8,-14
10,259,228155,-2937,-15998,-2063,-1,-7,-10
10,260,228160,-2911,-16011,-2071,-1,-6,-12
10,261,228165,-2914,-16021,-2118,1,-2,-12
10,262,228170,-2934,-15998,-2151,2,5,-10
10,263,228175,-2903,-15950,-2139,1,10,-11
10,264,228180,-2904,-15966,-2092,1,10,-8
10,265,228185,-2903,-15993,-2065,2,10,-7
10,266,228190,-2915,-16010,-2057,3,6,-9
10,267,228195,-2904,-15979,-2052,2,3,-12
10,268,228200,-2941,-15968,-2011,3,-2,-7
10,269,228205,-2931,-15972,-2057,3,-6,-10
10,270,228210,-2934,-16020,-2060,2,-12,-12
10,271,228215,-2909,-16026,-2027,2,-15,-7
10,272,228220,-2939,-16039,-2013,4,-14,-9
10,273,228225,-2953,-16061,-1971,3,-13,-8
10,274,228230,-2953,-16080,-2018,4,-9,-9
10,275,228235,-2924,-16078,-2124,7,-7,-10
10,276,228240,-2938,-16039,-2036,5,-3,-7
10,277,228245,-2948,-16018,-2017,3,-2,-6
10,278,228250,-2955,-16071,-2029,4,2,-6
10,279,228255,-2988,-16086,-2045,5,2,-8
10,280,228260,-2964,-16098,-2071,6,3,-5
10,281,228265,-2945,-16058,-2047,6,7,-5
10,282,228270,-2990,-16073,-2008,4,8,-6
10,283,228275,-2973,-16130,-2033,2,13,-10
10,284,228280,-2988,-16090,-2057,3,16,-10
10,285,228285,-3011,-16071,-2019,5,18,-9
10,286,228290,-2946,-16117,-2016,3,23,-10
10,287,228295,-2960,-16084,-1971,4,23,-9
10,288,228300,-2990,-16051,-1966,3,23,-11
10,289,228305,-2974,-16044,-2001,3,21,-11
10,290,228310,-2966,-16033,-1989,5,13,-10
10,291,228315,-2907,-16027,-1936,3,8,-8
10,292,228320,-2912,-16022,-1934,2,2,-8
10,293,228325,-2908,-16042,-1921,2,-6,-7
10,294,228330,-2947,-16034,-1934,3,-12,-9
10,295,228335,-2934,-16073,-1988,2,-17,-10
10,296,228340,-2896,-16046,-2030,3,-22,-8
10,297,228345,-2895,-16081,-1955,1,-22,-10
10,298,228350,-2940,-16082,-1990,0,-20,-9
10,299,228355,-2970,-16057,-2017,2,-15,-6
10,300,228360,-2954,-16055,-2034,3,-11,-4
10,301,228365,-2934,-16101,-2022,2,0,-6
10,302,228370,-2922,-16143,-1963,1,9,-9
10,303,228375,-2912,-16108,-1957,2,11,-7
10,304,228380,-2925,-16104,-1933,4,16,-7
10,305,228385,-2938,-16111,-1933,1,20,-7
10,306,228390,-2972,-16065,-1905,-1,16,-7
10,307,228395,-2949,-16064,-1850,0,7,-8
10,308,228400,-2912,-16069,-1845,1,-2,-10
10,309,228405,-2900,-16020,-1871,0,-6,-6
10,310,228410,-2914,-16004,-1903,-3,-16,-7
10,311,228415,-2925,-15975,-1952,-3,-24,-6
10,312,228420,-2910,-15961,-1941,-3,-29,-5
10,313,228425,-2883,-16001,-1959,0,-35,-5
10,314,228430,-2892,-15976,-1992,1,-42,-6
10,315,228435,-2933,-15951,-1996,-1,-46,-5
10,316,228440,-2978,-15967,-2081,2,-48,-6
10,317,228445,-2905,-15959,-2139,2,-47,-4
10,318,228450,-2885,-15998,-2122,0,-42,-1
10,319,228455,-2854,-15994,-2106,0,-33,-1
10,320,228460,-2853,-16013,-2187,5,-26,-4
10,321,228465,-2848,-16029,-2225,7,-15,-2
10,322,228470,-2834,-15933,-2230,7,-4,-1
10,323,228475,-2851,-15949,-2132,8,5,0
10,324,228480,-2824,-15954,-2048,7,15,0
10,325,228485,-2826,-15917,-2099,9,26,0
10,326,228490,-2819,-15854,-2041,10,31,1
10,327,228495,-2823,-15848,-2063,8,34,1
10,328,228500,-2889,-15867,-1922,10,38,0
10,329,228505,-2818,-15862,-1886,11,33,5
10,330,228510,-2842,-15811,-1918,13,19,6
10,331,228515,-2828,-15786,-1920,12,7,6
10,332,228520,-2837,-15764,-1945,11,-8,6
10,333,228525,-2881,-15765,-1957,12,-20,8
10,334,228530,-2865,-15784,-1958,10,-32,10
10,335,228535,-2838,-15761,-1922,10,-39,9
10,336,228540,-2861,-15721,-1970,10,-46,9
10,337,228545,-2952,-15735,-1943,11,-52,9
10,338,228550,-2958,-15730,-1959,9,-60,9
10,339,228555,-3020,-15690,-1926,11,-72,14
10,340,228560,-2993,-15748,-1944,10,-81,15
10,341,228565,-2991,-15779,-1963,9,-94,16
10,342,228570,-3018,-15834,-2046,8,-103,19
10,343,228575,-3056,-15866,-2192,7,-106,19
10,344,228580,-3094,-15908,-2304,9,-102,18
10,345,228585,-3107,-15895,-2315,11,-91,20
10,346,228590,-3178,-15852,-2401,14,-67,19
10,347,228595,-3300,-15909,-2599,18,-26,22
10,348,228600,-3129,-15924,-2815,18,23,31
10,349,228605,-2920,-15950,-2665,24,90,34
10,350,228610,-3125,-15714,-2418,26,163,33
10,351,228615,-3474,-15926,-2541,30,230,27
10,352,228620,-4004,-15825,-2971,38,279,26
10,353,228625,-3116,-16002,-2976,37,322,47
10,354,228630,-2431,-15885,-2567,38,381,57
10,355,228635,-2506,-16065,-1771,35,433,59
10,356,228640,-3319,-15751,-1587,33,428,43
10,357,228645,-3614,-15577,-1821,33,330,65
10,358,228650,-3022,-15721,-1393,23,274,84
10,359,228655,-2865,-15937,-1118,16,218,86
10,360,228660,-3263,-16058,-1001,12,157,76
10,361,228665,-3706,-15902,-1438,8,71,76
10,362,228670,-3890,-15863,-1828,2,-3,84
10,363,228675,-3810,-15987,-1793,2,-53,96
10,364,228680,-3572,-16153,-1718,-5,-88,103
10,365,228685,-3575,-16200,-2001,-7,-106,102
10,366,228690,-3812,-16156,-2428,-4,-96,100
10,367,228695,-4100,-16107,-2944,-4,-66,105
10,368,228700,-4050,-16144,-3059,-9,-9,116
10,369,228705,-3795,-16162,-2896,-8,57,125
10,370,228710,-3533,-16216,-2697,-3,132,130
10,371,228715,-3626,-16242,-2888,2,197,131
10,372,228720,-3820,-16199,-2889,5,260,135
10,373,228725,-3891,-16154,-2818,2,316,148
10,374,228730,-3759,-16141,-2476,0,362,157
10,375,228735,-3412,-16167,-2094,-1,389,165
10,376,228740,-3238,-16185,-1924,-2,402,173
10,377,228745,-3458,-16162,-1835,-4,399,175
10,378,228750,-3646,-16143,-1791,-10,373,183
10,379,228755,-3478,-16094,-1640,-14,331,193
10,380,228760,-3208,-16052,-1518,-19,283,207
10,381,228765,-3101,-16197,-1419,-23,233,216
10,382,228770,-3135,-16118,-1519,-28,182,217
10,383,228775,-3307,-16062,-1705,-34,132,231
10,384,228780,-3403,-16017,-1803,-40,92,236
10,385,228785,-3274,-16010,-1714,-47,61,246
10,386,228790,-3134,-16059,-1904,-52,33,262
10,387,228795,-3166,-15963,-1938,-55,27,267
10,388,228800,-3296,-16001,-2082,-59,26,276
10,389,228805,-3415,-15890,-2529,-69,36,280
10,390,228810,-3514,-15835,-2359,-70,67,296
10,391,228815,-3592,-15858,-1955,-66,80,309
10,392,228820,-3462,-15850,-2275,-66,60,319
10,393,228825,-3406,-15744,-2546,-70,79,324
10,394,228830,-3629,-15790,-2424,-75,120,331
10,395,228835,-3917,-15709,-2395,-80,138,336
10,396,228840,-3952,-15731,-2786,-82,153,348
10,397,228845,-3813,-15740,-2002,-79,203,362
10,398,228850,-3559,-15751,-2214,-87,188,368
10,399,228855,-3637,-15821,-2134,-92,197,375
10,400,228860,-3836,-15761,-2096,-91,190,380
10,401,228865,-4073,-15796,-1910,-96,168,388
10,402,228870,-3920,-15664,-2011,-103,137,394
10,403,228875,-3734,-15742,-2238,-109,120,407
10,404,228880,-3754,-15737,-2223,-115,118,416
10,405,228885,-3914,-15772,-2342,-117,112,424
10,406,228890,-4026,-15733,-2466,-122,104,432
10,407,228895,-4012,-15702,-2620,-125,102,438
10,408,228900,-3959,-15684,-2650,-127,111,449
10,409,228905,-3979,-15720,-2804,-128,134,455
10,410,228910,-4165,-15691,-2650,-129,164,461
10,411,228915,-4229,-15623,-2741,-136,175,470
10,412,228920,-4190,-15565,-2700,-138,190,476
10,413,228925,-4214,-15605,-2649,-139,197,484
10,414,228930,-4315,-15676,-2419,-144,202,491
10,415,228935,-4447,-15652,-2342,-148,190,494
10,416,228940,-4487,-15604,-2442,-149,165,504
10,417,228945,-4524,-15562,-2590,-156,146,508
10,418,228950,-4563,-15585,-2483,-161,130,517
10,419,228955,-4591,-15599,-2464,-167,108,522
10,420,228960,-4572,-15608,-2500,-171,85,522
10,421,228965,-4714,-15585,-2586,-172,68,526
10,422,228970,-4810,-15565,-2774,-175,64,529
10,423,228975,-4911,-15552,-2947,-175,57,532
10,424,228980,-4885,-15547,-3041,-178,61,538
10,425,228985,-4834,-15566,-3041,-180,71,539
10,426,228990,-4849,-15542,-3059,-183,85,541
10,427,228995,-4899,-15501,-3009,-187,93,543
10,428,229000,-4938,-15449,-2948,-185,96,541
10,429,229005,-5091,-15401,-2861,-187,91,542
10,430,229010,-5324,-15441,-3121,-189,61,545
10,431,229015,-5015,-15251,-4047,-188,58,551
10,432,229020,-5033,-15904,-3768,-188,185,559
10,433,229025,-5432,-15213,-2438,-189,256,515
10,434,229030,-5625,-15279,-2678,-190,157,545
10,435,229035,-5175,-15859,-3341,-193,87,567
10,436,229040,-5096,-15426,-3766,-198,128,538
10,437,229045,-5162,-15558,-3483,-186,221,535
10,438,229050,-5465,-15427,-2916,-179,282,520
10,439,229055,-5433,-15370,-3104,-181,277,519
10,440,229060,-5206,-15452,-3182,-182,276,526
10,441,229065,-5146,-15498,-2698,-185,291,524
10,442,229070,-5223,-15436,-2515,-190,267,512
10,443,229075,-5299,-15397,-2480,-195,218,508
10,444,229080,-5245,-15315,-2435,-198,155,503
10,445,229085,-5183,-15205,-2236,-200,80,499
10,446,229090,-5203,-15316,-2137,-205,7,497
10,447,229095,-5427,-15321,-2075,-207,-72,486
10,448,229100,-5708,-15343,-2303,-207,-159,480
10,449,229105,-5717,-15332,-2667,-208,-241,472
10,450,229110,-5375,-15257,-3078,-209,-297,470
10,451,229115,-5035,-15288,-3424,-207,-290,469
10,452,229120,-5083,-15403,-3755,-201,-241,463
10,453,229125,-5285,-15447,-3985,-196,-168,448
10,454,229130,-5547,-15365,-4002,-185,-82,441
10,455,229135,-5480,-15326,-4060,-183,2,436
10,456,229140,-5367,-15280,-4431,-182,112,434
10,457,229145,-5548,-15443,-2813,-169,269,425
10,458,229150,-5596,-15027,-2708,-162,257,407
10,459,229155,-5447,-15438,-2954,-166,211,421
10,460,229160,-5398,-15309,-3099,-166,198,397
10,461,229165,-5512,-15310,-2743,-165,210,387
10,462,229170,-5456,-15282,-2652,-159,197,382
10,463,229175,-5356,-15295,-2439,-162,182,372
10,464,229180,-5387,-15220,-2407,-162,142,353
10,465,229185,-5513,-15225,-2443,-162,77,348
10,466,229190,-5527,-15141,-2440,-165,-5,338
10,467,229195,-5511,-15116,-2551,-163,-78,333
10,468,229200,-5494,-15090,-2887,-158,-128,323
10,469,229205,-5459,-15102,-3299,-155,-144,313
10,470,229210,-5400,-15016,-3729,-154,-127,298
10,471,229215,-5498,-14972,-3859,-144,-76,288
10,472,229220,-5447,-14984,-3912,-136,-7,279
10,473,229225,-5446,-14978,-3929,-130,66,271
10,474,229230,-5408,-14955,-3856,-122,130,259
10,475,229235,-5414,-14942,-3752,-116,188,245
10,476,229240,-5552,-14893,-3470,-107,227,234
10,477,229245,-5666,-14879,-3227,-103,241,227
10,478,229250,-5668,-14941,-3147,-101,238,219
10,479,229255,-5585,-14941,-3033,-96,224,206
10,480,229260,-5613,-14951,-2892,-93,207,192
10,481,229265,-5629,-14941,-2838,-92,183,178
10,482,229270,-5690,-14880,-2829,-88,149,163
10,483,229275,-5754,-14862,-2810,-83,112,147
10,484,229280,-5714,-14888,-2804,-79,68,135
10,485,229285,-5639,-14875,-2866,-76,19,124
10,486,229290,-5686,-14875,-2850,-74,-31,105
10,487,229295,-5729,-14819,-2990,-70,-81,91
10,488,229300,-5805,-14852,-3142,-65,-112,79
10,489,229305,-5799,-14841,-3284,-58,-131,63
10,490,229310,-5766,-14840,-3494,-53,-137,50
10,491,229315,-5739,-14849,-3696,-44,-117,37
10,492,229320,-5633,-14865,-3815,-35,-78,23
10,493,229325,-5584,-14855,-3934,-27,-26,6
10,494,229330,-5665,-14859,-4024,-18,32,-9
10,495,229335,-5706,-14845,-4060,-7,91,-27
10,496,229340,-5663,-14830,-3963,3,142,-37
10,497,229345,-5616,-14839,-3721,14,185,-50
10,498,229350,-5615,-14833,-3563,23,219,-64
10,499,229355,-5651,-14881,-3952,30,250,-82
10,500,229360,-5836,-14776,-2829,42,304,-105
10,501,229365,-5750,-14561,-3409,50,245,-117
10,502,229370,-5567,-14888,-3273,54,225,-116
10,503,229375,-5499,-14558,-3125,54,217,-153
10,504,229380,-5596,-14663,-2788,75,173,-185
10,505,229385,-5490,-14705,-2805,81,125,-204
10,506,229390,-5520,-14638,-2707,83,63,-224
10,507,229395,-5477,-14722,-2722,86,-6,-237
10,508,229400,-5457,-14687,-2747,91,-76,-252
10,509,229405,-5348,-14726,-3068,98,-134,-267
10,510,229410,-5243,-14734,-3349,101,-166,-284
10,511,229415,-5129,-14692,-3629,109,-164,-301
10,512,229420,-5028,-14784,-3834,121,-129,-314
10,513,229425,-5126,-14781,-3704,132,-75,-335
10,514,229430,-5086,-14845,-3708,141,-33,-351
10,515,229435,-5020,-14833,-3560,152,22,-369
10,516,229440,-5006,-14889,-3438,163,68,-381
10,517,229445,-5106,-14916,-3191,169,103,-396
10,518,229450,-5098,-14967,-3130,172,120,-415
10,519,229455,-4973,-15000,-3135,182,128,-428
10,520,229460,-4830,-15016,-2997,188,132,-438
10,521,229465,-4759,-15058,-2894,195,129,-454
10,522,229470,-4736,-15013,-2812,203,119,-472
10,523,229475,-4714,-15029,-2588,209,96,-487
10,524,229480,-4734,-15108,-2653,215,55,-501
10,525,229485,-4847,-15124,-2461,221,17,-516
10,526,229490,-4715,-15147,-2498,220,-29,-531
10,527,229495,-4535,-15140,-2630,227,-69,-542
10,528,229500,-4391,-15166,-2837,232,-89,-555
10,529,229505,-4297,-15220,-2992,234,-94,-568
10,530,229510,-4395,-15143,-2970,239,-94,-581
10,531,229515,-4332,-15208,-2925,244,-95,-595
10,532,229520,-4220,-15266,-2913,254,-92,-607
10,533,229525,-4053,-15271,-2792,260,-88,-618
10,534,229530,-4078,-15234,-2685,261,-94,-627
10,535,229535,-4202,-15288,-2713,263,-112,-639
10,536,229540,-4208,-15333,-2819,268,-136,-652
10,537,229545,-4015,-15257,-2787,268,-154,-656
10,538,229550,-3749,-15305,-2802,277,-178,-663
10,539,229555,-3771,-15332,-2523,277,-182,-677
10,540,229560,-3948,-15348,-2499,276,-203,-689
10,541,229565,-3993,-15390,-2435,286,-223,-696
10,542,229570,-3898,-15410,-2471,285,-245,-705
10,543,229575,-3809,-15515,-2247,288,-269,-712
10,544,229580,-3748,-15606,-2188,287,-304,-721
10,545,229585,-3793,-15572,-2185,288,-334,-732
10,546,229590,-3769,-15550,-2191,287,-366,-739
10,547,229595,-3795,-15689,-2303,285,-399,-748
10,548,229600,-3823,-15733,-2050,290,-433,-753
10,549,229605,-3713,-15910,-2377,290,-475,-758
10,550,229610,-3622,-15946,-2606,284,-486,-767
10,551,229615,-3757,-15857,-2213,279,-474,-777
10,552,229620,-3718,-16055,-2172,281,-481,-778
10,553,229625,-3701,-16059,-2581,287,-494,-788
10,554,229630,-3610,-16074,-2588,287,-488,-795
10,555,229635,-3680,-16111,-2288,282,-487,-797
10,556,229640,-3695,-16185,-2295,282,-504,-805
10,557,229645,-3670,-16185,-2294,280,-515,-811
10,558,229650,-3710,-16151,-2167,280,-520,-819
10,559,229655,-3828,-16249,-1977,278,-538,-823
10,560,229660,-3842,-16274,-2155,276,-569,-828
10,561,229665,-3743,-16350,-2194,274,-587,-830
10,562,229670,-3506,-16345,-2242,273,-592,-837
10,563,229675,-3422,-16335,-2380,272,-585,-841
10,564,229680,-3543,-16455,-2385,270,-572,-845
10,565,229685,-3556,-16379,-2233,267,-558,-853
10,566,229690,-3579,-16476,-2216,266,-551,-851
10,567,229695,-3674,-16535,-2142,264,-542,-853
10,568,229700,-3634,-16628,-2166,259,-539,-854
10,569,229705,-3432,-16530,-2359,258,-530,-864
10,570,229710,-3213,-16463,-2565,260,-494,-862
10,571,229715,-3244,-16441,-2620,260,-437,-856
10,572,229720,-3274,-16588,-2362,258,-382,-860
10,573,229725,-3161,-16569,-2400,252,-354,-866
10,574,229730,-3047,-16592,-2209,256,-325,-868
10,575,229735,-3088,-16634,-1984,253,-308,-866
10,576,229740,-3135,-16549,-1544,252,-298,-867
10,577,229745,-2957,-16535,-1484,244,-350,-857
10,578,229750,-2887,-16648,-1287,240,-381,-855
10,579,229755,-2977,-16696,-1366,232,-433,-854
10,580,229760,-3067,-16709,-1313,224,-479,-852
10,581,229765,-3044,-16686,-1624,215,-519,-851
10,582,229770,-2794,-16679,-1884,210,-530,-846
10,583,229775,-2587,-16641,-2024,206,-516,-841
10,584,229780,-2560,-16635,-2083,205,-486,-837
10,585,229785,-2645,-16613,-2232,203,-446,-837
10,586,229790,-2701,-16617,-2139,203,-401,-833
10,587,229795,-2804,-16625,-1484,199,-354,-825
10,588,229800,-2579,-16588,-1767,197,-331,-818
10,589,229805,-2530,-16709,-2467,194,-293,-808
10,590,229810,-2665,-16513,-324,169,-304,-807
10,591,229815,-2321,-16732,-1530,170,-463,-779
10,592,229820,-2508,-16927,-1984,165,-428,-786
10,593,229825,-2865,-16088,-2672,179,-312,-800
10,594,229830,-2441,-16733,-2349,178,-187,-764
10,595,229835,-2191,-16379,-1332,174,-156,-773
10,596,229840,-1916,-16640,-1220,163,-230,-759
10,597,229845,-2094,-16724,-952,148,-301,-746
10,598,229850,-2330,-16456,-1243,142,-347,-745
10,599,229855,-1407,-18904,-2874,147,-340,-727
10,600,229860,-19738,-5474,18040,179,-163,-750
10,601,229882,-32768,-8417,-5246,213,-3664,-1185
10,602,229883,-19620,-7371,-32696,317,-4601,-191
10,603,229884,-19620,-7371,-32696,317,-4601,-191
10,604,229885,-19620,-7371,-32696,317,-4601,-191
10,605,229886,-19620,-7371,-32696,317,-4601,-191
10,606,229890,13309,-13565,-30993,242,-1284,673
10,607,229895,27293,-25305,-9736,77,3426,436
10,608,229900,-7486,-20755,29223,255,5266,-383
10,609,229905,-21810,-13830,16673,493,2221,-580
10,610,229910,-16139,-11640,-12826,538,-226,-105
10,611,229915,4578,-14415,-18918,279,-347,120
10,612,229920,8633,-16762,2034,28,929,25
10,613,229925,1711,-17907,11520,131,1302,-118
10,614,229930,-7374,-17951,13639,336,1049,-170
10,615,229935,-7421,-14183,-5336,451,-54,-210
10,616,229940,-1464,-14247,-14563,276,-477,-85
10,617,229945,680,-15696,-1240,55,-147,28
10,618,229950,283,-17326,11037,42,5,19
10,619,229955,-1169,-16917,6162,189,-254,-57
10,620,229960,-2011,-16084,-6885,294,-470,-97
10,621,229965,-3605,-15671,-10835,213,-421,-65
10,622,229970,-3497,-15583,-3586,67,-264,-6
10,623,229975,-1180,-16418,4418,28,-167,67
10,624,229980,845,-17017,3748,128,-116,61
10,625,229985,-160,-17277,-3680,207,-95,6
10,626,229990,-3570,-16399,-6670,184,-51,-36
10,627,229995,-4792,-15958,-2545,88,-107,3
10,628,230000,-2173,-15885,1578,28,-225,64
10,629,230005,804,-16658,1454,68,-176,101
10,630,230010,242,-17193,-726,134,3,70
10,631,230015,-2862,-16884,-2006,145,24,19
10,632,230020,-4385,-16152,-1545,82,-203,17
10,633,230025,-2620,-15900,-868,11,-440,63
10,634,230030,-428,-16488,89,3,-422,106
10,635,230035,-347,-16921,196,47,-277,96
10,636,230040,-2092,-17027,-830,74,-241,70
10,637,230045,-3218,-16442,-2260,52,-382,54
10,638,230050,-2590,-16151,-2626,0,-497,79
10,639,230055,-1323,-16377,-1287,-25,-443,113
10,640,230060,-885,-16574,-176,-8,-304,118
10,641,230065,-1492,-16778,-891,23,-225,105
10,642,230070,-2295,-16501,-2290,32,-231,88
10,643,230075,-2430,-16289,-2541,2,-249,93
10,644,230080,-1911,-16317,-1476,-31,-222,113
10,645,230085,-1310,-16458,-455,-33,-162,128
10,646,230090,-1225,-16607,-746,-8,-104,127
10,647,230095,-1608,-16523,-1628,6,-71,112
10,648,230100,-1996,-16318,-2095,-6,-71,106
10,649,230105,-1852,-16285,-1733,-30,-79,118
10,650,230110,-1296,-16341,-1117,-47,-55,134
10,651,230115,-1164,-16531,-1070,-27,44,138
10,652,230120,-1600,-16355,-1177,-32,26,133
10,653,230125,-1784,-16220,-1215,-51,-39,136
10,654,230130,-1600,-16166,-957,-68,-71,150
10,655,230135,-1334,-16250,-776,-71,-60,155
10,656,230140,-1240,-16317,-792,-64,-40,153
10,657,230145,-1444,-16273,-1140,-61,-46,152
10,658,230150,-1649,-16229,-1447,-77,-72,153
10,659,230155,-1635,-16317,-1212,-92,-91,157
10,660,230160,-1461,-16131,-860,-98,-97,159
10,661,230165,-1303,-16331,-1019,-94,-90,170
10,662,230170,-1508,-16292,-1189,-88,-72,162
10,663,230175,-1727,-16295,-1294,-95,-69,164
10,664,230180,-1760,-16257,-1392,-106,-82,167
10,665,230185,-1662,-16157,-1151,-115,-76,170
10,666,230190,-1519,-16306,-1120,-118,-65,177
10,667,230195,-1594,-16290,-1225,-112,-42,174
10,668,230200,-1747,-16393,-1317,-114,-36,174
10,669,230205,-1874,-16374,-1337,-119,-40,172
10,670,230210,-1870,-16416,-1316,-126,-42,179
10,671,230215,-1884,-16428,-1373,-130,-25,180
10,672,230220,-1873,-16438,-1597,-128,14,180
10,673,230225,-1858,-16374,-1780,-125,66,183
10,674,230230,-1818,-16317,-1794,-127,126,181
10,675,230235,-1801,-16330,-1770,-129,175,180
10,676,230240,-1843,-16363,-1654,-131,220,185
10,677,230245,-1784,-16359,-1522,-130,265,188
10,678,230250,-1803,-16319,-1319,-130,291,187
10,679,230255,-1899,-16282,-1128,-132,296,187
10,680,230260,-1969,-16197,-1039,-135,276,187
10,681,230265,-1918,-16207,-907,-140,243,190
10,682,230270,-1909,-16189,-418,-144,200,189
10,683,230275,-1763,-16240,-907,-149,120,187
10,684,230280,-1807,-16235,-1286,-147,84,186
10,685,230285,-1959,-16234,-1063,-146,73,185
10,686,230290,-1955,-16323,-1086,-155,38,188
10,687,230295,-1915,-16278,-1114,-161,3,186
10,688,230300,-1861,-16247,-1350,-160,-20,188
10,689,230305,-1954,-16280,-1467,-159,-24,189
10,690,230310,-2026,-16260,-1378,-161,-17,192
10,691,230315,-1915,-16205,-1473,-164,-23,193
10,692,230320,-1822,-16263,-1514,-162,-13,196
10,693,230325,-1940,-16162,-1420,-159,3,187
10,694,230330,-2073,-16245,-1441,-157,7,191
10,695,230335,-2134,-16225,-1312,-154,17,192
10,696,230340,-2054,-16149,-1595,-156,10,188
10,697,230345,-2109,-16124,-1497,-159,26,191
10,698,230350,-2150,-16206,-1479,-154,37,194
10,699,230355,-2211,-16170,-1531,-152,44,191
10,700,230360,-2174,-16175,-1745,-149,53,193
10,701,230365,-2119,-16162,-1768,-147,82,188
10,702,230370,-2158,-16142,-1678,-143,117,186
10,703,230375,-2230,-16212,-1540,-145,142,187
10,704,230380,-2307,-16177,-1507,-141,155,186
10,705,230385,-2286,-16132,-1492,-136,165,186
10,706,230390,-2325,-16164,-1499,-138,172,186
10,707,230395,-2344,-16185,-1431,-137,175,186
10,708,230400,-2364,-16180,-1338,-133,171,184
10,709,230405,-2297,-16192,-1370,-133,161,182
10,710,230410,-2372,-16189,-1420,-131,156,179
10,711,230415,-2381,-16173,-1360,-129,149,177
10,712,230420,-2363,-16172,-1368,-128,145,179
10,713,230425,-2335,-16206,-1302,-128,142,178
10,714,230430,-2289,-16198,-1310,-126,140,177
10,715,230435,-2331,-16220,-1344,-124,132,174
10,716,230440,-2341,-16175,-1333,-123,124,171
10,717,230445,-2358,-16187,-1305,-122,112,170
10,718,230450,-2367,-16276,-1335,-119,100,168
10,719,230455,-2365,-16286,-1382,-117,85,171
10,720,230460,-2309,-16289,-1351,-118,73,170
10,721,230465,-2283,-16336,-1308,-115,62,165
10,722,230470,-2423,-16260,-1356,-114,57,163
10,723,230475,-2439,-16227,-1379,-111,51,163
10,724,230480,-2574,-16253,-1453,-105,46,160
10,725,230485,-2630,-16253,-1490,-101,45,162
10,726,230490,-2498,-16271,-1678,-101,55,157
10,727,230495,-2385,-16199,-1829,-95,76,154
10,728,230500,-2397,-16152,-1910,-91,107,154
10,729,230505,-2485,-16134,-1846,-90,139,154
10,730,230510,-2495,-16173,-1750,-85,168,151
10,731,230515,-2463,-16160,-1718,-79,189,152
10,732,230520,-2409,-16152,-1899,-75,208,152
10,733,230525,-2511,-16258,-1482,-70,243,149
10,734,230530,-2632,-16087,-1230,-69,228,144
10,735,230535,-2513,-16216,-1257,-74,180,155
10,736,230540,-2306,-16177,-1407,-71,154,151
10,737,230545,-2398,-16071,-1537,-64,152,144
10,738,230550,-2560,-16118,-1617,-59,145,142
10,739,230555,-2619,-16200,-1394,-60,139,140
10,740,230560,-2596,-16018,-1210,-62,114,135
10,741,230565,-2498,-16140,-1161,-59,77,145
10,742,230570,-2523,-16205,-1440,-54,41,137
10,743,230575,-2645,-16136,-1528,-53,17,134
10,744,230580,-2623,-16062,-1843,-51,-18,131
10,745,230585,-2550,-16077,-1902,-52,-22,133
10,746,230590,-2490,-16072,-1885,-49,-11,135
10,747,230595,-2417,-16128,-2045,-43,10,132
10,748,230600,-2419,-16087,-2108,-36,33,129
10,749,230605,-2475,-16157,-2475,-35,62,128
10,750,230610,-2567,-16041,-2055,-30,115,125
10,751,230615,-2542,-16084,-2041,-20,132,130
10,752,230620,-2484,-16074,-1997,-18,148,134
10,753,230625,-2519,-16029,-1811,-15,166,130
10,754,230630,-2591,-16049,-1881,-11,173,126
10,755,230635,-2662,-16048,-1652,-11,186,123
10,756,230640,-2641,-16028,-1484,-6,176,121
10,757,230645,-2574,-16114,-1344,-4,150,124
10,758,230650,-2613,-16182,-1362,-5,129,121
10,759,230655,-2675,-16129,-1330,-3,107,115
10,760,230660,-2718,-16142,-1348,-4,76,113
10,761,230665,-2734,-16121,-1450,-8,44,112
10,762,230670,-2849,-16131,-1435,-7,22,113
10,763,230675,-2882,-16185,-1610,-5,1,112
10,764,230680,-2794,-16137,-1784,-2,-8,112
10,765,230685,-2663,-16112,-1984,-2,-2,107
10,766,230690,-2612,-16081,-2156,1,23,104
10,767,230695,-2762,-16035,-2135,3,60,102
10,768,230700,-2835,-16039,-2048,10,89,99
10,769,230705,-2772,-15995,-2049,12,109,98
10,770,230710,-2690,-15956,-2251,16,128,97
10,771,230715,-2840,-16114,-1649,13,174,95
10,772,230720,-2986,-15855,-1486,14,158,85
10,773,230725,-2936,-16073,-1615,16,115,98
10,774,230730,-2805,-16011,-1804,17,93,89
10,775,230735,-2811,-15974,-1764,18,83,82
10,776,230740,-2884,-15971,-1690,16,66,84
10,777,230745,-2924,-15972,-1659,17,51,80
10,778,230750,-2872,-15934,-1693,22,39,73
10,779,230755,-2860,-15943,-1790,22,27,74
10,780,230760,-2894,-15949,-1852,20,20,73
10,781,230765,-2908,-16018,-1861,20,15,69
10,782,230770,-2854,-16036,-1937,22,11,69
10,783,230775,-2757,-16017,-2097,25,18,66
10,784,230780,-2745,-15967,-2384,27,42,64
10,785,230785,-2849,-16095,-2116,28,97,64
10,786,230790,-2905,-15874,-1749,28,120,57
10,787,230795,-2840,-16032,-1674,28,105,64
10,788,230800,-2755,-16009,-1878,28,90,57
10,789,230805,-2833,-15915,-1846,28,96,54
10,790,230810,-2859,-15941,-1856,33,100,55
10,791,230815,-2879,-15963,-1785,29,105,49
10,792,230820,-2831,-15780,-1594,30,98,43
10,793,230825,-2811,-15951,-1728,31,68,52
10,794,230830,-2924,-16001,-1713,27,57,44
10,795,230835,-2983,-15974,-1771,25,38,40
10,796,230840,-2991,-16037,-1809,24,11,44
10,797,230845,-2954,-15962,-1827,25,-2,38
10,798,230850,-3027,-15972,-2067,27,11,34
10,799,230855,-3041,-15946,-2148,26,29,28
10,800,230860,-2991,-15898,-2286,29,51,26
10,801,230865,-2979,-15917,-2269,31,79,25
10,802,230870,-2916,-15934,-2151,30,98,23
10,803,230875,-2941,-15946,-1894,31,109,23
10,804,230880,-2942,-15940,-1815,33,104,24
10,805,230885,-2932,-16003,-1864,31,89,19
10,806,230890,-2907,-15965,-1863,31,79,14
10,807,230895,-2933,-16018,-1670,28,72,16
10,808,230900,-2950,-16056,-1631,26,58,13
10,809,230905,-2975,-16080,-1688,26,41,11
10,810,230910,-2974,-16136,-1704,25,20,8
10,811,230915,-2944,-16079,-1800,24,3,5
10,812,230920,-2949,-16090,-1852,22,-8,5
10,813,230925,-2931,-16013,-1936,21,-9,6
10,814,230930,-2877,-16026,-2015,18,-1,0
10,815,230935,-2876,-16046,-2108,20,12,-2
10,816,230940,-2940,-16081,-2098,19,25,-2
10,817,230945,-2978,-16049,-1957,18,31,-4
10,818,230950,-2948,-16014,-1815,17,30,-5
10,819,230955,-2874,-16060,-1773,20,22,-3
10,820,230960,-2901,-16043,-1802,19,10,-3
10,821,230965,-2953,-16074,-1821,13,2,-7
10,822,230970,-2972,-16109,-1771,12,-9,-7
10,823,230975,-2988,-16101,-1774,11,-19,-10
10,824,230980,-3052,-16088,-1827,9,-26,-12
10,825,230985,-3048,-16097,-1823,10,-29,-14
10,826,230990,-3012,-16108,-1960,10,-27,-17
10,827,230995,-2964,-16161,-1977,9,-20,-21
10,828,231000,-2958,-16140,-1991,8,-9,-21
10,829,231005,-2937,-16135,-1971,10,1,-22
10,830,231010,-2937,-16111,-1957,7,12,-24
10,831,231015,-2979,-16100,-1970,6,22,-25
10,832,231020,-3023,-16157,-1903,6,29,-27
10,833,231025,-3004,-16142,-1894,5,35,-26
10,834,231030,-2977,-16118,-1868,4,40,-27
10,835,231035,-3009,-16152,-1859,5,43,-31
10,836,231040,-2969,-16133,-1901,1,43,-32
10,837,231045,-2930,-16133,-1913,1,41,-30
10,838,231050,-2902,-16107,-1898,4,33,-32
10,839,231055,-2896,-16100,-1835,-1,26,-35
10,840,231060,-2948,-16093,-1845,-4,19,-36
10,841,231065,-2971,-16084,-1833,-2,5,-40
10,842,231070,-2886,-16032,-1852,-2,-7,-40
10,843,231075,-2832,-16062,-1890,-3,-18,-38
10,844,231080,-2814,-16034,-1916,-8,-24,-40
10,845,231085,-2882,-16030,-1901,-6,-33,-41
10,846,231090,-2941,-16078,-1894,-7,-43,-45
10,847,231095,-2984,-16132,-1908,-9,-47,-47
10,848,231100,-2966,-16138,-1957,-11,-44,-46
10,849,231105,-2925,-16108,-1962,-12,-41,-49
10,850,231110,-2868,-16102,-2008,-8,-32,-47
10,851,231115,-2852,-16089,-2018,-10,-15,-46
10,852,231120,-2903,-16109,-2024,-9,0,-48
10,853,231125,-2991,-16096,-2023,-11,13,-49
10,854,231130,-3002,-16075,-1931,-11,22,-56
10,855,231135,-3011,-16084,-1882,-13,23,-57
10,856,231140,-2987,-16063,-1878,-10,18,-55
10,857,231145,-2955,-16063,-1883,-11,16,-55
10,858,231150,-2902,-16046,-1938,-11,16,-54
10,859,231155,-2897,-16036,-1890,-12,12,-56
10,860,231160,-2928,-16028,-1889,-15,11,-59
10,861,231165,-2889,-16026,-1834,-14,8,-60
10,862,231170,-2861,-16030,-1866,-13,2,-60
10,863,231175,-2819,-16055,-1921,-11,-2,-59
10,864,231180,-2812,-16059,-1916,-14,-5,-62
10,865,231185,-2864,-16073,-1841,-15,-13,-60
10,866,231190,-2881,-16097,-1801,-20,-23,-61
10,867,231195,-2859,-16120,-1785,-20,-33,-62
10,868,231200,-2811,-16101,-1851,-17,-38,-61
10,869,231205,-2790,-16047,-1961,-16,-40,-61
10,870,231210,-2825,-16054,-2026,-16,-41,-61
10,871,231215,-2854,-16036,-1903,-20,-37,-61
10,872,231220,-2869,-16085,-1849,-17,-36,-62
10,873,231225,-2904,-16121,-1861,-17,-37,-60
10,874,231230,-2896,-16110,-1958,-17,-36,-62
10,875,231235,-2815,-16102,-1983,-16,-30,-59
10,876,231240,-2860,-16070,-1985,-15,-19,-59
10,877,231245,-2847,-16074,-1868,-17,-11,-58
10,878,231250,-2878,-16085,-1819,-18,-9,-61
10,879,231255,-2897,-16123,-1848,-15,-8,-62
10,880,231260,-2861,-16149,-1865,-13,-4,-60
10,881,231265,-2828,-16126,-1897,-17,-3,-58
10,882,231270,-2822,-16132,-1881,-19,1,-61
10,883,231275,-2818,-16100,-1824,-19,2,-61
10,884,231280,-2827,-16130,-1772,-19,-6,-61
10,885,231285,-2819,-16116,-1836,-17,-15,-57
10,886,231290,-2802,-16096,-1870,-16,-24,-56
10,887,231295,-2747,-16119,-1794,-21,-32,-59
10,888,231300,-2764,-16144,-1722,-17,-45,-56
10,889,231305,-2812,-16104,-1751,-17,-54,-56
10,890,231310,-2806,-16087,-1842,-17,-58,-56
10,891,231315,-2791,-16131,-1922,-20,-61,-55
10,892,231320,-2733,-16098,-1963,-20,-63,-50
10,893,231325,-2717,-16111,-1922,-20,-56,-50
10,894,231330,-2718,-16113,-1912,-19,-48,-52
10,895,231335,-2737,-16069,-1955,-19,-37,-52
10,896,231340,-2788,-16086,-2006,-16,-32,-47
10,897,231345,-2785,-16048,-1940,-13,-26,-48
10,898,231350,-2811,-16094,-1848,-18,-27,-44
10,899,231355,-2839,-16038,-1772,-15,-29,-46
10,900,231360,-2799,-16081,-1799,-14,-33,-43
10,901,231365,-2801,-16050,-1849,-14,-39,-38
10,902,231370,-2817,-16057,-1889,-15,-40,-40
10,903,231375,-2804,-16043,-1830,-16,-45,-38
10,904,231380,-2816,-16035,-1778,-15,-51,-38
10,905,231385,-2812,-16101,-1774,-15,-58,-36
10,906,231390,-2854,-16109,-1834,-14,-67,-38
10,907,231395,-2852,-16110,-1897,-14,-71,-40
10,908,231400,-2889,-16105,-1915,-13,-73,-37
10,909,231405,-2810,-16070,-2024,-14,-69,-35
10,910,231410,-2808,-16103,-2088,-13,-61,-33
10,911,231415,-2797,-16082,-2062,-12,-51,-33
10,912,231420,-2783,-16066,-2081,-11,-41,-31
10,913,231425,-2789,-16046,-2008,-9,-31,-30
10,914,231430,-2809,-16053,-1974,-5,-24,-29
10,915,231435,-2787,-16065,-1918,-4,-18,-28
10,916,231440,-2769,-16072,-1959,-5,-16,-25
10,917,231445,-2736,-16029,-1937,-6,-19,-19
10,918,231450,-2795,-16068,-1883,-3,-26,-21
10,919,231455,-2788,-16116,-1857,-4,-33,-21
10,920,231460,-2789,-16068,-1852,-2,-39,-19
10,921,231465,-2783,-16064,-1857,0,-47,-19
10,922,231470,-2759,-16063,-1903,1,-49,-20
10,923,231475,-2777,-16088,-1968,2,-47,-17
10,924,231480,-2831,-16101,-1950,2,-44,-17
10,925,231485,-2855,-16186,-1865,1,-47,-17
10,926,231490,-2879,-16212,-1878,4,-48,-15
10,927,231495,-2850,-16156,-1909,4,-45,-14
10,928,231500,-2863,-16181,-2008,6,-40,-13
10,929,231505,-2848,-16170,-2044,5,-27,-10
10,930,231510,-2899,-16129,-2048,6,-17,-13
10,931,231515,-2911,-16158,-2024,7,-5,-11
10,932,231520,-2873,-16134,-1880,8,5,-11
10,933,231525,-2876,-16141,-1874,10,7,-8
10,934,231530,-2840,-16095,-1912,10,15,-10
10,935,231535,-2857,-16054,-1901,12,14,-10
10,936,231540,-2816,-16021,-1886,12,10,-8
10,937,231545,-2827,-16012,-1857,12,3,-8
10,938,231550,-2776,-16007,-1799,14,-4,-5
10,939,231555,-2776,-16023,-1779,9,-17,-7
10,940,231560,-2797,-16041,-1780,9,-26,-9
10,941,231565,-2773,-16077,-1878,12,-34,-4
10,942,231570,-2823,-16066,-1866,16,-41,-7
10,943,231575,-2853,-16067,-1857,11,-50,-7
10,944,231580,-2874,-16086,-1807,14,-56,-3
10,945,231585,-2865,-16118,-1936,14,-56,-2
10,946,231590,-2855,-16134,-1973,15,-47,-4
10,947,231595,-2827,-16149,-2034,15,-36,-2
10,948,231600,-2814,-16146,-1993,14,-20,0
10,949,231605,-2827,-16137,-1943,17,-6,-1
10,950,231610,-2899,-16171,-1880,21,5,-2
10,951,231615,-2874,-16146,-1908,20,13,0
10,952,231620,-2766,-16118,-1956,20,21,-2
10,953,231625,-2733,-16101,-1929,19,28,-1
10,954,231630,-2749,-16080,-1824,19,34,0
10,955,231635,-2732,-16046,-1760,18,37,1
10,956,231640,-2760,-16049,-1744,17,34,2
10,957,231645,-2743,-16043,-1748,19,27,1
10,958,231650,-2762,-16013,-1771,16,18,2
10,959,231655,-2790,-15990,-1778,17,6,2
10,960,231660,-2716,-15935,-1766,19,-8,4
10,961,231665,-2689,-15939,-1844,20,-22,6
10,962,231670,-2672,-15968,-1897,20,-33,5
10,963,231675,-2715,-15968,-1931,16,-38,7
10,964,231680,-2673,-15959,-1925,17,-41,6
10,965,231685,-2645,-15924,-1920,21,-41,6
10,966,231690,-2667,-15897,-1939,20,-41,8
10,967,231695,-2720,-15889,-1983,19,-37,6
10,968,231700,-2700,-15972,-1916,20,-34,7
10,969,231705,-2719,-15964,-1879,19,-35,11
10,970,231710,-2680,-15959,-1856,22,-38,13
10,971,231715,-2694,-15944,-1935,22,-39,11
10,972,231720,-2744,-15943,-1864,21,-44,12
10,973,231725,-2742,-15985,-1838,21,-45,12
10,974,231730,-2788,-16045,-1897,23,-46,12
10,975,231735,-2814,-16068,-1894,20,-44,11
10,976,231740,-2837,-16115,-1864,21,-43,13
10,977,231745,-2815,-16101,-1898,21,-37,11
10,978,231750,-2800,-16088,-1970,22,-24,10
10,979,231755,-2793,-16097,-2062,21,-10,13
10,980,231760,-2781,-16105,-2043,23,-1,15
10,981,231765,-2797,-16041,-1906,26,5,14
10,982,231770,-2816,-16001,-1817,24,11,15
10,983,231775,-2820,-16057,-1848,26,9,13
10,984,231780,-2751,-16048,-1876,28,3,14
10,985,231785,-2708,-15994,-1843,27,-1,18
10,986,231790,-2700,-16014,-1830,24,-7,17
10,987,231795,-2715,-16006,-1783,26,-16,16
10,988,231800,-2680,-16003,-1776,26,-23,17
10,989,231805,-2726,-16045,-1775,27,-29,17
10,990,231810,-2762,-16054,-1768,29,-38,19
10,991,231815,-2750,-16028,-1772,26,-51,18
10,992,231820,-2753,-15990,-1825,28,-57,17
10,993,231825,-2735,-16016,-1857,25,-60,18
10,994,231830,-2814,-16034,-1878,24,-58,18
10,995,231835,-2837,-16062,-1937,25,-53,18
10,996,231840,-2888,-16101,-1953,24,-48,21
10,997,231845,-2895,-16111,-1878,26,-37,20
10,998,231850,-2919,-16072,-1902,25,-25,15
10,999,231855,-2952,-16045,-1977,26,-13,17
11,0,237845,-2766,-16012,-1546,9,42,0
11,1,237850,-2722,-15988,-1466,6,35,1
11,2,237855,-2733,-15967,-1459,5,21,1
11,3,237860,-2713,-15977,-1453,5,7,2
11,4,237865,-2693,-15953,-1515,2,-9,1
11,5,237870,-2686,-15926,-1532,3,-28,-1
11,6,237875,-2672,-15948,-1523,2,-43,0
11,7,237880,-2677,-16003,-1569,2,-57,-2
11,8,237885,-2693,-15971,-1616,0,-69,1
11,9,237890,-2672,-15957,-1648,-2,-81,0
11,10,237895,-2718,-15991,-1691,-3,-91,1
11,11,237900,-2736,-16032,-1676,-5,-98,1
11,12,237905,-2732,-16032,-1706,-4,-99,-1
11,13,237910,-2704,-16050,-1787,-4,-94,2
11,14,237915,-2739,-16076,-1862,-1,-80,3
11,15,237920,-2763,-16079,-1897,-2,-66,2
11,16,237925,-2787,-16073,-1887,-4,-46,0
11,17,237930,-2777,-16077,-1826,-2,-33,2
11,18,237935,-2778,-16077,-1764,-2,-16,2
11,19,237940,-2783,-16069,-1673,-2,3,1
11,20,237945,-2785,-16077,-1681,-4,16,1
11,21,237950,-2744,-16117,-1633,-4,23,-1
11,22,237955,-2734,-16114,-1638,-3,21,1
11,23,237960,-2716,-16081,-1595,-4,18,1
11,24,237965,-2720,-16072,-1537,-5,7,-3
11,25,237970,-2800,-16068,-1478,-7,-8,-2
11,26,237975,-2779,-16076,-1597,-7,-19,-2
11,27,237980,-2775,-16091,-1642,-7,-29,-4
11,28,237985,-2730,-16133,-1656,-8,-33,0
11,29,237990,-2747,-16077,-1681,-9,-32,-3
11,30,237995,-2788,-16077,-1637,-11,-36,-2
11,31,238000,-2792,-16093,-1639,-11,-35,-3
11,32,238005,-2837,-16086,-1713,-10,-34,-2
11,33,238010,-2871,-16103,-1819,-11,-33,-3
11,34,238015,-2837,-16105,-1807,-11,-27,-3
11,35,238020,-2842,-16088,-1765,-12,-21,0
11,36,238025,-2827,-16080,-1740,-11,-13,-4
11,37,238030,-2853,-16073,-1713,-10,-4,-4
11,38,238035,-2902,-16104,-1776,-10,6,-4
11,39,238040,-2912,-16080,-1753,-9,10,-2
11,40,238045,-2910,-16085,-1730,-11,14,-4
11,41,238050,-2823,-16062,-1592,-13,17,-5
11,42,238055,-2822,-16063,-1569,-11,12,-6
11,43,238060,-2916,-16101,-1607,-11,7,-9
11,44,238065,-2903,-16100,-1596,-11,1,-12
11,45,238070,-2858,-16120,-1580,-13,-6,-11
11,46,238075,-2829,-16108,-1586,-15,-4,-13
11,47,238080,-2823,-16104,-1595,-15,-7,-10
11,48,238085,-2806,-16105,-1660,-14,-12,-12
11,49,238090,-2828,-16069,-1675,-14,-13,-11
11,50,238095,-2851,-16108,-1704,-17,-17,-13
11,51,238100,-2787,-16137,-1616,-17,-17,-14
11,52,238105,-2789,-16126,-1631,-16,-20,-15
11,53,238110,-2830,-16124,-1689,-15,-19,-17
11,54,238115,-2856,-16090,-1710,-15,-15,-14
11,55,238120,-2848,-16084,-1711,-16,-11,-13
11,56,238125,-2793,-16090,-1690,-15,-5,-15
11,57,238130,-2814,-16111,-1641,-15,-1,-16
11,58,238135,-2795,-16093,-1694,-14,2,-16
11,59,238140,-2826,-16065,-1683,-14,6,-17
11,60,238145,-2860,-16083,-1620,-15,8,-17
11,61,238150,-2873,-16079,-1688,-13,7,-14
11,62,238155,-2838,-16087,-1672,-14,5,-15
11,63,238160,-2813,-16043,-1623,-14,1,-19
11,64,238165,-2794,-16031,-1639,-17,3,-18
11,65,238170,-2819,-16044,-1600,-16,5,-16
11,66,238175,-2799,-16079,-1579,-15,-1,-18
11,67,238180,-2800,-16095,-1546,-14,-2,-18
11,68,238185,-2779,-16091,-1519,-15,-5,-20
11,69,238190,-2773,-16101,-1530,-16,-12,-19
11,70,238195,-2829,-16120,-1550,-16,-19,-18
11,71,238200,-2803,-16136,-1595,-19,-33,-16
11,72,238205,-2786,-16170,-1625,-15,-35,-17
11,73,238210,-2783,-16177,-1703,-15,-34,-16
11,74,238215,-2842,-16175,-1734,-15,-26,-20
11,75,238220,-2848,-16193,-1716,-16,-18,-19
11,76,238225,-2881,-16188,-1660,-13,-17,-19
11,77,238230,-2848,-16196,-1648,-10,-15,-19
11,78,238235,-2840,-16168,-1650,-11,-11,-22
11,79,238240,-2839,-16164,-1676,-9,-9,-20
11,80,238245,-2871,-16169,-1700,-12,-7,-18
11,81,238250,-2879,-16125,-1656,-11,-2,-19
11,82,238255,-2865,-16160,-1611,-11,0,-20
11,83,238260,-2825,-16141,-1633,-10,-1,-20
11,84,238265,-2845,-16134,-1649,-7,0,-22
11,85,238270,-2801,-16127,-1642,-8,2,-20
11,86,238275,-2807,-16122,-1665,-10,1,-19
11,87,238280,-2828,-16071,-1646,-10,-3,-21
11,88,238285,-2808,-16064,-1650,-8,-7,-22
11,89,238290,-2756,-16073,-1656,-7,-12,-21
11,90,238295,-2777,-16056,-1662,-9,-13,-21
11,91,238300,-2793,-16052,-1705,-7,-15,-22
11,92,238305,-2788,-16022,-1689,-6,-17,-18
11,93,238310,-2748,-16038,-1642,-4,-19,-18
11,94,238315,-2798,-16079,-1579,-4,-21,-20
11,95,238320,-2809,-16120,-1547,-5,-26,-21
11,96,238325,-2822,-16140,-1569,-5,-31,-19
11,97,238330,-2839,-16137,-1587,-7,-38,-19
11,98,238335,-2855,-16096,-1626,-1,-39,-19
11,99,238340,-2852,-16107,-1611,-4,-37,-20
11,100,238345,-2867,-16088,-1700,-4,-36,-20
11,101,238350,-2873,-16142,-1748,-3,-29,-19
11,102,238355,-2773,-16113,-1774,-1,-21,-20
11,103,238360,-2813,-16066,-1760,1,-9,-20
11,104,238365,-2878,-16101,-1716,3,3,-21
11,105,238370,-2882,-16024,-1754,1,5,-20
11,106,238375,-2890,-16020,-1762,3,8,-20
11,107,238380,-2841,-16037,-1752,5,9,-17
11,108,238385,-2800,-16009,-1723,4,11,-17
11,109,238390,-2759,-16033,-1739,5,12,-16
11,110,238395,-2739,-16065,-1715,4,14,-21
11,111,238400,-2732,-16019,-1735,7,13,-17
11,112,238405,-2719,-16001,-1710,6,8,-16
11,113,238410,-2730,-16007,-1651,7,2,-17
11,114,238415,-2747,-16013,-1620,6,-7,-15
11,115,238420,-2725,-16001,-1599,8,-20,-13
11,116,238425,-2730,-16023,-1620,9,-29,-12
11,117,238430,-2744,-16055,-1626,5,-35,-13
11,118,238435,-2721,-15989,-1681,8,-39,-12
11,119,238440,-2705,-16029,-1715,8,-36,-11
11,120,238445,-2675,-16021,-1767,6,-28,-11
11,121,238450,-2679,-16098,-1770,8,-15,-12
11,122,238455,-2714,-16096,-1778,10,-7,-12
11,123,238460,-2720,-16096,-1775,11,2,-9
11,124,238465,-2725,-16074,-1723,15,6,-12
11,125,238470,-2741,-16086,-1725,14,8,-9
11,126,238475,-2698,-16105,-1688,14,13,-6
11,127,238480,-2675,-16108,-1686,12,14,-6
11,128,238485,-2692,-16119,-1674,12,13,-5
11,129,238490,-2728,-16101,-1614,14,9,-4
11,130,238495,-2747,-16090,-1587,16,3,-3
11,131,238500,-2734,-16121,-1583,16,-7,-1
11,132,238505,-2702,-16140,-1626,15,-14,-1
11,133,238510,-2675,-16128,-1633,13,-22,-1
11,134,238515,-2738,-16137,-1653,14,-34,1
11,135,238520,-2725,-16132,-1684,14,-41,-2
11,136,238525,-2758,-16142,-1670,13,-45,0
11,137,238530,-2774,-16139,-1676,16,-48,2
11,138,238535,-2742,-16183,-1639,16,-47,0
11,139,238540,-2811,-16169,-1676,13,-42,0
11,140,238545,-2821,-16193,-1704,15,-40,4
11,141,238550,-2824,-16198,-1712,15,-28,4
11,142,238555,-2830,-16180,-1710,17,-16,3
11,143,238560,-2820,-16192,-1733,17,-9,3
11,144,238565,-2833,-16157,-1683,14,-2,3
11,145,238570,-2921,-16148,-1666,14,3,4
11,146,238575,-2861,-16215,-1692,16,5,2
11,147,238580,-2870,-16195,-1756,15,4,3
11,148,238585,-2902,-16176,-1680,15,6,3
11,149,238590,-2876,-16162,-1677,16,7,1
11,150,238595,-2893,-16169,-1686,16,11,2
11,151,238600,-2834,-16159,-1721,18,17,4
11,152,238605,-2839,-16155,-1731,16,21,2
11,153,238610,-2858,-16113,-1684,13,26,1
11,154,238615,-2859,-16118,-1650,14,27,2
11,155,238620,-2848,-16160,-1647,12,25,0
11,156,238625,-2792,-16147,-1599,15,20,2
11,157,238630,-2842,-16136,-1590,17,14,4
11,158,238635,-2823,-16145,-1604,11,8,3
11,159,238640,-2833,-16151,-1609,9,1,3
11,160,238645,-2842,-16135,-1655,11,-5,1
11,161,238650,-2784,-16076,-1678,10,-7,1
11,162,238655,-2782,-16111,-1709,8,-5,-1
11,163,238660,-2813,-16099,-1701,10,-8,0
11,164,238665,-2849,-16115,-1679,9,-8,0
11,165,238670,-2824,-16074,-1690,11,-10,2
11,166,238675,-2815,-16072,-1689,9,-12,1
11,167,238680,-2791,-16103,-1702,8,-9,0
11,168,238685,-2793,-16101,-1698,6,-3,1
11,169,238690,-2779,-16109,-1688,5,1,2
11,170,238695,-2783,-16111,-1709,8,5,3
11,171,238700,-2731,-16121,-1701,7,11,3
11,172,238705,-2704,-16140,-1684,5,20,3
11,173,238710,-2724,-16138,-1664,4,23,3
11,174,238715,-2725,-16097,-1628,7,23,4
11,175,238720,-2660,-16077,-1659,4,16,4
11,176,238725,-2683,-16079,-1678,4,12,6
11,177,238730,-2672,-16114,-1659,2,6,6
11,178,238735,-2635,-16080,-1652,1,5,6
11,179,238740,-2653,-16061,-1642,1,0,6
11,180,238745,-2652,-16089,-1695,0,-5,9
11,181,238750,-2691,-16120,-1680,-1,-9,7
11,182,238755,-2646,-16090,-1644,-2,-14,7
11,183,238760,-2610,-16067,-1715,-3,-15,10
11,184,238765,-2595,-16082,-1764,-1,-14,12
11,185,238770,-2638,-16081,-1697,-6,-13,9
11,186,238775,-2692,-16078,-1654,-5,-15,10
11,187,238780,-2694,-16119,-1628,-5,-15,10
11,188,238785,-2740,-16175,-1599,-3,-16,14
11,189,238790,-2758,-16199,-1619,-7,-20,12
11,190,238795,-2767,-16212,-1678,-6,-19,12
11,191,238800,-2740,-16162,-1738,-6,-16,13
11,192,238805,-2694,-16137,-1719,-9,-11,11
11,193,238810,-2710,-16150,-1707,-8,-8,13
11,194,238815,-2779,-16156,-1645,-10,-1,11
11,195,238820,-2817,-16131,-1632,-11,-1,11
11,196,238825,-2837,-16155,-1640,-9,-3,11
11,197,238830,-2818,-16143,-1598,-11,-5,11
11,198,238835,-2799,-16106,-1666,-12,-8,13
11,199,238840,-2733,-16119,-1741,-11,-9,13
11,200,238845,-2725,-16109,-1750,-10,-14,13
11,201,238850,-2775,-16090,-1744,-11,-19,13
11,202,238855,-2819,-16122,-1725,-11,-20,9
11,203,238860,-2887,-16077,-1699,-11,-27,10
11,204,238865,-2943,-16142,-1687,-13,-28,10
11,205,238870,-2917,-16185,-1694,-14,-27,10
11,206,238875,-2902,-16177,-1722,-15,-27,9
11,207,238880,-2836,-16176,-1767,-14,-22,12
11,208,238885,-2822,-16176,-1769,-14,-10,7
11,209,238890,-2888,-16125,-1752,-12,-1,6
11,210,238895,-2875,-16098,-1760,-13,10,7
11,211,238900,-2911,-16147,-1748,-13,15,8
11,212,238905,-2870,-16169,-1687,-13,18,8
11,213,238910,-2842,-16154,-1669,-14,22,9
11,214,238915,-2842,-16182,-1640,-15,21,7
11,215,238920,-2852,-16158,-1617,-16,19,5
11,216,238925,-2805,-16126,-1665,-14,13,4
11,217,238930,-2811,-16090,-1706,-15,10,7
11,218,238935,-2817,-16140,-1649,-13,1,4
11,219,238940,-2853,-16151,-1613,-15,-4,4
11,220,238945,-2835,-16150,-1629,-15,-9,1
11,221,238950,-2789,-16203,-1640,-18,-15,2
11,222,238955,-2777,-16159,-1664,-19,-11,1
11,223,238960,-2796,-16137,-1704,-19,-8,1
11,224,238965,-2790,-16130,-1762,-19,-3,3
11,225,238970,-2773,-16118,-1777,-20,0,1
11,226,238975,-2816,-16106,-1690,-19,2,0
11,227,238980,-2787,-16074,-1674,-18,7,2
11,228,238985,-2821,-16137,-1671,-19,7,0
11,229,238990,-2854,-16119,-1622,-19,5,-1
11,230,238995,-2803,-16101,-1719,-18,1,0
11,231,239000,-2809,-16114,-1727,-18,0,-1
11,232,239005,-2823,-16090,-1684,-19,-4,0
11,233,239010,-2775,-16063,-1658,-17,-7,1
11,234,239015,-2751,-16096,-1679,-17,-10,-1
11,235,239020,-2819,-16115,-1704,-19,-11,-4
11,236,239025,-2810,-16087,-1747,-18,-13,-3
11,237,239030,-2834,-16044,-1723,-16,-15,-5
11,238,239035,-2838,-16057,-1724,-17,-16,-3
11,239,239040,-2832,-16071,-1775,-14,-16,-2
11,240,239045,-2815,-16069,-1805,-13,-14,-4
11,241,239050,-2777,-16071,-1804,-13,-9,-4
11,242,239055,-2753,-16075,-1799,-12,-7,-6
11,243,239060,-2799,-16068,-1774,-15,4,-7
11,244,239065,-2823,-16041,-1764,-13,11,-6
11,245,239070,-2791,-16095,-1734,-13,13,-7
11,246,239075,-2788,-16116,-1701,-17,15,-7
11,247,239080,-2788,-16076,-1711,-17,13,-6
11,248,239085,-2794,-16057,-1671,-15,8,-8
11,249,239090,-2827,-16056,-1661,-13,3,-8
11,250,239095,-2779,-16063,-1714,-12,1,-6
11,251,239100,-2727,-16029,-1749,-12,0,-3
11,252,239105,-2738,-16061,-1726,-14,0,-8
11,253,239110,-2816,-16048,-1693,-17,-2,-9
11,254,239115,-2825,-16053,-1699,-12,-8,-4
11,255,239120,-2784,-16029,-1747,-9,-7,-7
11,256,239125,-2759,-16018,-1724,-10,-4,-6
11,257,239130,-2750,-16024,-1780,-13,0,-6
11,258,239135,-2750,-16041,-1766,-14,5,-7
11,259,239140,-2787,-16053,-1734,-9,6,-10
11,260,239145,-2782,-16046,-1659,-7,4,-8
11,261,239150,-2825,-16061,-1666,-8,5,-5
11,262,239155,-2800,-16054,-1679,-9,2,-5
11,263,239160,-2782,-16045,-1698,-10,-2,-6
11,264,239165,-2732,-16048,-1748,-11,-6,-6
11,265,239170,-2771,-16081,-1754,-7,-10,-5
11,266,239175,-2807,-16098,-1728,-8,-15,-7
11,267,239180,-2847,-16077,-1712,-6,-20,-4
11,268,239185,-2834,-16104,-1720,-6,-19,-4
11,269,239190,-2825,-16058,-1757,-3,-19,-5
11,270,239195,-2856,-16045,-1786,-2,-16,-9
11,271,239200,-2839,-16068,-1773,-5,-12,-7
11,272,239205,-2868,-16096,-1712,-9,-9,-8
11,273,239210,-2904,-16074,-1730,-6,-7,-9
11,274,239215,-2879,-16087,-1755,-3,-7,-7
11,275,239220,-2886,-16111,-1701,-5,-2,-7
11,276,239225,-2893,-16098,-1804,-5,2,-7
11,277,239230,-2893,-16086,-1772,-5,2,-10
11,278,239235,-2906,-16073,-1721,-4,2,-9
11,279,239240,-2883,-16058,-1737,-2,4,-9
11,280,239245,-2849,-16081,-1779,-1,5,-7
11,281,239250,-2835,-16077,-1791,-2,9,-7
11,282,239255,-2845,-16062,-1785,-1,8,-5
11,283,239260,-2871,-16078,-1740,-1,9,-9
11,284,239265,-2829,-16056,-1690,-1,9,-10
11,285,239270,-2846,-16042,-1706,-1,6,-7
11,286,239275,-2851,-16130,-1745,0,0,-6
11,287,239280,-2830,-16149,-1728,-3,-6,-8
11,288,239285,-2834,-16139,-1699,0,-13,-9
11,289,239290,-2879,-16097,-1690,0,-18,-6
11,290,239295,-2850,-16112,-1696,-2,-14,-6
11,291,239300,-2849,-16110,-1737,1,-18,-6
11,292,239305,-2839,-16046,-1835,0,-8,-4
11,293,239310,-2798,-16054,-1804,0,-2,-6
11,294,239315,-2783,-16011,-1787,0,2,-3
11,295,239320,-2789,-16029,-1808,2,3,-5
11,296,239325,-2828,-16002,-1805,2,4,-3
11,297,239330,-2764,-15993,-1837,2,4,-5
11,298,239335,-2759,-15997,-1847,4,5,-1
11,299,239340,-2764,-15957,-1825,6,4,-3
11,300,239345,-2794,-15976,-1763,5,3,-1
11,301,239350,-2773,-16016,-1720,4,-2,-2
11,302,239355,-2736,-16045,-1712,7,-6,-2
11,303,239360,-2760,-16042,-1753,6,-12,-3
11,304,239365,-2792,-16061,-1732,7,-16,2
11,305,239370,-2761,-16066,-1722,7,-20,1
11,306,239375,-2754,-16108,-1735,7,-21,0
11,307,239380,-2810,-16162,-1684,6,-24,0
11,308,239385,-2851,-16154,-1721,2,-24,0
11,309,239390,-2878,-16150,-1751,6,-24,0
11,310,239395,-2846,-16181,-1779,10,-24,1
11,311,239400,-2854,-16179,-1819,9,-18,4
11,312,239405,-2847,-16188,-1806,8,-7,2
11,313,239410,-2849,-16207,-1884,8,5,2
11,314,239415,-2800,-16216,-1893,8,20,2
11,315,239420,-2837,-16179,-1926,11,38,3
11,316,239425,-2855,-16139,-1901,12,59,2
11,317,239430,-2835,-16146,-1883,11,78,4
11,318,239435,-2808,-16164,-1821,10,99,4
11,319,239440,-2814,-16142,-1736,11,113,4
11,320,239445,-2803,-16128,-1645,13,122,4
11,321,239450,-2859,-16153,-1602,8,117,1
11,322,239455,-2818,-16089,-1498,8,102,1
11,323,239460,-2828,-16072,-1475,8,84,2
11,324,239465,-2804,-16118,-1516,7,60,2
11,325,239470,-2787,-16145,-1585,4,36,-1
11,326,239475,-2843,-16124,-1561,0,10,1
11,327,239480,-2816,-16112,-1597,-1,-8,-1
11,328,239485,-2776,-16069,-1671,-2,-24,-1
11,329,239490,-2800,-16069,-1814,-2,-30,0
11,330,239495,-2808,-16067,-1898,-2,-32,0
11,331,239500,-2796,-16074,-1914,-3,-28,-2
11,332,239505,-2814,-16075,-1877,-5,-22,-3
11,333,239510,-2790,-16071,-1857,-4,-14,-2
11,334,239515,-2758,-16102,-1928,-3,-3,1
11,335,239520,-2722,-16090,-1919,-3,9,0
11,336,239525,-2721,-16087,-1903,-6,18,0
11,337,239530,-2784,-16077,-1854,-8,26,-1
11,338,239535,-2764,-16107,-1808,-6,30,1
11,339,239540,-2781,-16157,-1755,-6,33,0
11,340,239545,-2764,-16137,-1727,-7,27,-2
11,341,239550,-2770,-16139,-1702,-8,17,-2
11,342,239555,-2774,-16116,-1699,-9,4,-1
11,343,239560,-2848,-16159,-1657,-11,-11,2
11,344,239565,-2824,-16182,-1675,-13,-26,0
11,345,239570,-2755,-16145,-1726,-14,-32,-2
11,346,239575,-2742,-16164,-1809,-15,-33,-1
11,347,239580,-2753,-16125,-1805,-13,-30,0
11,348,239585,-2790,-16116,-1799,-15,-25,-1
11,349,239590,-2797,-16130,-1860,-15,-20,-1
11,350,239595,-2786,-16125,-1877,-15,-14,-2
11,351,239600,-2786,-16146,-1895,-16,-9,1
11,352,239605,-2782,-16130,-1860,-18,-8,-1
11,353,239610,-2804,-16078,-1865,-19,-7,0
11,354,239615,-2836,-16024,-1898,-19,-6,-1
11,355,239620,-2789,-16001,-1941,-18,0,-1
11,356,239625,-2811,-16005,-1909,-16,8,-2
11,357,239630,-2838,-16029,-1888,-17,8,-4
11,358,239635,-2824,-16001,-1806,-19,7,-2
11,359,239640,-2822,-15982,-1788,-20,4,-2
11,360,239645,-2830,-15952,-1831,-19,-2,-4
11,361,239650,-2797,-15947,-1917,-18,-7,-2
11,362,239655,-2776,-15958,-1955,-22,-14,-2
11,363,239660,-2768,-15930,-1882,-23,-23,-3
11,364,239665,-2788,-15938,-1831,-21,-27,-3
11,365,239670,-2801,-15990,-1926,-18,-26,-2
11,366,239675,-2760,-16013,-2020,-17,-22,0
11,367,239680,-2729,-16024,-2050,-17,-11,2
11,368,239685,-2740,-15984,-2042,-18,-2,2
11,369,239690,-2721,-15970,-2047,-16,2,5
11,370,239695,-2688,-15940,-2069,-18,14,8
11,371,239700,-2718,-15904,-2052,-20,24,7
11,372,239705,-2765,-16014,-2067,-18,35,12
11,373,239710,-2848,-15979,-2189,-17,51,13
11,374,239715,-2835,-15930,-2266,-18,64,18
11,375,239720,-2812,-15808,-2220,-14,83,23
11,376,239725,-2839,-15869,-2253,-15,111,26
11,377,239730,-2951,-15911,-2378,-13,144,27
11,378,239735,-2768,-15931,-2318,-12,183,34
11,379,239740,-2647,-15928,-2229,-14,219,34
11,380,239745,-2734,-15959,-2067,-11,250,37
11,381,239750,-2944,-16008,-1944,-9,257,43
11,382,239755,-2971,-16052,-1818,-13,246,50
11,383,239760,-2755,-16058,-1761,-19,225,60
11,384,239765,-2772,-16056,-1582,-23,204,64
11,385,239770,-3033,-16074,-1549,-30,177,67
11,386,239775,-3187,-16002,-1739,-33,155,68
11,387,239780,-3284,-16009,-1983,-38,139,79
11,388,239785,-3241,-16013,-2008,-41,136,84
11,389,239790,-3394,-15996,-1936,-47,141,86
11,390,239795,-3330,-15933,-1988,-48,150,91
11,391,239800,-3276,-15773,-2350,-48,170,97
11,392,239805,-3134,-15804,-2584,-52,213,105
11,393,239810,-3119,-15826,-2600,-56,261,113
11,394,239815,-3192,-15909,-2258,-58,306,123
11,395,239820,-3126,-15754,-2083,-59,324,121
11,396,239825,-3153,-15842,-1927,-64,329,135
11,397,239830,-3226,-15724,-1811,-70,317,136
11,398,239835,-3194,-15757,-1683,-74,275,145
11,399,239840,-3207,-15790,-1706,-82,214,158
11,400,239845,-3104,-15803,-1572,-93,145,166
11,401,239850,-3103,-15811,-1592,-97,75,177
11,402,239855,-3080,-15813,-1830,-102,12,183
11,403,239860,-3131,-15855,-1906,-109,-41,193
11,404,239865,-3235,-15869,-1927,-113,-96,199
11,405,239870,-3221,-15784,-2000,-121,-135,208
11,406,239875,-3214,-15857,-2006,-123,-163,218
11,407,239880,-3297,-15909,-2130,-128,-182,225
11,408,239885,-3407,-15982,-2259,-129,-198,236
11,409,239890,-3424,-15935,-2348,-136,-208,249
11,410,239895,-3510,-15884,-2379,-140,-203,260
11,411,239900,-3649,-15871,-2401,-143,-186,268
11,412,239905,-3736,-15858,-2556,-144,-167,279
11,413,239910,-3688,-15860,-2666,-144,-131,290
11,414,239915,-3556,-15916,-2671,-144,-87,300
11,415,239920,-3664,-15931,-2572,-145,-37,309
11,416,239925,-3841,-15965,-2405,-145,-1,318
11,417,239930,-3866,-15961,-2255,-148,16,327
11,418,239935,-3883,-15938,-2214,-149,22,338
11,419,239940,-3903,-15981,-1979,-152,18,351
11,420,239945,-3960,-15958,-1992,-159,-10,358
11,421,239950,-4055,-15962,-2069,-167,-37,367
11,422,239955,-4228,-16003,-2091,-168,-67,375
11,423,239960,-4230,-15892,-2210,-170,-93,383
11,424,239965,-4050,-15899,-2482,-169,-101,399
11,425,239970,-3931,-15909,-2512,-170,-89,407
11,426,239975,-4097,-16007,-2423,-175,-81,418
11,427,239980,-4242,-15986,-2373,-178,-78,422
11,428,239985,-4225,-16032,-2402,-182,-82,432
11,429,239990,-4221,-15800,-2188,-181,-90,450
11,430,239995,-4027,-15828,-2315,-183,-102,461
11,431,240000,-4388,-15744,-2422,-183,-110,464
11,432,240005,-4533,-15796,-2355,-187,-131,475
11,433,240010,-4438,-15846,-2381,-192,-152,485
11,434,240015,-4323,-15761,-2320,-190,-155,496
11,435,240020,-4404,-15769,-2445,-188,-152,506
11,436,240025,-4591,-15759,-2666,-188,-149,508
11,437,240030,-4727,-15703,-2841,-189,-149,516
11,438,240035,-4755,-15656,-2871,-189,-140,529
11,439,240040,-4723,-15630,-2772,-187,-114,540
11,440,240045,-4813,-15631,-2824,-184,-95,546
11,441,240050,-5012,-15667,-2798,-182,-82,553
11,442,240055,-5114,-15667,-2857,-184,-66,556
11,443,240060,-4983,-15659,-2833,-184,-44,567
11,444,240065,-4828,-15633,-2898,-180,-16,574
11,445,240070,-5004,-15650,-2784,-172,24,576
11,446,240075,-5109,-15688,-2827,-175,39,580
11,447,240080,-5115,-15657,-2912,-177,44,582
11,448,240085,-4983,-15576,-2695,-176,49,587
11,449,240090,-4944,-15632,-2497,-174,47,594
11,450,240095,-5164,-15684,-2503,-178,35,591
11,451,240100,-5354,-15550,-2474,-174,23,588
11,452,240105,-5218,-15602,-3080,-174,9,592
11,453,240110,-5214,-15494,-2858,-178,29,590
11,454,240115,-5334,-15558,-2275,-171,38,600
11,455,240120,-5470,-15798,-2901,-167,7,606
11,456,240125,-5433,-15631,-3378,-168,14,594
11,457,240130,-5354,-15536,-3461,-169,56,595
11,458,240135,-5137,-15661,-4943,-162,135,600
11,459,240140,-5609,-15636,-2756,-161,363,583
11,460,240145,-5603,-15053,-2353,-152,346,578
11,461,240150,-5398,-15962,-2342,-153,272,616
11,462,240155,-5112,-15478,-3492,-153,224,581
11,463,240160,-5401,-15538,-3101,-155,297,575
11,464,240165,-5745,-15413,-1935,-148,338,564
11,465,240170,-5549,-15312,-2314,-149,284,567
11,466,240175,-5146,-15548,-2497,-150,258,569
11,467,240180,-5039,-15413,-2592,-154,233,554
11,468,240185,-5129,-15554,-2242,-155,206,551
11,469,240190,-5331,-15415,-2159,-161,142,537
11,470,240195,-5304,-15369,-2117,-164,69,531
11,471,240200,-5041,-15224,-2190,-161,0,527
11,472,240205,-4939,-15199,-2179,-159,-58,523
11,473,240210,-5215,-15177,-2209,-165,-124,514
11,474,240215,-5536,-15156,-2267,-168,-193,502
11,475,240220,-5523,-15029,-2515,-166,-266,492
11,476,240225,-5277,-14973,-2847,-160,-311,486
11,477,240230,-5133,-14997,-3049,-157,-321,479
11,478,240235,-5319,-15040,-3170,-153,-308,465
11,479,240240,-5579,-15074,-3385,-148,-281,451
11,480,240245,-5690,-15065,-3693,-137,-240,437
11,481,240250,-5628,-15015,-3574,-128,-173,428
11,482,240255,-5475,-15015,-4001,-128,-115,420
11,483,240260,-5542,-15206,-4085,-122,-9,409
11,484,240265,-5870,-14988,-2665,-108,103,380
11,485,240270,-5839,-14948,-3046,-106,67,374
11,486,240275,-5660,-15197,-3201,-100,54,368
11,487,240280,-5616,-15049,-3306,-98,77,341
11,488,240285,-5792,-15170,-2780,-93,116,325
11,489,240290,-5818,-15134,-2842,-87,122,306
11,490,240295,-5688,-15048,-2720,-85,136,288
11,491,240300,-5595,-14992,-2437,-80,121,271
11,492,240305,-5478,-15074,-2580,-76,72,258
11,493,240310,-5527,-15071,-2463,-76,35,238
11,494,240315,-5594,-15055,-2533,-76,-10,216
11,495,240320,-5486,-15028,-2585,-72,-58,200
11,496,240325,-5344,-14963,-2731,-67,-98,185
11,497,240330,-5290,-14958,-2866,-68,-120,166
11,498,240335,-5268,-14988,-2983,-61,-130,146
11,499,240340,-5253,-14987,-3018,-59,-134,128
11,500,240345,-5148,-14999,-3105,-54,-129,113
11,501,240350,-5150,-14959,-3233,-46,-116,94
11,502,240355,-5140,-14943,-3270,-40,-100,75
11,503,240360,-5146,-14891,-3306,-34,-77,56
11,504,240365,-5234,-14852,-3274,-27,-47,42
11,505,240370,-5187,-14822,-3302,-20,-11,25
11,506,240375,-5124,-14779,-3368,-12,30,6
11,507,240380,-5064,-14868,-3309,-3,76,-14
11,508,240385,-5000,-14876,-3270,5,116,-30
11,509,240390,-5003,-14851,-3145,9,150,-47
11,510,240395,-5000,-14864,-2983,15,176,-66
11,511,240400,-5074,-14854,-2797,21,183,-85
11,512,240405,-5124,-14812,-2594,27,150,-120
11,513,240410,-4989,-14827,-2539,33,120,-138
11,514,240415,-5027,-14892,-2600,37,94,-156
11,515,240420,-5052,-14953,-2686,41,64,-175
11,516,240425,-5007,-14926,-2703,41,32,-195
11,517,240430,-4805,-14971,-2682,47,4,-214
11,518,240435,-4798,-14942,-2661,54,-18,-232
11,519,240440,-4917,-14926,-2689,58,-39,-251
11,520,240445,-4958,-14967,-2703,58,-62,-268
11,521,240450,-4922,-14985,-2700,62,-82,-287
11,522,240455,-4821,-15051,-2741,67,-96,-303
11,523,240460,-4857,-15092,-2765,71,-108,-321
11,524,240465,-4849,-15165,-2705,75,-123,-341
11,525,240470,-4925,-15158,-2691,81,-133,-362
11,526,240475,-4886,-15215,-2681,84,-143,-377
11,527,240480,-4846,-15296,-2712,87,-156,-392
11,528,240485,-4862,-15316,-2751,91,-163,-408
11,529,240490,-4863,-15256,-2806,93,-171,-428
11,530,240495,-4897,-15272,-2828,101,-172,-446
11,531,240500,-4860,-15254,-2853,105,-174,-463
11,532,240505,-4796,-15249,-2959,108,-171,-479
11,533,240510,-4764,-15262,-2945,116,-162,-499
11,534,240515,-4754,-15293,-2974,118,-152,-513
11,535,240520,-4692,-15239,-3064,123,-143,-527
11,536,240525,-4580,-15189,-2996,130,-134,-545
11,537,240530,-4526,-15190,-2986,137,-129,-557
11,538,240535,-4522,-15224,-2978,140,-121,-570
11,539,240540,-4513,-15289,-2984,141,-119,-589
11,540,240545,-4258,-15321,-3181,148,-120,-603
11,541,240550,-4097,-15372,-3413,157,-110,-615
11,542,240555,-4108,-15348,-3469,161,-90,-630
11,543,240560,-4302,-15332,-3333,166,-76,-640
11,544,240565,-4211,-15304,-3298,172,-66,-655
11,545,240570,-4044,-15321,-3490,181,-49,-661
11,546,240575,-3824,-15394,-3290,188,-16,-669
11,547,240580,-4091,-15339,-2940,192,4,-687
11,548,240585,-4398,-15405,-2694,198,11,-703
11,549,240590,-4420,-15332,-2498,203,2,-714
11,550,240595,-4126,-15375,-2533,203,-17,-720
11,551,240600,-3987,-15565,-2099,204,-26,-730
11,552,240605,-4090,-15758,-1977,199,-74,-749
11,553,240610,-4157,-15738,-1837,197,-137,-764
11,554,240615,-4176,-15786,-1454,205,-212,-770
11,555,240620,-3961,-15754,-1809,200,-296,-780
11,556,240625,-3941,-15954,-2329,186,-346,-787
11,557,240630,-4108,-15959,-1553,181,-355,-801
11,558,240635,-4102,-16057,-1180,178,-411,-806
11,559,240640,-3953,-15982,-1855,179,-493,-823
11,560,240645,-3937,-15986,-2130,177,-534,-835
11,561,240650,-3990,-16101,-1905,166,-562,-841
11,562,240655,-4085,-16121,-1659,166,-601,-849
11,563,240660,-3973,-16191,-1920,161,-644,-859
11,564,240665,-3949,-16240,-2248,157,-658,-872
11,565,240670,-4043,-16207,-2370,152,-652,-881
11,566,240675,-4056,-16268,-2407,151,-643,-886
11,567,240680,-3990,-16164,-2422,149,-627,-894
11,568,240685,-3892,-16164,-2756,147,-601,-905
11,569,240690,-3870,-16207,-2662,148,-543,-911
11,570,240695,-3893,-16245,-2656,150,-498,-919
11,571,240700,-3910,-16220,-2707,150,-462,-928
11,572,240705,-3961,-16171,-2654,148,-424,-936
11,573,240710,-3898,-16156,-2569,148,-391,-937
11,574,240715,-3762,-16101,-2501,148,-369,-942
11,575,240720,-3619,-16104,-2613,150,-346,-947
11,576,240725,-3471,-16129,-2604,149,-322,-955
11,577,240730,-3434,-16117,-2484,148,-305,-960
11,578,240735,-3427,-16130,-2286,151,-301,-961
11,579,240740,-3394,-16199,-1603,150,-305,-966
11,580,240745,-3234,-15914,-1315,147,-388,-973
11,581,240750,-3054,-16287,-2390,142,-457,-958
11,582,240755,-3248,-16089,-2496,137,-417,-977
11,583,240760,-3503,-16004,-1957,135,-370,-977
11,584,240765,-3035,-16152,-2091,137,-391,-966
11,585,240770,-2501,-16003,-2560,138,-411,-969
11,586,240775,-2939,-16270,-2693,129,-331,-968
11,587,240780,-3060,-16287,-2544,136,-280,-961
11,588,240785,-2714,-16269,-2273,135,-224,-951
11,589,240790,-2408,-16433,-2162,137,-173,-948
11,590,240795,-2491,-16324,-2430,136,-143,-948
11,591,240800,-2682,-16634,-2114,119,-144,-926
11,592,240805,-2323,-16678,-1413,116,-151,-921
11,593,240810,-2264,-16590,-1670,121,-154,-926
11,594,240815,-2413,-16813,-1781,132,-113,-917
11,595,240820,-2393,-16714,-2419,132,-106,-919
11,596,240825,-2189,-16728,-2162,115,-116,-913
11,597,240830,-1998,-16717,-1214,112,-137,-898
11,598,240835,-1883,-16829,-1081,109,-173,-885
11,599,240840,-1492,-19479,-1599,112,-179,-879
11,600,240845,-17347,-7376,8996,132,-172,-904
11,601,240867,-27712,-11726,-22775,-48,-3961,-686
11,602,240868,-27712,-11726,-22775,-48,-3961,-686
11,603,240869,-22134,-12203,-32768,-8,-3459,-9
11,604,240870,-22134,-12203,-32768,-8,-3459,-9
11,605,240871,-22134,-12203,-32768,-8,-3459,-9
11,606,240875,-6722,-12369,-31264,-155,-370,763
11,607,240880,4894,-17583,-9848,-289,3210,830
11,608,240885,3451,-18110,13648,-131,5049,515
11,609,240890,-2882,-18466,16716,129,4052,312
11,610,240895,-10887,-16134,2459,196,1953,202
11,611,240900,-7034,-13319,-11764,-96,400,230
11,612,240905,-1495,-13494,-10481,-237,523,397
11,613,240910,1710,-15311,7989,-215,1388,485
11,614,240915,1017,-16696,13060,-62,1545,416
11,615,240920,-1965,-16692,2277,59,961,308
11,616,240925,-4528,-15399,-7911,-34,172,237
11,617,240930,-5154,-14186,-4606,-226,-351,302
11,618,240935,-2404,-15003,3385,-326,-567,444
11,619,240940,205,-15824,3486,-240,-473,463
11,620,240945,-165,-16745,-3383,-86,-160,405
11,621,240950,-3265,-16459,-8943,-79,49,329
11,622,240955,-4956,-15558,-7074,-159,76,334
11,623,240960,-3600,-15585,-745,-245,27,415
11,624,240965,-1012,-15785,2655,-213,90,458
11,625,240970,-247,-17013,-500,-145,201,450
11,626,240975,-2662,-16886,-5405,-92,316,371
11,627,240980,-5041,-16103,-3778,-141,302,348
11,628,240985,-4419,-15947,-357,-198,86,384
11,629,240990,-1563,-15698,83,-192,-33,399
11,630,240995,-637,-16319,-921,-139,142,413
11,631,241000,-2483,-16759,-2141,-115,309,387
11,632,241005,-4215,-16380,-3447,-147,214,359
11,633,241010,-3996,-16119,-2836,-177,72,368
11,634,241015,-2423,-15700,-1722,-181,11,380
11,635,241020,-1635,-16033,-1114,-173,91,407
11,636,241025,-2119,-16463,-1687,-147,206,397
11,637,241030,-3298,-16488,-3150,-137,227,366
11,638,241035,-3618,-16150,-3776,-152,167,349
11,639,241040,-3031,-15993,-2202,-159,152,359
11,640,241045,-2186,-15989,-846,-150,162,365
11,641,241050,-1927,-16349,-1234,-131,173,366
11,642,241055,-2541,-16381,-2319,-120,176,341
11,643,241060,-3270,-16222,-2604,-130,134,325
11,644,241065,-3146,-16065,-2260,-144,53,328
11,645,241070,-2413,-16048,-1701,-141,7,339
11,646,241075,-1953,-16238,-1566,-133,23,344
11,647,241080,-2153,-16360,-2067,-122,61,329
11,648,241085,-2689,-16230,-2584,-116,72,309
11,649,241090,-2871,-16080,-2806,-116,46,303
11,650,241095,-2560,-15998,-2421,-116,24,308
11,651,241100,-2224,-16134,-1891,-116,30,311
11,652,241105,-2279,-16331,-1903,-110,37,304
11,653,241110,-2626,-16299,-2413,-104,32,289
11,654,241115,-2989,-16149,-2846,-104,14,276
11,655,241120,-2986,-16010,-2740,-104,9,278
11,656,241125,-2720,-15987,-2463,-100,29,279
11,657,241130,-2562,-15992,-2496,-90,65,272
11,658,241135,-2588,-16032,-2749,-81,107,260
11,659,241140,-2976,-15862,-2873,-73,170,241
11,660,241145,-2883,-15808,-2462,-71,187,239
11,661,241150,-2729,-15821,-2175,-66,193,232
11,662,241155,-2684,-15869,-2278,-59,193,225
11,663,241160,-2788,-15879,-2371,-54,191,212
11,664,241165,-2921,-15777,-2366,-53,173,197
11,665,241170,-2896,-15838,-2374,-50,144,194
11,666,241175,-2725,-15841,-2246,-47,118,193
11,667,241180,-2682,-15820,-2128,-43,101,183
11,668,241185,-2773,-15938,-2292,-38,88,171
11,669,241190,-2926,-15860,-2436,-40,77,161
11,670,241195,-3030,-15818,-2463,-38,69,157
11,671,241200,-3075,-15817,-2478,-32,69,151
11,672,241205,-3020,-15862,-2612,-28,79,144
11,673,241210,-3089,-15859,-2771,-24,104,138
11,674,241215,-3076,-15865,-3047,-18,142,131
11,675,241220,-2978,-15840,-3110,-10,197,123
11,676,241225,-2929,-15855,-2852,-8,253,113
11,677,241230,-2988,-15897,-2687,0,301,108
11,678,241235,-3083,-15895,-2549,6,344,98
11,679,241240,-3156,-15950,-2305,10,372,87
11,680,241245,-3218,-15963,-2131,12,383,84
11,681,241250,-3185,-15933,-2011,16,377,78
11,682,241255,-2990,-15962,-2194,23,355,74
11,683,241260,-2828,-16281,-2079,16,362,68
11,684,241265,-2848,-15871,-1744,22,321,50
11,685,241270,-2619,-16350,-1946,26,248,68
11,686,241275,-2523,-16155,-2259,26,210,49
11,687,241280,-2452,-16171,-2204,28,185,44
11,688,241285,-2457,-16249,-2144,25,153,43
11,689,241290,-2499,-16154,-2193,28,130,35
11,690,241295,-2490,-16145,-2380,29,101,33
11,691,241300,-2462,-16127,-2359,34,76,35
11,692,241305,-2512,-16056,-2358,41,54,34
11,693,241310,-2720,-15974,-2391,43,29,27
11,694,241315,-2808,-15905,-2593,48,10,28
11,695,241320,-2696,-15883,-2896,50,18,27
11,696,241325,-2511,-15909,-3040,54,53,29
11,697,241330,-2622,-15904,-2928,64,105,23
11,698,241335,-2736,-15897,-2788,69,136,18
11,699,241340,-2844,-15849,-2732,75,156,12
11,700,241345,-2744,-15877,-3031,80,181,12
11,701,241350,-2794,-15929,-2209,77,230,10
11,702,241355,-2857,-15703,-1996,82,209,6
11,703,241360,-2883,-16012,-2003,86,168,13
11,704,241365,-2958,-15808,-2196,92,127,-2
11,705,241370,-2957,-15845,-2215,87,91,-2
11,706,241375,-2954,-15859,-2019,84,52,-4
11,707,241380,-2910,-15872,-1969,84,13,-9
11,708,241385,-2896,-15839,-2048,89,-22,-9
11,709,241390,-2990,-15909,-2268,91,-61,-12
11,710,241395,-3079,-15890,-2425,92,-95,-18
11,711,241400,-3074,-15865,-2527,93,-114,-20
11,712,241405,-3059,-15880,-2568,94,-125,-22
11,713,241410,-3043,-15864,-2795,97,-120,-26
11,714,241415,-3024,-15869,-3104,99,-88,-30
11,715,241420,-3140,-15901,-2962,103,-38,-32
11,716,241425,-3226,-15959,-2751,109,-1,-32
11,717,241430,-3160,-15990,-2806,113,20,-36
11,718,241435,-3083,-15947,-2863,114,45,-37
11,719,241440,-3180,-15913,-2618,114,77,-41
11,720,241445,-3298,-15864,-2557,117,93,-43
11,721,241450,-3357,-15820,-2549,117,105,-44
11,722,241455,-3251,-15802,-2562,115,109,-45
11,723,241460,-3129,-15768,-2594,119,110,-50
11,724,241465,-3089,-15810,-2753,121,114,-51
11,725,241470,-3201,-15848,-2343,117,142,-55
11,726,241475,-3197,-15629,-2118,116,111,-63
11,727,241480,-3159,-15879,-2115,117,67,-50
11,728,241485,-3044,-15842,-2369,120,38,-59
11,729,241490,-3049,-15790,-2491,114,20,-68
11,730,241495,-3078,-15870,-2125,113,5,-67
11,731,241500,-3060,-15847,-2285,112,-23,-72
11,732,241505,-2898,-15791,-2609,114,-40,-68
11,733,241510,-2915,-15853,-2537,108,-56,-68
11,734,241515,-2939,-15839,-2513,104,-75,-70
11,735,241520,-2979,-15897,-2460,104,-81,-70
11,736,241525,-2985,-15900,-2592,107,-78,-71
11,737,241530,-2958,-15864,-2666,107,-66,-67
11,738,241535,-3022,-15912,-2604,106,-50,-68
11,739,241540,-3103,-15902,-2431,104,-42,-75
11,740,241545,-3066,-15900,-2399,103,-44,-74
11,741,241550,-3059,-15946,-2397,104,-46,-71
11,742,241555,-3100,-15999,-2324,101,-49,-74
11,743,241560,-3127,-16051,-2349,98,-56,-73
11,744,241565,-3213,-16026,-2305,93,-67,-74
11,745,241570,-3206,-15974,-2312,90,-75,-73
11,746,241575,-3159,-15995,-2358,92,-78,-73
11,747,241580,-3215,-16010,-2401,90,-72,-76
11,748,241585,-3230,-16033,-2443,88,-71,-78
11,749,241590,-3194,-16029,-2510,87,-68,-79
11,750,241595,-3154,-16051,-2603,86,-58,-80
11,751,241600,-3155,-16070,-2580,84,-47,-78
11,752,241605,-3178,-16064,-2483,82,-33,-79
11,753,241610,-3208,-16127,-2464,81,-26,-79
11,754,241615,-3208,-16115,-2463,81,-21,-79
11,755,241620,-3184,-16148,-2360,77,-15,-77
11,756,241625,-3230,-16116,-2383,77,-9,-80
11,757,241630,-3230,-16108,-2395,74,-10,-79
11,758,241635,-3205,-16122,-2404,73,-15,-78
11,759,241640,-3192,-16105,-2375,73,-17,-79
11,760,241645,-3142,-16134,-2325,71,-18,-77
11,761,241650,-3147,-16133,-2236,67,-20,-77
11,762,241655,-3270,-16107,-2244,65,-26,-79
11,763,241660,-3326,-16099,-2342,60,-35,-78
11,764,241665,-3307,-16047,-2316,58,-44,-79
11,765,241670,-3209,-16021,-2375,59,-45,-77
11,766,241675,-3185,-15989,-2347,58,-43,-77
11,767,241680,-3191,-16013,-2369,56,-38,-77
11,768,241685,-3263,-16023,-2345,52,-36,-78
11,769,241690,-3344,-16031,-2327,51,-34,-78
11,770,241695,-3315,-16056,-2315,50,-35,-72
11,771,241700,-3207,-16023,-2281,47,-29,-74
11,772,241705,-3103,-16076,-2263,44,-21,-75
11,773,241710,-3115,-16134,-2328,43,-14,-74
11,774,241715,-3097,-16125,-2410,44,-17,-71
11,775,241720,-3039,-16174,-2377,41,-15,-70
11,776,241725,-3006,-16141,-2306,39,-9,-70
11,777,241730,-3031,-16139,-2276,38,-6,-69
11,778,241735,-3034,-16134,-2288,35,-2,-65
11,779,241740,-3020,-16142,-2309,34,1,-64
11,780,241745,-2972,-16118,-2246,33,2,-62
11,781,241750,-2956,-16136,-2227,33,4,-60
11,782,241755,-2967,-16128,-2135,28,0,-59
11,783,241760,-2959,-16096,-2073,26,-8,-57
11,784,241765,-2960,-16072,-2015,25,-21,-56
11,785,241770,-2979,-16068,-2008,22,-28,-52
11,786,241775,-2915,-16073,-1988,19,-42,-48
11,787,241780,-2906,-16087,-1927,16,-56,-48
11,788,241785,-2907,-16145,-1960,14,-73,-46
11,789,241790,-2928,-16144,-1926,11,-91,-45
11,790,241795,-2931,-16137,-1958,7,-108,-44
11,791,241800,-2875,-16125,-1950,3,-122,-44
11,792,241805,-2903,-16119,-1974,2,-133,-42
11,793,241810,-2957,-16100,-2100,-1,-137,-40
11,794,241815,-3013,-16075,-2232,-3,-137,-38
11,795,241820,-2980,-16029,-2283,-5,-128,-33
11,796,241825,-2969,-16024,-2329,-6,-113,-34
11,797,241830,-3010,-16013,-2279,-9,-97,-34
11,798,241835,-3065,-15974,-2308,-11,-88,-32
11,799,241840,-3062,-15948,-2388,-8,-71,-35
11,800,241845,-3006,-15991,-2422,-7,-53,-30
11,801,241850,-2996,-16055,-2268,-10,-35,-27
11,802,241855,-3067,-16023,-2182,-11,-20,-31
11,803,241860,-3130,-16044,-2171,-9,-14,-31
11,804,241865,-3147,-16056,-2187,-12,-9,-32
11,805,241870,-3104,-16098,-2165,-13,-8,-28
11,806,241875,-3009,-16088,-2076,-16,-18,-28
11,807,241880,-3056,-16044,-2079,-17,-20,-31
11,808,241885,-3159,-16013,-2094,-19,-29,-29
11,809,241890,-3157,-16037,-2127,-20,-35,-30
11,810,241895,-3070,-16033,-2115,-21,-41,-28
11,811,241900,-3030,-16093,-2123,-22,-44,-28
11,812,241905,-3055,-16132,-2153,-21,-43,-28
11,813,241910,-3074,-16126,-2175,-24,-38,-27
11,814,241915,-3040,-16080,-2157,-26,-32,-26
11,815,241920,-2998,-16109,-2143,-27,-20,-27
11,816,241925,-3032,-16129,-2176,-28,-15,-28
11,817,241930,-3073,-16101,-2163,-29,-11,-30
11,818,241935,-3041,-16029,-2164,-28,-11,-30
11,819,241940,-2999,-16032,-2149,-29,-16,-30
11,820,241945,-2964,-16032,-2116,-28,-19,-26
11,821,241950,-3036,-16052,-2203,-28,-21,-25
11,822,241955,-2991,-16095,-2323,-27,-22,-27
11,823,241960,-2900,-16091,-2402,-28,-14,-25
11,824,241965,-2822,-16047,-2406,-30,3,-25
11,825,241970,-2873,-16001,-2391,-26,21,-25
11,826,241975,-2940,-16045,-2375,-25,39,-27
11,827,241980,-2944,-16065,-2395,-23,48,-27
11,828,241985,-2837,-16084,-2331,-19,57,-25
11,829,241990,-2771,-16067,-2167,-22,64,-21
11,830,241995,-2814,-16052,-2027,-20,61,-21
11,831,242000,-2832,-15993,-2004,-20,56,-20
11,832,242005,-2916,-15945,-2053,-24,38,-20
11,833,242010,-2902,-15955,-2092,-25,21,-19
11,834,242015,-2830,-16037,-2116,-24,13,-18
11,835,242020,-2754,-16053,-2052,-23,4,-15
11,836,242025,-2746,-16002,-2045,-26,-1,-18
11,837,242030,-2780,-16003,-2111,-26,-9,-16
11,838,242035,-2776,-15978,-2142,-25,-12,-14
11,839,242040,-2774,-15952,-2155,-26,-14,-14
11,840,242045,-2786,-15963,-2092,-30,-15,-13
11,841,242050,-2805,-15966,-2091,-31,-19,-11
11,842,242055,-2837,-15997,-2084,-30,-24,-10
11,843,242060,-2841,-15962,-2232,-25,-16,-8
11,844,242065,-2781,-15953,-2341,-25,0,-6
11,845,242070,-2756,-15932,-2365,-24,11,-8
11,846,242075,-2758,-15937,-2304,-22,19,-4
11,847,242080,-2767,-15877,-2178,-23,22,-1
11,848,242085,-2817,-15895,-2091,-21,22,-2
11,849,242090,-2895,-15925,-2040,-19,12,-3
11,850,242095,-2983,-15953,-2095,-23,1,-1
11,851,242100,-2910,-15958,-2152,-25,-12,0
11,852,242105,-2873,-15931,-2216,-25,-19,4
11,853,242110,-2792,-15905,-2273,-23,-17,5
11,854,242115,-2816,-15861,-2269,-21,-11,3
11,855,242120,-2820,-15864,-2351,-21,-2,2
11,856,242125,-2881,-15884,-2357,-22,6,2
11,857,242130,-2879,-15891,-2229,-20,10,3
11,858,242135,-2872,-15830,-2164,-20,10,4
11,859,242140,-2881,-15881,-2128,-19,7,6
11,860,242145,-2907,-15910,-2180,-20,0,11
11,861,242150,-2856,-15916,-2197,-21,-7,11
11,862,242155,-2826,-15898,-2273,-20,-11,12
11,863,242160,-2770,-15860,-2349,-16,-11,12
11,864,242165,-2774,-15866,-2430,-15,-5,12
11,865,242170,-2864,-15813,-2385,-15,-3,11
11,866,242175,-2915,-15754,-2289,-11,-6,11
11,867,242180,-2950,-15759,-2187,-11,-9,15
11,868,242185,-2922,-15802,-2196,-8,-21,14
11,869,242190,-2888,-15875,-2203,-8,-35,15
11,870,242195,-2859,-15954,-2261,-9,-45,17
11,871,242200,-2884,-16036,-2289,-9,-55,18
11,872,242205,-2876,-16084,-2295,-11,-60,16
11,873,242210,-2792,-16103,-2293,-9,-55,17
11,874,242215,-2719,-16035,-2374,-7,-45,21
11,875,242220,-2735,-15991,-2444,-2,-32,20
11,876,242225,-2866,-15952,-2430,-4,-18,19
11,877,242230,-2934,-15866,-2274,-2,-11,20
11,878,242235,-2937,-15835,-2151,-1,-11,25
11,879,242240,-2895,-15860,-2116,0,-14,23
11,880,242245,-2856,-15924,-2271,-1,-23,25
11,881,242250,-2827,-15904,-2339,1,-26,28
11,882,242255,-2815,-15885,-2372,0,-27,26
11,883,242260,-2872,-15877,-2351,1,-30,27
11,884,242265,-2928,-15859,-2301,2,-35,27
11,885,242270,-2968,-15894,-2273,3,-37,25
11,886,242275,-2938,-15961,-2270,6,-40,28
11,887,242280,-2837,-16016,-2312,8,-36,29
11,888,242285,-2784,-15974,-2323,6,-27,29
11,889,242290,-2846,-15925,-2317,7,-22,28
11,890,242295,-2900,-15948,-2298,8,-22,27
11,891,242300,-2972,-15906,-2234,11,-24,29
11,892,242305,-2986,-15929,-2172,11,-25,30
11,893,242310,-2910,-16044,-2205,11,-28,33
11,894,242315,-2883,-16061,-2253,12,-32,31
11,895,242320,-2975,-16111,-2249,10,-33,27
11,896,242325,-2977,-16011,-2261,9,-34,28
11,897,242330,-2923,-15977,-2309,13,-31,27
11,898,242335,-2893,-15965,-2331,16,-25,32
11,899,242340,-2885,-15999,-2332,17,-20,33
11,900,242345,-2939,-16062,-2251,19,-12,29
11,901,242350,-3033,-16081,-2202,17,-9,29
11,902,242355,-2996,-16084,-2203,19,-6,29
11,903,242360,-2995,-16089,-2210,20,-4,30
11,904,242365,-3001,-16070,-2239,21,0,28
11,905,242370,-3000,-16072,-2217,18,-3,28
11,906,242375,-3001,-16089,-2259,19,-1,30
11,907,242380,-2977,-16058,-2236,21,5,29
11,908,242385,-2977,-16083,-2166,24,13,28
11,909,242390,-2985,-16128,-2120,24,13,28
11,910,242395,-3043,-16129,-2069,22,15,29
11,911,242400,-3027,-16115,-2074,24,11,30
11,912,242405,-3032,-16070,-2117,24,7,27
11,913,242410,-3051,-16094,-2061,20,5,26
11,914,242415,-3029,-16072,-2041,23,-4,25
11,915,242420,-3010,-16106,-2059,20,-13,24
11,916,242425,-3002,-16132,-2126,20,-13,24
11,917,242430,-3064,-16128,-2168,23,-13,25
11,918,242435,-3108,-16105,-2129,22,-12,24
11,919,242440,-3136,-16058,-2073,23,-18,22
11,920,242445,-3167,-16081,-2075,25,-23,22
11,921,242450,-3146,-16127,-2141,25,-26,20
11,922,242455,-3055,-16125,-2194,23,-24,19
11,923,242460,-3075,-16128,-2170,23,-21,19
11,924,242465,-3105,-16085,-2202,23,-18,22
11,925,242470,-3113,-16023,-2184,24,-11,21
11,926,242475,-3135,-16022,-2199,25,-3,19
11,927,242480,-3052,-15997,-2161,24,2,19
11,928,242485,-3054,-15984,-2155,25,0,20
11,929,242490,-3022,-15973,-2207,26,-2,16
11,930,242495,-3009,-15964,-2194,25,-5,16
11,931,242500,-3002,-16027,-2184,25,-11,18
11,932,242505,-2982,-16065,-2159,27,-17,19
11,933,242510,-2992,-16006,-2104,28,-22,17
11,934,242515,-3056,-15990,-2101,25,-28,14
11,935,242520,-3077,-15968,-2118,27,-34,16
11,936,242525,-3063,-16007,-2144,30,-37,17
11,937,242530,-3083,-16066,-2144,25,-37,15
11,938,242535,-3085,-16070,-2099,25,-33,12
11,939,242540,-2955,-16051,-2106,25,-24,13
11,940,242545,-2939,-16084,-2213,29,-12,12
11,941,242550,-2993,-16065,-2270,26,4,13
11,942,242555,-3054,-16063,-2173,25,20,12
11,943,242560,-3058,-16090,-2060,26,30,12
11,944,242565,-3033,-16113,-2060,28,33,13
11,945,242570,-3003,-16094,-2072,27,39,10
11,946,242575,-2953,-16063,-2109,22,39,11
11,947,242580,-2924,-15968,-2109,22,39,10
11,948,242585,-2937,-15971,-2107,26,36,11
11,949,242590,-2894,-16024,-2012,22,36,12
11,950,242595,-2841,-16040,-1993,22,29,12
11,951,242600,-2895,-16003,-2030,23,22,10
11,952,242605,-2964,-16019,-2085,20,13,7
11,953,242610,-2930,-15875,-2078,20,-14,9
11,954,242615,-2855,-15848,-2079,17,-27,10
11,955,242620,-2874,-15852,-2168,15,-35,9
11,956,242625,-2861,-15897,-2170,16,-35,9
11,957,242630,-2914,-15949,-2190,17,-32,9
11,958,242635,-2936,-15982,-2137,14,-28,8
11,959,242640,-2900,-16002,-2067,17,-28,9
11,960,242645,-2896,-16002,-2000,14,-24,9
11,961,242650,-2915,-16015,-1972,10,-27,5
11,962,242655,-2981,-16030,-1998,11,-38,7
11,963,242660,-3072,-16043,-1972,9,-46,7
11,964,242665,-3056,-16049,-2008,7,-56,8
11,965,242670,-3031,-16043,-2141,8,-60,5
11,966,242675,-2974,-16027,-2330,8,-49,6
11,967,242680,-2980,-16029,-2462,10,-35,4
11,968,242685,-2960,-16032,-2427,9,-19,3
11,969,242690,-3009,-15950,-2273,11,-1,2
11,970,242695,-3103,-15958,-2137,12,4,2
11,971,242700,-3174,-15963,-2122,11,2,-1
11,972,242705,-3093,-15933,-2227,11,3,-3
11,973,242710,-3036,-15923,-2267,11,2,1
11,974,242715,-2990,-15957,-2184,9,4,3
11,975,242720,-2995,-15957,-2142,5,5,-1
11,976,242725,-3029,-15932,-2118,5,2,-4
11,977,242730,-3055,-15961,-2126,9,-1,-4
11,978,242735,-3021,-15958,-2176,12,-12,-4
11,979,242740,-3064,-16028,-2157,7,-19,-4
11,980,242745,-3049,-16018,-2092,4,-28,-6
11,981,242750,-2991,-15966,-2126,5,-37,-10
11,982,242755,-2990,-16018,-2221,7,-40,-7
11,983,242760,-3044,-16017,-2227,5,-36,-6
11,984,242765,-3136,-16004,-2191,2,-36,-10
11,985,242770,-3148,-16016,-2121,4,-38,-11
11,986,242775,-3131,-16060,-2083,4,-38,-10
11,987,242780,-3111,-16131,-2122,4,-34,-12
11,988,242785,-3029,-16169,-2171,5,-29,-13
11,989,242790,-2981,-16157,-2226,3,-22,-14
11,990,242795,-3018,-16124,-2138,1,-16,-14
11,991,242800,-3052,-16104,-2080,2,-11,-15
11,992,242805,-3068,-16047,-2198,2,-5,-15
11,993,242810,-3051,-16020,-2256,3,4,-15
11,994,242815,-2981,-16038,-2238,3,9,-15
11,995,242820,-2991,-15987,-2258,1,11,-17
11,996,242825,-3016,-15940,-2175,1,10,-20
11,997,242830,-3037,-15911,-2063,2,-1,-16
11,998,242835,-3028,-15956,-2036,2,-17,-16
11,999,242840,-3015,-15984,-1986,3,-31,-18
12,0,258685,-2979,-15925,-2203,2,-4,-18
12,1,258690,-2961,-15918,-2157,3,-6,-20
12,2,258695,-2968,-15899,-2218,6,-12,-19
12,3,258700,-2961,-15939,-2199,7,-18,-17
12,4,258705,-2983,-15928,-2155,5,-17,-19
12,5,258710,-3023,-15927,-2130,4,-21,-22
12,6,258715,-3036,-15963,-2168,6,-19,-22
12,7,258720,-3019,-15983,-2155,3,-17,-19
12,8,258725,-2944,-15978,-2213,3,-18,-22
12,9,258730,-2962,-15933,-2266,7,-16,-23
12,10,258735,-3003,-15925,-2194,8,-15,-24
12,11,258740,-3052,-15969,-2178,8,-13,-20
12,12,258745,-3027,-15996,-2220,7,-10,-21
12,13,258750,-2957,-16026,-2190,7,-10,-19
12,14,258755,-2945,-16034,-2158,7,-3,-20
12,15,258760,-3018,-16035,-2085,6,-2,-23
12,16,258765,-3021,-16033,-2110,4,-1,-24
12,17,258770,-3038,-16011,-2065,5,-8,-24
12,18,258775,-2982,-16019,-2102,5,-13,-21
12,19,258780,-2989,-16034,-2097,8,-13,-18
12,20,258785,-2993,-16078,-2134,9,-17,-21
12,21,258790,-2959,-16015,-2171,7,-17,-22
12,22,258795,-2953,-15993,-2174,8,-17,-20
12,23,258800,-2965,-15940,-2147,6,-19,-23
12,24,258805,-2979,-15970,-2165,7,-23,-20
12,25,258810,-3017,-15931,-2193,8,-25,-22
12,26,258815,-2955,-15912,-2238,8,-24,-20
12,27,258820,-2933,-15884,-2288,6,-20,-20
12,28,258825,-2926,-15884,-2294,9,-16,-20
12,29,258830,-2941,-15886,-2267,7,-12,-20
12,30,258835,-2977,-15888,-2271,10,-7,-19
12,31,258840,-2935,-15904,-2254,8,-2,-20
12,32,258845,-2938,-15917,-2258,8,-1,-22
12,33,258850,-2954,-15925,-2239,11,-2,-21
12,34,258855,-2937,-15925,-2242,12,-2,-20
12,35,258860,-2897,-15944,-2231,9,-4,-18
12,36,258865,-2895,-15956,-2175,12,-2,-17
12,37,258870,-2882,-15999,-2161,14,-5,-18
12,38,258875,-2905,-15976,-2153,12,-10,-16
12,39,258880,-2869,-15958,-2171,10,-9,-14
12,40,258885,-2869,-16009,-2214,11,-9,-15
12,41,258890,-2850,-16022,-2155,10,-7,-13
12,42,258895,-2835,-16051,-2167,11,-6,-12
12,43,258900,-2829,-16081,-2152,14,-7,-11
12,44,258905,-2866,-16088,-2114,13,-4,-12
12,45,258910,-2878,-16089,-2132,11,-5,-13
12,46,258915,-2866,-16113,-2079,7,-6,-9
12,47,258920,-2873,-16084,-2087,10,-8,-8
12,48,258925,-2852,-16105,-2103,11,-7,-8
12,49,258930,-2869,-16083,-2090,10,-8,-8
12,50,258935,-2903,-16102,-2069,10,-11,-9
12,51,258940,-2919,-16103,-2045,10,-14,-6
12,52,258945,-2931,-16061,-2126,10,-20,-4
12,53,258950,-2936,-16061,-2134,8,-24,-4
12,54,258955,-2949,-16069,-2148,8,-26,-6
12,55,258960,-2920,-16041,-2161,10,-27,-6
12,56,258965,-2955,-16041,-2152,10,-23,-6
12,57,258970,-2962,-16100,-2194,10,-22,-3
12,58,258975,-2997,-16066,-2138,5,-20,-6
12,59,258980,-2997,-16023,-2166,8,-20,-6
12,60,258985,-3016,-16052,-2168,7,-21,-3
12,61,258990,-3005,-16061,-2167,7,-19,-2
12,62,258995,-2985,-16053,-2165,8,-20,-3
12,63,259000,-2951,-16015,-2157,7,-17,-3
12,64,259005,-2956,-16032,-2168,9,-14,-2
12,65,259010,-2935,-16017,-2150,10,-14,-3
12,66,259015,-2929,-15997,-2191,8,-11,-4
12,67,259020,-2972,-15988,-2167,7,-10,-6
12,68,259025,-2978,-15993,-2196,7,-11,-3
12,69,259030,-2964,-16020,-2111,9,-18,0
12,70,259035,-2993,-16022,-2106,8,-23,-3
12,71,259040,-3026,-15989,-2128,7,-30,-1
12,72,259045,-2989,-16017,-2197,6,-33,-3
12,73,259050,-2934,-16023,-2191,7,-36,-2
12,74,259055,-2934,-16038,-2164,12,-34,-2
12,75,259060,-2927,-16062,-2158,10,-31,-1
12,76,259065,-2986,-16129,-2179,10,-30,-1
12,77,259070,-2967,-16098,-2142,10,-26,-1
12,78,259075,-2953,-16104,-2104,8,-23,-3
12,79,259080,-2979,-16044,-2059,8,-23,-4
12,80,259085,-3079,-16084,-2061,8,-19,-1
12,81,259090,-3031,-16098,-2118,5,-19,0
12,82,259095,-2905,-16089,-2160,6,-14,-1
12,83,259100,-2881,-16057,-2178,9,-7,0
12,84,259105,-2918,-16012,-2230,7,3,-1
12,85,259110,-2990,-16005,-2203,9,7,-5
12,86,259115,-2975,-15980,-2139,9,9,-3
12,87,259120,-2910,-16015,-2146,7,12,-2
12,88,259125,-2879,-15997,-2133,8,11,-1
12,89,259130,-2881,-16007,-2137,7,8,0
12,90,259135,-2821,-15982,-2112,4,2,1
12,91,259140,-2838,-15984,-2111,5,-5,1
12,92,259145,-2868,-15981,-2106,7,-13,1
12,93,259150,-2911,-15955,-2085,8,-21,-1
12,94,259155,-2899,-15987,-2127,3,-34,0
12,95,259160,-2899,-15977,-2113,4,-38,0
12,96,259165,-2938,-15996,-2138,8,-41,2
12,97,259170,-2940,-16002,-2197,4,-44,-1
12,98,259175,-2908,-15989,-2209,6,-43,1
12,99,259180,-2917,-16032,-2208,5,-39,0
12,100,259185,-2944,-16029,-2250,5,-33,1
12,101,259190,-2899,-16033,-2236,5,-23,1
12,102,259195,-2936,-15998,-2256,7,-15,2
12,103,259200,-2947,-16047,-2193,6,-7,1
12,104,259205,-2869,-16049,-2133,4,2,1
12,105,259210,-2892,-16024,-2121,6,2,1
12,106,259215,-2911,-16029,-2097,7,-1,1
12,107,259220,-2949,-16034,-2028,1,-9,1
12,108,259225,-2993,-16051,-1981,3,-19,2
12,109,259230,-2986,-16029,-2068,6,-24,1
12,110,259235,-2958,-16012,-2112,4,-32,1
12,111,259240,-2922,-16060,-2162,3,-36,0
12,112,259245,-2935,-16040,-2129,6,-35,2
12,113,259250,-3030,-16020,-2157,3,-31,0
12,114,259255,-3085,-16027,-2222,2,-28,-3
12,115,259260,-3034,-16022,-2242,5,-23,-2
12,116,259265,-2973,-15959,-2282,5,-17,-2
12,117,259270,-2962,-15999,-2245,3,-8,-6
12,118,259275,-2963,-15977,-2219,4,4,-4
12,119,259280,-2936,-15974,-2228,6,15,-2
12,120,259285,-2953,-15975,-2229,6,23,-2
12,121,259290,-2973,-15981,-2195,6,22,-4
12,122,259295,-2960,-16001,-2129,4,21,-2
12,123,259300,-2943,-15975,-2057,4,19,0
12,124,259305,-2991,-15958,-2107,4,8,-2
12,125,259310,-2988,-15994,-2109,4,-3,-3
12,126,259315,-2878,-15996,-2179,4,-10,-1
12,127,259320,-2929,-15995,-2118,5,-17,-4
12,128,259325,-2932,-15991,-2121,5,-24,-4
12,129,259330,-2955,-15988,-2134,8,-24,-3
12,130,259335,-2950,-15974,-2164,7,-27,-6
12,131,259340,-2945,-16010,-2138,4,-25,-6
12,132,259345,-2956,-16021,-2164,3,-18,-7
12,133,259350,-2919,-16078,-2164,4,-15,-7
12,134,259355,-2891,-16037,-2162,2,-8,-5
12,135,259360,-2893,-16030,-2179,2,1,-5
12,136,259365,-2914,-16022,-2187,4,4,-5
12,137,259370,-2894,-16023,-2101,5,9,-4
12,138,259375,-2864,-16058,-2077,4,11,-4
12,139,259380,-2855,-16031,-2117,6,10,-1
12,140,259385,-2876,-16045,-2072,4,8,-5
12,141,259390,-2893,-16045,-2068,0,4,-3
12,142,259395,-2882,-16030,-2066,3,-6,-3
12,143,259400,-2869,-15977,-2018,1,-12,-3
12,144,259405,-2882,-16005,-2085,0,-18,-1
12,145,259410,-2866,-16021,-2108,1,-22,-4
12,146,259415,-2900,-16052,-2112,2,-23,-3
12,147,259420,-2927,-16022,-2102,4,-25,-2
12,148,259425,-2952,-16019,-2077,0,-29,-3
12,149,259430,-2969,-16026,-2084,-2,-29,-3
12,150,259435,-2978,-16034,-2070,-3,-29,-3
12,151,259440,-2980,-16000,-2155,-2,-29,-3
12,152,259445,-2953,-16014,-2194,-4,-26,-3
12,153,259450,-2937,-16016,-2194,-1,-18,-2
12,154,259455,-2971,-16021,-2151,-1,-12,-2
12,155,259460,-2995,-16024,-2079,0,-10,-2
12,156,259465,-3047,-16020,-2071,0,-10,-5
12,157,259470,-3028,-16079,-2080,1,-9,-5
12,158,259475,-2951,-16026,-2096,1,-14,-4
12,159,259480,-2925,-16015,-2083,-3,-17,-5
12,160,259485,-2956,-16055,-2062,-3,-16,-6
12,161,259490,-3002,-16032,-2130,-2,-16,-4
12,162,259495,-2998,-16052,-2122,0,-16,-4
12,163,259500,-2986,-16055,-2113,-2,-15,-7
12,164,259505,-2992,-16026,-2146,-4,-9,-9
12,165,259510,-2993,-15962,-2109,-2,-8,-5
12,166,259515,-3009,-15986,-2065,-3,-7,-6
12,167,259520,-2995,-16001,-2122,-7,-4,-8
12,168,259525,-2971,-16060,-2096,-2,-5,-9
12,169,259530,-2937,-16047,-2063,-4,-5,-8
12,170,259535,-2911,-16083,-2066,-6,-2,-6
12,171,259540,-2922,-16055,-2110,-4,0,-8
12,172,259545,-2949,-16058,-2077,-4,1,-9
12,173,259550,-2972,-16060,-2077,-6,1,-9
12,174,259555,-2940,-16049,-2036,-8,-4,-8
12,175,259560,-2948,-15995,-2020,-5,-10,-10
12,176,259565,-2991,-16009,-2031,-4,-17,-9
12,177,259570,-2984,-16027,-2112,-7,-23,-9
12,178,259575,-2946,-15986,-2077,-8,-25,-10
12,179,259580,-2974,-15994,-2102,-6,-28,-11
12,180,259585,-2997,-15977,-2163,-4,-26,-9
12,181,259590,-3022,-15987,-2117,-8,-26,-9
12,182,259595,-2984,-15978,-2151,-8,-25,-12
12,183,259600,-2954,-15966,-2190,-5,-24,-16
12,184,259605,-3021,-15988,-2165,-2,-20,-14
12,185,259610,-2960,-15972,-2130,-4,-15,-14
12,186,259615,-3017,-16010,-2169,-5,-11,-15
12,187,259620,-2999,-16025,-2162,-4,-12,-16
12,188,259625,-3011,-16021,-2117,-5,-11,-16
12,189,259630,-3038,-16050,-2106,-4,-9,-18
12,190,259635,-3002,-16049,-2127,-5,-9,-17
12,191,259640,-2931,-16045,-2116,-4,-4,-19
12,192,259645,-2954,-16055,-2165,-3,6,-19
12,193,259650,-2981,-16044,-2093,-3,11,-20
12,194,259655,-3016,-16072,-2081,-2,14,-18
12,195,259660,-2978,-16059,-2114,-2,18,-18
12,196,259665,-2943,-16024,-2123,-1,21,-19
12,197,259670,-2937,-15998,-2134,-1,22,-19
12,198,259675,-2974,-16015,-2153,2,21,-19
12,199,259680,-2978,-16011,-2103,-1,15,-19
12,200,259685,-2956,-15998,-2060,-2,10,-19
12,201,259690,-2876,-16008,-2080,-3,8,-21
12,202,259695,-2891,-16021,-2158,-2,7,-19
12,203,259700,-2894,-16000,-2168,-2,4,-18
12,204,259705,-2914,-15980,-2191,1,3,-16
12,205,259710,-2892,-15962,-2121,0,4,-21
12,206,259715,-2887,-15980,-2117,1,5,-23
12,207,259720,-2816,-15982,-2133,0,7,-21
12,208,259725,-2831,-15954,-2191,3,8,-20
12,209,259730,-2863,-15986,-2148,2,6,-21
12,210,259735,-2842,-15988,-2119,0,5,-21
12,211,259740,-2818,-15955,-2160,0,0,-21
12,212,259745,-2811,-15935,-2118,2,-7,-17
12,213,259750,-2837,-15960,-2095,3,-10,-17
12,214,259755,-2859,-16031,-2116,1,-17,-19
12,215,259760,-2792,-16032,-2134,1,-20,-16
12,216,259765,-2782,-16020,-2169,3,-21,-15
12,217,259770,-2787,-16009,-2132,-1,-21,-16
12,218,259775,-2823,-16002,-2087,1,-22,-17
12,219,259780,-2853,-16034,-2104,1,-24,-17
12,220,259785,-2821,-16065,-2194,1,-23,-14
12,221,259790,-2795,-16090,-2171,2,-22,-11
12,222,259795,-2799,-16083,-2088,2,-18,-12
12,223,259800,-2885,-16063,-2110,2,-16,-16
12,224,259805,-2898,-16066,-2113,3,-16,-13
12,225,259810,-2883,-16030,-2120,0,-19,-9
12,226,259815,-2910,-16072,-2162,0,-16,-8
12,227,259820,-2887,-16072,-2087,0,-17,-8
12,228,259825,-2888,-16070,-2064,0,-20,-10
12,229,259830,-2946,-16077,-2083,0,-24,-9
12,230,259835,-2962,-16055,-2151,1,-27,-10
12,231,259840,-2965,-16030,-2159,1,-23,-10
12,232,259845,-2887,-16079,-2099,-1,-22,-8
12,233,259850,-2904,-16060,-2144,1,-22,-6
12,234,259855,-2927,-16061,-2168,1,-20,-8
12,235,259860,-2978,-16020,-2199,1,-16,-11
12,236,259865,-2990,-15999,-2157,0,-13,-12
12,237,259870,-2964,-15994,-2121,-1,-13,-8
12,238,259875,-2947,-16007,-2121,-2,-10,-9
12,239,259880,-2925,-16023,-2133,1,-10,-12
12,240,259885,-3002,-16024,-2200,3,-11,-10
12,241,259890,-2997,-15995,-2098,1,-13,-6
12,242,259895,-2983,-16020,-2059,0,-11,-7
12,243,259900,-2957,-16052,-2067,2,-10,-10
12,244,259905,-2963,-16099,-2085,2,-10,-10
12,245,259910,-2995,-16030,-2181,1,-8,-9
12,246,259915,-3003,-16058,-2120,1,-8,-10
12,247,259920,-2985,-16074,-2078,2,-12,-11
12,248,259925,-2966,-16040,-2114,0,-15,-12
12,249,259930,-2953,-16019,-2196,0,-12,-12
12,250,259935,-2943,-15979,-2258,-2,-10,-11
12,251,259940,-2963,-15995,-2235,-2,-4,-10
12,252,259945,-2934,-16002,-2195,0,0,-10
12,253,259950,-2867,-15971,-2158,0,2,-6
12,254,259955,-2808,-15980,-2173,1,8,-11
12,255,259960,-2848,-16011,-2218,0,13,-9
12,256,259965,-2819,-16030,-2188,0,12,-6
12,257,259970,-2860,-16014,-2115,-1,13,-9
12,258,259975,-2860,-16066,-2052,0,11,-8
12,259,259980,-2883,-16088,-2017,-2,8,-9
12,260,259985,-2895,-16068,-2033,-2,3,-6
12,261,259990,-2860,-16083,-2046,-2,-1,-6
12,262,259995,-2853,-16055,-2021,-4,-7,-5
12,263,260000,-2872,-16023,-2029,-4,-16,-5
12,264,260005,-2862,-16063,-2072,-3,-23,-7
12,265,260010,-2915,-16071,-2177,-5,-25,-6
12,266,260015,-2880,-16051,-2204,-3,-28,-3
12,267,260020,-2837,-16067,-2210,-2,-27,-4
12,268,260025,-2813,-16048,-2247,-5,-22,-5
12,269,260030,-2845,-16002,-2268,-6,-11,-5
12,270,260035,-2863,-15997,-2306,-3,0,-4
12,271,260040,-2836,-15989,-2298,-4,10,-2
12,272,260045,-2820,-15978,-2243,-2,13,-1
12,273,260050,-2888,-15987,-2194,-2,20,-1
12,274,260055,-2873,-15983,-2164,-4,19,-2
12,275,260060,-2887,-15972,-2133,-2,12,0
12,276,260065,-2867,-15962,-2111,-2,8,0
12,277,260070,-2848,-15986,-2127,-4,4,0
12,278,260075,-2869,-15990,-2166,-7,-1,-1
12,279,260080,-2878,-16011,-2129,-7,-9,0
12,280,260085,-2914,-16018,-2072,-6,-19,0
12,281,260090,-2963,-16011,-2149,-6,-27,1
12,282,260095,-2917,-16039,-2208,-5,-31,0
12,283,260100,-2873,-16020,-2251,-4,-32,-2
12,284,260105,-2871,-16029,-2279,-5,-30,3
12,285,260110,-2839,-16035,-2214,-8,-20,4
12,286,260115,-2873,-16047,-2228,-7,-12,2
12,287,260120,-2895,-16053,-2226,-7,1,0
12,288,260125,-2902,-16095,-2189,-8,5,2
12,289,260130,-2878,-16083,-2158,-8,7,7
12,290,260135,-2908,-16096,-2110,-7,7,3
12,291,260140,-2891,-16086,-2113,-6,1,4
12,292,260145,-2885,-16081,-2122,-7,-2,6
12,293,260150,-2910,-16091,-2128,-9,-6,4
12,294,260155,-2935,-16054,-2116,-10,-10,1
12,295,260160,-2907,-16063,-2148,-9,-16,5
12,296,260165,-2924,-16040,-2150,-9,-18,3
12,297,260170,-2951,-16042,-2163,-8,-20,3
12,298,260175,-3005,-16041,-2203,-10,-21,4
12,299,260180,-2976,-16013,-2205,-11,-23,3
12,300,260185,-2951,-15981,-2241,-10,-24,4
12,301,260190,-2955,-15997,-2296,-9,-19,1
12,302,260195,-2908,-15990,-2334,-10,-11,2
12,303,260200,-2907,-15952,-2384,-8,-3,3
12,304,260205,-2883,-15935,-2310,-6,6,4
12,305,260210,-2885,-15938,-2251,-6,15,5
12,306,260215,-2836,-15966,-2188,-6,23,6
12,307,260220,-2876,-15929,-2151,-6,24,5
12,308,260225,-2885,-15941,-2084,-7,18,3
12,309,260230,-2934,-15969,-2062,-5,10,4
12,310,260235,-2892,-15942,-2080,-5,3,6
12,311,260240,-2865,-15983,-2035,-6,-3,6
12,312,260245,-2839,-16036,-2043,-9,-12,5
12,313,260250,-2848,-16003,-2074,-10,-20,6
12,314,260255,-2819,-15994,-2185,-10,-23,4
12,315,260260,-2905,-16017,-2085,-8,-29,7
12,316,260265,-2909,-16020,-2104,-7,-31,7
12,317,260270,-2912,-16090,-2184,-9,-31,7
12,318,260275,-2924,-16075,-2232,-7,-29,7
12,319,260280,-2927,-16052,-2197,-9,-20,6
12,320,260285,-2917,-16056,-2151,-9,-14,6
12,321,260290,-2946,-16038,-2129,-10,-10,4
12,322,260295,-2934,-16025,-2113,-8,-7,5
12,323,260300,-2919,-16059,-2135,-7,-7,7
12,324,260305,-2940,-16053,-2127,-6,-10,5
12,325,260310,-2986,-16050,-2110,-8,-14,6
12,326,260315,-2951,-15954,-2119,-8,-20,5
12,327,260320,-2944,-15972,-2162,-8,-27,5
12,328,260325,-2931,-15950,-2197,-8,-30,3
12,329,260330,-2950,-15946,-2235,-6,-29,4
12,330,260335,-2959,-15947,-2288,-3,-33,4
12,331,260340,-2968,-15945,-2261,-4,-30,4
12,332,260345,-3011,-15953,-2250,-7,-23,2
12,333,260350,-2951,-15985,-2249,0,-19,1
12,334,260355,-2958,-15976,-2254,0,-12,2
12,335,260360,-3004,-15989,-2265,1,-3,3
12,336,260365,-2947,-16026,-2221,3,5,0
12,337,260370,-3002,-16036,-2245,3,15,-1
12,338,260375,-2949,-16047,-2182,4,18,-1
12,339,260380,-2942,-16038,-2165,3,19,-4
12,340,260385,-2971,-16059,-2160,5,22,-5
12,341,260390,-2963,-16025,-2146,4,19,-3
12,342,260395,-2921,-16045,-2120,5,15,-2
12,343,260400,-2918,-16077,-2070,6,13,-3
12,344,260405,-2876,-16054,-2099,6,10,-4
12,345,260410,-2834,-16046,-2123,4,6,-6
12,346,260415,-2836,-16040,-2115,4,2,-5
12,347,260420,-2905,-16045,-2106,7,-1,-5
12,348,260425,-2857,-16019,-2108,6,-5,-5
12,349,260430,-2885,-16059,-2125,6,-9,-5
12,350,260435,-2852,-16046,-2166,6,-7,-5
12,351,260440,-2818,-16071,-2115,6,-5,-5
12,352,260445,-2845,-16062,-2131,6,0,-5
12,353,260450,-2867,-16062,-2168,6,3,-6
12,354,260455,-2934,-16089,-2124,8,6,-7
12,355,260460,-2882,-16049,-2144,9,6,-3
12,356,260465,-2871,-16044,-2148,9,9,-5
12,357,260470,-2875,-16052,-2078,8,10,-5
12,358,260475,-2892,-16036,-2076,8,8,-5
12,359,260480,-2900,-16023,-2148,7,8,-6
12,360,260485,-2897,-16018,-2113,9,5,-6
12,361,260490,-2834,-16032,-2132,8,0,-7
12,362,260495,-2848,-16028,-2107,7,-9,-6
12,363,260500,-2864,-15992,-2120,7,-18,-5
12,364,260505,-2857,-15955,-2107,7,-25,-6
12,365,260510,-2904,-15971,-2171,9,-29,-6
12,366,260515,-2886,-15973,-2206,7,-31,-6
12,367,260520,-2858,-16012,-2235,9,-30,-4
12,368,260525,-2833,-15974,-2254,9,-24,-3
12,369,260530,-2913,-15966,-2288,7,-15,-5
12,370,260535,-3001,-15953,-2416,8,-5,-4
12,371,260540,-2906,-15919,-2548,11,12,0
12,372,260545,-2610,-15843,-2628,10,37,5
12,373,260550,-2445,-15846,-2605,10,81,11
12,374,260555,-2477,-15910,-2560,11,129,14
12,375,260560,-2619,-15974,-2617,11,164,17
12,376,260565,-2575,-15944,-2790,14,197,27
12,377,260570,-2302,-15904,-2897,15,232,43
12,378,260575,-1945,-15832,-2784,16,276,53
12,379,260580,-1698,-15665,-2384,12,316,64
12,380,260585,-1724,-15632,-1930,12,337,68
12,381,260590,-2136,-15625,-1799,16,338,76
12,382,260595,-2445,-15656,-1550,12,297,92
12,383,260600,-2615,-15564,-1155,0,213,109
12,384,260605,-2714,-15580,-716,-14,105,121
12,385,260610,-2966,-15634,-764,-24,-14,132
12,386,260615,-3091,-15632,-857,-29,-138,142
12,387,260620,-3220,-15698,-1424,-44,-239,150
12,388,260625,-3599,-15559,-2080,-66,-344,169
12,389,260630,-3663,-15421,-2442,-62,-341,180
12,390,260635,-3699,-15305,-3077,-61,-309,191
12,391,260640,-3812,-15251,-3534,-60,-248,204
12,392,260645,-3808,-15293,-3783,-61,-174,218
12,393,260650,-3819,-15170,-3782,-60,-89,233
12,394,260655,-3827,-15216,-3642,-55,5,250
12,395,260660,-3873,-15284,-3664,-52,98,264
12,396,260665,-3840,-15358,-3456,-55,181,279
12,397,260670,-3791,-15321,-3096,-56,240,294
12,398,260675,-3920,-15350,-2563,-59,264,308
12,399,260680,-3956,-15361,-2121,-62,247,324
12,400,260685,-4037,-15423,-1897,-67,194,341
12,401,260690,-3983,-15448,-1698,-74,107,356
12,402,260695,-4000,-15500,-1582,-83,6,370
12,403,260700,-4422,-15820,-1845,-88,-95,380
12,404,260705,-4455,-15887,-1948,-96,-181,398
12,405,260710,-4167,-15830,-2019,-104,-245,416
12,406,260715,-4372,-15914,-2061,-112,-266,428
12,407,260720,-4731,-16084,-2272,-115,-272,439
12,408,260725,-4836,-16097,-2684,-116,-263,452
12,409,260730,-4758,-16087,-3093,-113,-230,468
12,410,260735,-4729,-16140,-3355,-121,-170,484
12,411,260740,-4914,-16110,-3337,-133,-89,501
12,412,260745,-5050,-16095,-2671,-124,1,514
12,413,260750,-5044,-16142,-2704,-113,45,536
12,414,260755,-4858,-16197,-3668,-113,81,547
12,415,260760,-5044,-16111,-3414,-122,162,556
12,416,260765,-5155,-16218,-2356,-127,227,572
12,417,260770,-5039,-16155,-2357,-124,245,582
12,418,260775,-4926,-16061,-2492,-120,258,595
12,419,260780,-4884,-16098,-2178,-126,261,614
12,420,260785,-4930,-16073,-2021,-135,218,628
12,421,260790,-4996,-15957,-1816,-146,152,636
12,422,260795,-5181,-15887,-1814,-148,98,644
12,423,260800,-5310,-15933,-2257,-149,53,655
12,424,260805,-5264,-15970,-2801,-150,27,671
12,425,260810,-5246,-15865,-2657,-163,23,682
12,426,260815,-5378,-15765,-2343,-170,9,687
12,427,260820,-5520,-15701,-1934,-170,-15,691
12,428,260825,-5487,-15468,-2226,-170,-65,694
12,429,260830,-5461,-15463,-2609,-172,-100,712
12,430,260835,-5529,-15500,-2490,-179,-129,724
12,431,260840,-5585,-15447,-2205,-189,-171,729
12,432,260845,-5552,-15521,-2283,-193,-211,737
12,433,260850,-5514,-15389,-2340,-191,-219,741
12,434,260855,-5471,-15363,-2523,-188,-227,747
12,435,260860,-5681,-15365,-2711,-189,-236,753
12,436,260865,-5837,-15317,-2528,-195,-251,756
12,437,260870,-5823,-15285,-2478,-196,-280,761
12,438,260875,-5768,-15246,-2763,-194,-299,764
12,439,260880,-5782,-15299,-3122,-190,-291,770
12,440,260885,-5906,-15377,-3510,-191,-262,776
12,441,260890,-5925,-15361,-3761,-189,-215,779
12,442,260895,-5962,-15350,-3637,-188,-138,780
12,443,260900,-5846,-15313,-3908,-178,-50,782
12,444,260905,-6041,-15334,-2876,-163,62,785
12,445,260910,-6093,-15374,-3748,-177,74,779
12,446,260915,-6246,-15331,-3004,-175,133,777
12,447,260920,-6268,-15228,-2904,-173,131,782
12,448,260925,-6280,-15283,-2616,-166,135,781
12,449,260930,-6262,-15042,-2791,-166,123,768
12,450,260935,-6110,-15091,-3116,-167,121,768
12,451,260940,-6154,-14974,-2932,-170,122,765
12,452,260945,-6148,-15020,-2664,-177,107,761
12,453,260950,-6156,-14896,-2357,-177,73,754
12,454,260955,-6028,-14836,-2295,-175,18,743
12,455,260960,-6041,-14817,-2167,-176,-45,735
12,456,260965,-6147,-14745,-1913,-180,-134,725
12,457,260970,-6300,-14716,-1632,-189,-250,713
12,458,260975,-6442,-14681,-1535,-194,-391,701
12,459,260980,-6620,-14625,-1678,-196,-533,688
12,460,260985,-6718,-14641,-2065,-198,-668,680
12,461,260990,-6738,-14542,-2852,-195,-771,670
12,462,260995,-6358,-14581,-4263,-183,-777,647
12,463,261000,-6286,-14570,-4932,-166,-676,628
12,464,261005,-6379,-14726,-4785,-146,-514,608
12,465,261010,-6228,-14544,-6989,-138,-362,591
12,466,261015,-6741,-15315,-5354,-124,29,583
12,467,261020,-6996,-14269,-2813,-109,221,536
12,468,261025,-6647,-15108,-2997,-104,147,578
12,469,261030,-6001,-15319,-4166,-97,116,545
12,470,261035,-6483,-14813,-4742,-97,232,501
12,471,261040,-7045,-15088,-3718,-80,419,493
12,472,261045,-7171,-14814,-2750,-72,522,462
12,473,261050,-6430,-14667,-2988,-63,529,449
12,474,261055,-6051,-15062,-2749,-60,531,436
12,475,261060,-6325,-14888,-2893,-65,508,397
12,476,261065,-6846,-14997,-2445,-64,478,380
12,477,261070,-6798,-14708,-2800,-56,402,354
12,478,261075,-6370,-14707,-2914,-53,369,338
12,479,261080,-6148,-14627,-3131,-53,358,317
12,480,261085,-6256,-14602,-3210,-51,372,291
12,481,261090,-6458,-14515,-3353,-45,387,264
12,482,261095,-6250,-14524,-3554,-33,408,242
12,483,261100,-5942,-14502,-3677,-23,440,223
12,484,261105,-5844,-14541,-3598,-17,479,206
12,485,261110,-5950,-14535,-3382,-6,524,180
12,486,261115,-6048,-14502,-3383,3,563,158
12,487,261120,-6018,-14413,-3359,12,600,135
12,488,261125,-5896,-14500,-3153,13,634,119
12,489,261130,-5847,-14661,-2717,17,645,98
12,490,261135,-5869,-14718,-2234,27,628,76
12,491,261140,-5984,-14876,-2045,28,582,50
12,492,261145,-6008,-14944,-1958,31,519,22
12,493,261150,-5887,-14874,-2242,33,449,3
12,494,261155,-5802,-14857,-2224,35,403,-14
12,495,261160,-5757,-14786,-2169,40,354,-33
12,496,261165,-5742,-14810,-2314,38,308,-59
12,497,261170,-5736,-14774,-2480,43,269,-84
12,498,261175,-5704,-14846,-2533,54,240,-101
12,499,261180,-5679,-14841,-2594,60,217,-124
12,500,261185,-5565,-14853,-2683,68,192,-144
12,501,261190,-5535,-14808,-2850,77,171,-165
12,502,261195,-5485,-14789,-3027,81,161,-188
12,503,261200,-5446,-14760,-3056,87,156,-208
12,504,261205,-5490,-14802,-2982,94,157,-224
12,505,261210,-5457,-14821,-2936,101,162,-240
12,506,261215,-5369,-14781,-2968,108,169,-262
12,507,261220,-5323,-14784,-3032,118,183,-282
12,508,261225,-5361,-14709,-3053,125,191,-300
12,509,261230,-5433,-14667,-3008,132,199,-320
12,510,261235,-5455,-14634,-2937,140,202,-340
12,511,261240,-5472,-14618,-2872,145,195,-358
12,512,261245,-5392,-14636,-2906,154,179,-377
12,513,261250,-5381,-14647,-2948,162,168,-394
12,514,261255,-5365,-14616,-3014,166,161,-415
12,515,261260,-5368,-14641,-3042,173,156,-435
12,516,261265,-5315,-14577,-3074,180,158,-453
12,517,261270,-5247,-14585,-3086,188,158,-470
12,518,261275,-5185,-14673,-3049,196,159,-487
12,519,261280,-5150,-14717,-2970,202,160,-505
12,520,261285,-5178,-14733,-2925,210,160,-520
12,521,261290,-5207,-14775,-2894,217,153,-536
12,522,261295,-5214,-14784,-2849,221,143,-554
12,523,261300,-5167,-14864,-2890,224,129,-573
12,524,261305,-5179,-14892,-2849,232,115,-588
12,525,261310,-5138,-14976,-2920,236,106,-604
12,526,261315,-5063,-15024,-2925,240,101,-620
12,527,261320,-5034,-15039,-2962,249,99,-635
12,528,261325,-5074,-15064,-2986,250,103,-650
12,529,261330,-5105,-15067,-3015,254,103,-667
12,530,261335,-5091,-15028,-3161,261,109,-681
12,531,261340,-4955,-15075,-3140,266,119,-692
12,532,261345,-4805,-15032,-3054,273,129,-706
12,533,261350,-4773,-15057,-3010,279,138,-722
12,534,261355,-4917,-15093,-2902,282,142,-741
12,535,261360,-4871,-15216,-2809,290,116,-761
12,536,261365,-4786,-15284,-2788,293,103,-771
12,537,261370,-4750,-15407,-2680,293,91,-785
12,538,261375,-4748,-15423,-2804,292,68,-799
12,539,261380,-4778,-15400,-2783,294,61,-811
12,540,261385,-4826,-15390,-2913,302,51,-825
12,541,261390,-4820,-15474,-3087,305,49,-829
12,542,261395,-4614,-15412,-3282,308,55,-839
12,543,261400,-4425,-15439,-3370,311,74,-845
12,544,261405,-4353,-15378,-3263,315,98,-859
12,545,261410,-4423,-15410,-3217,317,125,-868
12,546,261415,-4501,-15507,-3156,324,154,-874
12,547,261420,-4402,-15584,-3049,327,172,-879
12,548,261425,-4250,-15655,-2907,328,186,-884
12,549,261430,-4013,-15664,-2626,325,188,-891
12,550,261435,-3883,-15692,-2218,325,167,-895
12,551,261440,-3892,-15749,-2346,319,116,-898
12,552,261445,-3979,-15769,-1950,320,66,-904
12,553,261450,-3893,-15788,-1940,321,-25,-907
12,554,261455,-3757,-15793,-1981,308,-101,-911
12,555,261460,-3760,-15787,-2025,305,-170,-913
12,556,261465,-3896,-15862,-2151,302,-236,-914
12,557,261470,-3906,-15825,-2361,297,-295,-923
12,558,261475,-3807,-15769,-2433,295,-327,-919
12,559,261480,-3687,-15877,-3059,292,-341,-918
12,560,261485,-3525,-15954,-3432,286,-298,-921
12,561,261490,-3590,-16065,-2919,286,-222,-923
12,562,261495,-3617,-16037,-2706,287,-180,-928
12,563,261500,-3502,-16037,-2942,290,-154,-926
12,564,261505,-3360,-15991,-2916,288,-110,-926
12,565,261510,-3265,-16051,-2423,282,-71,-920
12,566,261515,-3258,-16095,-2012,280,-66,-918
12,567,261520,-3406,-16183,-1714,277,-86,-919
12,568,261525,-3360,-16298,-1637,270,-132,-914
12,569,261530,-3142,-16337,-1693,266,-180,-908
12,570,261535,-2866,-16359,-1621,255,-219,-903
12,571,261540,-2847,-16481,-1352,247,-244,-900
12,572,261545,-3021,-16557,-1498,244,-290,-903
12,573,261550,-3233,-16564,-1806,237,-337,-902
12,574,261555,-3183,-16487,-2098,228,-373,-894
12,575,261560,-3019,-16551,-2252,219,-384,-880
12,576,261565,-2892,-16528,-2424,212,-373,-877
12,577,261570,-2816,-16527,-2706,213,-342,-873
12,578,261575,-2884,-16396,-3174,213,-282,-873
12,579,261580,-2888,-16362,-3105,212,-213,-866
12,580,261585,-2807,-16317,-2997,211,-153,-859
12,581,261590,-2666,-16296,-2705,214,-92,-853
12,582,261595,-2714,-16376,-2364,216,-45,-844
12,583,261600,-2806,-16284,-2062,215,-30,-842
12,584,261605,-2794,-16341,-1852,207,-50,-830
12,585,261610,-2721,-16373,-1652,200,-95,-824
12,586,261615,-2555,-16391,-1414,192,-155,-816
12,587,261620,-2455,-16516,-1192,188,-227,-803
12,588,261625,-2531,-16589,-1473,181,-307,-796
12,589,261630,-2658,-16607,-1613,176,-371,-789
12,590,261635,-2545,-16579,-1712,168,-418,-777
12,591,261640,-2321,-16589,-1770,156,-448,-766
12,592,261645,-2296,-16677,-1846,148,-465,-762
12,593,261650,-2376,-16724,-1868,144,-464,-750
12,594,261655,-2458,-16760,-1973,140,-458,-742
12,595,261660,-2548,-16791,-1515,137,-448,-729
12,596,261665,-2272,-16730,-2844,133,-447,-720
12,597,261670,-2062,-16793,-3279,122,-352,-698
12,598,261675,-2309,-17189,-804,105,-258,-682
12,599,261680,-2353,-16851,-818,113,-310,-691
12,600,261685,-6194,-18991,4219,147,-310,-700
12,601,261707,-32768,-4972,-30917,281,-4222,-602
12,602,261708,-32768,-4972,-30917,281,-4222,-602
12,603,261708,-32768,-4972,-30917,281,-4222,-602
12,604,261709,-32768,-4972,-30917,281,-4222,-602
12,605,261710,-483,-9220,-32768,183,-3181,709
12,606,261715,-483,-9220,-32768,183,-3181,709
12,607,261720,30900,-20840,-19142,-59,1663,1034
12,608,261725,11738,-25999,18367,94,5751,232
12,609,261730,-27622,-10418,-4405,456,273,-177
12,610,261735,-2128,-13922,-29021,242,-722,305
12,611,261740,11112,-12676,-8118,4,775,293
12,612,261745,7770,-19649,21656,-52,2008,256
12,613,261750,-6732,-18553,18482,291,1480,28
12,614,261755,-9385,-15198,-3860,386,123,-68
12,615,261760,-5650,-13239,-14357,226,-692,93
12,616,261765,835,-15778,-6032,-68,-755,241
12,617,261770,1820,-15790,8923,-131,-451,191
12,618,261775,-153,-17703,8587,20,-437,195
12,619,261780,-3099,-16711,-2765,240,-515,105
12,620,261785,-4383,-15510,-13533,185,-687,98
12,621,261790,-3552,-15415,-9645,5,-554,167
12,622,261795,-1389,-15696,5682,-100,-359,222
12,623,261800,1231,-17538,3476,5,-452,260
12,624,261805,-82,-17289,-2507,142,-205,165
12,625,261810,-3698,-16013,-5014,170,-67,120
12,626,261815,-5047,-16263,-5958,37,-278,175
12,627,261820,-3216,-15775,-552,-46,-360,200
12,628,261825,-276,-16265,2850,8,-343,244
12,629,261830,-13,-17057,1063,74,-257,227
12,630,261835,-2380,-16687,-4035,107,-205,167
12,631,261840,-4616,-16539,-4278,61,-209,163
12,632,261845,-3967,-15694,-2137,-11,-374,180
12,633,261850,-1337,-16134,-129,-31,-440,238
12,634,261855,-411,-16669,190,21,-305,237
12,635,261860,-1770,-16724,-2447,72,-148,197
12,636,261865,-3504,-16474,-3867,63,-89,169
12,637,261870,-3698,-15939,-3118,17,-170,178
12,638,261875,-2260,-15976,-1567,-27,-238,217
12,639,261880,-1098,-16312,-935,0,-156,230
12,640,261885,-1359,-16528,-1321,45,10,204
12,641,261890,-2547,-16263,-1962,64,78,176
12,642,261895,-2960,-16106,-3532,27,-27,178
12,643,261900,-2326,-15976,-2819,-1,-38,200
12,644,261905,-1558,-16045,-696,0,58,211
12,645,261910,-1365,-16345,-271,22,140,208
12,646,261915,-1805,-16372,-1205,38,144,187
12,647,261920,-2377,-16344,-2019,23,69,180
12,648,261925,-2370,-16411,-1860,-7,-24,196
12,649,261930,-2034,-16105,-387,-13,-52,191
12,650,261935,-1537,-16137,-588,-9,-65,201
12,651,261940,-1568,-16511,-1214,-1,-29,198
12,652,261945,-2120,-16101,-1713,-8,-29,179
12,653,261950,-2372,-16285,-1873,-25,-92,194
12,654,261955,-2205,-16321,-1364,-35,-131,194
12,655,261960,-1762,-16402,-670,-37,-122,193
12,656,261965,-1675,-16348,-1049,-30,-96,190
12,657,261970,-2054,-16434,-1813,-27,-81,189
12,658,261975,-2610,-16185,-1796,-36,-89,180
12,659,261980,-2388,-16194,-1639,-53,-119,186
12,660,261985,-1952,-16150,-1179,-51,-119,187
12,661,261990,-1814,-16089,-1278,-42,-100,186
12,662,261995,-2017,-16317,-1520,-40,-71,184
12,663,262000,-2394,-16094,-1679,-48,-86,171
12,664,262005,-2407,-16276,-1355,-61,-129,175
12,665,262010,-2189,-16033,-1326,-63,-185,172
12,666,262015,-2073,-16049,-1345,-61,-201,175
12,667,262020,-2247,-16007,-1617,-60,-204,176
12,668,262025,-2359,-15951,-1691,-65,-204,173
12,669,262030,-2389,-15860,-1552,-65,-225,169
12,670,262035,-2210,-15909,-1932,-68,-262,171
12,671,262040,-2228,-15982,-1816,-69,-246,171
12,672,262045,-2363,-15961,-1123,-66,-221,163
12,673,262050,-2518,-16077,-1231,-68,-263,166
12,674,262055,-2589,-16035,-1591,-68,-307,163
12,675,262060,-2636,-16124,-1736,-73,-327,159
12,676,262065,-2737,-16003,-1694,-78,-339,154
12,677,262070,-2795,-15992,-1450,-74,-342,159
12,678,262075,-2802,-16050,-1738,-69,-338,158
12,679,262080,-2829,-16005,-2148,-66,-326,149
12,680,262085,-2917,-16025,-2345,-70,-298,149
12,681,262090,-3031,-15980,-2040,-69,-256,147
12,682,262095,-3221,-15979,-2632,-55,-159,139
12,683,262100,-3239,-15821,-2633,-49,-86,134
12,684,262105,-3114,-15798,-2661,-48,-40,141
12,685,262110,-2909,-15757,-2510,-40,6,138
12,686,262115,-2854,-15704,-2653,-36,65,131
12,687,262120,-2986,-15741,-2632,-27,142,130
12,688,262125,-3050,-15732,-2338,-18,213,126
12,689,262130,-2959,-15660,-2035,-15,240,124
12,690,262135,-2736,-15717,-2185,-15,239,127
12,691,262140,-2794,-15739,-1904,-11,255,123
12,692,262145,-2896,-15567,-1555,-7,249,116
12,693,262150,-2941,-15628,-1654,-4,207,121
12,694,262155,-2892,-15657,-1654,-2,170,121
12,695,262160,-2989,-15683,-1697,-7,121,119
12,696,262165,-3158,-15749,-1740,-8,65,116
12,697,262170,-3275,-15670,-1912,-4,24,111
12,698,262175,-3293,-15603,-2356,2,11,112
12,699,262180,-3296,-15513,-2837,9,32,108
12,700,262185,-3307,-15409,-3254,15,89,105
12,701,262190,-3395,-15403,-3721,20,185,101
12,702,262195,-3417,-15357,-3398,36,306,100
12,703,262200,-3367,-15409,-3076,46,411,101
12,704,262205,-3331,-15429,-3232,56,492,99
12,705,262210,-3414,-15639,-3811,66,590,98
12,706,262215,-3781,-15542,-2598,73,721,89
12,707,262220,-3785,-15364,-1955,81,720,90
12,708,262225,-3462,-15494,-2374,85,664,100
12,709,262230,-3460,-15543,-2583,87,669,87
12,710,262235,-3701,-15215,-2331,91,679,73
12,711,262240,-3827,-15314,-2071,96,654,79
12,712,262245,-3643,-15242,-2054,100,617,73
12,713,262250,-3460,-15062,-2086,108,589,65
12,714,262255,-3348,-15224,-2269,110,562,68
12,715,262260,-3527,-15187,-2470,116,539,61
12,716,262265,-3642,-15087,-2817,120,508,59
12,717,262270,-3583,-15061,-3265,124,497,57
12,718,262275,-3837,-15188,-3682,134,527,52
12,719,262280,-3698,-15171,-3869,149,578,39
12,720,262285,-3813,-14533,-4237,157,672,48
12,721,262290,-2876,-14866,-4685,172,800,62
12,722,262295,-3230,-14638,-4398,190,967,51
12,723,262300,-3583,-15425,-4302,194,1136,55
12,724,262305,-4446,-15014,-2441,212,1297,23
12,725,262310,-4068,-15297,-2641,225,1294,42
12,726,262315,-3326,-15842,-3536,241,1311,65
12,727,262320,-3186,-16042,-3201,242,1410,57
12,728,262325,-3739,-16241,-2599,237,1511,50
12,729,262330,-4065,-16456,-1909,247,1609,45
12,730,262335,-3940,-16523,-2001,257,1694,42
12,731,262340,-3517,-16570,-2011,264,1794,50
12,732,262345,-3216,-16790,-1851,260,1856,59
12,733,262350,-3134,-17049,-1627,252,1896,64
12,734,262355,-2993,-17139,-1365,256,1925,61
12,735,262360,-2710,-17186,-1149,261,1939,66
12,736,262365,-2393,-17142,-733,256,1918,69
12,737,262370,-2444,-16939,-764,247,1828,74
12,738,262375,-2562,-17015,-488,240,1721,87
12,739,262380,-2598,-16751,-520,234,1562,87
12,740,262385,-2617,-16631,-707,229,1389,95
12,741,262390,-2487,-16540,-1152,227,1230,102
12,742,262395,-2417,-16305,-1807,222,1107,110
12,743,262400,-2320,-16163,-2272,218,1038,116
12,744,262405,-2714,-16037,-2518,222,1017,122
12,745,262410,-2687,-15974,-2907,230,1024,123
12,746,262415,-2713,-15780,-3560,239,1069,127
12,747,262420,-2475,-15734,-3907,254,1166,133
12,748,262425,-2422,-15824,-3906,263,1287,144
12,749,262430,-2377,-16038,-3296,269,1416,151
12,750,262435,-2323,-16082,-3528,274,1533,158
12,751,262440,-2406,-16442,-2395,290,1726,166
12,752,262445,-2523,-16090,-2180,301,1809,156
12,753,262450,-2551,-16614,-1822,298,1843,189
12,754,262455,-2419,-16589,-1969,295,1846,195
12,755,262460,-2340,-16792,-1856,293,1893,206
12,756,262465,-2299,-17001,-891,298,2008,216
12,757,262470,-2157,-17040,-749,292,1998,223
12,758,262475,-2109,-17152,-957,288,1978,234
12,759,262480,-2316,-16970,-367,286,1971,237
12,760,262485,-2506,-16824,-327,283,1897,241
12,761,262490,-2699,-16706,-472,280,1797,253
12,762,262495,-2701,-16458,-749,274,1696,256
12,763,262500,-2453,-16063,-927,263,1606,256
12,764,262505,-662,-14780,103,254,1542,264
12,765,262510,-1867,-14496,701,242,1546,283
12,766,262515,-5032,-16015,-2579,263,1557,249
12,767,262520,-5656,-16523,-4792,296,1647,255
12,768,262525,-3123,-17074,-6788,292,1728,301
12,769,262530,-1946,-17266,-6775,289,1952,313
12,770,262535,-2813,-17294,-3151,301,2246,267
12,771,262540,-4194,-16335,-2242,330,2239,239
12,772,262545,-3444,-16681,-3781,351,2180,280
12,773,262550,-2578,-16330,-4791,365,2320,288
12,774,262555,-2576,-16612,-3581,363,2584,296
12,775,262560,-3834,-16743,-2152,366,2773,297
12,776,262565,-4565,-16815,-1029,380,2848,286
12,777,262570,-3845,-16629,-2411,389,2809,281
12,778,262575,-3725,-16776,-2069,388,2857,302
12,779,262580,-3753,-16754,-244,366,2914,292
12,780,262585,-4739,-16390,1633,358,2892,289
12,781,262590,-4436,-16421,1518,364,2788,293
12,782,262595,-4246,-16244,497,359,2696,284
12,783,262600,-4201,-16160,671,334,2580,271
12,784,262605,-4599,-15972,1538,305,2380,261
12,785,262610,-4407,-16105,1595,290,2108,265
12,786,262615,-3885,-16049,1071,287,1836,259
12,787,262620,-3351,-16021,-203,284,1574,247
12,788,262625,-3063,-15954,-699,273,1352,238
12,789,262630,-2974,-15669,-1218,253,1135,234
12,790,262635,-3046,-15600,-1596,253,974,236
12,791,262640,-2600,-15506,-2310,265,870,230
12,792,262645,-2156,-15494,-3281,271,838,231
12,793,262650,-1741,-15668,-4002,276,880,235
12,794,262655,-1577,-15806,-4272,286,973,242
12,795,262660,-1423,-15920,-4717,305,1100,249
12,796,262665,-1426,-16098,-5380,330,1275,255
12,797,262670,-1846,-15761,-4743,348,1493,247
12,798,262675,-2184,-15710,-4980,362,1632,269
12,799,262680,-2417,-15718,-4571,374,1807,283
12,800,262685,-2712,-15650,-4185,383,2005,276
12,801,262690,-3103,-15860,-2864,394,2224,283
12,802,262695,-3494,-15951,-1589,405,2372,289
12,803,262700,-3670,-16277,-1037,402,2450,291
12,804,262705,-3890,-16157,-427,398,2514,282
12,805,262710,-4109,-16334,32,395,2557,289
12,806,262715,-4194,-16373,-185,389,2551,284
12,807,262720,-3965,-16210,-837,383,2502,278
12,808,262725,-3427,-16241,-1023,371,2427,283
12,809,262730,-2852,-16033,-1181,361,2327,283
12,810,262735,-2487,-16084,-1220,353,2219,276
12,811,262740,-2505,-15649,-1573,356,2131,264
12,812,262745,-2377,-15502,-2253,356,2089,275
12,813,262750,-2558,-15225,-2693,352,2105,279
12,814,262755,-2738,-15190,-2705,349,2147,283
12,815,262760,-2693,-15322,-2171,349,2198,282
12,816,262765,-2089,-15131,-2025,350,2216,285
12,817,262770,-1685,-15308,-1913,349,2248,302
12,818,262775,-2231,-15480,-1393,349,2280,288
12,819,262780,-2979,-15145,-1395,353,2252,271
12,820,262785,-3168,-15014,-1854,353,2214,288
12,821,262790,-2838,-15167,-1644,339,2220,303
12,822,262795,-2774,-15011,-932,331,2232,295
12,823,262800,-3140,-14999,-286,319,2229,290
12,824,262805,-3650,-14979,-282,314,2215,284
12,825,262810,-4316,-14443,166,310,2195,290
12,826,262815,-3549,-15785,226,295,2148,323
12,827,262820,-3684,-15131,538,282,2082,241
12,828,262825,-4115,-14967,932,259,2016,234
12,829,262830,-4668,-15600,1165,242,1952,257
12,830,262835,-3641,-15576,646,208,1736,244
12,831,262840,-3258,-15595,683,186,1591,225
12,832,262845,-3050,-15604,745,167,1410,209
12,833,262850,-2924,-15731,414,160,1205,203
12,834,262855,-2470,-15751,-239,154,1022,201
12,835,262860,-2223,-15773,-749,137,885,201
12,836,262865,-1996,-15635,-1141,125,781,201
12,837,262870,-1872,-15427,-1423,120,707,201
12,838,262875,-1740,-15380,-2294,122,666,200
12,839,262880,-1564,-15093,-2886,123,695,203
12,840,262885,-1640,-15375,-3068,133,795,204
12,841,262890,-1798,-15151,-3675,134,929,209
12,842,262895,-1952,-15440,-3384,134,1145,220
12,843,262900,-2530,-14824,-2824,146,1357,202
12,844,262905,-2794,-14392,-2911,145,1506,221
12,845,262910,-3102,-15378,-1697,150,1640,229
12,846,262915,-3094,-15230,-2380,140,1700,225
12,847,262920,-2783,-15966,-1745,144,1824,238
12,848,262925,-3779,-16174,-237,149,1897,216
12,849,262930,-3949,-16545,-65,136,1794,204
12,850,262935,-4597,-16761,930,118,1667,195
12,851,262940,-4864,-16960,1346,109,1499,184
12,852,262945,-4806,-17453,1351,97,1307,182
12,853,262950,-4919,-17753,608,75,1116,169
12,854,262955,-4150,-17927,-725,60,980,156
12,855,262960,-3990,-18101,-1118,44,910,166
12,856,262965,-3547,-18473,-1224,29,865,158
12,857,262970,-3947,-18164,-994,30,848,130
12,858,262975,-3958,-17860,-1424,42,831,123
12,859,262980,-3254,-17475,-2002,44,852,131
12,860,262985,-2480,-17144,-1878,27,905,138
12,861,262990,-2029,-16778,-1411,15,956,137
12,862,262995,-2650,-16724,-692,14,980,132
12,863,263000,-2301,-16505,-1336,22,961,129
12,864,263005,-1807,-16038,-2312,22,992,143
12,865,263010,-1045,-16133,-2694,12,1083,165
12,866,263015,-1415,-15814,-1720,1,1183,158
12,867,263020,-2146,-15786,-1204,3,1199,155
12,868,263025,-2107,-15386,-2064,16,1173,155
12,869,263030,-1911,-15155,-2284,17,1221,172
12,870,263035,-1963,-15246,-1857,0,1268,186
12,871,263040,-2590,-15420,-1412,-10,1285,187
12,872,263045,-3216,-15381,-1075,-2,1290,174
12,873,263050,-3438,-15266,-1504,11,1266,171
12,874,263055,-3152,-15444,-2289,10,1243,180
12,875,263060,-3419,-15636,-2277,-1,1246,177
12,876,263065,-3865,-15749,-2400,-4,1237,162
12,877,263070,-3461,-15938,-3488,8,1244,157
12,878,263075,-3346,-16053,-4425,18,1327,169
12,879,263080,-3654,-16264,-3641,12,1452,162
12,880,263085,-3093,-16519,-3671,18,1556,140
12,881,263090,-3165,-16186,-3012,34,1682,164
12,882,263095,-1610,-16693,-3008,42,1760,181
12,883,263100,-1986,-16416,-1491,28,1847,166
12,884,263105,-2334,-16296,-56,17,1847,162
12,885,263110,-2480,-15860,430,21,1798,164
12,886,263115,-2276,-15641,-205,24,1740,174
12,887,263120,-2186,-15647,-739,14,1698,180
12,888,263125,-2404,-15647,-1026,-5,1626,183
12,889,263130,-2443,-15794,-1051,-16,1519,179
12,890,263135,-2567,-15819,-1445,-19,1406,178
12,891,263140,-2556,-15786,-1992,-20,1325,179
12,892,263145,-2714,-15929,-2447,-21,1292,185
12,893,263150,-2936,-16036,-2895,-24,1293,191
12,894,263155,-3142,-16080,-2831,-20,1346,187
12,895,263160,-3301,-16123,-2988,-11,1398,182
12,896,263165,-3135,-16391,-3679,-10,1458,189
12,897,263170,-3299,-16533,-4006,-3,1563,187
12,898,263175,-3664,-16811,-3955,6,1698,181
12,899,263180,-3973,-16891,-3582,11,1826,177
12,900,263185,-3681,-16963,-3812,15,1925,181
12,901,263190,-3831,-16837,-3279,21,2055,184
12,902,263195,-3257,-17453,-3493,34,2130,174
12,903,263200,-3034,-17419,-3277,23,2196,179
12,904,263205,-3414,-16996,-2681,31,2181,170
12,905,263210,-3536,-16636,-3429,39,2099,176
12,906,263215,-2753,-17026,-1499,42,2037,168
12,907,263220,-2681,-16282,-1851,1,1927,188
12,908,263225,-2085,-16630,-892,19,1858,181
12,909,263230,-3152,-16106,-2255,39,1769,158
12,910,263235,-2519,-15966,-2925,19,1657,163
12,911,263240,-2458,-15673,-2654,-11,1563,194
12,912,263245,-1832,-15659,-2033,-7,1496,188
12,913,263250,-2157,-15517,-1530,7,1435,172
12,914,263255,-2289,-15324,-2857,10,1354,177
12,915,263260,-2233,-15296,-3350,6,1335,187
12,916,263265,-2777,-15182,-3278,-2,1330,191
12,917,263270,-3520,-15165,-2688,-10,1308,186
12,918,263275,-3822,-15405,-2624,-6,1276,177
12,919,263280,-3826,-15723,-3000,-2,1272,187
12,920,263285,-3436,-16490,-3496,2,1287,195
12,921,263290,-3725,-16857,-2958,-2,1309,183
12,922,263295,-4017,-17129,-2667,-9,1265,170
12,923,263300,-4043,-17246,-2397,-8,1203,164
12,924,263305,-3787,-17364,-2614,-10,1137,168
12,925,263310,-3817,-17526,-2535,-13,1083,169
12,926,263315,-3871,-17426,-2588,-21,1006,158
12,927,263320,-3742,-17346,-2709,-24,943,157
12,928,263325,-3315,-17233,-3127,-27,902,162
12,929,263330,-2903,-17106,-3130,-27,914,165
12,930,263335,-2833,-16888,-3173,-26,931,160
12,931,263340,-2883,-16617,-3091,-25,948,159
12,932,263345,-2689,-16190,-3141,-27,968,156
12,933,263350,-2383,-15940,-3312,-28,1019,164
12,934,263355,-2020,-15675,-3263,-25,1108,179
12,935,263360,-1854,-15648,-3334,-25,1192,187
12,936,263365,-1918,-15367,-3649,-29,1267,184
12,937,263370,-2074,-14988,-3991,-18,1351,188
12,938,263375,-2380,-14837,-4032,-17,1438,199
12,939,263380,-2844,-14525,-4068,-21,1509,201
12,940,263385,-3136,-14449,-4111,-18,1564,197
12,941,263390,-2893,-14290,-3759,-13,1605,203
12,942,263395,-2279,-14638,-3573,-24,1615,222
12,943,263400,-2051,-14868,-2608,-25,1614,218
12,944,263405,-2317,-14972,-2326,-25,1537,207
12,945,263410,-2745,-14995,-2532,-25,1416,202
12,946,263415,-2839,-14984,-2920,-36,1281,210
12,947,263420,-2811,-15088,-2911,-46,1158,224
12,948,263425,-2578,-15251,-3018,-52,1042,228
12,949,263430,-2347,-15347,-3371,-55,948,225
12,950,263435,-2282,-15390,-3984,-57,901,223
12,951,263440,-2402,-15327,-4367,-52,905,222
12,952,263445,-2641,-15374,-4682,-47,939,229
12,953,263450,-2547,-15528,-4454,-48,1014,237
12,954,263455,-2449,-15572,-4140,-49,1106,240
12,955,263460,-2369,-15504,-3857,-46,1214,243
12,956,263465,-2432,-15492,-3948,-42,1312,248
12,957,263470,-2586,-15355,-4118,-38,1405,249
12,958,263475,-2698,-15268,-4141,-42,1469,254
12,959,263480,-2784,-15134,-3991,-48,1527,259
12,960,263485,-2882,-14909,-3889,-50,1587,258
12,961,263490,-3052,-14864,-4127,-48,1625,258
12,962,263495,-3141,-14798,-4704,-46,1644,259
12,963,263500,-3273,-14792,-4732,-50,1645,255
12,964,263505,-3205,-14930,-4491,-55,1604,256
12,965,263510,-2970,-15005,-4172,-55,1527,252
12,966,263515,-2514,-15324,-4088,-53,1426,252
12,967,263520,-2642,-15506,-3806,-52,1319,244
12,968,263525,-2621,-15548,-3654,-63,1190,242
12,969,263530,-2592,-15349,-3473,-67,1070,245
12,970,263535,-2290,-15326,-3823,-68,971,248
12,971,263540,-1305,-15187,-3375,-70,916,250
12,972,263545,-1860,-15370,-4115,-81,862,260
12,973,263550,-2161,-15631,-4793,-75,813,242
12,974,263555,-2818,-15245,-4604,-67,787,237
12,975,263560,-2444,-15195,-4829,-83,765,260
12,976,263565,-2440,-15149,-3863,-83,831,262
12,977,263570,-2763,-15693,-4402,-71,966,259
12,978,263575,-2625,-15714,-5015,-73,1006,241
12,979,263580,-3229,-15430,-4991,-76,1058,245
12,980,263585,-2886,-15188,-5254,-76,1089,254
12,981,263590,-2651,-15201,-4826,-71,1158,259
12,982,263595,-2316,-15265,-4987,-73,1189,251
12,983,263600,-2357,-15400,-4685,-79,1216,246
12,984,263605,-2433,-15488,-4739,-79,1193,238
12,985,263610,-2707,-15500,-4486,-75,1159,233
12,986,263615,-2830,-15583,-4618,-74,1093,232
12,987,263620,-2886,-15661,-4470,-79,1028,231
12,988,263625,-2803,-15673,-4389,-89,952,225
12,989,263630,-2580,-15655,-4442,-93,880,222
12,990,263635,-2413,-15628,-4534,-96,814,214
12,991,263640,-2460,-15586,-4760,-98,753,211
12,992,263645,-2556,-15513,-4998,-96,706,207
12,993,263650,-2552,-15412,-5160,-96,683,203
12,994,263655,-2431,-15349,-5312,-98,683,200
12,995,263660,-2292,-15319,-5330,-102,705,200
12,996,263665,-2142,-15313,-5305,-102,738,198
12,997,263670,-2071,-15225,-5335,-99,769,192
12,998,263675,-2035,-15215,-5430,-98,795,187
12,999,263680,-2054,-15225,-5462,-97,818,185
