event_id,seq,ts_ms,ax,ay,az,gx,gy,gz
1,0,31723,-3947,-16034,-2950,19,484,-9
1,1,31728,-3939,-16270,-2508,13,505,-11
1,2,31733,-4054,-16505,-2253,9,499,-13
1,3,31738,-4179,-16768,-2010,3,453,-19
1,4,31743,-4412,-16878,-1839,-4,378,-25
1,5,31748,-4581,-16977,-1968,-14,298,-27
1,6,31753,-4651,-16959,-2465,-19,231,-34
1,7,31758,-4678,-16980,-2880,-20,207,-41
1,8,31763,-4768,-16966,-3173,-23,212,-47
1,9,31768,-4864,-16931,-3302,-26,223,-53
1,10,31773,-4857,-16830,-3416,-29,241,-59
1,11,31778,-4781,-16693,-3558,-27,268,-64
1,12,31783,-4753,-16521,-3783,-23,304,-68
1,13,31788,-4717,-16375,-3958,-18,358,-74
1,14,31793,-4762,-16311,-4023,-14,409,-84
1,15,31798,-4833,-16290,-3711,-12,451,-87
1,16,31803,-4865,-16334,-3286,-15,473,-92
1,17,31808,-4826,-16297,-3198,-16,469,-94
1,18,31813,-4732,-16159,-3419,-15,460,-100
1,19,31818,-4662,-16016,-3711,-11,452,-106
1,20,31823,-4648,-15921,-3805,-14,451,-110
1,21,31828,-4645,-15933,-3584,-17,447,-115
1,22,31833,-4577,-15824,-3401,-18,423,-119
1,23,31838,-4383,-15879,-3744,-12,392,-110
1,24,31843,-4450,-16028,-3934,-17,372,-110
1,25,31848,-4498,-16012,-3892,-25,358,-118
1,26,31853,-4278,-15944,-3884,-25,348,-118
1,27,31858,-3952,-15992,-4179,-20,351,-119
1,28,31863,-3829,-16355,-4195,-17,369,-129
1,29,31868,-3745,-15865,-4461,-8,364,-166
1,30,31873,-3731,-15598,-3976,-6,378,-152
1,31,31878,-3744,-16278,-4164,-1,347,-123
1,32,31883,-3312,-15709,-4821,-6,308,-140
1,33,31888,-3314,-16059,-4018,8,349,-112
1,34,31893,-2366,-16774,-5084,-4,342,-110
1,35,31898,-2344,-15490,-4883,-8,433,-173
1,36,31903,-2453,-15648,-4707,6,507,-120
1,37,31908,-2476,-15934,-4801,6,481,-92
1,38,31913,-1910,-15704,-3572,4,426,-99
1,39,31918,-1397,-15675,-4072,7,340,-89
1,40,31923,-1542,-15652,-4241,13,311,-74
1,41,31928,-1885,-15465,-4284,8,281,-72
1,42,31933,-1849,-14956,-4273,2,229,-67
1,43,31938,-1419,-15011,-4179,3,172,-39
1,44,31943,-991,-15011,-4479,1,108,-26
1,45,31948,-966,-15008,-4295,-1,72,-17
1,46,31953,-1304,-14749,-4381,3,21,-8
1,47,31958,-1390,-14430,-4683,7,-18,4
1,48,31963,-1323,-14397,-4804,7,-28,27
1,49,31968,-1153,-14316,-4696,8,-20,41
1,50,31973,-1242,-14307,-4535,11,-7,50
1,51,31978,-1530,-14151,-4615,15,-13,55
1,52,31983,-1813,-13998,-4832,18,-5,67
1,53,31988,-1827,-13989,-5075,19,31,85
1,54,31993,-1604,-13907,-5157,25,94,96
1,55,31998,-1395,-13986,-5021,35,155,108
1,56,32003,-1556,-13965,-4604,38,200,110
1,57,32008,-1952,-13913,-4155,40,206,113
1,58,32013,-2230,-13909,-3818,44,167,125
1,59,32018,-2257,-13972,-3613,45,113,140
1,60,32023,-2229,-14001,-3478,43,59,149
1,61,32028,-2356,-14000,-3402,39,-3,146
1,62,32033,-2503,-14017,-3558,35,-88,147
1,63,32038,-2620,-14073,-3612,33,-165,146
1,64,32043,-2714,-14155,-3677,30,-245,149
1,65,32048,-2830,-14351,-3447,31,-322,147
1,66,32053,-3071,-14562,-3253,32,-402,137
1,67,32058,-3373,-14635,-3496,32,-479,133
1,68,32063,-3614,-14779,-3861,30,-522,132
1,69,32068,-3615,-14726,-4109,30,-513,131
1,70,32073,-3455,-14899,-4280,30,-478,137
1,71,32078,-3406,-14887,-4435,34,-412,133
1,72,32083,-3604,-14978,-4652,40,-325,129
1,73,32088,-3934,-15076,-4602,49,-237,122
1,74,32093,-3948,-15224,-3924,60,-101,112
1,75,32098,-3831,-15377,-3788,66,-40,108
1,76,32103,-3761,-15563,-3740,67,16,101
1,77,32108,-3818,-15499,-3709,70,59,87
1,78,32113,-3869,-15591,-3525,69,82,83
1,79,32118,-3786,-15654,-3285,69,81,79
1,80,32123,-3615,-15847,-3005,70,60,77
1,81,32128,-3529,-15991,-2938,70,29,70
1,82,32133,-3643,-16107,-2795,66,-10,58
1,83,32138,-3864,-16248,-2697,58,-50,53
1,84,32143,-3946,-16362,-2790,53,-86,49
1,85,32148,-3534,-16563,-3015,49,-108,55
1,86,32153,-3036,-16701,-3218,51,-104,51
1,87,32158,-3021,-16763,-3199,49,-89,39
1,88,32163,-3349,-16822,-3253,48,-89,31
1,89,32168,-3492,-16776,-3309,53,-88,30
1,90,32173,-3424,-16829,-3317,51,-75,35
1,91,32178,-3284,-16999,-3223,53,-57,33
1,92,32183,-3296,-17127,-2941,49,-46,28
1,93,32188,-3454,-17161,-2768,44,-60,20
1,94,32193,-3673,-17129,-2745,41,-84,17
1,95,32198,-3747,-17098,-2810,38,-106,17
1,96,32203,-3698,-17115,-2981,37,-123,17
1,97,32208,-3634,-17130,-3126,34,-132,16
1,98,32213,-3629,-17018,-3180,30,-124,11
1,99,32218,-3768,-16863,-3175,27,-114,2
1,100,32223,-3894,-16776,-3144,29,-100,-3
1,101,32228,-3986,-16663,-3233,31,-91,-5
1,102,32233,-3866,-16624,-3249,31,-83,-8
1,103,32238,-3838,-16541,-3259,28,-70,-12
1,104,32243,-4022,-16509,-3133,26,-50,-14
1,105,32248,-4162,-16396,-3189,26,-40,-18
1,106,32253,-3971,-16279,-3451,23,-28,-15
1,107,32258,-3707,-16184,-3516,25,0,-19
1,108,32263,-3790,-16075,-3466,25,31,-29
1,109,32268,-3997,-15961,-3520,29,49,-37
1,110,32273,-4013,-15874,-3651,30,58,-39
1,111,32278,-3808,-15772,-3737,29,69,-36
1,112,32283,-3623,-15736,-3506,27,78,-36
1,113,32288,-3578,-15678,-3320,28,75,-41
1,114,32293,-3709,-15570,-3296,29,56,-48
1,115,32298,-3780,-15506,-3477,29,31,-49
1,116,32303,-3728,-15414,-3513,28,8,-48
1,117,32308,-3662,-15396,-3391,25,-22,-49
1,118,32313,-3650,-15424,-3365,26,-53,-52
1,119,32318,-3740,-15343,-3350,25,-77,-55
1,120,32323,-3887,-15369,-3448,22,-96,-58
1,121,32328,-3781,-15322,-3671,24,-106,-54
1,122,32333,-3532,-15350,-3722,24,-97,-54
1,123,32338,-3558,-15366,-3665,20,-77,-60
1,124,32343,-3757,-15301,-3598,23,-50,-67
1,125,32348,-3935,-15298,-3660,26,-28,-66
1,126,32353,-3958,-15295,-3649,29,-15,-67
1,127,32358,-3784,-15393,-3529,29,0,-63
1,128,32363,-3675,-15479,-3400,28,14,-65
1,129,32368,-3704,-15437,-3363,26,28,-70
1,130,32373,-3814,-15396,-3500,23,34,-75
1,131,32378,-3844,-15328,-3632,25,41,-71
1,132,32383,-3743,-15367,-3624,26,54,-70
1,133,32388,-3584,-15454,-3410,24,67,-69
1,134,32393,-3528,-15411,-3206,18,74,-74
1,135,32398,-3570,-15357,-3213,21,72,-75
1,136,32403,-3622,-15287,-3297,22,64,-77
1,137,32408,-3647,-15241,-3391,18,49,-75
1,138,32413,-3598,-15297,-3364,14,27,-71
1,139,32418,-3535,-15321,-3253,10,19,-75
1,140,32423,-3495,-15411,-3282,10,12,-70
1,141,32428,-3494,-15490,-3394,10,9,-73
1,142,32433,-3500,-15457,-3430,9,5,-77
1,143,32438,-3404,-15434,-3450,6,2,-76
1,144,32443,-3293,-15506,-3417,5,-2,-74
1,145,32448,-3299,-15562,-3370,6,-5,-75
1,146,32453,-3422,-15606,-3352,4,-20,-74
1,147,32458,-3406,-15664,-3452,4,-31,-71
1,148,32463,-3217,-15762,-3584,4,-22,-67
1,149,32468,-3204,-15797,-3579,2,-7,-69
1,150,32473,-3269,-15813,-3561,3,9,-66
1,151,32478,-3289,-15816,-3577,5,23,-64
1,152,32483,-3222,-15915,-3466,3,35,-61
1,153,32488,-3175,-16006,-3294,5,52,-56
1,154,32493,-3208,-16102,-3118,1,57,-56
1,155,32498,-3272,-16034,-3002,-1,45,-59
1,156,32503,-3260,-16032,-3083,-2,29,-52
1,157,32508,-3158,-16071,-3143,-4,16,-46
1,158,32513,-3117,-16092,-3097,-6,5,-47
1,159,32518,-3179,-16112,-3144,-9,-15,-43
1,160,32523,-3156,-16046,-3337,-12,-29,-43
1,161,32528,-3187,-16015,-3425,-12,-31,-44
1,162,32533,-3198,-15939,-3500,-8,-31,-40
1,163,32538,-3211,-15916,-3457,-9,-32,-39
1,164,32543,-3179,-15912,-3467,-10,-31,-36
1,165,32548,-3223,-15825,-3500,-9,-30,-39
1,166,32553,-3265,-15737,-3484,-10,-29,-37
1,167,32558,-3322,-15750,-3461,-9,-28,-32
1,168,32563,-3362,-15673,-3445,-9,-31,-29
1,169,32568,-3276,-15642,-3385,-12,-35,-29
1,170,32573,-3197,-15639,-3406,-11,-37,-29
1,171,32578,-3232,-15698,-3472,-9,-39,-27
1,172,32583,-3288,-15679,-3447,-10,-44,-29
1,173,32588,-3354,-15663,-3399,-12,-54,-25
1,174,32593,-3374,-15681,-3404,-9,-56,-25
1,175,32598,-3401,-15664,-3347,-9,-49,-25
1,176,32603,-3379,-15658,-3350,-9,-41,-28
1,177,32608,-3450,-15599,-3385,-7,-39,-27
1,178,32613,-3473,-15543,-3451,-8,-37,-27
1,179,32618,-3456,-15577,-3426,-8,-35,-25
1,180,32623,-3342,-15569,-3387,-7,-32,-26
1,181,32628,-3311,-15569,-3381,-8,-33,-26
1,182,32633,-3348,-15491,-3401,-7,-35,-26
1,183,32638,-3396,-15491,-3456,-8,-40,-23
1,184,32643,-3332,-15391,-3427,-9,-40,-23
1,185,32648,-3212,-15405,-3473,-7,-31,-21
1,186,32653,-3194,-15411,-3532,-3,-22,-20
1,187,32658,-3282,-15438,-3622,-2,-13,-23
1,188,32663,-3359,-15405,-3528,0,-11,-22
1,189,32668,-3346,-15395,-3417,-2,-15,-20
1,190,32673,-3327,-15407,-3381,-2,-16,-19
1,191,32678,-3313,-15391,-3399,-1,-19,-15
1,192,32683,-3378,-15385,-3413,0,-26,-17
1,193,32688,-3452,-15337,-3491,1,-34,-18
1,194,32693,-3540,-15350,-3410,-1,-43,-17
1,195,32698,-3562,-15387,-3371,0,-53,-16
1,196,32703,-3596,-15395,-3357,0,-60,-16
1,197,32708,-3572,-15380,-3469,1,-62,-17
1,198,32713,-3529,-15369,-3692,5,-53,-18
1,199,32718,-3512,-15378,-3800,10,-35,-18
1,200,32723,-3586,-15447,-3638,8,-20,-19
1,201,32728,-3605,-15433,-3439,8,-7,-16
1,202,32733,-3519,-15577,-3400,12,3,-15
1,203,32738,-3519,-15618,-3365,16,15,-14
1,204,32743,-3553,-15673,-3269,15,28,-16
1,205,32748,-3623,-15674,-3284,13,32,-19
1,206,32753,-3514,-15713,-3239,12,32,-19
1,207,32758,-3394,-15791,-3306,11,36,-12
1,208,32763,-3356,-15821,-3286,14,46,-15
1,209,32768,-3357,-15795,-3237,15,50,-17
1,210,32773,-3370,-15796,-3278,13,45,-17
1,211,32778,-3282,-15781,-3293,14,46,-13
1,212,32783,-3197,-15818,-3162,13,45,-12
1,213,32788,-3229,-15847,-3082,13,33,-11
1,214,32793,-3195,-15839,-3061,11,10,-10
1,215,32798,-3159,-15795,-3128,10,-13,-9
1,216,32803,-3168,-15811,-3122,9,-33,-7
1,217,32808,-3212,-15879,-3094,9,-52,-5
1,218,32813,-3188,-15869,-3182,6,-68,-1
1,219,32818,-3164,-15881,-3257,5,-79,1
1,220,32823,-3237,-15886,-3314,7,-79,4
1,221,32828,-3346,-15901,-3322,6,-62,4
1,222,32833,-3279,-15865,-3447,7,-55,8
1,223,32838,-3180,-15857,-3524,10,-30,9
1,224,32843,-3240,-15842,-3556,9,-1,9
1,225,32848,-3370,-15846,-3461,11,22,10
1,226,32853,-3413,-15848,-3387,13,38,13
1,227,32858,-3356,-15833,-3260,14,49,16
1,228,32863,-3334,-15792,-3191,16,52,17
1,229,32868,-3354,-15784,-3163,13,44,16
1,230,32873,-3334,-15769,-3199,11,29,18
1,231,32878,-3342,-15734,-3229,10,11,20
1,232,32883,-3328,-15725,-3204,10,-2,24
1,233,32888,-3273,-15733,-3156,10,-23,22
1,234,32893,-3299,-15775,-3158,10,-40,20
1,235,32898,-3341,-15812,-3134,8,-51,21
1,236,32903,-3307,-15833,-3281,8,-63,26
1,237,32908,-3267,-15850,-3381,7,-65,25
1,238,32913,-3235,-15824,-3346,4,-61,25
1,239,32918,-3239,-15733,-3342,5,-57,26
1,240,32923,-3320,-15699,-3420,7,-52,27
1,241,32928,-3478,-15683,-3357,8,-44,29
1,242,32933,-3517,-15679,-3330,8,-37,30
1,243,32938,-3540,-15688,-3251,8,-38,33
1,244,32943,-3574,-15631,-3228,7,-39,31
1,245,32948,-3548,-15668,-3364,3,-39,31
1,246,32953,-3506,-15663,-3465,4,-34,32
1,247,32958,-3500,-15605,-3495,3,-27,31
1,248,32963,-3539,-15572,-3484,0,-17,28
1,249,32968,-3615,-15571,-3484,4,-7,29
1,250,32973,-3563,-15599,-3465,8,1,30
1,251,32978,-3618,-15602,-3400,5,11,30
1,252,32983,-3561,-15677,-3369,7,11,29
1,253,32988,-3491,-15648,-3363,5,10,26
1,254,32993,-3484,-15588,-3360,3,5,27
1,255,32998,-3567,-15630,-3338,2,-3,26
1,256,33003,-3612,-15652,-3243,0,-15,27
1,257,33008,-3503,-15684,-3364,-3,-17,29
1,258,33013,-3379,-15692,-3433,-5,-13,30
1,259,33018,-3331,-15672,-3395,-3,-3,26
1,260,33023,-3470,-15695,-3351,-1,2,23
1,261,33028,-3572,-15653,-3305,-4,-7,26
1,262,33033,-3525,-15643,-3312,-4,-19,30
1,263,33038,-3452,-15662,-3264,-5,-19,27
1,264,33043,-3510,-15666,-3276,-7,-23,26
1,265,33048,-3583,-15675,-3408,-8,-25,25
1,266,33053,-3617,-15634,-3428,-11,-26,24
1,267,33058,-3632,-15618,-3341,-12,-23,25
1,268,33063,-3600,-15706,-3277,-12,-21,24
1,269,33068,-3572,-15673,-3299,-14,-20,25
1,270,33073,-3575,-15616,-3393,-14,-16,22
1,271,33078,-3613,-15574,-3532,-14,-10,23
1,272,33083,-3633,-15597,-3526,-13,-1,24
1,273,33088,-3608,-15552,-3498,-13,4,23
1,274,33093,-3523,-15513,-3482,-15,10,22
1,275,33098,-3456,-15521,-3464,-15,16,20
1,276,33103,-3524,-15532,-3439,-13,22,20
1,277,33108,-3622,-15526,-3337,-12,19,18
1,278,33113,-3607,-15512,-3265,-15,4,19
1,279,33118,-3535,-15493,-3187,-20,-13,22
1,280,33123,-3459,-15556,-3182,-17,-32,21
1,281,33128,-3494,-15531,-3209,-18,-45,18
1,282,33133,-3590,-15494,-3322,-21,-61,17
1,283,33138,-3646,-15506,-3359,-22,-75,16
1,284,33143,-3645,-15526,-3364,-22,-82,15
1,285,33148,-3583,-15532,-3314,-20,-82,16
1,286,33153,-3550,-15539,-3384,-19,-78,16
1,287,33158,-3614,-15530,-3476,-18,-72,11
1,288,33163,-3702,-15531,-3575,-19,-62,10
1,289,33168,-3693,-15601,-3567,-20,-50,12
1,290,33173,-3600,-15642,-3543,-18,-27,10
1,291,33178,-3559,-15720,-3526,-18,-8,11
1,292,33183,-3546,-15756,-3426,-14,14,12
1,293,33188,-3521,-15767,-3397,-14,35,10
1,294,33193,-3573,-15796,-3313,-14,52,11
1,295,33198,-3509,-15802,-3228,-11,62,10
1,296,33203,-3416,-15848,-3189,-16,61,9
1,297,33208,-3319,-15831,-3179,-19,53,7
1,298,33213,-3349,-15821,-3197,-14,41,8
1,299,33218,-3346,-15814,-3187,-16,22,7
1,300,33223,-3343,-15784,-3166,-19,-3,9
1,301,33228,-3355,-15738,-3067,-21,-29,9
1,302,33233,-3369,-15722,-3056,-21,-52,10
1,303,33238,-3415,-15710,-3179,-24,-72,10
1,304,33243,-3416,-15691,-3282,-24,-82,11
1,305,33248,-3406,-15684,-3317,-28,-86,11
1,306,33253,-3378,-15682,-3330,-26,-81,10
1,307,33258,-3444,-15640,-3411,-25,-74,11
1,308,33263,-3447,-15644,-3467,-20,-60,10
1,309,33268,-3495,-15576,-3478,-20,-46,8
1,310,33273,-3527,-15559,-3461,-24,-31,12
1,311,33278,-3556,-15570,-3417,-23,-23,12
1,312,33283,-3588,-15569,-3435,-21,-18,10
1,313,33288,-3565,-15597,-3483,-21,-11,10
1,314,33293,-3555,-15624,-3525,-17,-7,12
1,315,33298,-3552,-15630,-3422,-18,0,6
1,316,33303,-3558,-15650,-3307,-17,2,5
1,317,33308,-3609,-15652,-3262,-20,10,6
1,318,33313,-3576,-15673,-3336,-20,15,7
1,319,33318,-3506,-15658,-3389,-16,23,8
1,320,33323,-3425,-15627,-3378,-17,32,6
1,321,33328,-3386,-15683,-3266,-19,37,4
1,322,33333,-3430,-15699,-3199,-19,36,3
1,323,33338,-3467,-15675,-3197,-18,23,3
1,324,33343,-3432,-15676,-3202,-20,8,6
1,325,33348,-3314,-15668,-3180,-22,-8,6
1,326,33353,-3370,-15691,-3172,-23,-22,4
1,327,33358,-3447,-15691,-3215,-22,-37,3
1,328,33363,-3488,-15654,-3262,-26,-55,3
1,329,33368,-3450,-15676,-3348,-24,-72,5
1,330,33373,-3424,-15651,-3368,-25,-73,7
1,331,33378,-3436,-15637,-3356,-26,-74,6
1,332,33383,-3531,-15672,-3373,-26,-72,4
1,333,33388,-3648,-15699,-3401,-21,-64,1
1,334,33393,-3594,-15719,-3429,-21,-52,4
1,335,33398,-3494,-15706,-3473,-22,-38,5
1,336,33403,-3485,-15737,-3400,-19,-19,3
1,337,33408,-3552,-15678,-3421,-20,1,-1
1,338,33413,-3590,-15647,-3434,-18,17,0
1,339,33418,-3647,-15638,-3372,-19,24,2
1,340,33423,-3620,-15670,-3285,-17,23,3
1,341,33428,-3565,-15691,-3292,-19,18,0
1,342,33433,-3561,-15674,-3327,-18,11,-2
1,343,33438,-3599,-15642,-3340,-18,3,-3
1,344,33443,-3593,-15628,-3370,-19,-5,-1
1,345,33448,-3507,-15668,-3320,-19,-11,2
1,346,33453,-3368,-15655,-3392,-17,-12,1
1,347,33458,-3279,-15597,-3426,-16,-12,-1
1,348,33463,-3352,-15545,-3414,-14,-13,-5
1,349,33468,-3458,-15518,-3418,-15,-24,-5
1,350,33473,-3418,-15493,-3385,-15,-37,-1
1,351,33478,-3429,-15500,-3238,-15,-48,0
1,352,33483,-3476,-15583,-3124,-14,-65,3
1,353,33488,-3537,-15618,-3209,-17,-75,1
1,354,33493,-3548,-15580,-3464,-13,-72,1
1,355,33498,-3541,-15582,-3624,-13,-58,4
1,356,33503,-3496,-15643,-3583,-13,-40,6
1,357,33508,-3505,-15635,-3495,-13,-22,3
1,358,33513,-3544,-15596,-3412,-10,-8,1
1,359,33518,-3510,-15551,-3468,-7,10,2
1,360,33523,-3462,-15516,-3485,-6,24,5
1,361,33528,-3532,-15521,-3309,-11,23,5
1,362,33533,-3602,-15500,-3145,-11,12,3
1,363,33538,-3648,-15427,-3125,-11,-2,6
1,364,33543,-3650,-15416,-3193,-11,-22,8
1,365,33548,-3654,-15374,-3266,-8,-38,11
1,366,33553,-3653,-15322,-3291,-13,-57,10
1,367,33558,-3698,-15334,-3206,-18,-77,12
1,368,33563,-3820,-15395,-3284,-18,-108,19
1,369,33568,-3530,-15362,-3505,-19,-113,26
1,370,33573,-3266,-15347,-3524,-20,-104,34
1,371,33578,-3150,-15386,-3430,-24,-86,43
1,372,33583,-3086,-15401,-3174,-23,-81,53
1,373,33588,-2986,-15320,-2953,-26,-95,65
1,374,33593,-2759,-15294,-2791,-30,-128,80
1,375,33598,-2654,-15410,-2651,-32,-167,96
1,376,33603,-2787,-15551,-2391,-40,-229,108
1,377,33608,-3039,-15585,-1852,-47,-315,120
1,378,33613,-3296,-15474,-1758,-60,-437,129
1,379,33618,-3530,-15513,-2247,-65,-541,153
1,380,33623,-3668,-15656,-2913,-70,-603,173
1,381,33628,-3704,-15587,-3222,-77,-612,186
1,382,33633,-3828,-15565,-3375,-81,-597,205
1,383,33638,-3887,-15574,-3568,-80,-581,222
1,384,33643,-4096,-15617,-3798,-79,-564,239
1,385,33648,-4265,-15550,-3764,-77,-534,260
1,386,33653,-4277,-15527,-3767,-77,-504,286
1,387,33658,-4196,-15472,-3650,-75,-474,308
1,388,33663,-4218,-15407,-3512,-75,-452,331
1,389,33668,-4465,-15325,-3252,-78,-447,354
1,390,33673,-4616,-15214,-3153,-77,-491,371
1,391,33678,-4713,-15114,-3115,-80,-537,395
1,392,33683,-4865,-15166,-3146,-83,-584,421
1,393,33688,-5107,-15049,-3370,-83,-612,440
1,394,33693,-5208,-14940,-3703,-83,-622,464
1,395,33698,-5177,-14910,-3993,-81,-598,488
1,396,33703,-5307,-14872,-4006,-78,-550,510
1,397,33708,-5527,-14836,-4193,-74,-504,532
1,398,33713,-5683,-14727,-4100,-67,-454,555
1,399,33718,-5812,-14709,-4082,-64,-407,577
1,400,33723,-5950,-14785,-3904,-59,-358,597
1,401,33728,-5941,-14778,-3756,-55,-323,625
1,402,33733,-5830,-14821,-3849,-54,-288,645
1,403,33738,-5881,-14819,-3754,-50,-254,661
1,404,33743,-6005,-14876,-3553,-49,-236,684
1,405,33748,-5952,-14801,-3325,-47,-233,707
1,406,33753,-5880,-14802,-3187,-49,-260,732
1,407,33758,-5908,-14935,-2889,-52,-298,754
1,408,33763,-6151,-14909,-2939,-54,-348,772
1,409,33768,-6312,-14889,-3226,-57,-386,787
1,410,33773,-6511,-14807,-3465,-53,-406,808
1,411,33778,-6403,-14789,-3579,-51,-409,829
1,412,33783,-6427,-14836,-3599,-55,-400,850
1,413,33788,-6467,-14871,-3632,-54,-384,869
1,414,33793,-6932,-14770,-3725,-54,-369,885
1,415,33798,-7151,-14733,-3834,-51,-339,908
1,416,33803,-6843,-14689,-4143,-48,-292,935
1,417,33808,-6549,-14666,-3822,-45,-220,955
1,418,33813,-6669,-14617,-3517,-43,-170,962
1,419,33818,-7142,-14599,-3342,-40,-153,972
1,420,33823,-7530,-14451,-3346,-38,-171,983
1,421,33828,-7484,-14492,-3495,-40,-193,1007
1,422,33833,-7144,-14556,-3412,-44,-193,1024
1,423,33838,-7271,-14577,-3214,-40,-184,1031
1,424,33843,-7695,-14540,-3181,-42,-192,1038
1,425,33848,-7781,-14316,-3725,-45,-213,1051
1,426,33853,-7565,-14236,-3678,-49,-203,1071
1,427,33858,-7520,-14330,-3470,-51,-189,1085
1,428,33863,-7524,-14346,-3349,-46,-183,1085
1,429,33868,-7646,-14233,-3135,-48,-204,1086
1,430,33873,-7899,-14147,-3120,-54,-250,1089
1,431,33878,-8035,-14149,-3331,-54,-295,1100
1,432,33883,-7836,-14156,-3579,-55,-308,1112
1,433,33888,-7621,-14217,-3646,-56,-292,1117
1,434,33893,-7747,-14256,-3363,-59,-272,1113
1,435,33898,-8143,-14216,-3298,-61,-278,1110
1,436,33903,-8190,-14142,-3583,-65,-293,1120
1,437,33908,-7997,-14129,-3698,-66,-275,1129
1,438,33913,-7855,-14184,-3580,-66,-232,1130
1,439,33918,-7976,-14143,-3199,-66,-192,1125
1,440,33923,-8212,-14014,-3023,-68,-193,1118
1,441,33928,-8319,-13977,-3030,-72,-220,1116
1,442,33933,-8215,-13978,-2958,-80,-266,1108
1,443,33938,-8508,-14153,-2834,-82,-283,1104
1,444,33943,-8792,-14111,-2971,-88,-319,1095
1,445,33948,-8670,-13995,-3612,-90,-338,1092
1,446,33953,-8311,-14100,-4080,-91,-297,1094
1,447,33958,-8312,-14178,-3888,-93,-214,1083
1,448,33963,-8731,-14089,-3698,-94,-140,1067
1,449,33968,-8858,-13987,-3795,-96,-90,1061
1,450,33973,-8536,-13919,-3815,-94,-41,1057
1,451,33978,-8240,-14036,-3612,-95,1,1048
1,452,33983,-8349,-14117,-3122,-97,35,1033
1,453,33988,-8579,-14086,-2869,-100,21,1018
1,454,33993,-8674,-14070,-2816,-106,-20,1005
1,455,33998,-8534,-14016,-2859,-113,-77,992
1,456,34003,-8327,-14088,-2966,-119,-116,981
1,457,34008,-8292,-14075,-3027,-123,-143,965
1,458,34013,-8416,-13961,-3112,-125,-174,944
1,459,34018,-8686,-13954,-3036,-130,-215,929
1,460,34023,-8799,-13928,-3036,-132,-264,913
1,461,34028,-8719,-13883,-3317,-135,-296,905
1,462,34033,-8344,-13874,-3650,-133,-287,898
1,463,34038,-8231,-14014,-3590,-133,-253,876
1,464,34043,-9035,-13654,-3027,-129,-242,842
1,465,34048,-9158,-13664,-3439,-127,-278,837
1,466,34053,-8949,-13442,-3871,-133,-276,827
1,467,34058,-8645,-13742,-3944,-133,-230,824
1,468,34063,-8674,-13497,-3548,-131,-165,792
1,469,34068,-8955,-13486,-3601,-127,-118,772
1,470,34073,-9328,-13159,-3919,-117,-92,742
1,471,34078,-9354,-13181,-3956,-108,-59,730
1,472,34083,-8989,-13185,-3623,-112,-20,712
1,473,34088,-8553,-13125,-3030,-108,7,684
1,474,34093,-9288,-12950,-3050,-99,1,645
1,475,34098,-9623,-13048,-3414,-92,-47,624
1,476,34103,-9464,-12318,-3463,-100,-95,598
1,477,34108,-9196,-13075,-2473,-119,-122,610
1,478,34113,-9217,-13400,-2331,-109,-180,562
1,479,34118,-9482,-12965,-2623,-97,-224,509
1,480,34123,-9249,-12903,-3670,-87,-261,495
1,481,34128,-9146,-13008,-3809,-82,-256,475
1,482,34133,-9238,-13040,-3402,-88,-236,451
1,483,34138,-9217,-13031,-3508,-83,-215,420
1,484,34143,-9266,-12872,-3950,-69,-159,390
1,485,34148,-9438,-12781,-3990,-58,-77,370
1,486,34153,-9598,-12822,-3675,-54,-14,344
1,487,34158,-9573,-12794,-3259,-53,20,308
1,488,34163,-9483,-12711,-3269,-44,42,274
1,489,34168,-9478,-12592,-3581,-33,82,240
1,490,34173,-9632,-12550,-3585,-22,138,207
1,491,34178,-9728,-12441,-3365,-17,167,173
1,492,34183,-9742,-12405,-2923,-17,167,139
1,493,34188,-9746,-12357,-2567,-17,151,110
1,494,34193,-9718,-12403,-2652,-12,141,80
1,495,34198,-9531,-12500,-2974,-4,130,48
1,496,34203,-9404,-12436,-3125,-5,130,19
1,497,34208,-9377,-12406,-2911,-3,136,-17
1,498,34213,-9379,-12300,-2945,2,124,-56
1,499,34218,-9303,-12212,-3400,14,137,-93
1,500,34223,-9238,-12105,-3720,26,179,-124
1,501,34228,-9297,-12044,-3525,33,228,-156
1,502,34233,-9219,-12101,-3378,36,252,-195
1,503,34238,-9204,-12027,-3074,41,265,-229
1,504,34243,-9173,-12066,-3169,50,270,-263
1,505,34248,-9221,-12111,-3163,60,283,-295
1,506,34253,-9432,-12254,-2909,66,294,-332
1,507,34258,-9405,-12211,-2838,66,284,-370
1,508,34263,-9365,-12279,-2753,69,285,-398
1,509,34268,-8954,-12570,-3235,76,291,-433
1,510,34273,-8890,-12270,-3109,82,317,-485
1,511,34278,-9074,-12567,-2901,86,315,-509
1,512,34283,-9252,-12594,-3047,96,290,-545
1,513,34288,-9089,-12514,-3121,101,275,-578
1,514,34293,-8789,-12782,-3439,103,297,-599
1,515,34298,-8664,-12922,-3336,114,404,-664
1,516,34303,-8606,-12923,-3303,120,429,-699
1,517,34308,-8569,-12825,-3272,127,440,-736
1,518,34313,-8590,-12941,-3103,136,441,-762
1,519,34318,-8516,-13164,-3072,149,443,-786
1,520,34323,-8171,-13254,-3460,154,455,-827
1,521,34328,-7986,-13247,-3516,161,494,-859
1,522,34333,-8034,-13364,-3195,163,518,-889
1,523,34338,-8058,-13375,-3011,166,499,-918
1,524,34343,-7904,-13445,-3006,173,481,-940
1,525,34348,-7737,-13576,-3274,179,452,-966
1,526,34353,-7839,-13639,-3063,186,450,-990
1,527,34358,-7883,-13700,-2890,191,435,-1019
1,528,34363,-7685,-13669,-3091,192,409,-1050
1,529,34368,-7332,-13692,-3300,200,390,-1073
1,530,34373,-7138,-13794,-3223,207,381,-1095
1,531,34378,-7141,-13857,-3039,213,359,-1117
1,532,34383,-7122,-13885,-3071,214,319,-1144
1,533,34388,-7121,-13898,-3068,218,282,-1171
1,534,34393,-7085,-14127,-2955,224,258,-1187
1,535,34398,-6882,-14396,-2976,228,243,-1202
1,536,34403,-6721,-14394,-3060,232,233,-1229
1,537,34408,-6602,-14390,-3519,236,232,-1252
1,538,34413,-6713,-14332,-3687,244,264,-1274
1,539,34418,-6688,-14341,-3763,251,298,-1294
1,540,34423,-6625,-14552,-3616,258,335,-1309
1,541,34428,-6520,-14714,-3231,268,361,-1326
1,542,34433,-6559,-14915,-2986,271,368,-1346
1,543,34438,-6782,-14887,-2760,277,368,-1369
1,544,34443,-6805,-14868,-3028,283,374,-1382
1,545,34448,-6394,-14998,-3534,290,401,-1390
1,546,34453,-5838,-15267,-3776,297,465,-1399
1,547,34458,-5679,-15493,-3536,308,533,-1417
1,548,34463,-5879,-15416,-3319,317,574,-1443
1,549,34468,-5998,-15453,-3330,323,586,-1452
1,550,34473,-5853,-15491,-3377,332,605,-1457
1,551,34478,-5423,-15657,-3295,341,624,-1458
1,552,34483,-4977,-15868,-2939,347,631,-1465
1,553,34488,-4767,-15897,-2688,352,596,-1477
1,554,34493,-4825,-15818,-2637,353,522,-1494
1,555,34498,-4919,-15713,-2654,357,426,-1500
1,556,34503,-4787,-15698,-2680,357,341,-1498
1,557,34508,-4419,-15738,-2776,357,268,-1493
1,558,34513,-4017,-15810,-2802,357,209,-1496
1,559,34518,-3995,-15809,-2834,355,152,-1506
1,560,34523,-4234,-15722,-2835,358,86,-1511
1,561,34528,-4443,-15688,-2814,359,22,-1511
1,562,34533,-4689,-15707,-2532,351,-26,-1508
1,563,34538,-4600,-15929,-2675,345,-56,-1494
1,564,34543,-3986,-16021,-3278,343,-37,-1482
1,565,34548,-3408,-16094,-3846,346,33,-1480
1,566,34553,-3535,-16027,-3976,349,126,-1486
1,567,34558,-3820,-15882,-3726,350,191,-1480
1,568,34563,-3616,-15773,-3475,354,218,-1466
1,569,34568,-3134,-15727,-3310,360,240,-1452
1,570,34573,-2983,-15916,-2828,364,254,-1437
1,571,34578,-3437,-15934,-2079,360,218,-1435
1,572,34583,-3714,-15904,-1825,353,107,-1431
1,573,34588,-3365,-15913,-2224,342,-26,-1413
1,574,34593,-3128,-16020,-2406,333,-113,-1398
1,575,34598,-3080,-16184,-2467,327,-184,-1387
1,576,34603,-3234,-16122,-2574,326,-254,-1383
1,577,34608,-3383,-16183,-2841,313,-335,-1373
1,578,34613,-3452,-16171,-2996,301,-403,-1361
1,579,34618,-3380,-16224,-3113,299,-436,-1345
1,580,34623,-4165,-17088,-3928,293,-434,-1344
1,581,34628,-5898,-15052,-3304,302,-327,-1396
1,582,34633,-5043,-15413,-2613,299,-404,-1280
1,583,34638,-2579,-17496,-3684,257,-501,-1233
1,584,34643,-4700,-16302,-1203,262,-488,-1341
1,585,34648,-8119,-16087,-893,265,-641,-1323
1,586,34653,-6211,-15868,-7111,276,-713,-1240
1,587,34658,-1308,-17339,-8421,282,-354,-1225
1,588,34663,-5757,-16568,356,272,65,-1348
1,589,34668,-6966,-15977,-2734,294,-143,-1300
1,590,34673,-4716,-16023,-7750,328,-118,-1239
1,591,34678,-1620,-17401,-5666,310,176,-1229
1,592,34683,-3255,-14527,3029,311,435,-1332
1,593,34688,-4114,-18469,-1827,271,213,-1216
1,594,34693,-3793,-15599,-559,400,213,-1339
1,595,34698,-5666,-16756,-5220,291,-113,-1212
1,596,34703,-4738,-16605,-1003,257,-183,-1183
1,597,34708,-2875,-16355,-1905,236,-274,-1155
1,598,34713,-4262,-14023,-5247,260,-103,-1102
1,599,34718,-259,-22666,-10093,606,488,-1085
1,600,34723,-9140,7446,-6239,1033,3375,-1749
1,601,34745,22166,-32768,13738,380,5936,700
1,602,34745,22166,-32768,13738,380,5936,700
1,603,34746,22166,-32768,13738,380,5936,700
1,604,34747,-32768,-17956,25491,263,1451,-1614
1,605,34748,-32768,-17956,25491,263,1451,-1614
1,606,34753,-32768,15798,-12819,66,-6558,-1038
1,607,34758,3361,7273,-32768,79,-8365,1415
1,608,34763,32767,-30055,-22296,-5,-2643,2389
1,609,34768,22070,-32768,14833,-116,4047,510
1,610,34773,-31734,-12559,29928,142,4141,-782
1,611,34778,-32768,-3318,-13273,309,-662,98
1,612,34783,-5865,-6909,-27231,371,-1929,1154
1,613,34788,32767,-17566,-7239,43,-962,1152
1,614,34793,19984,-23346,17296,-102,900,502
1,615,34798,-17136,-19223,11098,133,1447,86
1,616,34803,-27085,-12012,-12282,310,552,300
1,617,34808,-7207,-11098,-17987,141,-439,729
1,618,34813,12678,-15139,-323,-155,-589,799
1,619,34818,10322,-18897,14807,-96,-70,544
1,620,34823,-5477,-17268,8522,170,226,324
1,621,34828,-13017,-15149,-11987,306,-65,350
1,622,34833,-7198,-13546,-16207,131,-442,486
1,623,34838,1224,-13810,25,-182,-621,584
1,624,34843,3964,-17933,10706,-154,-420,571
1,625,34848,494,-18342,2413,102,-86,387
1,626,34853,-4641,-16436,-11291,209,122,305
1,627,34858,-7308,-14844,-10531,53,89,377
1,628,34863,-4717,-15036,1263,-122,-192,466
1,629,34868,634,-16305,5409,-91,-289,471
1,630,34873,2663,-17518,-2013,87,76,409
1,631,34878,-1481,-17130,-8281,136,516,328
1,632,34883,-6276,-15493,-5507,23,528,298
1,633,34888,-5662,-15211,1045,-77,161,361
1,634,34893,-730,-15523,2491,-68,-92,391
1,635,34898,2281,-16811,-3051,6,76,385
1,636,34903,-752,-17239,-4945,48,475,333
1,637,34908,-5129,-16486,-2052,-1,453,279
1,638,34913,-5233,-15672,1276,-63,31,282
1,639,34918,-1172,-15685,-885,-81,-326,308
1,640,34923,1005,-16580,-3489,-47,-132,325
1,641,34928,-1140,-17344,-3180,-22,240,309
1,642,34933,-4173,-16997,-1490,-38,282,258
1,643,34938,-4056,-16087,-1663,-64,1,235
1,644,34943,-1459,-15990,-3069,-84,-155,253
1,645,34948,-330,-16379,-3285,-71,28,261
1,646,34953,-1792,-16964,-2058,-48,287,259
1,647,34958,-3441,-16831,-1469,-42,294,232
1,648,34963,-3306,-16317,-2300,-61,96,207
1,649,34968,-2032,-16131,-2942,-84,-15,202
1,650,34973,-1554,-16264,-2399,-82,77,204
1,651,34978,-2110,-16550,-1692,-66,207,200
1,652,34983,-2705,-16597,-2142,-59,195,190
1,653,34988,-2749,-16320,-2871,-73,84,170
1,654,34993,-2444,-16081,-2835,-89,2,157
1,655,34998,-2252,-16214,-2130,-96,23,155
1,656,35003,-2263,-16256,-1904,-81,92,154
1,657,35008,-2330,-16392,-2490,-70,118,147
1,658,35013,-2476,-16351,-2911,-72,71,125
1,659,35018,-2616,-16204,-2419,-83,2,106
1,660,35023,-2572,-16169,-1824,-96,-46,101
1,661,35028,-2463,-16244,-1837,-89,-45,106
1,662,35033,-2643,-16431,-2591,-84,-38,93
1,663,35038,-2851,-16316,-2313,-96,-91,73
1,664,35043,-2840,-16167,-1996,-104,-131,65
1,665,35048,-2711,-16099,-2230,-101,-131,62
1,666,35053,-2738,-16151,-2598,-92,-96,61
1,667,35058,-2971,-16260,-2707,-89,-71,56
1,668,35063,-3142,-16205,-2548,-95,-85,41
1,669,35068,-3029,-16055,-2395,-99,-99,29
1,670,35073,-2845,-15999,-2631,-99,-74,25
1,671,35078,-2904,-15952,-2784,-91,-10,20
1,672,35083,-3123,-15972,-2813,-82,37,16
1,673,35088,-3210,-15984,-2688,-84,44,6
1,674,35093,-3019,-15904,-2582,-89,32,-5
1,675,35098,-2911,-15933,-2544,-88,45,-12
1,676,35103,-2981,-16007,-2484,-82,84,-13
1,677,35108,-3071,-16011,-2412,-80,102,-18
1,678,35113,-3081,-15985,-2377,-81,95,-25
1,679,35118,-2915,-15911,-2328,-84,77,-33
1,680,35123,-2833,-15870,-2252,-86,73,-38
1,681,35128,-2832,-15906,-2195,-81,73,-43
1,682,35133,-2928,-15919,-2156,-81,62,-41
1,683,35138,-2966,-15867,-2205,-85,33,-45
1,684,35143,-2973,-15763,-2166,-88,4,-53
1,685,35148,-3034,-15692,-2173,-89,-18,-56
1,686,35153,-2985,-15657,-2334,-89,-22,-55
1,687,35158,-2898,-15676,-2541,-82,-12,-55
1,688,35163,-2929,-15731,-2666,-82,-6,-61
1,689,35168,-3045,-15756,-2608,-83,-9,-64
1,690,35173,-3116,-15680,-2575,-83,-4,-67
1,691,35178,-3081,-15681,-2637,-79,13,-68
1,692,35183,-3046,-15788,-2654,-71,39,-68
1,693,35188,-3105,-15870,-2498,-71,59,-69
1,694,35193,-3193,-15878,-2375,-72,63,-74
1,695,35198,-3207,-15854,-2309,-73,51,-78
1,696,35203,-3209,-15852,-2402,-68,50,-78
1,697,35208,-3079,-15928,-2536,-66,61,-78
1,698,35213,-2953,-15951,-2541,-67,68,-76
1,699,35218,-2934,-15931,-2400,-64,68,-75
1,700,35223,-2950,-15863,-2362,-64,58,-81
1,701,35228,-2943,-15848,-2473,-62,41,-85
1,702,35233,-2895,-15914,-2384,-62,21,-74
1,703,35238,-2937,-15944,-2173,-60,-5,-72
1,704,35243,-2929,-15944,-1959,-63,-45,-77
1,705,35248,-3005,-15862,-2058,-60,-87,-77
1,706,35253,-3006,-15795,-2346,-60,-117,-76
1,707,35258,-3021,-15785,-2533,-57,-132,-72
1,708,35263,-3065,-15830,-2473,-57,-140,-71
1,709,35268,-3158,-15830,-2308,-57,-163,-74
1,710,35273,-3265,-15850,-2260,-59,-189,-73
1,711,35278,-3334,-15871,-2478,-55,-199,-73
1,712,35283,-3366,-15838,-2753,-51,-184,-69
1,713,35288,-3344,-15913,-2907,-46,-156,-70
1,714,35293,-3332,-15932,-2874,-46,-123,-70
1,715,35298,-3341,-15872,-2759,-45,-96,-71
1,716,35303,-3355,-15871,-2682,-37,-69,-70
1,717,35308,-3450,-15911,-2566,-34,-43,-71
1,718,35313,-3555,-15873,-2433,-34,-23,-70
1,719,35318,-3523,-15902,-2415,-33,-17,-65
1,720,35323,-3416,-15942,-2430,-30,-13,-65
1,721,35328,-3284,-15955,-2483,-30,-14,-62
1,722,35333,-3211,-15966,-2416,-27,-20,-65
1,723,35338,-3290,-15842,-2308,-26,-34,-66
1,724,35343,-3323,-15840,-2417,-27,-49,-62
1,725,35348,-3274,-15811,-2505,-24,-61,-59
1,726,35353,-3241,-15876,-2488,-21,-65,-57
1,727,35358,-3271,-15955,-2385,-20,-74,-56
1,728,35363,-3290,-15954,-2326,-22,-89,-55
1,729,35368,-3267,-16000,-2308,-19,-103,-54
1,730,35373,-3242,-16008,-2322,-22,-108,-55
1,731,35378,-3235,-15991,-2482,-21,-104,-52
1,732,35383,-3208,-15989,-2675,-18,-92,-51
1,733,35388,-3200,-15924,-2695,-14,-79,-50
1,734,35393,-3234,-15893,-2657,-11,-65,-48
1,735,35398,-3193,-15898,-2471,-8,-36,-45
1,736,35403,-3212,-15898,-2481,-7,-31,-43
1,737,35408,-3227,-15867,-2508,-5,-34,-41
1,738,35413,-3278,-15865,-2436,-2,-36,-38
1,739,35418,-3226,-15829,-2402,-3,-42,-40
1,740,35423,-3243,-15825,-2326,-2,-49,-38
1,741,35428,-3278,-15830,-2344,-1,-62,-36
1,742,35433,-3265,-15867,-2373,1,-75,-36
1,743,35438,-3252,-15931,-2289,-1,-88,-35
1,744,35443,-3252,-15941,-2223,-4,-103,-35
1,745,35448,-3252,-15942,-2261,-4,-115,-34
1,746,35453,-3237,-15969,-2439,-4,-120,-35
1,747,35458,-3183,-15996,-2493,-3,-126,-34
1,748,35463,-3195,-15964,-2442,-1,-135,-35
1,749,35468,-3253,-15918,-2388,-4,-146,-38
1,750,35473,-3307,-15967,-2453,-4,-152,-35
1,751,35478,-3314,-15940,-2613,1,-144,-32
1,752,35483,-3286,-15926,-2751,4,-123,-33
1,753,35488,-3294,-15921,-2701,6,-106,-37
1,754,35493,-3292,-15900,-2585,5,-97,-36
1,755,35498,-3311,-15800,-2479,7,-90,-37
1,756,35503,-3245,-15829,-2587,12,-79,-35
1,757,35508,-3253,-15877,-2638,11,-65,-35
1,758,35513,-3361,-15942,-2537,14,-57,-30
1,759,35518,-3368,-15951,-2464,10,-55,-31
1,760,35523,-3280,-15945,-2507,8,-53,-31
1,761,35528,-3176,-15971,-2658,12,-41,-32
1,762,35533,-3188,-15921,-2763,13,-24,-34
1,763,35538,-3263,-15871,-2646,17,-20,-35
1,764,35543,-3284,-15773,-2521,17,-28,-35
1,765,35548,-3235,-15745,-2543,12,-34,-36
1,766,35553,-3143,-15814,-2605,13,-28,-30
1,767,35558,-3177,-15797,-2552,19,-18,-32
1,768,35563,-3263,-15738,-2451,18,-17,-36
1,769,35568,-3274,-15675,-2449,17,-37,-40
1,770,35573,-3216,-15638,-2515,17,-57,-37
1,771,35578,-3125,-15699,-2512,15,-68,-33
1,772,35583,-3074,-15776,-2453,14,-67,-34
1,773,35588,-3126,-15774,-2442,16,-65,-33
1,774,35593,-3149,-15788,-2565,15,-71,-37
1,775,35598,-3138,-15730,-2693,15,-68,-37
1,776,35603,-3128,-15790,-2776,13,-54,-34
1,777,35608,-3161,-15874,-2677,16,-35,-34
1,778,35613,-3168,-15844,-2586,18,-28,-39
1,779,35618,-3227,-15816,-2572,18,-26,-39
1,780,35623,-3191,-15831,-2594,19,-17,-41
1,781,35628,-3202,-15768,-2580,20,-6,-40
1,782,35633,-3113,-15761,-2589,20,7,-39
1,783,35638,-3088,-15764,-2566,20,14,-39
1,784,35643,-3122,-15783,-2467,22,9,-36
1,785,35648,-3173,-15762,-2430,18,-3,-36
1,786,35653,-3080,-15770,-2453,16,-10,-38
1,787,35658,-3018,-15792,-2562,20,-16,-37
1,788,35663,-2973,-15765,-2656,23,-14,-37
1,789,35668,-2940,-15709,-2698,20,-15,-35
1,790,35673,-2941,-15659,-2630,20,-23,-38
1,791,35678,-2995,-15665,-2527,20,-31,-37
1,792,35683,-3058,-15760,-2450,21,-37,-34
1,793,35688,-3034,-15818,-2435,19,-43,-33
1,794,35693,-2956,-15868,-2401,20,-46,-33
1,795,35698,-2986,-15845,-2467,19,-52,-34
1,796,35703,-3117,-15787,-2551,18,-55,-36
1,797,35708,-3141,-15779,-2616,18,-56,-37
1,798,35713,-3076,-15800,-2564,20,-52,-33
1,799,35718,-3073,-15876,-2472,21,-47,-30
1,800,35723,-3143,-15930,-2432,21,-41,-33
1,801,35728,-3188,-15938,-2461,17,-43,-36
1,802,35733,-3149,-15906,-2612,18,-38,-34
1,803,35738,-3107,-15884,-2665,19,-21,-32
1,804,35743,-3097,-15915,-2671,21,-4,-31
1,805,35748,-3125,-15900,-2571,21,7,-33
1,806,35753,-3256,-15882,-2424,19,9,-34
1,807,35758,-3287,-15950,-2452,20,9,-35
1,808,35763,-3101,-15928,-2576,23,28,-31
1,809,35768,-3101,-15997,-2555,23,41,-31
1,810,35773,-3094,-15995,-2486,23,44,-34
1,811,35778,-3031,-15974,-2393,21,40,-35
1,812,35783,-3055,-15929,-2383,21,27,-36
1,813,35788,-3071,-15960,-2326,21,16,-34
1,814,35793,-3101,-16014,-2325,19,1,-34
1,815,35798,-3019,-16031,-2390,17,-17,-32
1,816,35803,-2899,-16000,-2501,15,-25,-32
1,817,35808,-2811,-16017,-2588,15,-23,-30
1,818,35813,-2852,-15983,-2570,16,-17,-31
1,819,35818,-2947,-16006,-2485,15,-20,-29
1,820,35823,-2974,-16036,-2405,14,-26,-28
1,821,35828,-2932,-16012,-2404,14,-33,-25
1,822,35833,-2931,-16045,-2431,13,-36,-24
1,823,35838,-2923,-16124,-2387,11,-37,-23
1,824,35843,-2936,-16119,-2407,13,-38,-23
1,825,35848,-2996,-16060,-2512,11,-31,-24
1,826,35853,-2931,-16053,-2620,10,-24,-22
1,827,35858,-2911,-16034,-2642,9,-13,-19
1,828,35863,-2913,-16062,-2582,7,5,-18
1,829,35868,-2969,-16050,-2533,10,17,-18
1,830,35873,-2988,-15987,-2559,10,22,-16
1,831,35878,-3025,-15968,-2544,12,34,-14
1,832,35883,-3007,-15952,-2454,8,39,-13
1,833,35888,-2961,-15938,-2364,8,39,-12
1,834,35893,-2937,-15860,-2334,9,32,-9
1,835,35898,-2904,-15876,-2351,7,21,-11
1,836,35903,-2890,-15970,-2338,6,5,-11
1,837,35908,-2933,-15957,-2236,2,-18,-11
1,838,35913,-2946,-15984,-2162,0,-44,-7
1,839,35918,-2926,-15980,-2264,1,-66,-5
1,840,35923,-2912,-15977,-2477,1,-79,-6
1,841,35928,-2903,-15967,-2568,-1,-81,-7
1,842,35933,-2965,-15984,-2572,-5,-78,-6
1,843,35938,-2999,-16005,-2521,-7,-73,-4
1,844,35943,-2946,-15956,-2509,-6,-67,-3
1,845,35948,-2970,-15993,-2608,-6,-56,0
1,846,35953,-2977,-15949,-2680,-5,-38,-3
1,847,35958,-3007,-15907,-2615,-5,-19,-1
1,848,35963,-3023,-15850,-2526,-4,-6,1
1,849,35968,-2989,-15828,-2395,-4,0,2
1,850,35973,-2957,-15894,-2338,-8,4,3
1,851,35978,-2993,-15884,-2360,-7,3,1
1,852,35983,-3028,-15893,-2368,-4,-5,1
1,853,35988,-3067,-15873,-2367,-9,-13,3
1,854,35993,-3038,-15859,-2326,-11,-27,4
1,855,35998,-2996,-15895,-2315,-9,-38,4
1,856,36003,-2988,-15919,-2355,-13,-44,5
1,857,36008,-3034,-15916,-2373,-14,-52,6
1,858,36013,-3030,-15931,-2503,-13,-56,3
1,859,36018,-3014,-15919,-2547,-15,-62,3
1,860,36023,-3007,-15895,-2597,-15,-56,4
1,861,36028,-2990,-15879,-2642,-14,-42,8
1,862,36033,-3012,-15877,-2603,-14,-33,7
1,863,36038,-3002,-15857,-2594,-13,-28,7
1,864,36043,-3060,-15850,-2547,-15,-26,6
1,865,36048,-3124,-15896,-2477,-13,-26,3
1,866,36053,-3112,-15908,-2366,-13,-25,7
1,867,36058,-3054,-16027,-2347,-11,-28,7
1,868,36063,-3035,-16104,-2465,-14,-29,3
1,869,36068,-3113,-16089,-2573,-15,-26,3
1,870,36073,-3184,-16092,-2530,-15,-24,5
1,871,36078,-3210,-16052,-2524,-16,-18,4
1,872,36083,-3099,-16043,-2591,-15,-7,7
1,873,36088,-3054,-15986,-2710,-12,16,6
1,874,36093,-3087,-15944,-2698,-13,37,3
1,875,36098,-3130,-15871,-2566,-11,49,3
1,876,36103,-3184,-15785,-2409,-10,44,4
1,877,36108,-3187,-15829,-2333,-12,32,3
1,878,36113,-3090,-15960,-2349,-11,21,4
1,879,36118,-3039,-16054,-2275,-11,11,5
1,880,36123,-3069,-16055,-2296,-13,-4,-1
1,881,36128,-3092,-16002,-2405,-15,-22,-1
1,882,36133,-3009,-16031,-2649,-15,-21,3
1,883,36138,-3003,-16049,-2585,-13,-9,3
1,884,36143,-2974,-16031,-2526,-15,-2,4
1,885,36148,-2969,-15935,-2594,-16,2,-2
1,886,36153,-3051,-15869,-2643,-13,6,1
1,887,36158,-3067,-15812,-2670,-12,16,1
1,888,36163,-3098,-15808,-2509,-11,19,3
1,889,36168,-3153,-15865,-2356,-11,8,4
1,890,36173,-3143,-15926,-2249,-12,-10,2
1,891,36178,-3147,-16043,-2266,-14,-24,2
1,892,36183,-3149,-16124,-2329,-14,-28,0
1,893,36188,-3131,-16104,-2511,-14,-22,2
1,894,36193,-3097,-16072,-2634,-12,-8,3
1,895,36198,-3112,-16015,-2704,-14,12,-1
1,896,36203,-3022,-16019,-2628,-14,39,-2
1,897,36208,-3015,-15984,-2564,-12,52,0
1,898,36213,-2989,-15910,-2568,-7,64,2
1,899,36218,-2986,-15838,-2528,-6,66,3
1,900,36223,-2979,-15834,-2477,-7,61,1
1,901,36228,-3032,-15813,-2355,-7,52,0
1,902,36233,-3020,-15891,-2225,-6,40,0
1,903,36238,-3003,-15984,-2131,-8,23,2
1,904,36243,-2944,-16058,-2213,-12,3,4
1,905,36248,-2931,-16072,-2404,-12,-8,2
1,906,36253,-2875,-16026,-2584,-11,-6,1
1,907,36258,-2915,-15941,-2603,-11,0,0
1,908,36263,-2946,-15872,-2596,-11,9,0
1,909,36268,-2913,-15890,-2535,-11,14,4
1,910,36273,-2919,-15909,-2435,-9,15,4
1,911,36278,-2890,-15884,-2390,-7,12,5
1,912,36283,-2933,-15857,-2471,-9,3,6
1,913,36288,-2931,-15812,-2475,-9,-7,3
1,914,36293,-2911,-15804,-2501,-8,-16,4
1,915,36298,-2856,-15773,-2511,-5,-18,6
1,916,36303,-2919,-15836,-2496,-4,-20,7
1,917,36308,-2979,-15902,-2420,-5,-22,7
1,918,36313,-3024,-15924,-2430,-5,-23,6
1,919,36318,-2922,-15903,-2566,-4,-20,8
1,920,36323,-2824,-15883,-2682,-1,-3,7
1,921,36328,-2829,-15881,-2718,3,17,8
1,922,36333,-2892,-15850,-2614,3,36,7
1,923,36338,-2962,-15816,-2463,3,41,7
1,924,36343,-2998,-15889,-2296,6,33,8
1,925,36348,-3015,-15968,-2184,4,15,10
1,926,36353,-2943,-16013,-2164,1,3,12
1,927,36358,-2895,-16026,-2338,0,-7,13
1,928,36363,-2839,-16030,-2548,0,-8,9
1,929,36368,-2828,-15966,-2583,-1,-5,11
1,930,36373,-2882,-15927,-2537,0,-2,12
1,931,36378,-2908,-15872,-2470,5,5,12
1,932,36383,-2910,-15871,-2470,4,3,12
1,933,36388,-2980,-15867,-2487,5,-8,13
1,934,36393,-3024,-15845,-2454,6,-17,12
1,935,36398,-3014,-15852,-2430,5,-36,11
1,936,36403,-3076,-15891,-2342,9,-50,12
1,937,36408,-3034,-15969,-2385,5,-58,12
1,938,36413,-2960,-16011,-2472,2,-61,12
1,939,36418,-2923,-15978,-2609,6,-53,12
1,940,36423,-2969,-15875,-2720,7,-42,11
1,941,36428,-3036,-15861,-2734,13,-25,9
1,942,36433,-3064,-15867,-2654,11,-6,10
1,943,36438,-3037,-15886,-2486,10,3,12
1,944,36443,-3077,-15956,-2404,14,3,14
1,945,36448,-3131,-15979,-2371,12,-1,11
1,946,36453,-3164,-15892,-2421,13,-2,11
1,947,36458,-3167,-15885,-2581,12,3,9
1,948,36463,-3071,-15877,-2666,15,18,11
1,949,36468,-3000,-15903,-2647,14,33,13
1,950,36473,-2974,-15904,-2576,16,40,14
1,951,36478,-3067,-15840,-2433,17,37,9
1,952,36483,-3096,-15795,-2402,16,23,7
1,953,36488,-3071,-15794,-2403,18,10,11
1,954,36493,-3093,-15843,-2355,18,2,7
1,955,36498,-3066,-15860,-2413,17,-26,9
1,956,36503,-3060,-15794,-2557,17,-36,6
1,957,36508,-3055,-15770,-2626,16,-32,7
1,958,36513,-3053,-15849,-2574,19,-24,6
1,959,36518,-3141,-15933,-2421,19,-21,6
1,960,36523,-3181,-15961,-2324,20,-25,4
1,961,36528,-3170,-16010,-2438,20,-30,4
1,962,36533,-3143,-15995,-2520,18,-23,4
1,963,36538,-3106,-15989,-2649,20,-4,7
1,964,36543,-3089,-16006,-2569,21,11,6
1,965,36548,-3018,-16020,-2525,22,22,6
1,966,36553,-3036,-16005,-2504,22,29,4
1,967,36558,-3140,-16020,-2379,23,33,3
1,968,36563,-3134,-16041,-2342,23,28,5
1,969,36568,-3061,-16052,-2332,22,23,5
1,970,36573,-3003,-16090,-2366,20,21,5
1,971,36578,-2967,-16078,-2482,19,25,4
1,972,36583,-2961,-16053,-2539,22,30,3
1,973,36588,-3061,-16035,-2431,19,32,4
1,974,36593,-3118,-16028,-2392,18,21,4
1,975,36598,-3040,-16038,-2386,20,11,6
1,976,36603,-3005,-16064,-2410,20,9,5
1,977,36608,-3034,-16052,-2449,22,11,6
1,978,36613,-3103,-16025,-2440,23,9,3
1,979,36618,-3038,-16015,-2456,21,1,3
1,980,36623,-2998,-16007,-2464,19,-5,3
1,981,36628,-3001,-16011,-2360,20,-6,5
1,982,36633,-3049,-15978,-2373,18,-10,4
1,983,36638,-3029,-15971,-2464,19,-13,2
1,984,36643,-2970,-15960,-2632,21,-10,4
1,985,36648,-2966,-15945,-2670,21,4,4
1,986,36653,-2965,-15971,-2585,18,16,6
1,987,36658,-2969,-15980,-2479,19,20,7
1,988,36663,-2981,-15930,-2420,18,19,6
1,989,36668,-3060,-15924,-2411,19,14,4
1,990,36673,-3078,-15933,-2381,20,12,4
1,991,36678,-3041,-15985,-2368,21,10,7
1,992,36683,-3058,-15981,-2379,20,-1,4
1,993,36688,-3071,-15937,-2416,17,-9,4
1,994,36693,-3019,-15912,-2516,18,-7,4
1,995,36698,-3051,-15933,-2593,20,-8,4
1,996,36703,-3076,-15973,-2537,18,-7,8
1,997,36708,-3110,-15973,-2450,14,-12,4
1,998,36713,-3117,-16014,-2433,14,-13,3
1,999,36718,-3076,-16008,-2485,15,-14,4
2,0,53108,-2835,-15798,-3088,-24,-4,-21
2,1,53113,-2831,-15811,-3074,-22,-3,-23
2,2,53118,-2808,-15881,-3063,-22,-5,-23
2,3,53123,-2780,-15872,-3075,-24,-8,-22
2,4,53128,-2728,-15883,-3026,-20,-9,-20
2,5,53133,-2734,-15849,-3085,-19,-8,-22
2,6,53138,-2733,-15820,-3103,-20,-8,-24
2,7,53143,-2774,-15860,-3029,-20,-10,-22
2,8,53148,-2836,-15868,-2915,-18,-20,-22
2,9,53153,-2878,-15897,-2906,-19,-30,-21
2,10,53158,-2813,-15931,-2969,-21,-42,-19
2,11,53163,-2771,-15931,-3103,-19,-46,-21
2,12,53168,-2829,-15932,-3252,-19,-37,-23
2,13,53173,-2862,-15959,-3300,-17,-25,-21
2,14,53178,-2831,-15977,-3270,-18,-14,-20
2,15,53183,-2763,-16005,-3203,-14,-1,-20
2,16,53188,-2706,-15988,-3167,-14,8,-19
2,17,53193,-2742,-15948,-3139,-11,15,-17
2,18,53198,-2803,-15952,-3139,-12,20,-16
2,19,53203,-2823,-15948,-3059,-9,21,-18
2,20,53208,-2784,-15968,-2945,-8,14,-18
2,21,53213,-2768,-16008,-2910,-10,2,-17
2,22,53218,-2851,-16019,-2893,-11,-17,-18
2,23,53223,-2881,-15954,-2973,-11,-37,-20
2,24,53228,-2915,-15927,-3040,-11,-54,-18
2,25,53233,-2940,-15953,-3142,-9,-62,-19
2,26,53238,-2901,-15990,-3166,-9,-60,-19
2,27,53243,-2897,-15987,-3195,-12,-53,-16
2,28,53248,-2915,-15982,-3263,-11,-39,-17
2,29,53253,-2902,-15980,-3319,-9,-20,-19
2,30,53258,-2904,-15904,-3386,-5,4,-18
2,31,53263,-2901,-15888,-3403,-3,28,-20
2,32,53268,-2862,-15896,-3178,-3,47,-19
2,33,53273,-2899,-15903,-3028,0,51,-17
2,34,53278,-2901,-15879,-2900,-1,50,-21
2,35,53283,-2901,-15894,-2918,1,46,-22
2,36,53288,-2875,-15913,-2951,0,39,-21
2,37,53293,-2828,-15897,-2978,0,33,-22
2,38,53298,-2781,-15898,-2979,-2,28,-22
2,39,53303,-2745,-15788,-3059,-2,22,-22
2,40,53308,-2744,-15755,-3151,-2,22,-21
2,41,53313,-2698,-15777,-3157,-3,22,-18
2,42,53318,-2739,-15768,-3088,-3,22,-18
2,43,53323,-2770,-15726,-2998,-3,17,-20
2,44,53328,-2757,-15696,-2968,-4,7,-20
2,45,53333,-2702,-15671,-3020,-5,-4,-19
2,46,53338,-2682,-15670,-3046,-3,-5,-17
2,47,53343,-2703,-15643,-3081,-3,-7,-19
2,48,53348,-2730,-15622,-3055,-3,-17,-18
2,49,53353,-2766,-15652,-2974,-5,-24,-18
2,50,53358,-2813,-15708,-2947,-5,-32,-17
2,51,53363,-2823,-15743,-2955,-9,-41,-16
2,52,53368,-2818,-15708,-3044,-8,-46,-19
2,53,53373,-2813,-15712,-3120,-7,-42,-15
2,54,53378,-2889,-15716,-3188,-10,-31,-11
2,55,53383,-2843,-15767,-3157,-11,-16,-15
2,56,53388,-2920,-15768,-3095,-9,8,-13
2,57,53393,-2917,-15785,-3116,-11,15,-14
2,58,53398,-2842,-15797,-3205,-9,24,-16
2,59,53403,-2832,-15791,-3175,-8,38,-19
2,60,53408,-2881,-15763,-3096,-6,43,-17
2,61,53413,-2840,-15795,-3030,-8,40,-17
2,62,53418,-2832,-15790,-2999,-8,36,-17
2,63,53423,-2820,-15819,-2960,-9,27,-13
2,64,53428,-2783,-15844,-2934,-11,15,-14
2,65,53433,-2748,-15887,-2935,-15,-1,-14
2,66,53438,-2751,-15897,-2949,-15,-15,-13
2,67,53443,-2751,-15896,-2978,-16,-26,-12
2,68,53448,-2798,-15962,-3052,-18,-34,-13
2,69,53453,-2771,-15941,-3115,-18,-37,-10
2,70,53458,-2716,-15889,-3214,-17,-35,-10
2,71,53463,-2738,-15899,-3283,-20,-23,-11
2,72,53468,-2786,-15840,-3355,-18,-6,-9
2,73,53473,-2771,-15824,-3304,-14,7,-6
2,74,53478,-2777,-15842,-3137,-14,18,-6
2,75,53483,-2845,-15853,-3026,-15,18,-7
2,76,53488,-2928,-15800,-3026,-16,9,-9
2,77,53493,-2942,-15855,-2992,-17,-4,-8
2,78,53498,-2977,-15857,-3031,-15,-18,-7
2,79,53503,-3024,-15835,-3064,-20,-29,-7
2,80,53508,-3051,-15841,-3202,-21,-33,-12
2,81,53513,-3048,-15806,-3327,-17,-30,-7
2,82,53518,-3064,-15803,-3363,-14,-22,-9
2,83,53523,-3081,-15827,-3355,-16,-13,-10
2,84,53528,-3096,-15887,-3278,-13,-3,-8
2,85,53533,-2994,-15904,-3287,-13,9,-9
2,86,53538,-2959,-15902,-3332,-11,19,-10
2,87,53543,-2959,-15910,-3330,-7,31,-12
2,88,53548,-2945,-15950,-3297,-6,39,-13
2,89,53553,-2961,-15963,-3252,-7,43,-14
2,90,53558,-2854,-15925,-3249,-5,46,-12
2,91,53563,-2772,-15875,-3330,-3,48,-11
2,92,53568,-2739,-15811,-3289,-1,54,-12
2,93,53573,-2698,-15809,-3321,-1,59,-11
2,94,53578,-2686,-15805,-3246,-1,58,-9
2,95,53583,-2628,-15825,-3211,-1,54,-7
2,96,53588,-2588,-15875,-3202,-2,45,-5
2,97,53593,-2549,-15853,-3210,1,38,-4
2,98,53598,-2561,-15873,-3162,1,28,-3
2,99,53603,-2540,-15889,-3157,2,13,-1
2,100,53608,-2518,-15879,-3168,2,6,-2
2,101,53613,-2463,-15961,-3238,0,0,0
2,102,53618,-2488,-15975,-3204,-2,-7,1
2,103,53623,-2585,-15934,-3195,-3,-10,4
2,104,53628,-2612,-15880,-3204,-3,-11,3
2,105,53633,-2558,-15898,-3272,3,-6,6
2,106,53638,-2562,-15883,-3357,1,-1,7
2,107,53643,-2559,-15882,-3282,1,9,7
2,108,53648,-2581,-15885,-3177,1,12,10
2,109,53653,-2670,-15888,-3139,1,12,8
2,110,53658,-2676,-15851,-3263,-1,16,10
2,111,53663,-2656,-15873,-3323,0,18,12
2,112,53668,-2632,-15887,-3278,2,21,12
2,113,53673,-2579,-15851,-3246,4,23,14
2,114,53678,-2600,-15837,-3207,5,22,15
2,115,53683,-2616,-15872,-3177,7,15,16
2,116,53688,-2671,-15889,-3210,4,5,16
2,117,53693,-2675,-15908,-3165,2,-9,17
2,118,53698,-2636,-15875,-3147,-1,-25,19
2,119,53703,-2616,-15820,-3167,-3,-33,17
2,120,53708,-2627,-15775,-3267,1,-41,17
2,121,53713,-2692,-15759,-3368,3,-43,21
2,122,53718,-2761,-15828,-3260,1,-45,16
2,123,53723,-2804,-15834,-3139,-1,-48,16
2,124,53728,-2729,-15822,-3221,-5,-48,20
2,125,53733,-2699,-15870,-3332,-3,-41,20
2,126,53738,-2765,-15886,-3369,2,-29,18
2,127,53743,-2855,-15859,-3331,0,-15,17
2,128,53748,-2850,-15819,-3253,-1,-6,16
2,129,53753,-2799,-15818,-3199,0,-1,20
2,130,53758,-2797,-15823,-3220,0,5,16
2,131,53763,-2846,-15771,-3195,1,-1,15
2,132,53768,-2873,-15730,-3165,0,-10,18
2,133,53773,-2861,-15714,-3169,0,-17,15
2,134,53778,-2774,-15754,-3196,1,-16,18
2,135,53783,-2777,-15734,-3211,-2,-17,16
2,136,53788,-2806,-15742,-3206,-3,-21,11
2,137,53793,-2868,-15769,-3261,-2,-25,14
2,138,53798,-2864,-15753,-3220,-1,-27,14
2,139,53803,-2808,-15784,-3227,0,-26,14
2,140,53808,-2790,-15870,-3208,-2,-22,11
2,141,53813,-2804,-15860,-3245,-1,-14,13
2,142,53818,-2874,-15826,-3281,-2,-4,11
2,143,53823,-2851,-15833,-3312,-2,5,11
2,144,53828,-2788,-15849,-3274,-2,15,10
2,145,53833,-2864,-15839,-3101,-1,22,8
2,146,53838,-2874,-15836,-3031,0,15,10
2,147,53843,-2807,-15801,-3073,0,7,10
2,148,53848,-2800,-15827,-3090,-2,5,8
2,149,53853,-2822,-15825,-3123,-2,2,5
2,150,53858,-2836,-15819,-3114,-3,-8,5
2,151,53863,-2775,-15859,-3136,-2,-17,9
2,152,53868,-2762,-15905,-3110,-4,-22,8
2,153,53873,-2790,-15892,-3134,-3,-26,6
2,154,53878,-2771,-15887,-3264,-5,-29,4
2,155,53883,-2804,-15891,-3369,-5,-29,6
2,156,53888,-2783,-15871,-3324,-1,-25,4
2,157,53893,-2747,-15864,-3255,-1,-19,5
2,158,53898,-2735,-15896,-3308,-1,-15,6
2,159,53903,-2742,-15931,-3285,0,-17,4
2,160,53908,-2884,-15921,-3217,-2,-22,1
2,161,53913,-2922,-15882,-3162,-3,-26,2
2,162,53918,-2887,-15941,-3201,-3,-25,3
2,163,53923,-2828,-15973,-3292,-1,-17,1
2,164,53928,-2773,-15954,-3386,1,-2,1
2,165,53933,-2814,-15917,-3358,4,13,-1
2,166,53938,-2835,-15881,-3285,4,21,-2
2,167,53943,-2893,-15856,-3166,4,16,-1
2,168,53948,-2864,-15807,-3105,2,9,-2
2,169,53953,-2811,-15782,-3119,3,1,-1
2,170,53958,-2912,-15826,-3151,6,-10,-1
2,171,53963,-2942,-15879,-3179,1,-20,-2
2,172,53968,-2867,-15952,-3176,3,-27,-2
2,173,53973,-2702,-15987,-3238,3,-25,-3
2,174,53978,-2654,-15998,-3325,3,-13,-6
2,175,53983,-2769,-15935,-3314,5,-5,-8
2,176,53988,-2873,-15856,-3199,4,-4,-5
2,177,53993,-2834,-15814,-3145,2,-10,-5
2,178,53998,-2739,-15815,-3134,4,-17,-5
2,179,54003,-2715,-15855,-3115,5,-23,-4
2,180,54008,-2835,-15921,-3044,4,-32,-5
2,181,54013,-2882,-15977,-2991,1,-47,-6
2,182,54018,-2809,-15982,-3094,-2,-54,-5
2,183,54023,-2646,-15961,-3256,0,-47,-6
2,184,54028,-2665,-15907,-3353,1,-29,-6
2,185,54033,-2768,-15864,-3340,1,-14,-6
2,186,54038,-2853,-15750,-3288,-1,-10,-9
2,187,54043,-2816,-15674,-3216,3,-9,-7
2,188,54048,-2744,-15599,-3190,2,-12,-6
2,189,54053,-2755,-15631,-3176,3,-19,-7
2,190,54058,-2852,-15691,-3139,4,-32,-10
2,191,54063,-2922,-15750,-3086,2,-44,-10
2,192,54068,-2854,-15825,-3145,2,-56,-11
2,193,54073,-2741,-15855,-3224,2,-52,-10
2,194,54078,-2695,-15857,-3379,3,-37,-9
2,195,54083,-2737,-15836,-3435,5,-15,-8
2,196,54088,-2754,-15737,-3421,8,1,-9
2,197,54093,-2773,-15696,-3264,8,13,-8
2,198,54098,-2717,-15702,-3125,7,15,-7
2,199,54103,-2721,-15729,-3030,7,8,-9
2,200,54108,-2754,-15794,-3013,5,-6,-9
2,201,54113,-2739,-15846,-3068,5,-24,-8
2,202,54118,-2714,-15827,-3061,6,-41,-7
2,203,54123,-2677,-15818,-3156,6,-63,-6
2,204,54128,-2780,-15894,-3072,4,-70,-8
2,205,54133,-2832,-15986,-3137,3,-78,-8
2,206,54138,-2831,-16014,-3260,3,-82,-6
2,207,54143,-2762,-15983,-3251,8,-73,-10
2,208,54148,-2850,-15903,-3322,5,-59,-7
2,209,54153,-2787,-15908,-3302,5,-45,-7
2,210,54158,-2984,-15919,-3177,8,-34,-9
2,211,54163,-2938,-15958,-3122,9,-32,-6
2,212,54168,-2921,-15926,-3084,8,-32,-7
2,213,54173,-2807,-15884,-3136,9,-36,-8
2,214,54178,-2811,-15797,-3269,9,-30,-8
2,215,54183,-2860,-15782,-3316,9,-24,-12
2,216,54188,-2964,-15769,-3162,8,-22,-14
2,217,54193,-2960,-15798,-3096,10,-30,-12
2,218,54198,-2849,-15837,-3092,11,-35,-12
2,219,54203,-2795,-15863,-3133,8,-32,-11
2,220,54208,-2878,-15826,-3157,11,-28,-15
2,221,54213,-3005,-15858,-3154,10,-32,-17
2,222,54218,-3019,-15856,-3056,12,-38,-15
2,223,54223,-2938,-15849,-3105,11,-43,-12
2,224,54228,-2836,-15920,-3069,10,-39,-15
2,225,54233,-2946,-15934,-3130,13,-41,-16
2,226,54238,-3029,-15918,-3152,11,-44,-15
2,227,54243,-3095,-15886,-3115,10,-48,-18
2,228,54248,-3010,-15943,-3200,10,-49,-18
2,229,54253,-2938,-15983,-3174,12,-36,-20
2,230,54258,-2893,-15998,-3238,12,-20,-19
2,231,54263,-2921,-15974,-3253,12,-8,-20
2,232,54268,-2910,-15911,-3268,13,3,-21
2,233,54273,-2845,-15865,-3245,11,14,-19
2,234,54278,-2801,-15837,-3122,11,21,-20
2,235,54283,-2813,-15868,-3070,13,23,-21
2,236,54288,-2798,-15850,-3131,11,21,-20
2,237,54293,-2774,-15824,-3095,9,18,-18
2,238,54298,-2785,-15834,-3024,10,13,-20
2,239,54303,-2724,-15825,-3061,11,4,-22
2,240,54308,-2749,-15809,-3027,8,-4,-18
2,241,54313,-2739,-15855,-3075,7,-18,-16
2,242,54318,-2814,-15802,-3089,7,-25,-18
2,243,54323,-2819,-15785,-3115,3,-33,-17
2,244,54328,-2761,-15771,-3176,4,-37,-16
2,245,54333,-2747,-15745,-3227,6,-36,-15
2,246,54338,-2764,-15707,-3314,4,-32,-14
2,247,54343,-2787,-15714,-3292,3,-25,-15
2,248,54348,-2757,-15739,-3186,3,-22,-16
2,249,54353,-2791,-15738,-3142,3,-24,-16
2,250,54358,-2780,-15777,-3121,0,-30,-12
2,251,54363,-2771,-15772,-3151,5,-28,-12
2,252,54368,-2757,-15795,-3252,3,-23,-12
2,253,54373,-2747,-15802,-3326,0,-16,-12
2,254,54378,-2761,-15774,-3311,1,-7,-9
2,255,54383,-2727,-15788,-3256,2,1,-8
2,256,54388,-2754,-15746,-3190,1,4,-8
2,257,54393,-2715,-15778,-3122,2,3,-8
2,258,54398,-2771,-15781,-3124,3,-2,-7
2,259,54403,-2715,-15808,-3076,2,-13,-3
2,260,54408,-2776,-15812,-3005,-1,-22,-5
2,261,54413,-2794,-15826,-3075,1,-36,-6
2,262,54418,-2784,-15828,-3103,-5,-47,-3
2,263,54423,-2799,-15895,-3150,-5,-55,-4
2,264,54428,-2799,-15926,-3208,-1,-60,-3
2,265,54433,-2838,-15918,-3273,-3,-60,-2
2,266,54438,-2835,-15892,-3312,-6,-59,-1
2,267,54443,-2835,-15890,-3297,-6,-48,0
2,268,54448,-2852,-15901,-3311,-4,-34,1
2,269,54453,-2843,-15907,-3267,-5,-22,-2
2,270,54458,-2851,-15929,-3231,-2,-11,0
2,271,54463,-2883,-15918,-3190,-2,-3,1
2,272,54468,-2871,-15881,-3214,-4,-4,-1
2,273,54473,-2874,-15910,-3173,-6,-4,-1
2,274,54478,-2861,-15929,-3215,-4,0,0
2,275,54483,-2834,-15895,-3183,-1,0,0
2,276,54488,-2858,-15916,-3207,-6,-8,2
2,277,54493,-2810,-15884,-3175,-6,-11,1
2,278,54498,-2835,-15817,-3166,-7,-14,-2
2,279,54503,-2806,-15796,-3201,-7,-17,1
2,280,54508,-2858,-15771,-3114,-7,-22,-1
2,281,54513,-2859,-15800,-3088,-8,-28,0
2,282,54518,-2892,-15759,-3133,-9,-35,0
2,283,54523,-2867,-15767,-3147,-5,-40,1
2,284,54528,-2869,-15824,-3169,-6,-42,1
2,285,54533,-2941,-15849,-3123,-8,-47,1
2,286,54538,-2940,-15856,-3125,-9,-53,0
2,287,54543,-2928,-15867,-3161,-11,-50,-1
2,288,54548,-2963,-15891,-3258,-9,-43,2
2,289,54553,-2930,-15897,-3281,-6,-32,-1
2,290,54558,-2964,-15962,-3255,-7,-17,-2
2,291,54563,-3005,-15912,-3216,-8,-7,-2
2,292,54568,-2941,-15913,-3176,-6,1,-2
2,293,54573,-2881,-15901,-3175,-5,7,0
2,294,54578,-2946,-15945,-3280,-5,13,-2
2,295,54583,-2890,-15884,-3223,-1,21,-3
2,296,54588,-2885,-15870,-3155,-4,26,-4
2,297,54593,-2880,-15868,-3118,-6,30,-2
2,298,54598,-2877,-15867,-3085,-4,31,-2
2,299,54603,-2839,-15860,-3066,-1,29,-3
2,300,54608,-2824,-15841,-3104,-4,29,-3
2,301,54613,-2830,-15852,-3120,-2,27,-1
2,302,54618,-2807,-15820,-3136,-4,29,0
2,303,54623,-2760,-15825,-3117,-5,27,-2
2,304,54628,-2744,-15795,-3094,-5,22,-2
2,305,54633,-2782,-15756,-3043,-3,18,-3
2,306,54638,-2724,-15754,-3064,-5,11,-1
2,307,54643,-2710,-15729,-3078,-4,5,-1
2,308,54648,-2694,-15732,-3077,-3,-3,2
2,309,54653,-2661,-15719,-3053,-7,-12,2
2,310,54658,-2719,-15733,-3083,-7,-20,2
2,311,54663,-2703,-15745,-3103,-7,-20,-1
2,312,54668,-2657,-15758,-3172,-8,-20,2
2,313,54673,-2661,-15764,-3199,-8,-20,5
2,314,54678,-2688,-15785,-3233,-4,-10,6
2,315,54683,-2734,-15816,-3248,-5,0,4
2,316,54688,-2764,-15801,-3199,-4,7,6
2,317,54693,-2765,-15788,-3188,-3,16,5
2,318,54698,-2713,-15791,-3247,-2,21,7
2,319,54703,-2715,-15858,-3246,-2,25,5
2,320,54708,-2741,-15827,-3149,-5,24,5
2,321,54713,-2808,-15799,-3059,-4,19,7
2,322,54718,-2816,-15779,-3052,-5,14,6
2,323,54723,-2839,-15779,-3134,-4,15,5
2,324,54728,-2823,-15787,-3126,-3,22,1
2,325,54733,-2940,-15774,-3058,-3,17,0
2,326,54738,-2918,-15713,-3029,-7,8,2
2,327,54743,-2855,-15707,-3028,-8,2,2
2,328,54748,-2896,-15680,-3095,-4,-1,1
2,329,54753,-2913,-15695,-3114,-7,-4,-2
2,330,54758,-2985,-15709,-3101,-8,-11,0
2,331,54763,-2994,-15707,-3102,-9,-17,-2
2,332,54768,-2958,-15693,-3168,-9,-21,-2
2,333,54773,-2896,-15665,-3318,-7,-13,-4
2,334,54778,-2892,-15653,-3360,-8,0,-4
2,335,54783,-2877,-15627,-3234,-9,10,-5
2,336,54788,-2935,-15628,-3165,-7,16,-9
2,337,54793,-2899,-15641,-3240,-7,24,-10
2,338,54798,-2826,-15677,-3345,-4,39,-7
2,339,54803,-2802,-15707,-3220,-4,48,-10
2,340,54808,-2847,-15787,-2998,-4,52,-10
2,341,54813,-2889,-15838,-2950,-2,41,-9
2,342,54818,-2842,-15854,-3025,-4,29,-12
2,343,54823,-2769,-15900,-3105,-7,28,-11
2,344,54828,-2739,-15912,-3108,-5,26,-10
2,345,54833,-2781,-15959,-3110,-7,25,-14
2,346,54838,-2773,-15977,-3082,-7,23,-16
2,347,54843,-2719,-16055,-3050,-6,18,-14
2,348,54848,-2690,-16054,-3099,-10,12,-10
2,349,54853,-2627,-16047,-3155,-12,8,-10
2,350,54858,-2657,-16044,-3247,-8,10,-13
2,351,54863,-2664,-16055,-3191,-7,9,-10
2,352,54868,-2632,-16020,-3172,-9,5,-9
2,353,54873,-2588,-15985,-3175,-9,3,-9
2,354,54878,-2610,-15974,-3205,-8,-4,-8
2,355,54883,-2629,-15986,-3182,-6,-4,-11
2,356,54888,-2664,-15982,-3176,-6,-6,-8
2,357,54893,-2673,-15953,-3201,-9,-12,-8
2,358,54898,-2666,-15958,-3245,-9,-15,-8
2,359,54903,-2674,-15896,-3254,-7,-15,-8
2,360,54908,-2725,-15900,-3279,-7,-14,-6
2,361,54913,-2781,-15890,-3306,-6,-12,-5
2,362,54918,-2799,-15862,-3261,-9,-11,-6
2,363,54923,-2793,-15821,-3287,-8,-11,-4
2,364,54928,-2705,-15851,-3300,-7,-11,-6
2,365,54933,-2720,-15836,-3270,-5,-8,-4
2,366,54938,-2781,-15751,-3177,-3,-7,-5
2,367,54943,-2942,-15754,-3139,-4,-16,-3
2,368,54948,-2928,-15783,-3167,-4,-25,-1
2,369,54953,-2827,-15821,-3174,-8,-30,4
2,370,54958,-2574,-15825,-3235,-10,-26,13
2,371,54963,-2498,-15832,-3235,-10,-14,15
2,372,54968,-2706,-15787,-3237,-12,1,15
2,373,54973,-2730,-15623,-3304,-15,12,23
2,374,54978,-2552,-15625,-3440,-14,32,37
2,375,54983,-2225,-15732,-3536,-13,69,51
2,376,54988,-1890,-15970,-3436,-13,117,66
2,377,54993,-1603,-16101,-3256,-14,148,80
2,378,54998,-1224,-16163,-3005,-17,154,104
2,379,55003,-489,-16248,-2807,-19,139,129
2,380,55008,40,-16277,-2358,-25,100,153
2,381,55013,-219,-16246,-1502,-36,6,171
2,382,55018,-719,-16190,-765,-54,-173,194
2,383,55023,-1012,-16034,-727,-72,-408,223
2,384,55028,-892,-16094,-1036,-93,-634,267
2,385,55033,-1039,-16084,-913,-116,-814,305
2,386,55038,-1616,-15870,-739,-134,-983,329
2,387,55043,-2441,-15591,-1050,-149,-1167,351
2,388,55048,-3364,-15437,-2140,-162,-1339,375
2,389,55053,-3933,-15326,-2961,-170,-1435,406
2,390,55058,-4150,-15379,-3771,-176,-1459,446
2,391,55063,-4409,-15386,-4146,-174,-1400,473
2,392,55068,-4785,-15192,-4729,-168,-1303,490
2,393,55073,-5224,-14987,-5489,-158,-1167,514
2,394,55078,-5539,-14834,-5909,-144,-982,535
2,395,55083,-5684,-14614,-5697,-135,-768,564
2,396,55088,-5541,-14465,-5843,-121,-567,602
2,397,55093,-5872,-14707,-3818,-108,-384,638
2,398,55098,-5837,-14573,-3211,-122,-401,649
2,399,55103,-5950,-14632,-2885,-125,-447,683
2,400,55108,-5796,-14669,-3956,-121,-512,703
2,401,55113,-5893,-14369,-3850,-117,-512,713
2,402,55118,-5937,-14397,-3268,-117,-520,743
2,403,55123,-5577,-14443,-3663,-111,-547,769
2,404,55128,-5487,-14354,-4214,-112,-578,790
2,405,55133,-5570,-14370,-4507,-121,-604,821
2,406,55138,-6148,-14377,-3971,-131,-602,857
2,407,55143,-6355,-14363,-3548,-127,-600,883
2,408,55148,-6248,-14294,-3914,-118,-587,909
2,409,55153,-6006,-14489,-4058,-112,-551,939
2,410,55158,-6029,-14558,-3906,-112,-517,954
2,411,55163,-6468,-14480,-3540,-114,-501,966
2,412,55168,-6881,-14472,-3811,-112,-498,986
2,413,55173,-6933,-14483,-4096,-106,-466,1014
2,414,55178,-6809,-14712,-4099,-105,-407,1037
2,415,55183,-6892,-14665,-3584,-103,-351,1052
2,416,55188,-7002,-14762,-3310,-108,-332,1064
2,417,55193,-7188,-14631,-3236,-111,-331,1069
2,418,55198,-7383,-14618,-3447,-111,-330,1089
2,419,55203,-7523,-14766,-3559,-108,-314,1111
2,420,55208,-7417,-14833,-3564,-112,-288,1132
2,421,55213,-6904,-14868,-3428,-115,-265,1147
2,422,55218,-6695,-14897,-3357,-117,-243,1153
2,423,55223,-7388,-14735,-3201,-116,-212,1170
2,424,55228,-7445,-14721,-2992,-124,-223,1191
2,425,55233,-7067,-14794,-2725,-130,-248,1206
2,426,55238,-6707,-14839,-2729,-132,-277,1216
2,427,55243,-6799,-14847,-2739,-131,-301,1216
2,428,55248,-7230,-14770,-2939,-137,-340,1219
2,429,55253,-7564,-14589,-3055,-144,-391,1230
2,430,55258,-7669,-14816,-2980,-150,-426,1251
2,431,55263,-7419,-14877,-3143,-151,-434,1262
2,432,55268,-7096,-14979,-3281,-150,-411,1269
2,433,55273,-7402,-14989,-3516,-148,-385,1265
2,434,55278,-7970,-14893,-3664,-148,-367,1261
2,435,55283,-8179,-14755,-3776,-149,-354,1269
2,436,55288,-8041,-14787,-3613,-150,-312,1279
2,437,55293,-7918,-14890,-3316,-147,-262,1284
2,438,55298,-8086,-14945,-3052,-145,-238,1280
2,439,55303,-8503,-14847,-2934,-144,-250,1266
2,440,55308,-8953,-14684,-2998,-148,-291,1257
2,441,55313,-9084,-14506,-3243,-150,-319,1256
2,442,55318,-8914,-14478,-3296,-148,-316,1261
2,443,55323,-8741,-14573,-3147,-149,-299,1256
2,444,55328,-8908,-14438,-3151,-148,-293,1239
2,445,55333,-9193,-14463,-3331,-145,-308,1227
2,446,55338,-9261,-14410,-3556,-148,-330,1218
2,447,55343,-9266,-14350,-3533,-148,-314,1208
2,448,55348,-9296,-14475,-3349,-142,-290,1203
2,449,55353,-9297,-14495,-3464,-139,-264,1185
2,450,55358,-9264,-14505,-3627,-135,-223,1168
2,451,55363,-9173,-14324,-3805,-132,-178,1147
2,452,55368,-9278,-14360,-3724,-131,-125,1133
2,453,55373,-9475,-14293,-3488,-123,-71,1119
2,454,55378,-9440,-14089,-3677,-122,-26,1102
2,455,55383,-9348,-14225,-3375,-115,32,1090
2,456,55388,-9328,-14001,-3102,-120,49,1061
2,457,55393,-9343,-14148,-3049,-120,45,1041
2,458,55398,-9376,-13984,-3155,-112,27,1015
2,459,55403,-9320,-13824,-3422,-115,18,997
2,460,55408,-9171,-13868,-3354,-114,23,981
2,461,55413,-9093,-13858,-3195,-109,15,953
2,462,55418,-9019,-13868,-3357,-110,-9,922
2,463,55423,-9102,-13770,-3368,-112,-39,894
2,464,55428,-9214,-13444,-3253,-106,-69,855
2,465,55433,-9428,-12956,-2771,-107,-89,831
2,466,55438,-9616,-13372,-2104,-106,-126,833
2,467,55443,-9494,-13512,-2595,-105,-191,808
2,468,55448,-9171,-13544,-2930,-109,-208,785
2,469,55453,-8723,-13768,-3751,-106,-169,771
2,470,55458,-7960,-11638,-4750,-79,-77,767
2,471,55463,-9125,-14492,-3527,-69,60,805
2,472,55468,-9050,-13814,-5122,-119,105,679
2,473,55473,-9053,-13477,-3406,-129,261,612
2,474,55478,-8181,-12940,-3530,-69,421,569
2,475,55483,-8936,-13170,-2473,-34,474,612
2,476,55488,-8832,-13698,-1469,-44,332,600
2,477,55493,-8712,-12945,-3208,-75,137,540
2,478,55498,-8232,-13054,-3612,-82,167,524
2,479,55503,-8303,-12878,-4065,-70,295,502
2,480,55508,-8551,-12915,-2521,-67,370,481
2,481,55513,-8311,-12960,-1688,-78,241,452
2,482,55518,-7868,-12683,-2335,-79,29,406
2,483,55523,-7961,-12539,-3111,-75,-97,381
2,484,55528,-8613,-12426,-3375,-66,-112,364
2,485,55533,-8901,-12343,-3233,-62,-86,343
2,486,55538,-8470,-12392,-3258,-71,-71,319
2,487,55543,-7825,-12548,-3495,-70,-61,291
2,488,55548,-7984,-12550,-3231,-62,-44,256
2,489,55553,-8479,-12519,-3206,-55,-51,228
2,490,55558,-8782,-12428,-3609,-47,-59,204
2,491,55563,-8575,-12419,-4087,-37,-21,179
2,492,55568,-8339,-12548,-4012,-36,65,151
2,493,55573,-8330,-12560,-3444,-28,156,125
2,494,55578,-8534,-12478,-3176,-21,192,93
2,495,55583,-8638,-12300,-3285,-16,195,60
2,496,55588,-8583,-12334,-3448,-15,198,36
2,497,55593,-8507,-12358,-3032,-6,202,-11
2,498,55598,-8485,-12345,-3145,-1,188,-41
2,499,55603,-8577,-12286,-3393,1,183,-84
2,500,55608,-8743,-12152,-3468,5,179,-119
2,501,55613,-8840,-12166,-3348,9,163,-145
2,502,55618,-8832,-12206,-3182,13,145,-169
2,503,55623,-8879,-12288,-3117,17,124,-204
2,504,55628,-8946,-12395,-3359,23,113,-239
2,505,55633,-8912,-12412,-3789,29,126,-269
2,506,55638,-8737,-12457,-4157,32,168,-300
2,507,55643,-8704,-12507,-4119,37,228,-331
2,508,55648,-8771,-12446,-3927,44,290,-366
2,509,55653,-8881,-12431,-3911,56,334,-398
2,510,55658,-8871,-12495,-3874,66,369,-426
2,511,55663,-8777,-12532,-3687,69,402,-457
2,512,55668,-8736,-12615,-3448,75,413,-487
2,513,55673,-8677,-12691,-3329,80,405,-520
2,514,55678,-8653,-12700,-3441,82,390,-552
2,515,55683,-8670,-12710,-3544,90,381,-584
2,516,55688,-8784,-12719,-3501,94,371,-615
2,517,55693,-8767,-12815,-3473,97,356,-643
2,518,55698,-8533,-12932,-3714,100,357,-669
2,519,55703,-8353,-13035,-3837,104,380,-697
2,520,55708,-8348,-13130,-3732,111,402,-729
2,521,55713,-8550,-13216,-3530,112,413,-762
2,522,55718,-8568,-13195,-3711,116,404,-790
2,523,55723,-8276,-13298,-3950,121,415,-810
2,524,55728,-8063,-13372,-4053,130,444,-841
2,525,55733,-8132,-13445,-3841,135,479,-871
2,526,55738,-8209,-13364,-3714,138,479,-901
2,527,55743,-8138,-13316,-3722,144,465,-926
2,528,55748,-8035,-13355,-4044,151,461,-946
2,529,55753,-7904,-13508,-4019,156,483,-967
2,530,55758,-8012,-13471,-3930,161,507,-993
2,531,55763,-8847,-13566,-2827,172,546,-1012
2,532,55768,-7531,-13324,-4776,173,491,-1030
2,533,55773,-7486,-13927,-6316,199,663,-1015
2,534,55778,-7240,-14336,-5433,213,838,-1076
2,535,55783,-8620,-13214,-3894,211,952,-1112
2,536,55788,-7607,-14407,-4660,228,991,-1084
2,537,55793,-7404,-13649,-5724,261,1104,-1125
2,538,55798,-7067,-14321,-5069,276,1242,-1121
2,539,55803,-7833,-14298,-4063,284,1330,-1148
2,540,55808,-7630,-14034,-3949,307,1381,-1179
2,541,55813,-7202,-14260,-4800,319,1403,-1180
2,542,55818,-6661,-14323,-4664,333,1448,-1204
2,543,55823,-6687,-14532,-4035,348,1472,-1215
2,544,55828,-6360,-14545,-3475,358,1438,-1230
2,545,55833,-5956,-14375,-3402,361,1351,-1241
2,546,55838,-5723,-14401,-2824,360,1252,-1252
2,547,55843,-5780,-14381,-2102,361,1100,-1260
2,548,55848,-6044,-14422,-1718,357,872,-1267
2,549,55853,-5313,-14666,-2227,341,578,-1279
2,550,55858,-4955,-14266,-1977,343,387,-1301
2,551,55863,-4830,-14652,-2864,340,161,-1307
2,552,55868,-5613,-14748,-4264,343,44,-1307
2,553,55873,-5393,-14035,-4424,340,-17,-1342
2,554,55878,-5335,-14534,-5318,318,-4,-1309
2,555,55883,-4927,-14657,-5032,332,139,-1316
2,556,55888,-5058,-14648,-4848,340,251,-1319
2,557,55893,-5207,-14829,-4478,349,314,-1333
2,558,55898,-5529,-14319,-4426,353,310,-1360
2,559,55903,-5500,-14576,-4338,356,312,-1350
2,560,55908,-5372,-14528,-4501,356,309,-1352
2,561,55913,-5198,-14573,-4299,359,348,-1354
2,562,55918,-5194,-14557,-4139,364,357,-1365
2,563,55923,-5242,-14648,-3861,359,324,-1379
2,564,55928,-5393,-14555,-3560,355,246,-1398
2,565,55933,-5289,-14383,-3610,349,147,-1398
2,566,55938,-5218,-14676,-3568,349,58,-1388
2,567,55943,-5536,-15087,-3228,339,-46,-1400
2,568,55948,-5979,-15095,-3236,326,-167,-1430
2,569,55953,-5774,-15097,-3789,317,-268,-1434
2,570,55958,-4098,-15739,-4829,303,-232,-1424
2,571,55963,-4282,-15875,-4818,303,-148,-1443
2,572,55968,-4797,-15727,-4804,306,-72,-1458
2,573,55973,-4618,-15670,-4978,309,-10,-1458
2,574,55978,-4082,-15714,-4711,313,71,-1454
2,575,55983,-3657,-16139,-3973,315,140,-1447
2,576,55988,-3789,-16250,-3140,311,140,-1460
2,577,55993,-3778,-16244,-3241,301,62,-1462
2,578,55998,-3664,-16266,-3627,292,-19,-1462
2,579,56003,-3604,-16263,-3681,283,-68,-1461
2,580,56008,-3503,-16320,-3333,276,-104,-1458
2,581,56013,-3479,-16410,-3152,272,-161,-1459
2,582,56018,-3486,-16454,-3408,262,-239,-1463
2,583,56023,-3737,-16381,-3570,251,-311,-1473
2,584,56028,-4122,-16377,-3485,242,-373,-1476
2,585,56033,-4565,-16603,-3368,234,-432,-1472
2,586,56038,-5290,-16949,-4048,221,-470,-1469
2,587,56043,-4197,-16382,-6005,223,-419,-1474
2,588,56048,-1777,-16473,-5259,227,-229,-1421
2,589,56053,-1096,-17582,-3402,209,-119,-1405
2,590,56058,-3293,-17149,-2438,210,-129,-1450
2,591,56063,-4072,-16798,-4706,213,-243,-1440
2,592,56068,-3290,-16910,-6544,210,-194,-1402
2,593,56073,-2383,-17528,-5489,202,24,-1383
2,594,56078,-2347,-17750,-2817,216,258,-1410
2,595,56083,-2559,-16711,-2676,239,268,-1451
2,596,56088,-2522,-16811,-2772,233,168,-1405
2,597,56093,-1909,-16776,-4890,212,14,-1391
2,598,56098,1818,-10025,-10639,215,88,-1392
2,599,56103,4509,-30203,-10340,524,1208,-1575
2,600,56108,-32768,-3153,14838,237,574,-1707
2,601,56130,-11036,-28614,32767,148,4857,-587
2,602,56131,-32768,-3606,3569,166,-1295,-812
2,603,56131,-32768,-3606,3569,166,-1295,-812
2,604,56132,-32768,-3606,3569,166,-1295,-812
2,605,56133,-32768,-3606,3569,166,-1295,-812
2,606,56138,-24562,1484,-32768,-36,-4297,441
2,607,56143,16665,-6975,-29840,-237,-3206,1194
2,608,56148,32767,-25805,1966,-425,448,1206
2,609,56153,6206,-24886,18041,-130,2583,387
2,610,56158,-21798,-14511,4167,145,1620,54
2,611,56163,-24550,-7177,-13030,132,-707,327
2,612,56168,-1033,-11413,-13625,-176,-2001,721
2,613,56173,15180,-14926,393,-317,-1335,743
2,614,56178,10484,-20764,6425,-160,327,679
2,615,56183,-7468,-18737,-1342,35,931,401
2,616,56188,-15180,-14220,-12104,20,150,383
2,617,56193,-7349,-12199,-9089,-182,-888,517
2,618,56198,4438,-14653,1445,-263,-920,647
2,619,56203,7074,-19207,3022,-89,2,632
2,620,56208,-383,-18037,-7805,89,793,437
2,621,56213,-10203,-15765,-8591,77,838,411
2,622,56218,-9430,-13927,-959,-150,-61,493
2,623,56223,-538,-14670,1845,-261,-718,595
2,624,56228,5665,-16973,-2876,-88,-267,600
2,625,56233,760,-18069,-6543,13,587,524
2,626,56238,-7019,-16473,-4398,-13,710,444
2,627,56243,-7986,-15097,-1373,-132,-14,469
2,628,56248,-1933,-14831,99,-152,-566,516
2,629,56253,3010,-16132,-4022,-95,-405,537
2,630,56258,488,-17477,-5003,-31,244,519
2,631,56263,-4906,-16968,-3971,-46,409,462
2,632,56268,-6308,-15253,-1844,-97,0,430
2,633,56273,-2645,-15117,-1650,-133,-420,472
2,634,56278,960,-15763,-4359,-105,-358,490
2,635,56283,-347,-16962,-4171,-59,98,490
2,636,56288,-3892,-16780,-2809,-44,271,441
2,637,56293,-4971,-15721,-2582,-78,2,408
2,638,56298,-2834,-15221,-3906,-108,-277,414
2,639,56303,-632,-15611,-4861,-96,-173,433
2,640,56308,-1333,-16374,-3912,-63,161,438
2,641,56313,-2994,-16144,-2980,-41,295,407
2,642,56318,-3982,-15387,-2734,-56,145,387
2,643,56323,-2952,-15649,-4216,-79,-70,382
2,644,56328,-2155,-15616,-3114,-58,146,367
2,645,56333,-2972,-16025,-2783,-46,218,366
2,646,56338,-3249,-15570,-3034,-46,123,324
2,647,56343,-3044,-15329,-3869,-60,-29,308
2,648,56348,-2743,-15339,-3736,-71,-72,304
2,649,56353,-2720,-15542,-2962,-65,-16,304
2,650,56358,-2788,-15705,-3198,-53,23,295
2,651,56363,-2919,-15647,-3800,-52,6,271
2,652,56368,-3066,-15468,-3809,-58,-44,248
2,653,56373,-3080,-15461,-3378,-63,-88,237
2,654,56378,-3009,-15484,-3094,-60,-95,231
2,655,56383,-2953,-15574,-3582,-52,-74,224
2,656,56388,-3084,-15625,-4043,-46,-40,209
2,657,56393,-3302,-15562,-3882,-51,-29,188
2,658,56398,-3273,-15514,-3708,-52,-42,170
2,659,56403,-3153,-15510,-3477,-54,-30,157
2,660,56408,-3066,-15491,-3700,-49,-5,149
2,661,56413,-3182,-15571,-3776,-43,24,136
2,662,56418,-3353,-15563,-3646,-44,27,122
2,663,56423,-3342,-15604,-3509,-48,13,104
2,664,56428,-3215,-15626,-3298,-47,6,92
2,665,56433,-3162,-15635,-3363,-45,9,79
2,666,56438,-3262,-15645,-3562,-44,11,69
2,667,56443,-3286,-15599,-3667,-46,3,51
2,668,56448,-3338,-15602,-3640,-49,-13,35
2,669,56453,-3279,-15606,-3447,-53,-25,27
2,670,56458,-3103,-15554,-3549,-51,-21,18
2,671,56463,-3113,-15600,-3669,-44,-3,4
2,672,56468,-3290,-15586,-3739,-39,7,-12
2,673,56473,-3439,-15539,-3708,-38,7,-24
2,674,56478,-3368,-15507,-3723,-40,12,-33
2,675,56483,-3127,-15538,-3904,-38,44,-37
2,676,56488,-2931,-15641,-3962,-31,90,-46
2,677,56493,-3006,-15718,-3904,-31,124,-60
2,678,56498,-3142,-15644,-3834,-26,134,-73
2,679,56503,-3232,-15504,-3829,-27,139,-83
2,680,56508,-3142,-15501,-3785,-25,151,-86
2,681,56513,-2953,-15623,-3684,-17,172,-89
2,682,56518,-2853,-15780,-3732,-15,181,-97
2,683,56523,-2866,-15807,-3714,-14,168,-110
2,684,56528,-2943,-15653,-3501,-17,138,-119
2,685,56533,-2916,-15529,-3430,-17,109,-119
2,686,56538,-2831,-15574,-3442,-14,90,-115
2,687,56543,-2763,-15666,-3509,-12,79,-116
2,688,56548,-2681,-15669,-3634,-12,69,-120
2,689,56553,-2614,-15538,-3698,-14,61,-128
2,690,56558,-2644,-15463,-3762,-11,54,-131
2,691,56563,-2633,-15508,-3886,-5,52,-134
2,692,56568,-2538,-15602,-3982,0,55,-130
2,693,56573,-2458,-15693,-3849,2,52,-129
2,694,56578,-2568,-15665,-3528,2,37,-134
2,695,56583,-2696,-15609,-3299,2,6,-137
2,696,56588,-2716,-15576,-3367,3,-24,-133
2,697,56593,-2650,-15614,-3543,7,-42,-130
2,698,56598,-2686,-15712,-3634,8,-53,-128
2,699,56603,-2715,-15741,-3637,8,-71,-133
2,700,56608,-2725,-15771,-3656,10,-89,-129
2,701,56613,-2767,-15695,-3673,8,-93,-127
2,702,56618,-2793,-15673,-3711,13,-89,-122
2,703,56623,-2866,-15738,-3789,18,-89,-121
2,704,56628,-2920,-15712,-3751,19,-95,-123
2,705,56633,-3004,-15682,-3687,19,-101,-122
2,706,56638,-3051,-15644,-3720,19,-102,-122
2,707,56643,-3062,-15581,-3884,25,-99,-119
2,708,56648,-3059,-15610,-3967,27,-91,-117
2,709,56653,-3016,-15601,-3890,29,-80,-113
2,710,56658,-2989,-15534,-3811,30,-70,-118
2,711,56663,-3099,-15449,-3803,35,-69,-118
2,712,56668,-3172,-15444,-3785,40,-70,-117
2,713,56673,-3215,-15419,-3702,41,-75,-115
2,714,56678,-3285,-15451,-3601,43,-91,-114
2,715,56683,-3366,-15456,-3567,41,-109,-114
2,716,56688,-3247,-15470,-3697,43,-121,-111
2,717,56693,-3161,-15478,-3913,49,-112,-108
2,718,56698,-3293,-15523,-3839,51,-103,-110
2,719,56703,-3312,-15559,-3771,48,-98,-111
2,720,56708,-3301,-15509,-3709,48,-93,-105
2,721,56713,-3304,-15520,-3615,54,-86,-103
2,722,56718,-3388,-15518,-3618,57,-84,-104
2,723,56723,-3442,-15536,-3586,58,-88,-106
2,724,56728,-3442,-15522,-3560,59,-100,-106
2,725,56733,-3393,-15520,-3535,58,-110,-103
2,726,56738,-3403,-15565,-3580,59,-115,-102
2,727,56743,-3455,-15535,-3721,60,-121,-102
2,728,56748,-3535,-15552,-3775,59,-121,-103
2,729,56753,-3473,-15665,-3753,59,-119,-101
2,730,56758,-3429,-15731,-3733,58,-112,-99
2,731,56763,-3461,-15747,-3687,59,-102,-100
2,732,56768,-3450,-15757,-3678,63,-91,-101
2,733,56773,-3456,-15740,-3772,65,-79,-99
2,734,56778,-3352,-15730,-3828,62,-60,-94
2,735,56783,-3152,-15730,-3787,64,-35,-93
2,736,56788,-3096,-15732,-3649,65,-10,-93
2,737,56793,-3188,-15702,-3500,65,-1,-92
2,738,56798,-3234,-15666,-3555,68,-11,-92
2,739,56803,-3160,-15658,-3585,69,-22,-89
2,740,56808,-2977,-15645,-3474,67,-30,-83
2,741,56813,-2908,-15641,-3297,63,-48,-82
2,742,56818,-2995,-15683,-3221,63,-74,-82
2,743,56823,-3171,-15680,-3259,61,-109,-84
2,744,56828,-3304,-15736,-3301,57,-149,-79
2,745,56833,-3243,-15800,-3285,54,-177,-74
2,746,56838,-3110,-15805,-3485,51,-194,-73
2,747,56843,-3103,-15796,-3674,50,-193,-72
2,748,56848,-3140,-15747,-3808,51,-184,-73
2,749,56853,-3261,-15630,-3804,50,-166,-72
2,750,56858,-3381,-15643,-3703,53,-151,-69
2,751,56863,-3433,-15729,-3580,53,-135,-65
2,752,56868,-3351,-15794,-3536,52,-124,-63
2,753,56873,-3244,-15874,-3528,51,-117,-60
2,754,56878,-3159,-15902,-3551,50,-106,-64
2,755,56883,-3482,-15840,-3573,50,-94,-67
2,756,56888,-3587,-15723,-3769,50,-85,-68
2,757,56893,-3218,-15547,-3783,54,-70,-62
2,758,56898,-3212,-15756,-3454,48,-59,-48
2,759,56903,-3334,-15868,-3473,47,-57,-57
2,760,56908,-3507,-15501,-3416,52,-62,-69
2,761,56913,-3520,-15750,-3401,48,-79,-50
2,762,56918,-3440,-15911,-3419,46,-97,-54
2,763,56923,-3273,-15909,-3502,46,-111,-59
2,764,56928,-3186,-15935,-3514,42,-115,-55
2,765,56933,-3308,-15950,-3581,37,-108,-56
2,766,56938,-3425,-15875,-3802,39,-92,-62
2,767,56943,-3434,-15794,-3837,41,-67,-58
2,768,56948,-3235,-15918,-3668,40,-47,-50
2,769,56953,-3153,-15874,-3336,41,-34,-54
2,770,56958,-3170,-15756,-3333,40,-37,-57
2,771,56963,-3184,-15696,-3569,37,-47,-56
2,772,56968,-3242,-15612,-3662,39,-53,-55
2,773,56973,-3140,-15478,-3628,36,-57,-56
2,774,56978,-3039,-15451,-3377,36,-74,-54
2,775,56983,-2999,-15556,-3184,35,-101,-54
2,776,56988,-3202,-15651,-3173,32,-138,-57
2,777,56993,-3502,-15764,-3152,27,-179,-57
2,778,56998,-3533,-15863,-3199,22,-212,-56
2,779,57003,-3350,-15937,-3492,20,-217,-54
2,780,57008,-3194,-15995,-3906,22,-182,-53
2,781,57013,-3116,-15990,-4194,23,-114,-55
2,782,57018,-3096,-15870,-4287,25,-39,-59
2,783,57023,-3217,-15828,-4035,27,27,-57
2,784,57028,-3194,-15756,-3694,30,70,-57
2,785,57033,-3102,-15803,-3417,31,93,-52
2,786,57038,-3065,-15888,-3225,32,105,-53
2,787,57043,-3012,-15840,-3165,32,99,-55
2,788,57048,-2982,-15821,-3160,31,76,-54
2,789,57053,-2926,-15772,-3181,26,58,-54
2,790,57058,-2808,-15800,-3158,21,38,-52
2,791,57063,-2762,-15752,-3223,15,-2,-49
2,792,57068,-2764,-15717,-3280,12,-25,-49
2,793,57073,-2846,-15687,-3333,10,-45,-47
2,794,57078,-2864,-15736,-3370,10,-57,-42
2,795,57083,-2770,-15739,-3389,7,-63,-39
2,796,57088,-2751,-15737,-3448,9,-69,-40
2,797,57093,-2817,-15724,-3440,9,-72,-41
2,798,57098,-2893,-15692,-3507,5,-73,-43
2,799,57103,-2982,-15699,-3475,7,-71,-41
2,800,57108,-2950,-15724,-3455,7,-66,-38
2,801,57113,-2885,-15745,-3466,6,-59,-33
2,802,57118,-2829,-15762,-3503,4,-47,-33
2,803,57123,-2817,-15755,-3538,5,-36,-32
2,804,57128,-2913,-15687,-3566,4,-25,-32
2,805,57133,-2921,-15686,-3513,4,-16,-28
2,806,57138,-2842,-15712,-3515,3,-7,-27
2,807,57143,-2786,-15723,-3477,5,7,-25
2,808,57148,-2796,-15725,-3342,4,15,-27
2,809,57153,-2904,-15692,-3277,2,6,-30
2,810,57158,-2976,-15648,-3296,1,-10,-27
2,811,57163,-2859,-15622,-3417,1,-21,-26
2,812,57168,-2780,-15665,-3355,1,-25,-23
2,813,57173,-2828,-15742,-3349,0,-33,-22
2,814,57178,-2872,-15744,-3379,-3,-45,-25
2,815,57183,-2843,-15745,-3541,1,-56,-25
2,816,57188,-2783,-15774,-3607,-2,-59,-23
2,817,57193,-2762,-15789,-3418,-2,-55,-20
2,818,57198,-2845,-15785,-3274,-4,-56,-19
2,819,57203,-2922,-15810,-3241,-6,-61,-21
2,820,57208,-2916,-15831,-3283,-7,-68,-21
2,821,57213,-2950,-15874,-3337,-9,-68,-19
2,822,57218,-2885,-15927,-3324,-8,-70,-19
2,823,57223,-2835,-15920,-3324,-8,-73,-17
2,824,57228,-2825,-15898,-3401,-9,-67,-16
2,825,57233,-2834,-15870,-3552,-8,-57,-17
2,826,57238,-2866,-15835,-3563,-9,-41,-17
2,827,57243,-2899,-15888,-3454,-8,-28,-15
2,828,57248,-2906,-15917,-3314,-10,-18,-16
2,829,57253,-2853,-15916,-3236,-10,-19,-16
2,830,57258,-2812,-15904,-3250,-9,-22,-13
2,831,57263,-2837,-15883,-3333,-9,-21,-15
2,832,57268,-2857,-15835,-3419,-10,-22,-18
2,833,57273,-2824,-15844,-3463,-8,-26,-17
2,834,57278,-2819,-15833,-3345,-8,-29,-13
2,835,57283,-2859,-15847,-3266,-11,-34,-12
2,836,57288,-2904,-15876,-3227,-13,-44,-11
2,837,57293,-2923,-15862,-3244,-13,-53,-13
2,838,57298,-2879,-15815,-3305,-14,-56,-13
2,839,57303,-2890,-15838,-3362,-14,-59,-13
2,840,57308,-2901,-15832,-3385,-13,-56,-13
2,841,57313,-2918,-15851,-3373,-12,-51,-13
2,842,57318,-2951,-15853,-3395,-15,-47,-15
2,843,57323,-2974,-15881,-3353,-16,-43,-13
2,844,57328,-2949,-15912,-3407,-15,-40,-13
2,845,57333,-2887,-15881,-3382,-14,-31,-15
2,846,57338,-2965,-15808,-3419,-15,-22,-15
2,847,57343,-2970,-15809,-3478,-12,-18,-16
2,848,57348,-2984,-15764,-3389,-13,-12,-16
2,849,57353,-2909,-15814,-3291,-14,-7,-14
2,850,57358,-2896,-15819,-3276,-13,-8,-14
2,851,57363,-2919,-15833,-3232,-13,-12,-14
2,852,57368,-2959,-15838,-3368,-13,-19,-13
2,853,57373,-2971,-15799,-3402,-14,-24,-15
2,854,57378,-2969,-15851,-3378,-17,-30,-14
2,855,57383,-2937,-15879,-3365,-19,-29,-16
2,856,57388,-2888,-15823,-3407,-16,-23,-14
2,857,57393,-2915,-15795,-3528,-12,-10,-16
2,858,57398,-2992,-15771,-3547,-14,5,-14
2,859,57403,-2979,-15750,-3406,-14,18,-14
2,860,57408,-2917,-15775,-3289,-13,26,-17
2,861,57413,-2852,-15812,-3266,-14,29,-18
2,862,57418,-2830,-15771,-3320,-13,31,-15
2,863,57423,-2855,-15757,-3330,-12,31,-13
2,864,57428,-2855,-15668,-3268,-14,15,-13
2,865,57433,-2863,-15729,-3247,-14,3,-9
2,866,57438,-2811,-15773,-3225,-16,-10,-12
2,867,57443,-2812,-15733,-3239,-18,-23,-12
2,868,57448,-2871,-15663,-3364,-18,-36,-10
2,869,57453,-2849,-15622,-3487,-16,-36,-11
2,870,57458,-2858,-15603,-3564,-17,-35,-9
2,871,57463,-2866,-15580,-3509,-17,-30,-10
2,872,57468,-2887,-15672,-3372,-15,-29,-10
2,873,57473,-2965,-15758,-3358,-16,-30,-10
2,874,57478,-2936,-15832,-3380,-17,-29,-8
2,875,57483,-2874,-15853,-3463,-16,-18,-7
2,876,57488,-2823,-15837,-3521,-12,-1,-9
2,877,57493,-2831,-15812,-3522,-14,17,-7
2,878,57498,-2879,-15838,-3427,-14,29,-8
2,879,57503,-2909,-15818,-3313,-13,36,-8
2,880,57508,-2913,-15833,-3251,-13,33,-6
2,881,57513,-2887,-15839,-3211,-14,20,-5
2,882,57518,-2867,-15776,-3304,-15,11,-4
2,883,57523,-2830,-15809,-3418,-14,6,-1
2,884,57528,-2784,-15791,-3493,-11,9,0
2,885,57533,-2803,-15757,-3468,-15,13,-3
2,886,57538,-2844,-15713,-3401,-16,14,-3
2,887,57543,-2829,-15656,-3368,-14,10,1
2,888,57548,-2793,-15629,-3410,-13,4,0
2,889,57553,-2831,-15595,-3387,-8,-1,-1
2,890,57558,-2896,-15601,-3372,-10,-9,2
2,891,57563,-2889,-15641,-3376,-15,-16,4
2,892,57568,-2885,-15644,-3370,-16,-16,1
2,893,57573,-2850,-15652,-3405,-14,-12,3
2,894,57578,-2810,-15680,-3443,-11,-7,5
2,895,57583,-2883,-15671,-3417,-8,-2,2
2,896,57588,-2949,-15634,-3360,-10,-7,4
2,897,57593,-2910,-15669,-3380,-9,-11,7
2,898,57598,-2840,-15716,-3470,-7,-8,8
2,899,57603,-2818,-15752,-3495,-8,-5,9
2,900,57608,-2865,-15749,-3429,-9,0,7
2,901,57613,-2869,-15726,-3428,-11,2,7
2,902,57618,-2814,-15678,-3438,-9,4,9
2,903,57623,-2815,-15745,-3432,-9,9,11
2,904,57628,-2828,-15748,-3413,-5,13,10
2,905,57633,-2874,-15751,-3391,-6,9,11
2,906,57638,-2874,-15754,-3338,-8,-2,8
2,907,57643,-2828,-15741,-3379,-8,-10,14
2,908,57648,-2816,-15710,-3462,-5,-10,15
2,909,57653,-2818,-15706,-3477,-3,-6,16
2,910,57658,-2883,-15786,-3487,-5,-5,16
2,911,57663,-2840,-15802,-3518,-7,-5,14
2,912,57668,-2767,-15829,-3451,-2,-4,16
2,913,57673,-2785,-15865,-3442,-1,0,18
2,914,57678,-2875,-15811,-3417,-2,4,17
2,915,57683,-2912,-15751,-3453,-1,2,16
2,916,57688,-2851,-15729,-3435,-1,4,14
2,917,57693,-2878,-15767,-3339,1,7,15
2,918,57698,-2889,-15828,-3315,-1,4,19
2,919,57703,-2835,-15799,-3370,-1,-1,20
2,920,57708,-2790,-15800,-3492,-2,0,20
2,921,57713,-2776,-15769,-3542,1,9,22
2,922,57718,-2840,-15689,-3442,4,14,23
2,923,57723,-2903,-15692,-3298,5,5,23
2,924,57728,-2870,-15700,-3266,2,-5,23
2,925,57733,-2827,-15721,-3393,2,-14,25
2,926,57738,-2797,-15741,-3472,4,-15,26
2,927,57743,-2864,-15738,-3534,5,-11,25
2,928,57748,-2901,-15714,-3539,3,-7,21
2,929,57753,-2880,-15725,-3492,4,-3,22
2,930,57758,-2869,-15726,-3487,4,1,24
2,931,57763,-2858,-15748,-3519,7,10,27
2,932,57768,-2910,-15762,-3469,9,13,28
2,933,57773,-2861,-15788,-3379,6,9,25
2,934,57778,-2816,-15744,-3383,8,6,25
2,935,57783,-2794,-15677,-3392,10,7,24
2,936,57788,-2864,-15684,-3360,12,7,25
2,937,57793,-2941,-15800,-3304,8,-24,23
2,938,57798,-2877,-15824,-3376,8,-34,25
2,939,57803,-2872,-15798,-3443,6,-36,26
2,940,57808,-2853,-15760,-3582,10,-27,26
2,941,57813,-2938,-15753,-3593,12,-15,24
2,942,57818,-3017,-15735,-3472,14,-1,21
2,943,57823,-2984,-15759,-3394,15,1,23
2,944,57828,-2939,-15781,-3311,14,-1,21
2,945,57833,-2925,-15731,-3366,13,-7,23
2,946,57838,-2891,-15720,-3401,14,-17,24
2,947,57843,-2976,-15725,-3335,15,-19,20
2,948,57848,-3018,-15735,-3294,15,-24,22
2,949,57853,-2991,-15756,-3297,11,-36,19
2,950,57858,-2915,-15841,-3386,12,-39,20
2,951,57863,-2953,-15872,-3508,11,-39,22
2,952,57868,-2966,-15846,-3534,9,-30,18
2,953,57873,-2950,-15791,-3567,11,-12,16
2,954,57878,-2954,-15790,-3600,12,10,18
2,955,57883,-2974,-15801,-3570,15,29,15
2,956,57888,-2951,-15823,-3416,14,43,17
2,957,57893,-2938,-15810,-3302,16,46,15
2,958,57898,-2974,-15821,-3270,17,42,12
2,959,57903,-2973,-15746,-3349,18,35,14
2,960,57908,-2896,-15750,-3420,14,31,12
2,961,57913,-2943,-15772,-3381,15,26,10
2,962,57918,-2929,-15775,-3335,18,16,14
2,963,57923,-2901,-15797,-3285,14,10,12
2,964,57928,-2884,-15755,-3292,10,-5,9
2,965,57933,-2879,-15754,-3342,11,-15,9
2,966,57938,-2922,-15709,-3409,13,-22,9
2,967,57943,-2947,-15749,-3489,13,-28,8
2,968,57948,-2943,-15808,-3548,10,-23,5
2,969,57953,-2914,-15778,-3548,8,-17,7
2,970,57958,-2870,-15812,-3502,9,-7,5
2,971,57963,-2926,-15783,-3502,14,-1,3
2,972,57968,-2991,-15751,-3540,13,6,3
2,973,57973,-3078,-15720,-3467,14,7,2
2,974,57978,-3025,-15798,-3309,13,5,3
2,975,57983,-2972,-15879,-3206,13,0,3
2,976,57988,-2903,-15913,-3296,12,-5,2
2,977,57993,-2877,-15924,-3393,11,-6,-1
2,978,57998,-2944,-15864,-3507,10,-6,-1
2,979,58003,-2971,-15820,-3475,10,-5,-2
2,980,58008,-2949,-15771,-3450,9,-2,-6
2,981,58013,-2927,-15860,-3480,9,1,-3
2,982,58018,-2914,-15904,-3543,10,10,-4
2,983,58023,-2860,-15892,-3540,9,24,-7
2,984,58028,-2891,-15889,-3528,11,32,-8
2,985,58033,-2851,-15832,-3420,9,35,-8
2,986,58038,-2822,-15838,-3326,8,34,-8
2,987,58043,-2878,-15885,-3296,10,29,-8
2,988,58048,-2913,-15877,-3319,6,21,-7
2,989,58053,-2878,-15867,-3359,6,9,-9
2,990,58058,-2839,-15859,-3355,4,5,-8
2,991,58063,-2824,-15805,-3427,5,3,-8
2,992,58068,-2828,-15803,-3436,2,6,-10
2,993,58073,-2867,-15785,-3425,0,6,-9
2,994,58078,-2867,-15770,-3399,4,0,-10
2,995,58083,-2897,-15795,-3361,2,-9,-10
2,996,58088,-2896,-15763,-3422,1,-14,-10
2,997,58093,-2857,-15768,-3475,-1,-13,-12
2,998,58098,-2872,-15781,-3551,1,-9,-11
2,999,58103,-2931,-15761,-3472,0,-7,-12
3,0,61358,-2955,-15770,-3341,4,31,-3
3,1,61363,-3002,-15690,-3318,8,29,-3
3,2,61368,-2923,-15711,-3278,9,26,-3
3,3,61373,-2868,-15656,-3292,7,19,-6
3,4,61378,-2887,-15664,-3218,6,7,-6
3,5,61383,-2879,-15667,-3194,9,-8,-11
3,6,61388,-2802,-15650,-3240,9,-31,-9
3,7,61393,-2778,-15692,-3288,8,-44,-8
3,8,61398,-2789,-15651,-3340,7,-54,-8
3,9,61403,-2769,-15690,-3281,9,-60,-10
3,10,61408,-2865,-15730,-3258,9,-70,-8
3,11,61413,-2891,-15753,-3395,10,-77,-10
3,12,61418,-2838,-15735,-3493,10,-71,-10
3,13,61423,-2802,-15811,-3485,10,-54,-8
3,14,61428,-2867,-15757,-3454,15,-36,-9
3,15,61433,-2959,-15826,-3410,14,-18,-10
3,16,61438,-2945,-15846,-3404,14,-2,-9
3,17,61443,-2925,-15844,-3375,15,15,-10
3,18,61448,-2904,-15877,-3308,16,25,-10
3,19,61453,-2896,-15856,-3256,15,36,-11
3,20,61458,-2970,-15799,-3278,14,36,-15
3,21,61463,-2952,-15823,-3292,16,35,-12
3,22,61468,-2903,-15788,-3241,16,33,-12
3,23,61473,-2911,-15786,-3243,13,31,-12
3,24,61478,-2865,-15757,-3239,16,22,-16
3,25,61483,-2867,-15715,-3287,15,10,-16
3,26,61488,-2867,-15743,-3257,14,-1,-15
3,27,61493,-2886,-15743,-3247,11,-10,-15
3,28,61498,-2863,-15774,-3312,14,-22,-14
3,29,61503,-2839,-15790,-3435,12,-23,-14
3,30,61508,-2874,-15799,-3523,10,-18,-16
3,31,61513,-2892,-15806,-3531,12,-8,-16
3,32,61518,-2881,-15793,-3479,11,4,-18
3,33,61523,-2837,-15789,-3466,13,17,-15
3,34,61528,-2828,-15806,-3439,13,31,-15
3,35,61533,-2879,-15826,-3342,15,40,-16
3,36,61538,-2907,-15816,-3304,12,40,-16
3,37,61543,-2842,-15795,-3230,12,37,-15
3,38,61548,-2805,-15802,-3263,10,31,-16
3,39,61553,-2761,-15835,-3280,11,25,-17
3,40,61558,-2773,-15830,-3328,13,18,-14
3,41,61563,-2715,-15789,-3317,14,13,-12
3,42,61568,-2660,-15743,-3340,8,9,-13
3,43,61573,-2621,-15683,-3349,8,7,-11
3,44,61578,-2687,-15728,-3288,9,4,-12
3,45,61583,-2687,-15742,-3227,8,-9,-11
3,46,61588,-2728,-15738,-3214,6,-24,-10
3,47,61593,-2699,-15728,-3244,8,-38,-7
3,48,61598,-2640,-15739,-3318,5,-43,-8
3,49,61603,-2717,-15793,-3408,4,-39,-8
3,50,61608,-2764,-15835,-3453,3,-36,-8
3,51,61613,-2714,-15834,-3433,1,-32,-5
3,52,61618,-2714,-15835,-3391,4,-25,-4
3,53,61623,-2764,-15815,-3428,4,-16,-5
3,54,61628,-2795,-15835,-3509,3,-6,-5
3,55,61633,-2834,-15787,-3458,5,1,-2
3,56,61638,-2837,-15784,-3384,7,5,-4
3,57,61643,-2811,-15794,-3313,3,8,-4
3,58,61648,-2826,-15815,-3319,3,6,-5
3,59,61653,-2859,-15805,-3334,4,0,-3
3,60,61658,-2864,-15803,-3374,3,-5,-4
3,61,61663,-2814,-15854,-3328,2,-8,-5
3,62,61668,-2737,-15823,-3366,-1,-3,-4
3,63,61673,-2731,-15829,-3440,-1,4,-1
3,64,61678,-2739,-15823,-3497,4,8,-2
3,65,61683,-2762,-15833,-3416,5,12,-2
3,66,61688,-2774,-15783,-3264,3,9,1
3,67,61693,-2714,-15805,-3219,2,1,-1
3,68,61698,-2670,-15832,-3198,2,-8,-2
3,69,61703,-2733,-15832,-3213,2,-24,2
3,70,61708,-2780,-15848,-3243,-1,-38,0
3,71,61713,-2749,-15834,-3293,-1,-48,-1
3,72,61718,-2710,-15864,-3329,0,-53,0
3,73,61723,-2672,-15887,-3406,-1,-55,1
3,74,61728,-2757,-15899,-3387,0,-48,3
3,75,61733,-2802,-15931,-3350,1,-47,4
3,76,61738,-2876,-15882,-3367,-1,-42,2
3,77,61743,-2916,-15906,-3294,-1,-40,3
3,78,61748,-2918,-15926,-3277,-1,-39,2
3,79,61753,-2880,-15906,-3337,-1,-38,2
3,80,61758,-2867,-15847,-3391,0,-35,0
3,81,61763,-2918,-15823,-3452,1,-29,-1
3,82,61768,-2936,-15798,-3416,1,-20,1
3,83,61773,-2893,-15841,-3312,1,-12,1
3,84,61778,-2869,-15810,-3245,0,-11,-2
3,85,61783,-2907,-15777,-3251,1,-14,-4
3,86,61788,-2943,-15789,-3310,4,-15,-4
3,87,61793,-3002,-15730,-3351,1,-16,-5
3,88,61798,-2930,-15717,-3329,3,-19,-4
3,89,61803,-2877,-15760,-3282,4,-18,-4
3,90,61808,-2872,-15770,-3312,2,-22,-5
3,91,61813,-2850,-15756,-3356,2,-25,-5
3,92,61818,-2886,-15742,-3400,4,-26,-5
3,93,61823,-2918,-15759,-3386,5,-23,-7
3,94,61828,-2889,-15803,-3327,3,-24,-9
3,95,61833,-2821,-15808,-3303,7,-15,-8
3,96,61838,-2850,-15817,-3344,5,-8,-10
3,97,61843,-2848,-15797,-3345,7,1,-8
3,98,61848,-2853,-15800,-3274,8,9,-7
3,99,61853,-2832,-15801,-3148,9,10,-6
3,100,61858,-2745,-15785,-3205,7,9,-7
3,101,61863,-2735,-15742,-3296,4,14,-9
3,102,61868,-2830,-15737,-3385,7,23,-10
3,103,61873,-2837,-15748,-3356,9,27,-13
3,104,61878,-2754,-15736,-3322,11,25,-7
3,105,61883,-2656,-15704,-3269,7,24,-8
3,106,61888,-2707,-15743,-3284,7,22,-10
3,107,61893,-2722,-15750,-3393,15,15,-10
3,108,61898,-2735,-15757,-3397,13,7,-7
3,109,61903,-2793,-15709,-3313,11,3,-7
3,110,61908,-2717,-15701,-3237,9,1,-9
3,111,61913,-2703,-15738,-3220,11,-2,-7
3,112,61918,-2771,-15707,-3303,13,-5,-5
3,113,61923,-2777,-15672,-3417,14,-6,-6
3,114,61928,-2817,-15691,-3296,13,-2,-4
3,115,61933,-2842,-15715,-3190,13,-6,-5
3,116,61938,-2753,-15740,-3305,15,0,-5
3,117,61943,-2725,-15728,-3430,20,14,-4
3,118,61948,-2772,-15805,-3461,21,31,-5
3,119,61953,-2784,-15810,-3330,20,44,-3
3,120,61958,-2798,-15834,-3033,21,45,-3
3,121,61964,-2780,-15776,-3066,20,36,-3
3,122,61994,-2750,-15797,-3268,21,-7,-4
3,123,61995,-2750,-15797,-3268,21,-7,-4
3,124,61996,-2785,-15780,-3358,22,4,-3
3,125,61997,-2785,-15780,-3358,22,4,-3
3,126,61997,-2785,-15780,-3358,22,4,-3
3,127,61998,-2785,-15780,-3358,22,4,-3
3,128,61999,-2785,-15780,-3358,22,4,-3
3,129,62003,-2857,-15723,-3319,24,12,0
3,130,62008,-2871,-15684,-3276,24,14,-2
3,131,62013,-2860,-15694,-3236,23,16,-2
3,132,62018,-2856,-15715,-3263,26,21,-2
3,133,62023,-2825,-15717,-3216,25,29,-2
3,134,62028,-2823,-15720,-3263,27,33,-1
3,135,62033,-2756,-15770,-3254,27,29,-4
3,136,62038,-2813,-15791,-3218,31,25,-5
3,137,62043,-2836,-15770,-3165,29,25,-5
3,138,62048,-2856,-15741,-3093,24,20,-2
3,139,62053,-2744,-15829,-3080,26,21,-2
3,140,62058,-2780,-15828,-3211,28,30,-2
3,141,62063,-2830,-15801,-3221,27,38,-3
3,142,62068,-2857,-15792,-3178,27,40,-4
3,143,62073,-2721,-15789,-3200,27,42,-2
3,144,62078,-2663,-15759,-3254,26,53,3
3,145,62083,-2688,-15820,-3214,28,65,2
3,146,62088,-2777,-15819,-3163,31,62,0
3,147,62093,-2815,-15784,-3044,29,46,0
3,148,62098,-2778,-15759,-3072,26,30,3
3,149,62103,-2700,-15784,-3072,24,18,4
3,150,62108,-2674,-15751,-3040,25,5,5
3,151,62113,-2743,-15794,-3146,25,-12,4
3,152,62118,-2839,-15769,-3194,23,-31,0
3,153,62123,-2860,-15763,-3210,20,-45,1
3,154,62128,-2817,-15798,-3193,21,-50,3
3,155,62133,-2757,-15917,-3183,21,-51,6
3,156,62138,-2825,-15921,-3249,24,-51,5
3,157,62143,-2828,-15897,-3347,24,-48,3
3,158,62148,-2882,-15823,-3368,21,-41,2
3,159,62153,-2873,-15827,-3329,21,-30,1
3,160,62158,-2835,-15863,-3303,22,-20,5
3,161,62163,-2776,-15948,-3342,24,-6,6
3,162,62168,-2753,-15990,-3392,25,10,3
3,163,62173,-2784,-15976,-3334,24,18,2
3,164,62178,-2823,-15936,-3256,25,19,5
3,165,62183,-2755,-15934,-3187,25,20,6
3,166,62188,-2772,-15942,-3165,25,17,5
3,167,62193,-2813,-15964,-3122,24,7,7
3,168,62198,-2840,-15988,-3073,21,-11,6
3,169,62203,-2771,-15997,-3236,23,-34,5
3,170,62208,-2760,-15968,-3371,23,-34,7
3,171,62213,-2830,-15978,-3325,23,-35,6
3,172,62218,-2838,-15944,-3318,22,-34,5
3,173,62223,-2875,-15941,-3323,23,-39,6
3,174,62228,-2971,-16020,-3247,25,-37,4
3,175,62233,-2974,-16020,-3221,24,-34,4
3,176,62238,-2990,-16074,-3352,22,-32,8
3,177,62243,-2951,-16077,-3363,24,-25,5
3,178,62248,-2927,-16012,-3380,23,-12,3
3,179,62253,-2979,-15958,-3368,25,-4,3
3,180,62258,-2994,-15951,-3298,23,1,2
3,181,62263,-2954,-15922,-3257,24,1,3
3,182,62268,-2969,-15914,-3251,23,0,3
3,183,62273,-2993,-15920,-3215,23,2,3
3,184,62278,-2940,-15896,-3246,22,4,2
3,185,62283,-2858,-15903,-3311,20,10,2
3,186,62288,-2818,-15897,-3377,23,18,3
3,187,62293,-2857,-15904,-3304,21,25,-1
3,188,62298,-2852,-15890,-3192,21,28,1
3,189,62303,-2834,-15876,-3123,20,21,2
3,190,62308,-2816,-15866,-3169,20,21,2
3,191,62313,-2754,-15884,-3255,18,23,2
3,192,62318,-2818,-15848,-3290,16,26,1
3,193,62323,-2842,-15838,-3212,15,25,0
3,194,62328,-2826,-15863,-3175,15,13,1
3,195,62333,-2766,-15859,-3112,11,2,4
3,196,62338,-2814,-15853,-3075,9,-8,2
3,197,62343,-2889,-15835,-3135,9,-19,-1
3,198,62348,-2833,-15851,-3247,7,-26,2
3,199,62353,-2770,-15869,-3343,6,-19,2
3,200,62358,-2746,-15892,-3347,5,-9,3
3,201,62363,-2783,-15908,-3320,1,-2,5
3,202,62368,-2810,-15876,-3199,0,2,5
3,203,62373,-2857,-15895,-3195,1,3,2
3,204,62378,-2868,-15922,-3236,-1,3,3
3,205,62383,-2839,-15916,-3338,0,8,3
3,206,62388,-2863,-15879,-3356,-4,11,3
3,207,62393,-2814,-15848,-3286,-5,17,4
3,208,62398,-2835,-15792,-3276,-9,18,5
3,209,62403,-2851,-15810,-3254,-5,15,4
3,210,62408,-2910,-15830,-3275,-6,13,4
3,211,62413,-2915,-15810,-3237,-7,6,3
3,212,62418,-2859,-15807,-3286,-7,1,0
3,213,62423,-2863,-15834,-3345,-11,-1,2
3,214,62428,-2822,-15857,-3347,-14,2,1
3,215,62433,-2802,-15875,-3291,-15,2,1
3,216,62438,-2804,-15835,-3270,-17,3,3
3,217,62443,-2845,-15828,-3276,-19,3,1
3,218,62448,-2846,-15849,-3340,-17,2,0
3,219,62453,-2831,-15855,-3319,-18,6,4
3,220,62458,-2842,-15869,-3240,-19,7,4
3,221,62463,-2791,-15906,-3215,-25,5,2
3,222,62468,-2813,-15905,-3265,-26,0,3
3,223,62473,-2731,-15917,-3331,-26,-2,3
3,224,62478,-2759,-15901,-3389,-27,-2,0
3,225,62483,-2782,-15895,-3378,-28,3,1
3,226,62488,-2765,-15872,-3285,-31,5,4
3,227,62493,-2725,-15895,-3248,-30,6,3
3,228,62498,-2801,-15883,-3222,-32,2,2
3,229,62503,-2852,-15882,-3209,-31,-7,2
3,230,62508,-2850,-15837,-3206,-35,-18,2
3,231,62513,-2818,-15873,-3165,-36,-27,2
3,232,62518,-2806,-15908,-3267,-38,-33,1
3,233,62523,-2839,-15980,-3297,-39,-37,0
3,234,62528,-2841,-15956,-3325,-42,-36,0
3,235,62533,-2899,-15871,-3359,-39,-33,1
3,236,62538,-2939,-15874,-3355,-38,-34,2
3,237,62543,-2968,-15877,-3342,-44,-30,0
3,238,62548,-2919,-15881,-3389,-43,-29,1
3,239,62553,-2856,-15853,-3380,-41,-21,1
3,240,62558,-2885,-15832,-3375,-43,-6,-3
3,241,62563,-2941,-15858,-3347,-42,4,-3
3,242,62568,-2844,-15849,-3317,-46,16,-2
3,243,62573,-2773,-15852,-3293,-45,21,-1
3,244,62578,-2812,-15876,-3291,-46,24,-3
3,245,62583,-2845,-15843,-3311,-44,23,-3
3,246,62588,-2856,-15841,-3260,-43,25,-4
3,247,62593,-2809,-15833,-3248,-44,23,-2
3,248,62598,-2768,-15832,-3208,-44,17,-1
3,249,62603,-2764,-15864,-3204,-45,9,-3
3,250,62608,-2754,-15866,-3230,-42,5,-4
3,251,62613,-2826,-15901,-3216,-46,-6,-4
3,252,62618,-2850,-15876,-3253,-48,-20,-3
3,253,62623,-2829,-15868,-3290,-50,-26,-2
3,254,62628,-2747,-15809,-3316,-48,-25,0
3,255,62633,-2785,-15800,-3325,-49,-20,-1
3,256,62638,-2870,-15791,-3357,-46,-15,-3
3,257,62643,-2897,-15778,-3409,-46,-14,-4
3,258,62648,-2774,-15762,-3417,-44,-10,-3
3,259,62653,-2800,-15825,-3404,-46,3,0
3,260,62658,-2840,-15838,-3450,-42,11,-3
3,261,62663,-2819,-15784,-3410,-39,14,-5
3,262,62668,-2776,-15718,-3348,-43,16,-4
3,263,62673,-2761,-15722,-3292,-42,15,-3
3,264,62678,-2754,-15773,-3242,-39,8,-5
3,265,62683,-2800,-15780,-3165,-39,-2,-5
3,266,62688,-2827,-15786,-3210,-38,-14,-3
3,267,62693,-2784,-15751,-3275,-39,-26,-2
3,268,62698,-2759,-15723,-3334,-39,-36,-4
3,269,62703,-2759,-15804,-3341,-40,-36,-3
3,270,62708,-2796,-15805,-3382,-35,-37,-6
3,271,62713,-2849,-15769,-3333,-38,-37,-6
3,272,62718,-2842,-15774,-3293,-39,-37,-5
3,273,62723,-2824,-15785,-3318,-33,-36,-5
3,274,62728,-2839,-15748,-3411,-31,-24,-5
3,275,62733,-2914,-15777,-3433,-30,-19,-7
3,276,62738,-2980,-15807,-3357,-30,-22,-4
3,277,62743,-2942,-15790,-3276,-30,-22,-4
3,278,62748,-2955,-15792,-3278,-29,-15,-7
3,279,62753,-2925,-15812,-3354,-27,-7,-7
3,280,62758,-2948,-15840,-3432,-24,4,-7
3,281,62763,-2986,-15837,-3427,-25,13,-10
3,282,62768,-2954,-15776,-3359,-24,17,-12
3,283,62773,-2931,-15741,-3299,-23,21,-12
3,284,62778,-2919,-15757,-3336,-18,23,-12
3,285,62783,-2879,-15742,-3400,-17,23,-11
3,286,62788,-2900,-15718,-3376,-18,21,-12
3,287,62793,-2835,-15709,-3345,-14,23,-11
3,288,62798,-2773,-15691,-3313,-12,20,-10
3,289,62803,-2752,-15730,-3293,-14,15,-13
3,290,62808,-2824,-15675,-3252,-14,4,-13
3,291,62813,-2883,-15726,-3173,-12,-14,-11
3,292,62818,-2928,-15748,-3267,-14,-29,-12
3,293,62823,-2825,-15777,-3351,-13,-34,-14
3,294,62828,-2791,-15816,-3407,-11,-29,-14
3,295,62833,-2850,-15788,-3499,-10,-21,-12
3,296,62838,-2892,-15796,-3523,-10,-14,-16
3,297,62843,-2905,-15746,-3459,-7,-4,-17
3,298,62848,-2870,-15740,-3398,-4,11,-15
3,299,62853,-2874,-15751,-3369,-3,23,-16
3,300,62858,-2898,-15744,-3377,-3,29,-14
3,301,62863,-2909,-15727,-3399,-2,35,-16
3,302,62868,-2931,-15703,-3364,0,41,-16
3,303,62873,-2857,-15674,-3328,0,43,-16
3,304,62878,-2860,-15662,-3327,-1,42,-17
3,305,62883,-2911,-15647,-3322,3,42,-17
3,306,62888,-2895,-15641,-3358,1,36,-16
3,307,62893,-2864,-15673,-3395,1,30,-16
3,308,62898,-2784,-15659,-3430,3,27,-17
3,309,62903,-2735,-15645,-3415,4,30,-17
3,310,62908,-2746,-15653,-3463,0,33,-18
3,311,62913,-2760,-15608,-3421,1,34,-19
3,312,62918,-2780,-15623,-3447,4,31,-17
3,313,62923,-2741,-15595,-3421,4,28,-15
3,314,62928,-2668,-15616,-3386,3,29,-17
3,315,62933,-2694,-15676,-3311,2,29,-14
3,316,62938,-2747,-15736,-3253,2,17,-14
3,317,62943,-2743,-15784,-3248,1,10,-14
3,318,62948,-2700,-15747,-3329,0,4,-15
3,319,62953,-2719,-15768,-3369,-1,-3,-15
3,320,62958,-2847,-15792,-3298,-2,-9,-15
3,321,62963,-2766,-15748,-3347,-2,-10,-15
3,322,62968,-2654,-15696,-3367,0,-7,-17
3,323,62973,-2805,-15795,-3315,3,-9,-19
3,324,62978,-3023,-15810,-3237,-2,-16,-22
3,325,62983,-3059,-15837,-3238,-1,-34,-22
3,326,62988,-2872,-15841,-3357,-2,-44,-18
3,327,62993,-2701,-15867,-3466,-3,-35,-18
3,328,62998,-2670,-15842,-3590,-3,-22,-21
3,329,63003,-2589,-15841,-3693,-2,-7,-22
3,330,63008,-2545,-15836,-3689,-1,9,-21
3,331,63013,-2565,-15870,-3554,0,24,-22
3,332,63018,-2568,-15887,-3368,-1,30,-17
3,333,63023,-2501,-15910,-3350,2,30,-18
3,334,63028,-2496,-15917,-3391,2,24,-19
3,335,63033,-2565,-15882,-3338,2,18,-22
3,336,63038,-2610,-15863,-3262,-2,2,-23
3,337,63043,-2568,-15826,-3265,-4,-18,-20
3,338,63048,-2505,-15861,-3428,-1,-31,-19
3,339,63053,-2530,-15806,-3543,0,-40,-17
3,340,63058,-2646,-15815,-3526,-2,-44,-19
3,341,63063,-2748,-15843,-3467,-1,-53,-19
3,342,63068,-2773,-15828,-3479,-3,-61,-17
3,343,63073,-2732,-15813,-3536,-1,-63,-17
3,344,63078,-2755,-15849,-3631,0,-59,-18
3,345,63083,-2818,-15839,-3624,2,-55,-18
3,346,63088,-2853,-15839,-3614,1,-49,-20
3,347,63093,-2870,-15828,-3623,6,-39,-24
3,348,63098,-2860,-15818,-3653,8,-20,-20
3,349,63103,-2829,-15887,-3574,8,-8,-19
3,350,63108,-2874,-15889,-3501,7,1,-23
3,351,63113,-2838,-15874,-3477,8,7,-22
3,352,63118,-2805,-15845,-3513,9,13,-22
3,353,63123,-2708,-15824,-3590,11,23,-21
3,354,63128,-2724,-15890,-3534,11,32,-23
3,355,63133,-2745,-15904,-3477,11,33,-24
3,356,63138,-2734,-15930,-3387,8,28,-21
3,357,63143,-2750,-15921,-3301,10,15,-20
3,358,63148,-2755,-15941,-3290,9,4,-21
3,359,63153,-2753,-15932,-3399,12,-5,-20
3,360,63158,-2747,-15903,-3447,8,-12,-19
3,361,63163,-2755,-15849,-3381,7,-22,-23
3,362,63168,-2737,-15833,-3349,7,-34,-24
3,363,63173,-2793,-15822,-3345,6,-39,-19
3,364,63178,-2751,-15839,-3390,4,-42,-18
3,365,63183,-2769,-15830,-3430,5,-40,-23
3,366,63188,-2855,-15784,-3488,8,-35,-21
3,367,63193,-2857,-15761,-3514,9,-28,-20
3,368,63198,-2852,-15761,-3505,6,-22,-19
3,369,63203,-2841,-15751,-3463,6,-14,-17
3,370,63208,-2817,-15749,-3445,4,-11,-21
3,371,63213,-2817,-15759,-3407,4,-3,-19
3,372,63218,-2849,-15685,-3422,1,5,-14
3,373,63223,-2782,-15678,-3487,-1,16,-8
3,374,63228,-2553,-15715,-3499,-2,37,-3
3,375,63233,-2391,-15651,-3516,-2,63,1
3,376,63238,-2481,-15576,-3467,1,84,1
3,377,63243,-2594,-15511,-3465,-1,94,5
3,378,63248,-2441,-15450,-3593,-1,104,17
3,379,63253,-2017,-15498,-3612,-4,119,29
3,380,63258,-1670,-15549,-3356,-6,125,38
3,381,63263,-1603,-15525,-2844,-5,98,44
3,382,63268,-1779,-15436,-2325,-12,23,53
3,383,63273,-1711,-15339,-2109,-19,-93,69
3,384,63278,-1344,-15350,-2113,-29,-220,91
3,385,63283,-934,-15411,-1814,-38,-345,111
3,386,63288,-1123,-15480,-1453,-55,-495,123
3,387,63293,-1627,-15460,-1323,-66,-678,122
3,388,63298,-2081,-15269,-1684,-83,-865,141
3,389,63303,-1752,-15424,-2395,-103,-1069,201
3,390,63308,-1905,-15764,-2363,-115,-1109,220
3,391,63313,-2307,-15824,-2709,-120,-1163,228
3,392,63318,-2622,-15557,-3415,-123,-1203,241
3,393,63323,-2675,-15608,-3930,-125,-1186,274
3,394,63328,-2776,-15614,-4140,-119,-1119,303
3,395,63333,-2957,-15577,-3890,-117,-1045,326
3,396,63338,-3118,-15460,-3857,-116,-985,345
3,397,63343,-3220,-15214,-4029,-112,-930,362
3,398,63348,-3490,-15166,-3940,-105,-869,385
3,399,63353,-3764,-15099,-3752,-99,-822,410
3,400,63358,-3815,-14993,-3557,-97,-807,435
3,401,63363,-3846,-15021,-3742,-94,-815,456
3,402,63368,-3864,-14987,-3820,-91,-810,474
3,403,63373,-4169,-15015,-3664,-91,-784,494
3,404,63378,-4512,-14996,-3432,-88,-771,516
3,405,63383,-4530,-15009,-3556,-87,-786,542
3,406,63388,-4366,-14984,-3385,-85,-801,559
3,407,63393,-4494,-15036,-3332,-84,-820,579
3,408,63398,-4937,-15031,-3126,-82,-850,597
3,409,63403,-5064,-14971,-3292,-85,-898,621
3,410,63408,-5124,-14978,-3262,-86,-922,648
3,411,63413,-5228,-15019,-3362,-85,-935,662
3,412,63418,-5647,-15031,-3428,-80,-934,679
3,413,63423,-5955,-15046,-3817,-74,-925,693
3,414,63428,-6211,-14960,-3967,-72,-897,709
3,415,63433,-6318,-14985,-4065,-70,-843,737
3,416,63438,-6234,-14989,-4140,-61,-760,755
3,417,63443,-6256,-14970,-4191,-50,-658,772
3,418,63448,-6673,-14916,-4017,-42,-560,782
3,419,63453,-7152,-14847,-3896,-38,-497,793
3,420,63458,-7082,-14779,-3800,-36,-452,812
3,421,63463,-6667,-14927,-3587,-32,-397,833
3,422,63468,-6665,-14970,-3131,-23,-351,834
3,423,63473,-7122,-14991,-2816,-17,-356,841
3,424,63478,-7659,-14768,-2906,-22,-410,847
3,425,63483,-7616,-14747,-3325,-26,-447,871
3,426,63488,-7105,-14920,-3616,-26,-425,892
3,427,63493,-6796,-15063,-3327,-21,-369,902
3,428,63498,-7179,-15084,-2905,-22,-347,905
3,429,63503,-7742,-14906,-2845,-27,-388,905
3,430,63508,-7722,-14771,-3351,-24,-436,920
3,431,63513,-7299,-14867,-3716,-22,-422,939
3,432,63518,-7133,-15042,-3488,-19,-357,954
3,433,63523,-7317,-15083,-3187,-11,-305,957
3,434,63528,-7577,-14983,-3289,-10,-301,951
3,435,63533,-7643,-14884,-3596,-10,-297,959
3,436,63538,-7576,-14954,-3565,-8,-254,984
3,437,63543,-7449,-15084,-3334,-7,-194,1000
3,438,63548,-7460,-15184,-3239,-1,-153,1004
3,439,63553,-7598,-15151,-3341,1,-138,1006
3,440,63558,-7742,-15097,-3323,0,-118,1009
3,441,63563,-7747,-15044,-3182,2,-89,1018
3,442,63568,-7575,-15087,-3064,0,-63,1033
3,443,63573,-7362,-15173,-3075,-2,-47,1039
3,444,63578,-7455,-15161,-2986,-2,-45,1039
3,445,63583,-7649,-15046,-2885,-4,-62,1042
3,446,63588,-7807,-15008,-2854,-5,-86,1046
3,447,63593,-7800,-15029,-2873,-9,-101,1056
3,448,63598,-7717,-15036,-2970,-9,-100,1061
3,449,63603,-7566,-14961,-3013,-10,-92,1066
3,450,63608,-7705,-14847,-3148,-11,-80,1061
3,451,63613,-7956,-14761,-3312,-10,-71,1057
3,452,63618,-8045,-14611,-3363,-12,-58,1059
3,453,63623,-7955,-14565,-3234,-15,-41,1062
3,454,63628,-7936,-14490,-3061,-14,-23,1064
3,455,63633,-8159,-14596,-2859,-15,-13,1062
3,456,63638,-8395,-14522,-3052,-15,-18,1056
3,457,63643,-8300,-14432,-3251,-19,-13,1052
3,458,63648,-7980,-14423,-3583,-17,21,1050
3,459,63653,-7782,-14417,-3716,-13,87,1045
3,460,63658,-8061,-14448,-3244,-9,150,1037
3,461,63663,-8185,-14275,-3123,-15,155,1024
3,462,63668,-8101,-14284,-2939,-20,147,1012
3,463,63673,-8091,-14313,-2669,-25,141,1006
3,464,63678,-8029,-14258,-2456,-29,112,995
3,465,63683,-8110,-14163,-2738,-32,65,979
3,466,63688,-8254,-14084,-2926,-42,20,965
3,467,63693,-8234,-13998,-3032,-48,-7,952
3,468,63698,-8195,-13881,-3290,-47,-27,941
3,469,63703,-8248,-13700,-3002,-49,-42,928
3,470,63708,-8506,-13620,-2746,-48,-68,913
3,471,63713,-8846,-13650,-2663,-54,-116,889
3,472,63718,-8957,-13575,-2814,-57,-167,864
3,473,63723,-8824,-13728,-3276,-58,-181,852
3,474,63728,-8732,-13662,-3463,-61,-159,836
3,475,63733,-8530,-13875,-3495,-60,-101,827
3,476,63738,-8273,-14040,-3920,-54,-34,803
3,477,63743,-8230,-13952,-4162,-48,69,775
3,478,63748,-8309,-14070,-4137,-45,176,758
3,479,63753,-8428,-13996,-3485,-46,258,734
3,480,63758,-8357,-14165,-2828,-48,302,713
3,481,63763,-7968,-14266,-3066,-44,319,678
3,482,63768,-7758,-13861,-3183,-38,332,652
3,483,63773,-7904,-14017,-2662,-42,318,648
3,484,63778,-8012,-14073,-2465,-55,248,631
3,485,63783,-7823,-13914,-2658,-60,169,605
3,486,63788,-7524,-13970,-3144,-62,119,586
3,487,63793,-7016,-12350,-3954,-48,117,581
3,488,63798,-8103,-15184,-1938,-40,159,638
3,489,63803,-7665,-14757,-3446,-95,-9,525
3,490,63808,-7656,-13962,-2934,-125,-27,434
3,491,63813,-6963,-13537,-3379,-81,14,399
3,492,63818,-7948,-13174,-3547,-39,38,433
3,493,63823,-7945,-14333,-2181,-42,-45,453
3,494,63828,-7775,-13436,-3698,-68,-217,382
3,495,63833,-7088,-13465,-4306,-81,-171,358
3,496,63838,-7562,-13386,-4642,-68,12,336
3,497,63843,-8160,-13248,-3501,-50,157,314
3,498,63848,-8249,-13403,-2624,-58,115,298
3,499,63853,-7692,-13135,-2867,-61,-23,258
3,500,63858,-7554,-13025,-3288,-62,-84,224
3,501,63863,-8040,-13038,-3605,-50,-68,198
3,502,63868,-8529,-12897,-3784,-40,-14,165
3,503,63873,-8453,-12831,-3553,-42,15,132
3,504,63878,-8015,-12745,-3440,-48,16,103
3,505,63883,-7889,-12797,-2977,-47,20,76
3,506,63888,-8209,-12787,-2705,-38,-2,40
3,507,63893,-8608,-12734,-2927,-36,-59,3
3,508,63898,-8659,-12667,-3204,-37,-111,-34
3,509,63903,-8399,-12658,-3351,-33,-121,-66
3,510,63908,-8171,-12823,-3191,-32,-88,-96
3,511,63913,-8183,-12991,-2990,-28,-52,-125
3,512,63918,-8322,-13116,-3063,-26,-50,-158
3,513,63923,-8390,-13159,-3414,-28,-62,-195
3,514,63928,-8445,-13196,-3516,-31,-46,-229
3,515,63933,-8455,-13277,-3337,-22,-3,-257
3,516,63938,-8471,-13388,-3264,-13,47,-283
3,517,63943,-8427,-13472,-3523,-9,96,-319
3,518,63948,-8538,-13454,-3670,-9,141,-357
3,519,63953,-8653,-13357,-3501,-7,185,-393
3,520,63958,-8634,-13260,-3326,-1,228,-422
3,521,63963,-8460,-13301,-3453,8,275,-453
3,522,63968,-8457,-13330,-3541,13,316,-489
3,523,63973,-8551,-13254,-3421,15,345,-530
3,524,63978,-8501,-13220,-3499,23,372,-563
3,525,63983,-8492,-13201,-3249,25,395,-599
3,526,63988,-8430,-13203,-3122,22,406,-626
3,527,63993,-8263,-13335,-3277,31,403,-655
3,528,63998,-8315,-13327,-3074,37,399,-696
3,529,64003,-8257,-13308,-3296,41,373,-733
3,530,64008,-8214,-13370,-3229,44,377,-763
3,531,64013,-8625,-13112,-2198,44,341,-797
3,532,64018,-7525,-13478,-4636,54,301,-808
3,533,64023,-7890,-13996,-3670,69,430,-841
3,534,64028,-8263,-13078,-2692,51,420,-913
3,535,64033,-8273,-13787,-2977,53,394,-899
3,536,64038,-7452,-13670,-3725,83,417,-961
3,537,64043,-7645,-14162,-3389,74,436,-985
3,538,64048,-7838,-13786,-2930,86,464,-1035
3,539,64053,-7712,-13964,-3563,94,463,-1052
3,540,64058,-7343,-14025,-3984,100,502,-1077
3,541,64063,-7311,-14059,-3649,106,565,-1104
3,542,64068,-7364,-14205,-2994,113,581,-1130
3,543,64073,-7372,-14138,-2940,118,557,-1156
3,544,64078,-7237,-14282,-3214,120,534,-1182
3,545,64083,-7294,-14237,-3146,129,524,-1210
3,546,64088,-7156,-14393,-3044,132,508,-1227
3,547,64093,-6895,-14603,-2922,136,483,-1244
3,548,64098,-6490,-14689,-3262,138,460,-1273
3,549,64103,-6404,-14781,-3501,143,455,-1298
3,550,64108,-6594,-14770,-3304,148,471,-1323
3,551,64113,-6650,-14812,-3200,154,476,-1331
3,552,64118,-6316,-14994,-3371,159,487,-1340
3,553,64123,-5785,-15109,-3649,165,524,-1351
3,554,64128,-5935,-15091,-3582,171,577,-1366
3,555,64133,-5154,-15638,-3929,169,587,-1378
3,556,64138,-5056,-15122,-3306,185,636,-1409
3,557,64143,-4993,-15235,-3077,191,615,-1417
3,558,64148,-5552,-15661,-3332,202,602,-1404
3,559,64153,-4742,-15023,-3017,209,573,-1440
3,560,64158,-4464,-15540,-2869,197,540,-1415
3,561,64163,-4294,-15634,-2321,193,487,-1434
3,562,64168,-4529,-15405,-2499,196,384,-1445
3,563,64173,-4608,-15374,-2831,193,270,-1444
3,564,64178,-4605,-15288,-3080,187,184,-1445
3,565,64183,-4311,-15415,-3172,185,139,-1440
3,566,64188,-3942,-15437,-3694,185,132,-1432
3,567,64193,-3639,-15664,-3865,187,163,-1429
3,568,64198,-3798,-15505,-3773,193,178,-1445
3,569,64203,-4019,-15401,-3374,196,166,-1447
3,570,64208,-4008,-15426,-3324,198,119,-1434
3,571,64213,-3818,-15478,-3340,193,78,-1423
3,572,64218,-3641,-15572,-3334,189,49,-1417
3,573,64223,-3728,-15578,-3223,189,26,-1416
3,574,64228,-3778,-15536,-3296,188,-18,-1416
3,575,64233,-3760,-15543,-3400,185,-56,-1408
3,576,64238,-3498,-15550,-3571,187,-92,-1402
3,577,64243,-3455,-15560,-3543,184,-116,-1391
3,578,64248,-3572,-15696,-3511,176,-141,-1383
3,579,64253,-3758,-15589,-3532,178,-149,-1372
3,580,64258,-3583,-15837,-3776,177,-162,-1353
3,581,64263,-3412,-15750,-4001,170,-151,-1353
3,582,64268,-4196,-16212,-4057,172,-119,-1351
3,583,64273,-6427,-15208,-3315,172,-91,-1388
3,584,64278,-4460,-14700,-4404,192,-147,-1327
3,585,64283,-2855,-16298,-2810,159,-143,-1261
3,586,64288,-3864,-15970,-2126,140,-230,-1285
3,587,64293,-4342,-16254,-4563,150,-328,-1278
3,588,64298,-4115,-16534,-7465,171,-229,-1279
3,589,64303,-5175,-15808,-6053,168,1,-1319
3,590,64308,-5412,-15584,-3770,158,141,-1296
3,591,64313,-4398,-16583,-2314,186,170,-1240
3,592,64318,-1457,-17181,-4378,193,62,-1295
3,593,64323,-1768,-12309,-1240,230,100,-1407
3,594,64328,-4842,-16585,-5417,176,-43,-1193
3,595,64333,-3853,-16700,-2418,247,18,-1316
3,596,64338,-8221,-13978,-3996,170,-163,-1280
3,597,64343,-4740,-17794,-3651,148,-174,-1101
3,598,64348,-5254,-13940,-5193,204,-110,-1254
3,599,64353,4588,-23863,-20062,372,231,-1199
3,600,64358,-22403,-26575,-31717,849,2320,-1292
3,601,64380,6044,-30348,32767,382,3797,-138
3,602,64380,6044,-30348,32767,382,3797,-138
3,603,64381,6044,-30348,32767,382,3797,-138
3,604,64382,6044,-30348,32767,382,3797,-138
3,605,64383,-32768,-11775,26017,126,-2052,-746
3,606,64388,-32768,-11775,26017,126,-2052,-746
3,607,64393,-28680,-738,-15906,-166,-7211,-190
3,608,64398,13376,-7301,-32768,-293,-7598,681
3,609,64403,8207,-24689,7538,-76,-552,239
3,610,64408,-21475,-12505,-1478,54,-751,-75
3,611,64413,-19937,-11671,-16787,203,-1876,427
3,612,64418,-530,-10211,-15793,174,-1949,599
3,613,64423,12247,-15883,-9245,-47,-1143,720
3,614,64428,4485,-20577,329,-48,594,579
3,615,64433,-10169,-16536,504,186,1441,286
3,616,64438,-13322,-13860,-6397,204,939,372
3,617,64443,-3569,-14442,-8826,78,90,523
3,618,64448,3897,-16080,287,7,14,504
3,619,64453,2667,-18351,6948,80,399,405
3,620,64458,-4385,-17466,1115,217,567,288
3,621,64463,-7908,-15672,-6739,222,293,286
3,622,64468,-5507,-14913,-5705,53,-209,372
3,623,64473,-586,-16477,1326,-44,-493,425
3,624,64478,1542,-17843,4351,11,-398,363
3,625,64483,-475,-17334,-5296,105,-197,269
3,626,64488,-4670,-16932,-10249,159,94,263
3,627,64493,-6276,-14819,-5186,66,155,244
3,628,64498,-3176,-15781,123,-51,-29,359
3,629,64503,1193,-17534,274,-1,1,361
3,630,64508,786,-17065,-5282,97,292,257
3,631,64513,-3423,-16656,-5011,128,590,229
3,632,64518,-5837,-15923,-2785,54,428,233
3,633,64523,-3238,-15591,-771,4,140,252
3,634,64528,400,-16076,-1141,10,119,275
3,635,64533,865,-17031,-3340,51,343,255
3,636,64538,-2320,-16714,-3169,69,515,197
3,637,64543,-4501,-15936,-1873,36,338,168
3,638,64548,-3190,-15406,-1802,-10,23,180
3,639,64553,-546,-15656,-2925,-19,-39,202
3,640,64558,-117,-16290,-3840,17,196,199
3,641,64563,-1989,-16330,-3268,44,409,163
3,642,64568,-3479,-15735,-2815,30,344,128
3,643,64573,-2842,-15227,-3085,-3,147,121
3,644,64578,-1372,-15330,-3405,-23,100,131
3,645,64583,-1043,-15684,-3114,-6,243,137
3,646,64588,-2023,-15884,-2526,16,359,127
3,647,64593,-2886,-15745,-2800,13,279,102
3,648,64598,-2733,-15400,-3395,-10,121,80
3,649,64603,-1995,-15282,-3350,-28,62,73
3,650,64608,-1647,-15523,-2852,-22,127,77
3,651,64613,-1984,-15723,-2787,-6,196,68
3,652,64618,-2468,-15761,-3193,-2,169,48
3,653,64623,-2626,-15535,-3656,-12,79,25
3,654,64628,-2429,-15463,-3352,-26,31,17
3,655,64633,-2212,-15689,-2958,-26,53,18
3,656,64638,-2298,-15723,-3024,-16,103,10
3,657,64643,-2483,-15862,-3421,-9,129,0
3,658,64648,-2661,-15709,-3629,-15,111,-18
3,659,64653,-2639,-15874,-3061,-28,83,-25
3,660,64658,-2531,-15673,-2896,-33,59,-38
3,661,64663,-2436,-15837,-2818,-29,82,-34
3,662,64668,-2510,-16060,-3392,-23,99,-42
3,663,64673,-2654,-15952,-3305,-19,107,-66
3,664,64678,-2794,-15926,-2958,-26,81,-75
3,665,64683,-2622,-15984,-2969,-30,54,-83
3,666,64688,-2508,-16022,-3088,-30,67,-88
3,667,64693,-2541,-16064,-3194,-26,88,-92
3,668,64698,-2663,-16107,-3173,-27,90,-100
3,669,64703,-2665,-16062,-3190,-30,76,-111
3,670,64708,-2521,-16067,-3342,-30,63,-122
3,671,64713,-2421,-16055,-3232,-31,71,-127
3,672,64718,-2443,-16017,-3226,-30,77,-129
3,673,64723,-2493,-15945,-3277,-29,80,-136
3,674,64728,-2502,-15925,-3351,-29,78,-139
3,675,64733,-2458,-15945,-3365,-28,82,-147
3,676,64738,-2448,-15948,-3288,-28,100,-147
3,677,64743,-2445,-15933,-3177,-27,116,-149
3,678,64748,-2463,-15872,-3161,-28,121,-155
3,679,64753,-2462,-15906,-3342,-25,118,-157
3,680,64758,-2438,-15839,-3546,-24,125,-162
3,681,64763,-2394,-15822,-3376,-24,141,-161
3,682,64768,-2349,-15787,-3076,-25,148,-168
3,683,64773,-2336,-15772,-3236,-22,129,-175
3,684,64778,-2367,-15714,-3294,-22,120,-180
3,685,64783,-2366,-15717,-3122,-25,112,-179
3,686,64788,-2300,-15733,-2957,-27,96,-178
3,687,64793,-2318,-15714,-3040,-28,74,-182
3,688,64798,-2271,-15684,-3328,-25,59,-179
3,689,64803,-2229,-15712,-3450,-23,64,-178
3,690,64808,-2212,-15755,-3370,-26,77,-180
3,691,64813,-2201,-15732,-3257,-27,80,-176
3,692,64818,-2162,-15764,-3099,-23,78,-177
3,693,64823,-2283,-15805,-3090,-25,63,-181
3,694,64828,-2352,-15821,-3088,-27,47,-179
3,695,64833,-2372,-15820,-3132,-26,29,-179
3,696,64838,-2245,-15802,-3286,-27,19,-177
3,697,64843,-2090,-15830,-3353,-27,15,-172
3,698,64848,-2124,-16079,-3210,-21,17,-171
3,699,64853,-2302,-15976,-3300,-23,2,-182
3,700,64858,-2349,-15900,-3153,-20,-10,-179
3,701,64863,-2161,-15995,-3262,-18,-25,-170
3,702,64868,-2123,-15996,-3255,-15,-23,-165
3,703,64873,-2138,-15943,-3318,-16,-18,-163
3,704,64878,-2239,-15911,-3439,-16,-12,-162
3,705,64883,-2174,-15867,-3363,-15,-7,-157
3,706,64888,-2168,-15773,-3348,-12,-4,-154
3,707,64893,-2033,-15801,-3211,-8,-1,-148
3,708,64898,-2076,-15921,-3152,-8,-6,-145
3,709,64903,-2094,-15792,-3128,-8,-21,-145
3,710,64908,-2090,-15688,-3145,-8,-36,-140
3,711,64913,-2078,-15700,-3313,-7,-48,-136
3,712,64918,-2048,-15624,-3275,-3,-48,-132
3,713,64923,-1973,-15684,-3042,-3,-55,-124
3,714,64928,-1990,-15792,-2887,-4,-78,-121
3,715,64933,-2018,-15776,-2926,-3,-111,-119
3,716,64938,-2111,-15785,-3190,-2,-138,-116
3,717,64943,-2128,-15839,-3273,0,-154,-112
3,718,64948,-2171,-15915,-3268,-2,-161,-106
3,719,64953,-2231,-15894,-3192,0,-167,-102
3,720,64958,-2165,-15881,-3140,1,-172,-102
3,721,64963,-2261,-15903,-3210,3,-178,-100
3,722,64968,-2399,-15903,-3204,3,-186,-96
3,723,64973,-2440,-15860,-3195,3,-191,-91
3,724,64978,-2394,-15874,-3108,4,-191,-87
3,725,64983,-2353,-15853,-3090,6,-186,-84
3,726,64988,-2379,-15914,-3135,9,-175,-83
3,727,64993,-2486,-15934,-3083,12,-171,-79
3,728,64998,-2594,-15967,-3088,10,-175,-77
3,729,65003,-2539,-15958,-3058,9,-177,-73
3,730,65008,-2445,-15925,-3151,10,-170,-70
3,731,65013,-2504,-16020,-3173,17,-152,-67
3,732,65018,-2637,-16035,-3183,16,-137,-65
3,733,65023,-2804,-16047,-3073,16,-129,-66
3,734,65028,-2761,-16090,-2995,15,-124,-64
3,735,65033,-2699,-16099,-3095,18,-112,-59
3,736,65038,-2682,-16122,-3131,18,-100,-56
3,737,65043,-2778,-16098,-3145,19,-93,-58
3,738,65048,-3031,-16074,-3345,20,-92,-64
3,739,65053,-2926,-15945,-3379,24,-88,-62
3,740,65058,-2833,-15968,-3050,26,-70,-50
3,741,65063,-2722,-16119,-3043,23,-59,-47
3,742,65068,-2962,-16013,-3049,27,-54,-53
3,743,65073,-3006,-16035,-3305,27,-60,-47
3,744,65078,-2875,-15918,-3493,25,-55,-48
3,745,65083,-2583,-15844,-3301,27,-25,-44
3,746,65088,-2505,-16064,-3210,25,-7,-31
3,747,65093,-2623,-15987,-3073,28,-4,-39
3,748,65098,-2813,-15865,-3033,30,-19,-47
3,749,65103,-2741,-15823,-2911,36,-40,-40
3,750,65108,-2554,-15768,-2850,33,-56,-36
3,751,65113,-2489,-16024,-2824,33,-79,-25
3,752,65118,-2531,-15986,-3023,31,-112,-26
3,753,65123,-2636,-15953,-3031,28,-132,-26
3,754,65128,-2745,-15935,-3137,25,-134,-23
3,755,65133,-2735,-15935,-3038,25,-117,-15
3,756,65138,-2619,-16103,-3083,27,-105,-2
3,757,65143,-2700,-16074,-3353,26,-96,-8
3,758,65148,-2778,-16004,-3619,35,-62,-12
3,759,65153,-2735,-15912,-3449,38,-6,-7
3,760,65158,-2648,-15875,-3258,37,42,-4
3,761,65163,-2562,-15972,-2985,39,67,5
3,762,65168,-2566,-15963,-2953,39,66,9
3,763,65173,-2586,-15950,-2997,41,56,11
3,764,65178,-2572,-15933,-2968,41,52,13
3,765,65183,-2420,-15949,-3037,40,47,19
3,766,65188,-2366,-15949,-3014,35,52,20
3,767,65193,-2335,-15977,-2969,31,53,22
3,768,65198,-2355,-15921,-2978,33,42,23
3,769,65203,-2419,-15828,-2919,37,26,27
3,770,65208,-2374,-15802,-2999,35,15,31
3,771,65213,-2376,-15795,-3007,32,8,33
3,772,65218,-2364,-15867,-3045,33,2,36
3,773,65223,-2343,-15881,-3075,33,-6,37
3,774,65228,-2404,-15782,-3002,29,-21,39
3,775,65233,-2432,-15767,-3070,28,-33,44
3,776,65238,-2471,-15760,-3188,27,-35,45
3,777,65243,-2402,-15775,-3173,28,-33,49
3,778,65248,-2342,-15845,-3206,30,-27,51
3,779,65253,-2363,-15855,-3205,29,-17,50
3,780,65258,-2412,-15870,-3134,25,-15,51
3,781,65263,-2469,-15831,-3071,24,-18,54
3,782,65268,-2451,-15836,-3168,30,-19,59
3,783,65273,-2461,-15847,-3226,28,-15,57
3,784,65278,-2477,-15791,-3128,23,-14,57
3,785,65283,-2463,-15826,-3029,24,-18,61
3,786,65288,-2475,-15857,-3022,24,-19,58
3,787,65293,-2447,-15882,-3167,23,-18,58
3,788,65298,-2467,-15938,-3252,24,-10,62
3,789,65303,-2444,-15981,-3280,23,5,63
3,790,65308,-2407,-15967,-3188,19,20,61
3,791,65313,-2488,-15983,-2953,18,20,61
3,792,65318,-2503,-16016,-2990,19,12,61
3,793,65323,-2471,-15962,-3073,18,6,61
3,794,65328,-2379,-15967,-3073,16,3,63
3,795,65333,-2400,-15965,-2975,15,0,62
3,796,65338,-2398,-15986,-2960,13,-7,62
3,797,65343,-2365,-16038,-3090,11,-12,65
3,798,65348,-2365,-16072,-3206,10,-11,62
3,799,65353,-2402,-16044,-3141,10,-11,65
3,800,65358,-2369,-15988,-3101,9,-16,65
3,801,65363,-2349,-15980,-3137,9,-18,62
3,802,65368,-2349,-15991,-3106,6,-15,59
3,803,65373,-2351,-15936,-3121,7,-12,62
3,804,65378,-2329,-16006,-3060,8,-4,63
3,805,65383,-2320,-16008,-3109,9,2,60
3,806,65388,-2342,-16027,-3199,4,4,59
3,807,65393,-2398,-16022,-3163,4,7,60
3,808,65398,-2406,-16028,-3120,3,5,61
3,809,65403,-2337,-15996,-3051,4,8,59
3,810,65408,-2315,-16021,-3085,3,5,60
3,811,65413,-2358,-15961,-3126,3,12,58
3,812,65418,-2389,-15977,-3057,2,12,56
3,813,65423,-2351,-16049,-3079,2,2,59
3,814,65428,-2472,-15994,-2798,0,-5,58
3,815,65433,-2414,-16052,-2951,-2,-20,58
3,816,65438,-2321,-15995,-3081,-5,-28,51
3,817,65443,-2488,-15951,-3004,-2,-33,51
3,818,65448,-2397,-15991,-3086,-6,-47,51
3,819,65453,-2358,-15878,-3079,-7,-54,48
3,820,65458,-2421,-16004,-3234,-8,-59,50
3,821,65463,-2507,-15992,-3086,-10,-47,45
3,822,65468,-2527,-15991,-2979,-11,-34,48
3,823,65473,-2405,-15971,-3162,-11,-21,51
3,824,65478,-2300,-15975,-3467,-11,-1,53
3,825,65483,-2396,-15951,-3436,-9,24,51
3,826,65488,-2545,-15856,-3058,-9,42,46
3,827,65493,-2528,-15843,-2932,-11,34,46
3,828,65498,-2486,-15827,-3118,-8,24,46
3,829,65503,-2407,-15741,-3318,-9,24,43
3,830,65508,-2521,-15789,-2775,-14,4,38
3,831,65513,-2487,-15834,-2852,-15,-20,38
3,832,65518,-2536,-15898,-3153,-11,-33,39
3,833,65523,-2632,-16007,-3196,-12,-31,36
3,834,65528,-2718,-16018,-3102,-13,-25,34
3,835,65533,-2679,-15987,-3124,-18,-26,33
3,836,65538,-2652,-15951,-3237,-16,-21,30
3,837,65543,-2624,-15957,-3391,-16,-5,31
3,838,65548,-2656,-15910,-3330,-15,10,31
3,839,65553,-2673,-15852,-3199,-14,15,30
3,840,65558,-2669,-15815,-3097,-15,13,26
3,841,65563,-2692,-15788,-3072,-17,8,24
3,842,65568,-2739,-15814,-3045,-17,6,24
3,843,65573,-2678,-15890,-3073,-15,4,26
3,844,65578,-2617,-15977,-3104,-15,5,22
3,845,65583,-2573,-16037,-3116,-19,15,17
3,846,65588,-2549,-16029,-3215,-14,27,16
3,847,65593,-2592,-16065,-3263,-14,47,15
3,848,65598,-2606,-16067,-3186,-15,61,16
3,849,65603,-2545,-16021,-3074,-18,69,15
3,850,65608,-2513,-15979,-2959,-17,72,17
3,851,65613,-2527,-15958,-2904,-16,63,16
3,852,65618,-2586,-15996,-2969,-18,49,11
3,853,65623,-2552,-16035,-3048,-21,31,12
3,854,65628,-2485,-16100,-3036,-22,17,13
3,855,65633,-2414,-16121,-2986,-22,4,13
3,856,65638,-2428,-16092,-2923,-23,-9,10
3,857,65643,-2538,-16068,-2964,-23,-23,9
3,858,65648,-2595,-16039,-3060,-28,-34,7
3,859,65653,-2537,-15967,-3152,-29,-40,8
3,860,65658,-2442,-16013,-3165,-26,-39,8
3,861,65663,-2433,-16037,-3124,-27,-26,5
3,862,65668,-2522,-16053,-3120,-23,-25,5
3,863,65673,-2528,-16008,-3150,-24,-25,6
3,864,65678,-2562,-15993,-3126,-24,-24,5
3,865,65683,-2572,-16018,-3160,-25,-20,6
3,866,65688,-2545,-15972,-3161,-24,-11,6
3,867,65693,-2570,-15983,-3198,-23,-1,6
3,868,65698,-2627,-15912,-3277,-23,10,4
3,869,65703,-2591,-15865,-3278,-21,23,3
3,870,65708,-2605,-15825,-3178,-21,36,1
3,871,65713,-2637,-15881,-3127,-20,43,0
3,872,65718,-2633,-15911,-3123,-20,41,0
3,873,65723,-2563,-15843,-3131,-19,38,-3
3,874,65728,-2464,-15866,-3132,-19,39,-1
3,875,65733,-2434,-15924,-3125,-18,39,-1
3,876,65738,-2402,-15873,-3090,-18,38,-1
3,877,65743,-2423,-15872,-3012,-21,33,-2
3,878,65748,-2421,-15854,-2942,-19,18,-3
3,879,65753,-2415,-15862,-2949,-18,2,-2
3,880,65758,-2403,-15864,-2968,-19,-9,-1
3,881,65763,-2394,-15855,-3051,-19,-19,-1
3,882,65768,-2412,-15862,-3070,-20,-25,-2
3,883,65773,-2413,-15882,-3089,-21,-32,-4
3,884,65778,-2472,-15843,-3066,-20,-35,-3
3,885,65783,-2492,-15857,-3104,-18,-35,-2
3,886,65788,-2494,-15876,-3183,-18,-33,-2
3,887,65793,-2492,-15877,-3212,-18,-26,-2
3,888,65798,-2518,-15846,-3154,-18,-19,-2
3,889,65803,-2598,-15859,-3095,-19,-15,-4
3,890,65808,-2634,-15890,-3101,-15,-16,-4
3,891,65813,-2637,-15873,-3122,-16,-18,-7
3,892,65818,-2606,-15875,-3156,-18,-16,-3
3,893,65823,-2614,-15833,-3208,-18,-12,-4
3,894,65828,-2705,-15833,-3206,-17,-4,-8
3,895,65833,-2723,-15845,-3279,-12,3,-9
3,896,65838,-2751,-15842,-3248,-9,9,-6
3,897,65843,-2688,-15877,-3250,-11,19,-9
3,898,65848,-2594,-15877,-3203,-11,25,-10
3,899,65853,-2605,-15882,-3089,-11,23,-12
3,900,65858,-2679,-15819,-3076,-11,13,-16
3,901,65863,-2704,-15808,-3119,-8,2,-15
3,902,65868,-2665,-15832,-3192,-7,-6,-13
3,903,65873,-2546,-15862,-3144,-7,-13,-13
3,904,65878,-2539,-15853,-3169,-8,-20,-16
3,905,65883,-2573,-15835,-3244,-6,-22,-16
3,906,65888,-2663,-15815,-3310,-4,-17,-18
3,907,65893,-2612,-15809,-3274,-8,-16,-18
3,908,65898,-2593,-15866,-3185,-7,-17,-16
3,909,65903,-2581,-15855,-3181,-4,-10,-19
3,910,65908,-2598,-15859,-3240,-3,-6,-21
3,911,65913,-2618,-15782,-3284,-1,0,-21
3,912,65918,-2673,-15819,-3225,0,7,-20
3,913,65923,-2765,-15859,-3076,0,5,-19
3,914,65928,-2708,-15934,-3115,-2,1,-21
3,915,65933,-2573,-15977,-3227,-1,6,-21
3,916,65938,-2516,-15975,-3368,2,25,-20
3,917,65943,-2623,-15918,-3384,3,49,-21
3,918,65948,-2665,-15851,-3240,5,65,-22
3,919,65953,-2666,-15848,-3152,3,72,-21
3,920,65958,-2545,-15894,-3068,3,74,-22
3,921,65963,-2504,-15909,-3008,5,69,-22
3,922,65968,-2524,-15909,-2957,8,57,-22
3,923,65973,-2521,-15882,-2991,7,33,-24
3,924,65978,-2478,-15900,-3033,1,9,-23
3,925,65983,-2381,-15871,-3011,2,-7,-21
3,926,65988,-2373,-15885,-3004,0,-27,-18
3,927,65993,-2477,-15851,-3051,-2,-43,-18
3,928,65998,-2501,-15869,-3107,-2,-59,-20
3,929,66003,-2582,-15873,-3167,-1,-68,-20
3,930,66008,-2556,-15922,-3212,0,-68,-18
3,931,66013,-2518,-15983,-3236,1,-56,-14
3,932,66018,-2510,-16019,-3318,1,-38,-15
3,933,66023,-2469,-16058,-3447,1,-15,-18
3,934,66028,-2411,-16074,-3491,2,15,-16
3,935,66033,-2415,-16034,-3328,2,43,-15
3,936,66038,-2435,-15977,-3136,4,52,-15
3,937,66043,-2503,-15923,-2965,6,46,-14
3,938,66048,-2528,-15960,-2866,6,29,-11
3,939,66053,-2547,-16020,-2852,2,11,-10
3,940,66058,-2511,-16020,-2946,1,-10,-12
3,941,66063,-2463,-16002,-3118,-2,-20,-11
3,942,66068,-2439,-15969,-3220,-1,-20,-11
3,943,66073,-2458,-15901,-3336,-1,-20,-10
3,944,66078,-2544,-15897,-3290,-1,-17,-7
3,945,66083,-2590,-15866,-3268,-4,-15,-7
3,946,66088,-2586,-15847,-3192,-5,-16,-6
3,947,66093,-2585,-15819,-3150,-1,-20,-6
3,948,66098,-2578,-15806,-3239,-1,-18,-7
3,949,66103,-2661,-15838,-3298,-2,-24,-9
3,950,66108,-2633,-15766,-3344,0,-20,-10
3,951,66113,-2591,-15737,-3291,1,-17,-7
3,952,66118,-2604,-15771,-3216,-1,-14,-6
3,953,66123,-2608,-15813,-3192,2,-16,-8
3,954,66128,-2660,-15870,-3103,3,-22,-10
3,955,66133,-2722,-15878,-3086,1,-34,-7
3,956,66138,-2689,-15929,-3086,-2,-41,-7
3,957,66143,-2618,-15895,-3273,-3,-38,-5
3,958,66148,-2589,-15876,-3457,-2,-23,-5
3,959,66153,-2598,-15904,-3508,1,1,-5
3,960,66158,-2591,-15835,-3431,0,30,-7
3,961,66163,-2629,-15844,-3226,0,49,-5
3,962,66168,-2615,-15892,-3080,1,53,-2
3,963,66173,-2559,-15941,-3081,4,50,-2
3,964,66178,-2450,-15983,-3145,1,45,-3
3,965,66183,-2425,-15941,-3155,1,40,-3
3,966,66188,-2451,-15908,-3089,-1,33,-3
3,967,66193,-2465,-15884,-3033,0,17,0
3,968,66198,-2419,-15851,-3046,0,2,0
3,969,66203,-2454,-15915,-3083,-8,-10,2
3,970,66208,-2503,-15926,-3105,-7,-21,5
3,971,66213,-2518,-15901,-3168,-5,-28,2
3,972,66218,-2509,-15850,-3263,-6,-33,2
3,973,66223,-2491,-15888,-3348,-6,-27,4
3,974,66228,-2538,-15884,-3395,-4,-25,5
3,975,66233,-2591,-15894,-3253,-8,-17,4
3,976,66238,-2636,-15959,-3172,-8,-18,6
3,977,66243,-2651,-15957,-3208,-6,-25,4
3,978,66248,-2628,-15991,-3301,-9,-23,5
3,979,66253,-2626,-15955,-3325,-9,-14,6
3,980,66258,-2629,-15942,-3292,-8,-10,3
3,981,66263,-2618,-15909,-3258,-8,-4,6
3,982,66268,-2619,-15922,-3264,-8,5,7
3,983,66273,-2670,-15881,-3234,-8,9,3
3,984,66278,-2620,-15885,-3189,-10,10,5
3,985,66283,-2613,-15867,-3226,-10,11,5
3,986,66288,-2563,-15844,-3253,-8,14,6
3,987,66293,-2543,-15907,-3268,-7,15,3
3,988,66298,-2557,-15970,-3209,-7,16,4
3,989,66303,-2488,-15945,-3156,-6,10,8
3,990,66308,-2395,-15877,-3169,-7,11,10
3,991,66313,-2422,-15870,-3175,-8,11,6
3,992,66318,-2511,-15841,-3234,-6,5,6
3,993,66323,-2562,-15839,-3174,-7,-6,10
3,994,66328,-2557,-15900,-3028,-8,-25,12
3,995,66333,-2561,-16000,-2944,-11,-45,12
3,996,66338,-2590,-16082,-3073,-17,-63,13
3,997,66343,-2570,-16037,-3311,-15,-67,14
3,998,66348,-2542,-15962,-3573,-16,-53,9
3,999,66353,-2534,-15839,-3648,-14,-26,10
4,0,69033,-2500,-15717,-3188,-13,-10,-33
4,1,69038,-2478,-15695,-3241,-15,-24,-32
4,2,69043,-2494,-15721,-3286,-14,-35,-30
4,3,69048,-2451,-15770,-3309,-16,-42,-29
4,4,69053,-2466,-15834,-3359,-14,-42,-28
4,5,69058,-2492,-15798,-3365,-13,-35,-32
4,6,69063,-2550,-15743,-3466,-15,-28,-32
4,7,69068,-2522,-15746,-3483,-8,-13,-30
4,8,69073,-2551,-15754,-3396,-5,5,-30
4,9,69078,-2606,-15816,-3225,-6,15,-29
4,10,69083,-2617,-15879,-3195,-6,15,-28
4,11,69088,-2572,-15859,-3300,-4,16,-31
4,12,69093,-2508,-15853,-3404,-1,25,-30
4,13,69098,-2556,-15840,-3396,-2,36,-32
4,14,69103,-2538,-15866,-3321,0,46,-31
4,15,69108,-2512,-15843,-3224,-1,50,-29
4,16,69113,-2451,-15888,-3110,0,46,-27
4,17,69118,-2404,-15914,-3187,2,41,-30
4,18,69123,-2377,-15914,-3225,2,31,-28
4,19,69128,-2362,-15948,-3159,2,20,-27
4,20,69133,-2359,-16003,-3081,0,3,-28
4,21,69138,-2315,-15986,-3031,1,-15,-28
4,22,69143,-2308,-16029,-3102,3,-34,-28
4,23,69148,-2372,-16025,-3231,3,-49,-26
4,24,69153,-2442,-16024,-3306,3,-61,-23
4,25,69158,-2438,-16018,-3332,3,-68,-22
4,26,69163,-2453,-15999,-3345,3,-67,-20
4,27,69168,-2344,-16053,-3388,8,-54,-20
4,28,69173,-2466,-16095,-3447,12,-38,-20
4,29,69178,-2643,-16098,-3309,11,-24,-23
4,30,69183,-2510,-16085,-3356,12,-14,-21
4,31,69188,-2447,-16049,-3392,17,6,-21
4,32,69193,-2592,-16034,-3398,21,18,-23
4,33,69198,-2673,-15999,-3348,20,20,-23
4,34,69203,-2639,-15979,-3249,21,19,-23
4,35,69208,-2543,-15992,-3248,25,18,-18
4,36,69213,-2422,-15964,-3307,25,26,-17
4,37,69218,-2395,-15942,-3356,28,33,-20
4,38,69223,-2438,-15871,-3397,29,35,-22
4,39,69228,-2461,-15851,-3344,27,32,-21
4,40,69233,-2386,-15846,-3210,28,30,-17
4,41,69238,-2325,-15877,-3149,32,25,-14
4,42,69243,-2326,-15922,-3150,32,14,-14
4,43,69248,-2389,-15961,-3187,31,-4,-18
4,44,69253,-2366,-15933,-3172,31,-20,-12
4,45,69258,-2269,-15903,-3220,31,-30,-10
4,46,69263,-2229,-15974,-3277,32,-28,-10
4,47,69268,-2330,-15998,-3330,33,-31,-8
4,48,69273,-2429,-15976,-3257,32,-34,-12
4,49,69278,-2456,-15930,-3301,30,-36,-12
4,50,69283,-2425,-15922,-3384,31,-29,-9
4,51,69288,-2483,-15885,-3422,35,-16,-6
4,52,69293,-2474,-15850,-3323,35,-9,-9
4,53,69298,-2446,-15839,-3261,34,-14,-7
4,54,69303,-2485,-15863,-3235,34,-13,-7
4,55,69308,-2479,-15810,-3321,36,-16,-4
4,56,69313,-2326,-15799,-3365,35,-19,-2
4,57,69318,-2302,-15805,-3353,36,-15,-3
4,58,69323,-2457,-15822,-3269,38,-20,-8
4,59,69328,-2538,-15846,-3210,33,-39,-4
4,60,69333,-2378,-15866,-3163,32,-55,-2
4,61,69338,-2363,-15889,-3176,33,-61,0
4,62,69343,-2317,-15984,-3258,35,-65,0
4,63,69348,-2373,-16053,-3337,33,-62,1
4,64,69353,-2342,-16060,-3496,33,-56,2
4,65,69358,-2328,-16000,-3416,31,-44,6
4,66,69363,-2353,-15972,-3322,29,-34,8
4,67,69368,-2361,-15977,-3278,31,-27,8
4,68,69373,-2410,-15952,-3274,36,-26,10
4,69,69378,-2524,-15968,-3263,32,-28,10
4,70,69383,-2544,-16008,-3319,29,-31,7
4,71,69388,-2498,-15993,-3361,32,-39,9
4,72,69393,-2353,-16056,-3334,30,-42,14
4,73,69398,-2377,-16090,-3256,30,-39,14
4,74,69403,-2566,-16054,-3194,30,-39,12
4,75,69408,-2611,-16040,-3298,29,-44,14
4,76,69413,-2539,-16023,-3422,27,-39,17
4,77,69418,-2458,-16040,-3370,28,-30,18
4,78,69423,-2443,-16069,-3183,28,-27,18
4,79,69428,-2588,-16063,-3140,25,-36,17
4,80,69433,-2595,-16011,-3224,25,-51,16
4,81,69438,-2571,-15998,-3244,25,-63,19
4,82,69443,-2630,-16050,-3279,22,-68,20
4,83,69448,-2562,-16088,-3189,21,-72,21
4,84,69453,-2489,-16066,-3324,18,-76,20
4,85,69458,-2497,-16031,-3474,18,-72,16
4,86,69463,-2552,-16014,-3632,20,-50,21
4,87,69468,-2566,-16052,-3526,21,-30,23
4,88,69473,-2598,-16053,-3374,21,-20,24
4,89,69478,-2589,-16048,-3347,18,-11,24
4,90,69483,-2553,-16039,-3350,18,2,25
4,91,69488,-2573,-16006,-3348,19,17,26
4,92,69493,-2619,-16044,-3304,18,21,25
4,93,69498,-2575,-16040,-3189,17,20,26
4,94,69503,-2503,-16139,-3099,14,5,28
4,95,69508,-2503,-16129,-3019,11,-10,27
4,96,69513,-2555,-16049,-3006,11,-27,25
4,97,69518,-2634,-16062,-3155,7,-42,28
4,98,69523,-2576,-15985,-3336,5,-41,26
4,99,69528,-2524,-15956,-3341,2,-38,29
4,100,69533,-2475,-15989,-3251,0,-36,30
4,101,69538,-2508,-15951,-3264,0,-33,29
4,102,69543,-2572,-15859,-3348,-5,-41,31
4,103,69548,-2623,-15856,-3294,-2,-40,30
4,104,69553,-2607,-15847,-3247,-8,-44,30
4,105,69558,-2526,-15891,-3306,-8,-49,32
4,106,69563,-2546,-15864,-3407,-9,-49,32
4,107,69568,-2628,-15812,-3420,-12,-40,29
4,108,69573,-2683,-15816,-3348,-16,-34,30
4,109,69578,-2667,-15803,-3370,-16,-34,31
4,110,69583,-2631,-15731,-3312,-17,-27,30
4,111,69588,-2646,-15792,-3366,-17,-14,31
4,112,69593,-2620,-15762,-3405,-16,-9,32
4,113,69598,-2632,-15766,-3411,-17,2,31
4,114,69603,-2657,-15784,-3376,-20,8,31
4,115,69608,-2585,-15765,-3274,-21,12,30
4,116,69613,-2590,-15708,-3249,-28,12,30
4,117,69618,-2620,-15652,-3320,-25,9,30
4,118,69623,-2625,-15675,-3317,-22,4,32
4,119,69628,-2616,-15642,-3241,-26,0,29
4,120,69633,-2575,-15629,-3194,-30,-11,28
4,121,69638,-2575,-15608,-3220,-31,-21,32
4,122,69643,-2624,-15590,-3319,-32,-27,32
4,123,69648,-2595,-15609,-3369,-34,-28,32
4,124,69653,-2562,-15648,-3398,-36,-27,30
4,125,69658,-2597,-15615,-3329,-36,-26,31
4,126,69663,-2608,-15587,-3244,-36,-31,30
4,127,69668,-2618,-15597,-3232,-40,-35,31
4,128,69673,-2664,-15620,-3349,-41,-38,29
4,129,69678,-2640,-15633,-3467,-38,-42,31
4,130,69683,-2613,-15668,-3448,-40,-40,31
4,131,69688,-2547,-15654,-3383,-42,-43,27
4,132,69693,-2606,-15670,-3323,-45,-44,25
4,133,69698,-2624,-15673,-3368,-42,-41,26
4,134,69703,-2616,-15727,-3393,-43,-36,27
4,135,69708,-2601,-15750,-3416,-40,-31,28
4,136,69713,-2595,-15732,-3380,-39,-23,25
4,137,69718,-2601,-15732,-3338,-42,-22,24
4,138,69723,-2595,-15678,-3317,-42,-21,26
4,139,69728,-2558,-15718,-3330,-41,-22,26
4,140,69733,-2589,-15746,-3311,-41,-21,25
4,141,69738,-2629,-15739,-3227,-42,-27,23
4,142,69743,-2592,-15792,-3201,-44,-36,23
4,143,69748,-2642,-15768,-3233,-43,-45,22
4,144,69753,-2661,-15726,-3383,-44,-49,21
4,145,69758,-2605,-15754,-3500,-43,-40,22
4,146,69763,-2611,-15752,-3500,-44,-28,20
4,147,69768,-2689,-15757,-3352,-43,-23,18
4,148,69773,-2777,-15717,-3273,-43,-23,16
4,149,69778,-2763,-15697,-3300,-46,-30,18
4,150,69783,-2699,-15718,-3286,-46,-34,16
4,151,69788,-2776,-15706,-3293,-45,-39,16
4,152,69793,-2756,-15734,-3276,-43,-48,14
4,153,69798,-2775,-15744,-3245,-43,-61,11
4,154,69803,-2782,-15734,-3193,-43,-66,8
4,155,69808,-2768,-15813,-3294,-45,-67,10
4,156,69813,-2679,-15866,-3367,-46,-64,8
4,157,69818,-2611,-15958,-3413,-47,-61,3
4,158,69823,-2720,-15943,-3339,-47,-51,1
4,159,69828,-2769,-15938,-3338,-44,-45,1
4,160,69833,-2752,-15897,-3519,-44,-31,0
4,161,69838,-2684,-15951,-3455,-44,-11,2
4,162,69843,-2752,-16056,-3268,-40,3,1
4,163,69848,-2704,-16087,-3128,-42,8,2
4,164,69853,-2742,-16082,-3168,-43,7,-2
4,165,69858,-2773,-16071,-3323,-40,5,-6
4,166,69863,-2798,-16052,-3417,-42,8,-6
4,167,69868,-2781,-16062,-3366,-42,12,-4
4,168,69873,-2749,-15950,-3275,-46,19,-3
4,169,69878,-2672,-15909,-3348,-42,27,-7
4,170,69883,-2764,-15943,-3436,-40,37,-8
4,171,69888,-2863,-15882,-3460,-42,42,-10
4,172,69893,-2814,-15791,-3403,-43,37,-9
4,173,69898,-2765,-15814,-3309,-45,31,-9
4,174,69903,-2686,-15761,-3454,-40,25,-14
4,175,69908,-2686,-15761,-3454,-40,25,-14
4,176,69913,-2815,-15698,-3443,-39,28,-15
4,177,69918,-2776,-15710,-3458,-40,27,-14
4,178,69923,-2635,-15678,-3486,-38,27,-15
4,179,69928,-2584,-15699,-3531,-40,32,-15
4,180,69933,-2679,-15672,-3480,-40,36,-16
4,181,69938,-2774,-15640,-3341,-39,38,-17
4,182,69943,-2786,-15625,-3364,-36,32,-11
4,183,69948,-2740,-15679,-3466,-35,36,-13
4,184,69953,-2732,-15694,-3528,-33,39,-14
4,185,69958,-2701,-15682,-3513,-34,52,-13
4,186,69963,-2699,-15682,-3572,-32,69,-14
4,187,69968,-2694,-15674,-3734,-28,85,-18
4,188,69973,-2815,-15657,-3719,-28,102,-16
4,189,69978,-2792,-15637,-3552,-28,114,-14
4,190,69983,-2701,-15608,-3451,-29,119,-17
4,191,69988,-2591,-15611,-3550,-24,127,-13
4,192,69993,-2586,-15591,-3599,-21,137,-14
4,193,69998,-2665,-15534,-3553,-21,135,-15
4,194,70003,-2682,-15510,-3322,-22,114,-12
4,195,70008,-2623,-15438,-3285,-22,87,-14
4,196,70013,-2526,-15468,-3261,-23,60,-10
4,197,70018,-2556,-15521,-3282,-21,36,-12
4,198,70023,-2624,-15556,-3241,-20,4,-17
4,199,70028,-2687,-15578,-3250,-23,-29,-16
4,200,70033,-2631,-15582,-3295,-24,-57,-15
4,201,70038,-2604,-15640,-3394,-23,-72,-14
4,202,70043,-2655,-15723,-3497,-21,-78,-14
4,203,70048,-2745,-15767,-3526,-21,-82,-15
4,204,70053,-2818,-15741,-3613,-20,-78,-14
4,205,70058,-2780,-15787,-3684,-18,-58,-13
4,206,70063,-2785,-15779,-3693,-14,-28,-15
4,207,70068,-2731,-15854,-3636,-14,3,-13
4,208,70073,-2637,-15893,-3626,-9,26,-14
4,209,70078,-2492,-15926,-3555,-7,50,-13
4,210,70083,-2564,-15964,-3425,-3,69,-15
4,211,70088,-2669,-15997,-3166,-4,71,-16
4,212,70093,-2661,-15962,-3106,-3,55,-14
4,213,70098,-2561,-15941,-3200,-4,41,-11
4,214,70103,-2420,-15949,-3312,-4,40,-10
4,215,70108,-2462,-15971,-3280,-3,42,-10
4,216,70113,-2589,-15903,-3295,-1,40,-10
4,217,70118,-2594,-15804,-3392,-1,35,-8
4,218,70123,-2510,-15748,-3512,-1,37,-8
4,219,70128,-2481,-15741,-3489,4,50,-5
4,220,70133,-2570,-15697,-3379,2,53,-7
4,221,70138,-2614,-15684,-3302,3,42,-5
4,222,70143,-2644,-15616,-3361,6,21,-3
4,223,70148,-2639,-15580,-3337,7,11,-3
4,224,70153,-2599,-15629,-3318,8,2,-4
4,225,70158,-2625,-15634,-3339,9,-10,-4
4,226,70163,-2640,-15647,-3401,10,-20,-2
4,227,70168,-2688,-15687,-3444,12,-23,-2
4,228,70173,-2695,-15734,-3418,13,-15,-5
4,229,70178,-2804,-15733,-3425,12,-7,-4
4,230,70183,-2766,-15783,-3488,13,2,-1
4,231,70188,-2696,-15775,-3609,17,22,0
4,232,70193,-2756,-15795,-3639,18,55,3
4,233,70198,-2808,-15889,-3573,24,88,-1
4,234,70203,-2860,-15855,-3483,25,106,-1
4,235,70208,-2806,-15848,-3464,26,121,1
4,236,70214,-2768,-15801,-3488,31,137,0
4,237,70244,-2674,-15760,-3467,49,116,0
4,238,70245,-2674,-15760,-3467,49,116,0
4,239,70246,-2674,-15760,-3467,49,116,0
4,240,70247,-2674,-15760,-3467,49,116,0
4,241,70247,-2674,-15760,-3467,49,116,0
4,242,70248,-2734,-15735,-3535,47,94,-1
4,243,70249,-2734,-15735,-3535,47,94,-1
4,244,70253,-2734,-15735,-3535,47,94,-1
4,245,70258,-2694,-15691,-3445,47,74,2
4,246,70263,-2611,-15621,-3412,50,59,0
4,247,70268,-2609,-15593,-3549,55,54,-1
4,248,70273,-2639,-15597,-3693,56,60,1
4,249,70278,-2748,-15541,-3730,58,60,2
4,250,70283,-2719,-15508,-3471,65,52,2
4,251,70288,-2666,-15506,-3364,64,51,-1
4,252,70293,-2751,-15522,-3475,66,53,0
4,253,70298,-2679,-15537,-3572,71,54,0
4,254,70303,-2739,-15550,-3466,70,52,0
4,255,70308,-2740,-15518,-3294,71,51,-1
4,256,70313,-2750,-15511,-3266,71,44,-3
4,257,70318,-2800,-15515,-3379,73,36,-2
4,258,70323,-2891,-15565,-3507,75,32,-5
4,259,70328,-2828,-15587,-3480,73,30,-4
4,260,70333,-2833,-15605,-3330,73,32,-7
4,261,70338,-2788,-15618,-3344,75,31,-9
4,262,70343,-2832,-15714,-3400,78,28,-10
4,263,70348,-2869,-15758,-3409,80,18,-15
4,264,70353,-2895,-15755,-3326,77,13,-13
4,265,70358,-2866,-15793,-3259,77,5,-12
4,266,70363,-2829,-15816,-3428,77,-2,-18
4,267,70368,-2787,-15805,-3526,78,2,-21
4,268,70373,-2829,-15832,-3569,78,12,-22
4,269,70378,-2860,-15852,-3505,81,20,-25
4,270,70383,-2719,-15837,-3586,81,32,-22
4,271,70388,-2631,-15906,-3600,87,53,-21
4,272,70393,-2706,-15855,-3538,89,81,-25
4,273,70398,-2723,-15890,-3477,87,99,-27
4,274,70403,-2621,-15887,-3464,86,109,-27
4,275,70408,-2501,-15903,-3471,87,125,-24
4,276,70413,-2439,-15945,-3272,86,141,-25
4,277,70418,-2461,-15948,-3174,89,141,-25
4,278,70423,-2469,-15970,-3267,86,132,-26
4,279,70428,-2273,-15961,-3323,84,128,-24
4,280,70433,-2187,-15952,-3202,82,129,-22
4,281,70438,-2233,-15989,-3042,80,123,-24
4,282,70443,-2244,-16008,-3077,80,101,-24
4,283,70448,-2258,-16006,-3164,79,74,-23
4,284,70453,-2202,-16013,-3203,77,58,-20
4,285,70458,-2190,-15994,-3136,73,47,-17
4,286,70463,-2236,-15988,-3145,71,38,-16
4,287,70468,-2279,-15944,-3275,68,30,-18
4,288,70473,-2246,-15934,-3377,69,25,-17
4,289,70478,-2257,-15841,-3380,67,27,-13
4,290,70483,-2279,-15791,-3350,65,33,-15
4,291,70488,-2297,-15761,-3402,67,31,-16
4,292,70493,-2316,-15749,-3437,65,32,-15
4,293,70498,-2409,-15727,-3407,64,35,-16
4,294,70503,-2427,-15679,-3327,62,35,-13
4,295,70508,-2358,-15669,-3326,59,30,-13
4,296,70513,-2222,-15689,-3445,62,31,-11
4,297,70518,-2180,-15733,-3468,59,39,-14
4,298,70523,-2255,-15727,-3367,59,40,-14
4,299,70528,-2321,-15729,-3189,59,30,-12
4,300,70533,-2351,-15730,-3170,55,13,-13
4,301,70538,-2263,-15792,-3206,52,0,-11
4,302,70543,-2243,-15878,-3238,50,-9,-11
4,303,70548,-2312,-15909,-3262,49,-20,-15
4,304,70553,-2350,-15924,-3323,48,-26,-15
4,305,70558,-2363,-15924,-3408,47,-27,-14
4,306,70563,-2288,-15952,-3521,45,-21,-13
4,307,70568,-2295,-15967,-3535,47,-10,-13
4,308,70573,-2395,-15966,-3425,44,2,-15
4,309,70578,-2460,-15964,-3365,42,3,-14
4,310,70583,-2477,-15931,-3338,40,3,-14
4,311,70588,-2462,-15904,-3367,39,6,-14
4,312,70593,-2473,-15908,-3333,40,8,-17
4,313,70598,-2488,-15914,-3305,40,-1,-17
4,314,70603,-2522,-15945,-3324,38,-15,-19
4,315,70608,-2495,-15960,-3386,36,-17,-21
4,316,70613,-2434,-16018,-3313,34,-17,-23
4,317,70618,-2465,-15987,-3224,30,-12,-22
4,318,70623,-2435,-16001,-3339,31,-9,-25
4,319,70628,-2428,-16031,-3453,30,-2,-26
4,320,70633,-2401,-16035,-3407,30,11,-27
4,321,70638,-2436,-16047,-3245,27,17,-27
4,322,70643,-2397,-16055,-3109,25,11,-28
4,323,70648,-2377,-16104,-3215,25,-6,-31
4,324,70653,-2402,-16109,-3258,19,-8,-31
4,325,70658,-2370,-16110,-3245,19,-17,-28
4,326,70663,-2389,-16189,-3160,18,-26,-31
4,327,70668,-2384,-16174,-3147,14,-35,-35
4,328,70673,-2440,-16199,-3245,13,-38,-35
4,329,70678,-2390,-16182,-3318,11,-35,-32
4,330,70683,-2363,-16122,-3417,9,-23,-30
4,331,70688,-2320,-16092,-3416,10,-7,-33
4,332,70693,-2368,-16043,-3329,9,3,-36
4,333,70698,-2410,-16026,-3219,7,11,-38
4,334,70703,-2369,-16035,-3175,6,9,-36
4,335,70708,-2321,-16012,-3213,7,5,-34
4,336,70713,-2297,-16021,-3289,6,2,-35
4,337,70718,-2309,-16025,-3233,5,-1,-38
4,338,70723,-2336,-16013,-3164,5,-7,-38
4,339,70728,-2345,-15990,-3097,3,-18,-38
4,340,70733,-2325,-16026,-3139,2,-27,-40
4,341,70738,-2228,-16087,-3117,0,-38,-38
4,342,70743,-2268,-16158,-3123,-1,-51,-37
4,343,70748,-2305,-16133,-3163,-3,-60,-38
4,344,70753,-2280,-16107,-3234,-3,-63,-39
4,345,70758,-2273,-16128,-3278,-4,-61,-39
4,346,70763,-2280,-16102,-3188,-7,-54,-36
4,347,70768,-2264,-16087,-3163,-6,-52,-36
4,348,70773,-2300,-16068,-3166,-4,-49,-36
4,349,70778,-2274,-16081,-3225,-4,-44,-36
4,350,70783,-2283,-16018,-3189,-6,-38,-35
4,351,70788,-2301,-16005,-3195,-4,-33,-39
4,352,70793,-2287,-16041,-3159,-6,-30,-36
4,353,70798,-2327,-16053,-3138,-6,-29,-34
4,354,70803,-2322,-16073,-3160,-6,-29,-35
4,355,70808,-2328,-16066,-3221,-9,-25,-36
4,356,70813,-2298,-16085,-3222,-6,-21,-36
4,357,70818,-2345,-16047,-3178,-4,-21,-35
4,358,70823,-2369,-16037,-3089,-6,-20,-32
4,359,70828,-2371,-15977,-3040,-5,-22,-35
4,360,70833,-2346,-15987,-3063,-5,-26,-32
4,361,70838,-2312,-15973,-3093,-4,-32,-35
4,362,70843,-2444,-15976,-3031,-6,-40,-36
4,363,70848,-2426,-15956,-3026,-10,-51,-32
4,364,70853,-2350,-15950,-3079,-8,-62,-33
4,365,70858,-2362,-15972,-3192,-6,-60,-34
4,366,70863,-2393,-15965,-3240,-8,-53,-35
4,367,70868,-2461,-15945,-3184,-8,-46,-34
4,368,70873,-2379,-15918,-3152,-5,-37,-34
4,369,70878,-2330,-15913,-3177,-3,-30,-34
4,370,70883,-2376,-15910,-3149,-3,-21,-33
4,371,70888,-2411,-15908,-3105,-2,-17,-35
4,372,70893,-2425,-15889,-3079,-1,-14,-31
4,373,70898,-2353,-15864,-3092,0,-14,-30
4,374,70903,-2353,-15862,-3128,-3,-9,-32
4,375,70908,-2375,-15876,-3131,-4,-10,-32
4,376,70913,-2432,-15838,-3103,-4,-11,-31
4,377,70918,-2474,-15813,-3123,-1,-13,-32
4,378,70923,-2483,-15827,-3101,0,-12,-30
4,379,70928,-2526,-15842,-3107,-1,-4,-29
4,380,70933,-2494,-15796,-3199,-1,3,-30
4,381,70938,-2363,-15751,-3242,0,14,-26
4,382,70943,-2330,-15746,-3214,-1,27,-26
4,383,70948,-2436,-15714,-3127,1,36,-26
4,384,70953,-2574,-15596,-3102,2,31,-25
4,385,70958,-2581,-15582,-3085,4,19,-24
4,386,70963,-2496,-15623,-3049,3,13,-17
4,387,70968,-2423,-15602,-2876,1,7,-14
4,388,70973,-2428,-15550,-2852,1,-2,-12
4,389,70978,-2496,-15554,-2927,3,-11,-12
4,390,70983,-2599,-15562,-3172,3,-18,-3
4,391,70988,-2394,-15597,-3484,-2,-6,7
4,392,70993,-2015,-15591,-3581,-1,28,20
4,393,70998,-1844,-15569,-3337,5,86,28
4,394,71003,-2135,-15425,-3126,7,135,29
4,395,71008,-2475,-15388,-3329,13,162,34
4,396,71013,-2189,-15663,-3591,20,215,69
4,397,71018,-1978,-15876,-3130,21,229,82
4,398,71023,-2108,-15942,-2596,20,208,86
4,399,71028,-2518,-15873,-2454,18,151,93
4,400,71033,-2812,-15748,-2667,18,87,105
4,401,71038,-2967,-15708,-2586,12,34,124
4,402,71043,-3007,-15811,-2296,7,-18,141
4,403,71048,-3044,-15812,-2407,3,-78,156
4,404,71053,-2826,-15778,-3016,-2,-120,170
4,405,71058,-2793,-15684,-3423,-1,-125,182
4,406,71063,-3048,-15600,-3437,1,-104,193
4,407,71068,-3319,-15563,-3404,2,-80,210
4,408,71073,-3177,-15607,-3533,3,-50,234
4,409,71078,-3012,-15674,-3538,6,-9,256
4,410,71083,-3021,-15692,-3247,12,30,269
4,411,71088,-3115,-15646,-3081,13,46,283
4,412,71093,-3127,-15600,-3009,12,41,301
4,413,71098,-3028,-15595,-3148,9,26,327
4,414,71103,-2873,-15649,-3003,10,8,353
4,415,71108,-2849,-15654,-2508,4,-31,374
4,416,71113,-3134,-15612,-2162,-3,-109,391
4,417,71118,-3418,-15596,-2353,-6,-202,415
4,418,71123,-3289,-15547,-2824,-15,-277,444
4,419,71128,-2998,-15499,-3041,-21,-311,470
4,420,71133,-3164,-15505,-2929,-25,-332,494
4,421,71138,-3647,-15549,-3018,-26,-363,512
4,422,71143,-3848,-15441,-3265,-26,-394,532
4,423,71148,-3637,-15376,-3568,-31,-400,565
4,424,71153,-3470,-15447,-3742,-31,-369,595
4,425,71158,-3746,-15401,-3535,-27,-331,611
4,426,71163,-4062,-15332,-3462,-26,-309,633
4,427,71168,-4222,-15266,-3486,-27,-299,655
4,428,71173,-4305,-15318,-3385,-32,-284,681
4,429,71178,-4481,-15367,-3146,-34,-274,713
4,430,71183,-4544,-15371,-3011,-40,-277,734
4,431,71188,-4487,-15477,-3138,-43,-295,755
4,432,71193,-4619,-15330,-3266,-41,-308,769
4,433,71198,-4843,-15209,-3303,-45,-306,788
4,434,71203,-4964,-15308,-3370,-45,-299,812
4,435,71208,-5001,-15218,-3466,-48,-295,831
4,436,71213,-5062,-14841,-3131,-49,-292,861
4,437,71218,-5050,-15530,-3266,-58,-299,914
4,438,71223,-4951,-15528,-3720,-63,-300,910
4,439,71228,-5265,-14990,-3737,-70,-262,904
4,440,71233,-5422,-15445,-3701,-62,-219,934
4,441,71238,-5471,-15018,-3241,-63,-190,945
4,442,71243,-5411,-15426,-2890,-60,-202,986
4,443,71248,-5498,-15344,-3433,-64,-245,992
4,444,71253,-5663,-15314,-3296,-68,-249,1003
4,445,71258,-5877,-15374,-3536,-76,-229,1018
4,446,71263,-5958,-15283,-3368,-75,-197,1033
4,447,71268,-5939,-15441,-3255,-77,-180,1053
4,448,71273,-5926,-15396,-3298,-77,-190,1061
4,449,71278,-6054,-15402,-3292,-78,-201,1072
4,450,71283,-6282,-15302,-3549,-78,-198,1081
4,451,71288,-6359,-15282,-3832,-78,-169,1092
4,452,71293,-6372,-15256,-3877,-75,-119,1109
4,453,71298,-6249,-15256,-3750,-75,-70,1113
4,454,71303,-6346,-15219,-3592,-75,-40,1112
4,455,71308,-6479,-15035,-3481,-74,-35,1116
4,456,71313,-6677,-14999,-3412,-73,-31,1122
4,457,71318,-6953,-15029,-3281,-72,-30,1129
4,458,71323,-6982,-15058,-3326,-74,-42,1133
4,459,71328,-6790,-15117,-3284,-76,-39,1137
4,460,71333,-6640,-15076,-3444,-74,-33,1135
4,461,71338,-6797,-15103,-3432,-74,-15,1133
4,462,71343,-7069,-15046,-3477,-73,-5,1129
4,463,71348,-7100,-15038,-3568,-70,3,1131
4,464,71353,-6935,-15128,-3519,-72,20,1131
4,465,71358,-6927,-15151,-3252,-68,42,1125
4,466,71363,-6962,-15135,-3231,-68,41,1117
4,467,71368,-7181,-15056,-3304,-62,40,1106
4,468,71373,-7238,-15038,-3496,-65,32,1099
4,469,71378,-7145,-15081,-3607,-64,37,1095
4,470,71383,-6902,-15121,-3121,-60,49,1076
4,471,71388,-7058,-15101,-3009,-57,38,1066
4,472,71393,-7284,-15004,-3156,-56,17,1047
4,473,71398,-7289,-14960,-3200,-57,3,1039
4,474,71403,-7201,-15029,-3103,-59,-4,1030
4,475,71408,-7076,-14996,-2971,-56,-13,1015
4,476,71413,-7149,-15085,-2914,-56,-36,998
4,477,71418,-7188,-14864,-3236,-55,-63,973
4,478,71423,-7220,-14788,-3213,-50,-64,962
4,479,71428,-7286,-14824,-3284,-49,-57,945
4,480,71433,-7108,-14824,-3442,-46,-48,928
4,481,71438,-7148,-14842,-3142,-48,-28,910
4,482,71443,-6959,-14779,-3433,-43,-29,886
4,483,71448,-6976,-14801,-3515,-42,-9,864
4,484,71453,-7125,-14691,-3351,-34,22,839
4,485,71458,-7097,-14583,-3596,-32,37,820
4,486,71463,-7108,-14646,-3235,-28,82,809
4,487,71468,-6993,-14652,-3146,-24,95,780
4,488,71473,-6969,-14587,-3106,-25,101,754
4,489,71478,-7004,-14662,-3233,-22,108,730
4,490,71483,-6998,-14445,-3357,-17,108,700
4,491,71488,-6915,-14458,-3268,-23,104,679
4,492,71493,-6772,-14616,-3067,-15,107,657
4,493,71498,-6674,-14570,-2993,-12,96,624
4,494,71503,-6702,-14620,-3016,-10,81,597
4,495,71508,-6762,-14682,-2757,-11,43,568
4,496,71513,-6844,-14548,-2362,-17,-19,537
4,497,71518,-6672,-14767,-2025,-20,-97,513
4,498,71523,-6853,-14552,-2016,-22,-169,480
4,499,71528,-6801,-14890,-2592,-21,-239,444
4,500,71533,-6983,-14352,-3219,-20,-271,397
4,501,71538,-6962,-14075,-3233,-18,-266,378
4,502,71543,-6828,-14234,-3354,-16,-260,370
4,503,71548,-6799,-14288,-3330,-13,-237,340
4,504,71553,-6927,-14132,-3503,-9,-205,304
4,505,71558,-6681,-12516,-5165,29,-133,323
4,506,71563,-7501,-15585,-3204,21,-13,372
4,507,71568,-7031,-14209,-4566,-34,-44,196
4,508,71573,-6671,-14343,-3174,-43,96,113
4,509,71578,-6520,-13424,-3719,16,225,55
4,510,71583,-7794,-13510,-2858,63,274,103
4,511,71588,-7691,-14594,-2354,54,137,108
4,512,71593,-7054,-13666,-3490,27,-16,25
4,513,71598,-6291,-14052,-3696,9,51,2
4,514,71603,-6813,-13895,-3831,31,216,-48
4,515,71608,-7651,-13828,-2597,43,321,-77
4,516,71613,-7551,-13885,-2096,35,203,-106
4,517,71618,-6819,-13617,-2471,29,10,-153
4,518,71623,-6369,-13791,-2992,23,-96,-181
4,519,71628,-6872,-13865,-3212,34,-85,-216
4,520,71633,-7356,-13835,-3517,41,-59,-256
4,521,71638,-7360,-13700,-3592,37,-44,-299
4,522,71643,-6825,-13649,-3709,28,-48,-334
4,523,71648,-6635,-13764,-3249,36,-16,-361
4,524,71653,-6834,-13971,-3191,46,1,-393
4,525,71658,-7144,-14087,-3396,55,-2,-435
4,526,71663,-7117,-13974,-3848,57,-7,-478
4,527,71668,-6855,-13887,-3934,57,31,-512
4,528,71673,-6690,-13995,-3517,59,99,-547
4,529,71678,-6797,-14066,-3072,65,149,-580
4,530,71683,-6916,-14119,-3005,70,161,-612
4,531,71688,-6935,-14141,-3176,68,153,-646
4,532,71693,-6843,-14176,-3257,70,146,-677
4,533,71698,-6779,-14220,-3164,70,160,-709
4,534,71703,-6621,-14259,-3171,74,177,-748
4,535,71708,-6528,-14318,-3413,82,187,-784
4,536,71713,-6569,-14301,-3546,86,207,-819
4,537,71718,-6611,-14297,-3430,84,224,-854
4,538,71723,-6605,-14334,-2973,85,237,-879
4,539,71728,-6357,-14396,-3203,95,223,-907
4,540,71733,-6538,-14305,-2558,97,223,-939
4,541,71738,-5669,-14287,-4217,104,144,-970
4,542,71743,-6401,-14815,-3362,115,258,-989
4,543,71748,-6847,-14312,-2322,101,169,-1063
4,544,71753,-5838,-14554,-3391,111,113,-1082
4,545,71758,-5717,-14250,-3884,118,122,-1115
4,546,71763,-5936,-14711,-3400,108,151,-1130
4,547,71768,-6281,-14515,-2803,115,173,-1171
4,548,71773,-5956,-14549,-3387,122,164,-1193
4,549,71778,-5673,-14578,-3676,124,184,-1218
4,550,71783,-5762,-14594,-3425,132,221,-1239
4,551,71788,-5893,-14624,-3005,138,243,-1261
4,552,71793,-5795,-14607,-3183,138,230,-1286
4,553,71798,-5361,-14724,-3768,143,223,-1305
4,554,71803,-5194,-14672,-3806,150,245,-1324
4,555,71808,-5133,-14787,-3349,152,255,-1337
4,556,71813,-5136,-14887,-2850,155,235,-1352
4,557,71818,-4959,-15051,-2654,156,190,-1373
4,558,71823,-4908,-15129,-2581,160,135,-1395
4,559,71828,-4880,-15261,-2306,158,61,-1409
4,560,71833,-4932,-15282,-2108,155,-35,-1421
4,561,71838,-4910,-15313,-2167,149,-138,-1435
4,562,71843,-5316,-15351,-2500,144,-237,-1450
4,563,71848,-4460,-15634,-3121,144,-267,-1451
4,564,71853,-4502,-15912,-2231,138,-296,-1469
4,565,71858,-4733,-16279,-2963,131,-348,-1488
4,566,71863,-4612,-15707,-3616,147,-326,-1518
4,567,71868,-4320,-16021,-3953,140,-288,-1493
4,568,71873,-3982,-16420,-3886,142,-195,-1491
4,569,71878,-3904,-16287,-3051,150,-115,-1517
4,570,71883,-3961,-16356,-3120,153,-99,-1526
4,571,71888,-4211,-16209,-3042,159,-89,-1537
4,572,71893,-4234,-16440,-2804,155,-92,-1527
4,573,71898,-4264,-16229,-2518,156,-104,-1524
4,574,71903,-3939,-16564,-2481,154,-129,-1511
4,575,71908,-3634,-16575,-2848,153,-152,-1520
4,576,71913,-3560,-16513,-2984,156,-156,-1529
4,577,71918,-3740,-16632,-2988,158,-157,-1528
4,578,71923,-3894,-16552,-2817,161,-154,-1530
4,579,71928,-3507,-16749,-2954,160,-149,-1518
4,580,71933,-2942,-16942,-3050,160,-120,-1508
4,581,71938,-2857,-17106,-2796,162,-82,-1509
4,582,71943,-3032,-17075,-2765,165,-72,-1512
4,583,71948,-3152,-16948,-2785,163,-74,-1509
4,584,71953,-3041,-16898,-2854,161,-76,-1500
4,585,71958,-2871,-16917,-2552,162,-76,-1491
4,586,71963,-2839,-16938,-2345,162,-90,-1483
4,587,71968,-3019,-16902,-2369,160,-122,-1483
4,588,71973,-3106,-16750,-2562,158,-158,-1481
4,589,71978,-2905,-16605,-2849,158,-177,-1466
4,590,71983,-2714,-16760,-2980,158,-169,-1455
4,591,71988,-2620,-16738,-2974,155,-155,-1451
4,592,71993,-2505,-16684,-3109,155,-130,-1438
4,593,71998,-2365,-16583,-3488,160,-83,-1427
4,594,72003,-2312,-16542,-3741,165,-9,-1415
4,595,72008,-2765,-16808,-3304,167,84,-1397
4,596,72013,-3801,-16578,-2903,160,79,-1413
4,597,72018,-5345,-9970,-6799,192,164,-1374
4,598,72023,10389,-15852,-25768,431,219,-1286
4,599,72028,-18733,-22153,-32768,1103,747,-1389
4,600,72033,-32768,3202,-6011,1328,7299,-869
4,601,72055,-32768,-14224,28811,352,-2554,-1188
4,602,72055,-32768,-14224,28811,352,-2554,-1188
4,603,72056,-32768,-14224,28811,352,-2554,-1188
4,604,72057,-32768,-14224,28811,352,-2554,-1188
4,605,72058,-32768,-14224,28811,352,-2554,-1188
4,606,72063,-25492,1522,1376,-529,-9403,-189
4,607,72068,23392,-12983,-29137,-525,-10641,1179
4,608,72073,32767,-26806,-29492,-183,-6062,888
4,609,72078,-1656,-22670,-1208,114,-808,-127
4,610,72083,-32768,-15056,-1018,135,-996,-124
4,611,72088,-19679,-10674,-19653,238,-2642,500
4,612,72093,15213,-14525,-19039,336,-2054,865
4,613,72098,20193,-18446,-1218,314,-8,670
4,614,72103,1426,-17863,-7990,212,967,323
4,615,72108,-19764,-17301,-8447,376,1954,387
4,616,72113,-15135,-13861,-8029,282,1563,564
4,617,72118,12412,-18867,5915,149,1247,748
4,618,72123,2226,-18501,10310,320,1497,463
4,619,72128,-10452,-17342,5506,365,910,383
4,620,72133,-10736,-14940,-4906,275,-196,470
4,621,72138,-661,-14650,-6771,84,-832,603
4,622,72143,5593,-16965,4507,6,-551,632
4,623,72148,3451,-18386,4655,76,-389,479
4,624,72153,-4169,-17559,-1847,186,-427,363
4,625,72158,-7000,-15789,-8322,147,-808,377
4,626,72163,-4206,-14694,-7005,27,-988,479
4,627,72168,1034,-15960,-3648,-18,-700,553
4,628,72173,1611,-17369,-1456,80,-132,513
4,629,72178,-1891,-17117,-3841,187,239,404
4,630,72183,-5600,-16381,-5118,136,249,382
4,631,72188,-4651,-15315,-4316,84,14,407
4,632,72193,-1617,-15361,-3077,38,18,442
4,633,72198,64,-15975,-810,50,318,436
4,634,72203,-1713,-16865,-1156,95,535,428
4,635,72208,-3573,-16846,-2255,104,441,379
4,636,72213,-3973,-15553,-2092,47,117,336
4,637,72218,-2182,-15483,-2073,-10,-120,357
4,638,72223,-1215,-15876,-1873,-14,-32,372
4,639,72228,-1541,-16292,-2283,18,154,352
4,640,72233,-2775,-16312,-2911,31,217,325
4,641,72238,-3118,-16059,-2926,8,93,297
4,642,72243,-2403,-15563,-2773,-33,-47,271
4,643,72248,-1790,-15779,-2425,-47,-29,279
4,644,72253,-1839,-16258,-2627,-33,111,282
4,645,72258,-2403,-16314,-2956,-14,205,268
4,646,72263,-2770,-16321,-2857,-28,173,243
4,647,72268,-2698,-15985,-2414,-64,77,212
4,648,72273,-2142,-15875,-2106,-80,41,209
4,649,72278,-1895,-16107,-2306,-76,91,210
4,650,72283,-2222,-16359,-2641,-69,141,198
4,651,72288,-2635,-16258,-2648,-75,121,180
4,652,72293,-2610,-16128,-2478,-100,44,160
4,653,72298,-2331,-15999,-2350,-115,3,144
4,654,72303,-2048,-16092,-2518,-115,42,140
4,655,72308,-2130,-16274,-2687,-108,109,134
4,656,72313,-2368,-16334,-2675,-108,122,119
4,657,72318,-2448,-16268,-2474,-124,81,99
4,658,72323,-2200,-16175,-2466,-142,42,83
4,659,72328,-2122,-16165,-2455,-147,59,76
4,660,72333,-2129,-16316,-2318,-143,90,73
4,661,72338,-2272,-16322,-2312,-144,84,59
4,662,72343,-2383,-16271,-2235,-157,34,44
4,663,72348,-2366,-16269,-2255,-170,-21,31
4,664,72353,-2337,-16232,-2239,-176,-41,25
4,665,72358,-2336,-16327,-2319,-176,-33,18
4,666,72363,-2371,-16422,-2376,-178,-31,11
4,667,72368,-2389,-16464,-2502,-184,-43,0
4,668,72373,-2394,-16443,-2542,-194,-60,-18
4,669,72378,-2430,-16432,-2528,-197,-58,-29
4,670,72383,-2510,-16386,-2492,-198,-38,-32
4,671,72388,-2568,-16453,-2520,-194,-21,-39
4,672,72393,-2543,-16455,-2512,-197,-23,-50
4,673,72398,-2567,-16347,-2486,-204,-34,-61
4,674,72403,-2618,-16300,-2384,-207,-34,-68
4,675,72408,-2641,-16363,-2380,-207,-23,-72
4,676,72413,-2662,-16361,-2523,-207,-10,-78
4,677,72418,-2638,-16403,-2601,-207,9,-83
4,678,72423,-2680,-16359,-2797,-208,27,-90
4,679,72428,-2690,-16289,-2881,-208,58,-99
4,680,72433,-2711,-16263,-2970,-208,108,-102
4,681,72438,-2672,-16235,-2988,-202,164,-105
4,682,72443,-2561,-16202,-3034,-195,222,-107
4,683,72448,-2362,-16193,-3035,-192,272,-113
4,684,72453,-2301,-16157,-2852,-190,308,-120
4,685,72458,-2495,-16103,-2495,-188,324,-125
4,686,72463,-2538,-16049,-2299,-185,309,-130
4,687,72468,-2394,-16054,-2243,-179,277,-128
4,688,72473,-2305,-16157,-2176,-177,238,-127
4,689,72478,-2269,-16216,-1971,-186,192,-130
4,690,72483,-2304,-16125,-2124,-188,65,-134
4,691,72488,-2237,-16117,-2428,-189,20,-133
4,692,72493,-2200,-16171,-2594,-189,-5,-128
4,693,72498,-2219,-16183,-2486,-184,-22,-129
4,694,72503,-2285,-16247,-2503,-185,-41,-135
4,695,72508,-2243,-16069,-2876,-176,-52,-139
4,696,72513,-2268,-16006,-2850,-170,-44,-134
4,697,72518,-2334,-16120,-2718,-174,-38,-125
4,698,72523,-2353,-15982,-2590,-168,-33,-134
4,699,72528,-2396,-16048,-2683,-164,-34,-131
4,700,72533,-2412,-15946,-2859,-159,-25,-130
4,701,72538,-2396,-15908,-2777,-151,-8,-124
4,702,72543,-2346,-15923,-2717,-150,-5,-122
4,703,72548,-2418,-15752,-2675,-146,-8,-127
4,704,72553,-2461,-15840,-2732,-139,-20,-122
4,705,72558,-2518,-15804,-2624,-136,-21,-124
4,706,72563,-2501,-15864,-2509,-136,-26,-119
4,707,72568,-2472,-15879,-2596,-132,-36,-119
4,708,72573,-2417,-15854,-2823,-124,-41,-117
4,709,72578,-2400,-15848,-2973,-120,-35,-116
4,710,72583,-2492,-15848,-2945,-115,-20,-112
4,711,72588,-2510,-15834,-2775,-112,-9,-110
4,712,72593,-2526,-15805,-2657,-105,-4,-110
4,713,72598,-2531,-15839,-2634,-101,0,-107
4,714,72603,-2638,-15828,-2577,-97,1,-108
4,715,72608,-2674,-15805,-2548,-93,-9,-107
4,716,72613,-2587,-15803,-2575,-94,-26,-106
4,717,72618,-2499,-15783,-2588,-89,-40,-105
4,718,72623,-2484,-15786,-2757,-83,-50,-107
4,719,72628,-2608,-15741,-2825,-80,-55,-105
4,720,72633,-2695,-15732,-2789,-80,-58,-103
4,721,72638,-2737,-15675,-2735,-78,-58,-103
4,722,72643,-2705,-15727,-2784,-76,-52,-99
4,723,72648,-2656,-15753,-2926,-71,-34,-97
4,724,72653,-2641,-15697,-3071,-63,-13,-104
4,725,72658,-2716,-15605,-3069,-58,7,-104
4,726,72663,-2707,-15514,-2988,-54,24,-103
4,727,72668,-2647,-15592,-2886,-49,37,-99
4,728,72673,-2637,-15690,-2759,-45,49,-97
4,729,72678,-2635,-15813,-2606,-42,52,-98
4,730,72683,-2681,-15849,-2651,-43,50,-96
4,731,72688,-2632,-15827,-2777,-40,52,-100
4,732,72693,-2580,-15771,-2953,-37,63,-102
4,733,72698,-2479,-15751,-2935,-33,79,-101
4,734,72703,-2468,-15792,-2819,-31,89,-96
4,735,72708,-2431,-15807,-2813,-27,98,-95
4,736,72713,-2415,-15826,-2814,-24,106,-96
4,737,72718,-2347,-15851,-2786,-25,105,-96
4,738,72723,-2386,-15879,-2488,-23,106,-92
4,739,72728,-2333,-15957,-2433,-22,89,-95
4,740,72733,-2441,-15846,-2525,-24,68,-99
4,741,72738,-2405,-15957,-2581,-18,58,-96
4,742,72743,-2459,-15776,-2699,-23,45,-94
4,743,72748,-2361,-15890,-2636,-20,45,-86
4,744,72753,-2344,-15789,-3185,-21,46,-95
4,745,72758,-2317,-15670,-3160,-15,76,-98
4,746,72763,-2469,-15757,-3238,-13,90,-88
4,747,72768,-2324,-15695,-3036,-8,103,-94
4,748,72773,-2256,-15738,-3013,-5,100,-91
4,749,72778,-2259,-15880,-3040,-6,98,-91
4,750,72783,-2382,-15861,-2875,0,102,-93
4,751,72788,-2443,-15942,-2908,4,97,-90
4,752,72793,-2391,-15953,-2905,6,93,-91
4,753,72798,-2317,-15995,-2952,8,89,-93
4,754,72803,-2297,-16070,-2960,7,89,-90
4,755,72808,-2378,-16023,-2851,10,84,-89
4,756,72813,-2354,-16008,-3146,13,80,-91
4,757,72818,-2185,-15999,-3397,17,93,-90
4,758,72823,-2066,-16039,-3522,18,123,-86
4,759,72828,-2068,-16049,-3455,22,163,-86
4,760,72833,-2056,-15971,-3352,26,192,-87
4,761,72838,-2027,-15963,-3262,31,210,-87
4,762,72843,-1995,-16000,-3135,34,217,-84
4,763,72848,-1949,-16013,-2951,39,215,-81
4,764,72853,-1977,-15954,-2749,42,176,-82
4,765,72858,-1961,-15895,-2755,39,148,-79
4,766,72863,-1965,-15851,-2839,38,124,-78
4,767,72868,-1911,-15870,-2880,38,101,-76
4,768,72873,-1821,-15862,-2961,43,80,-71
4,769,72878,-1824,-15874,-3077,41,63,-73
4,770,72883,-1822,-15853,-3060,40,46,-74
4,771,72888,-1842,-15733,-3111,40,31,-71
4,772,72893,-1778,-15706,-3172,42,20,-65
4,773,72898,-1759,-15706,-2990,45,14,-65
4,774,72903,-1913,-15833,-2741,43,2,-62
4,775,72908,-1985,-15880,-2705,41,-23,-62
4,776,72913,-1849,-15950,-2918,39,-38,-61
4,777,72918,-1761,-15970,-3118,40,-42,-60
4,778,72923,-1823,-15939,-3157,45,-36,-58
4,779,72928,-1951,-15871,-3200,42,-32,-55
4,780,72933,-1965,-15777,-3251,42,-28,-53
4,781,72938,-1791,-15724,-3279,46,-12,-50
4,782,72943,-1805,-15736,-3265,46,5,-51
4,783,72948,-1979,-15707,-2967,48,6,-51
4,784,72953,-2161,-15839,-2723,45,-11,-49
4,785,72958,-2257,-15961,-2698,38,-38,-50
4,786,72963,-2186,-16053,-2889,38,-50,-45
4,787,72968,-2010,-16154,-3055,39,-33,-40
4,788,72973,-1930,-16132,-3218,39,-7,-42
4,789,72978,-2073,-16078,-3367,36,18,-48
4,790,72983,-2200,-15991,-3436,38,37,-46
4,791,72988,-2108,-15945,-3390,40,54,-39
4,792,72993,-1947,-15916,-3219,40,66,-39
4,793,72998,-1906,-15839,-3048,42,66,-37
4,794,73003,-1936,-15688,-2965,46,46,-39
4,795,73008,-1960,-15543,-2985,40,4,-39
4,796,73013,-1945,-15434,-3012,38,-44,-38
4,797,73018,-1923,-15439,-2911,38,-91,-34
4,798,73023,-2061,-15552,-2683,35,-146,-31
4,799,73028,-2279,-15742,-2546,27,-209,-31
4,800,73033,-2461,-15925,-2711,23,-264,-33
4,801,73038,-2407,-16073,-3215,23,-280,-32
4,802,73043,-2258,-16115,-3697,25,-242,-28
4,803,73048,-2239,-16160,-3950,22,-169,-32
4,804,73053,-2268,-16172,-3872,26,-89,-33
4,805,73058,-2311,-16093,-3729,33,-11,-33
4,806,73063,-2303,-16082,-3539,40,67,-27
4,807,73068,-2291,-16078,-3292,45,124,-26
4,808,73073,-2293,-16074,-2989,47,156,-26
4,809,73078,-2233,-16092,-2795,44,156,-28
4,810,73083,-2134,-16164,-2685,44,137,-26
4,811,73088,-2062,-16198,-2565,40,109,-24
4,812,73093,-2054,-16249,-2450,37,71,-22
4,813,73098,-2079,-16204,-2495,32,23,-19
4,814,73103,-2048,-16267,-2632,31,-26,-20
4,815,73108,-2006,-16319,-2806,27,-62,-18
4,816,73113,-1982,-16346,-2878,22,-85,-14
4,817,73118,-2023,-16328,-2882,22,-102,-11
4,818,73123,-1954,-16208,-3041,24,-109,-9
4,819,73128,-1859,-16226,-3189,20,-109,-7
4,820,73133,-1828,-16205,-3302,21,-100,-7
4,821,73138,-1880,-16170,-3137,25,-90,-4
4,822,73143,-1947,-16121,-3071,25,-86,-3
4,823,73148,-1928,-16065,-3101,27,-88,2
4,824,73153,-1962,-16102,-3087,27,-84,2
4,825,73158,-2023,-16147,-3052,27,-79,6
4,826,73163,-2010,-16200,-2984,28,-74,9
4,827,73168,-1963,-16221,-3007,26,-66,12
4,828,73173,-2002,-16214,-3100,30,-54,14
4,829,73178,-2028,-16242,-3122,31,-32,17
4,830,73183,-2102,-16213,-3054,29,-13,18
4,831,73188,-2065,-16215,-2956,31,4,21
4,832,73193,-2061,-16237,-2953,31,19,22
4,833,73198,-2061,-16177,-2998,31,34,24
4,834,73203,-2077,-16140,-2966,31,42,26
4,835,73208,-2079,-16076,-2839,31,38,28
4,836,73213,-2042,-16032,-2819,32,27,30
4,837,73218,-1914,-16030,-2854,30,-7,33
4,838,73223,-1973,-16051,-2792,27,-26,33
4,839,73228,-2035,-16005,-2858,27,-41,34
4,840,73233,-1965,-15978,-2933,21,-47,37
4,841,73238,-1940,-15997,-2957,23,-47,37
4,842,73243,-1961,-15996,-2965,23,-42,41
4,843,73248,-2007,-15974,-2951,21,-36,44
4,844,73253,-2017,-15920,-2969,21,-28,43
4,845,73258,-2039,-15828,-3004,19,-23,43
4,846,73263,-2031,-15805,-2994,17,-10,45
4,847,73268,-2099,-15862,-2880,19,4,48
4,848,73273,-2105,-15990,-2805,18,10,49
4,849,73278,-2039,-16109,-2894,17,16,51
4,850,73283,-1931,-16151,-2930,16,23,55
4,851,73288,-1899,-16071,-2845,15,30,57
4,852,73293,-1974,-15999,-2822,9,33,53
4,853,73298,-2002,-15904,-2816,9,31,53
4,854,73303,-1953,-15855,-2821,11,26,58
4,855,73308,-1899,-15802,-2786,8,20,57
4,856,73313,-1891,-15681,-2717,7,3,59
4,857,73318,-1949,-15622,-2655,3,-23,58
4,858,73323,-2041,-15687,-2717,-1,-52,58
4,859,73328,-2023,-15796,-2843,-4,-77,62
4,860,73333,-2010,-15990,-2831,-8,-86,62
4,861,73338,-1925,-16125,-2885,-9,-88,65
4,862,73343,-1932,-16147,-3048,-10,-71,63
4,863,73348,-1910,-16196,-3135,-9,-45,63
4,864,73353,-1980,-16134,-3089,-10,-21,65
4,865,73358,-1991,-16090,-2924,-13,-1,64
4,866,73363,-1917,-15984,-2851,-11,13,69
4,867,73368,-1939,-15939,-2884,-9,20,68
4,868,73373,-1973,-15844,-2943,-12,14,69
4,869,73378,-1973,-15776,-2904,-16,3,67
4,870,73383,-1945,-15662,-2867,-19,-18,68
4,871,73388,-1922,-15626,-2797,-22,-48,68
4,872,73393,-1988,-15562,-2883,-21,-81,70
4,873,73398,-2085,-15625,-2843,-20,-119,70
4,874,73403,-2230,-15700,-2781,-29,-152,68
4,875,73408,-2325,-15801,-2861,-34,-175,65
4,876,73413,-2333,-15962,-3073,-30,-180,66
4,877,73418,-2309,-16084,-3331,-29,-158,66
4,878,73423,-2262,-16130,-3457,-30,-118,62
4,879,73428,-2327,-16141,-3400,-25,-74,59
4,880,73433,-2361,-16096,-3352,-26,-29,58
4,881,73438,-2352,-16095,-3298,-26,11,56
4,882,73443,-2424,-16041,-3184,-19,44,52
4,883,73448,-2455,-16024,-3048,-17,66,51
4,884,73453,-2478,-16031,-2956,-19,65,49
4,885,73458,-2377,-16009,-2887,-19,59,45
4,886,73463,-2316,-16011,-2913,-19,51,46
4,887,73468,-2307,-16060,-2896,-17,39,43
4,888,73473,-2337,-16097,-2854,-17,21,40
4,889,73478,-2348,-16022,-2870,-21,-6,36
4,890,73483,-2331,-16050,-2939,-22,-33,35
4,891,73488,-2294,-16041,-2933,-20,-44,34
4,892,73493,-2343,-16072,-2921,-20,-54,30
4,893,73498,-2341,-16069,-2918,-18,-63,28
4,894,73503,-2396,-16066,-3006,-19,-65,28
4,895,73508,-2329,-16106,-3112,-18,-55,24
4,896,73513,-2302,-16145,-3081,-12,-40,22
4,897,73518,-2336,-16182,-3018,-11,-25,18
4,898,73523,-2343,-16181,-3002,-7,-2,18
4,899,73528,-2308,-16166,-3215,-7,25,16
4,900,73533,-2244,-16163,-3270,-3,65,13
4,901,73538,-2214,-16131,-3140,0,103,14
4,902,73543,-2157,-16103,-2954,0,126,11
4,903,73548,-2152,-16010,-2845,2,137,9
4,904,73553,-2159,-15994,-2817,5,138,10
4,905,73558,-2102,-15988,-2762,4,139,8
4,906,73563,-2088,-15983,-2669,3,132,9
4,907,73568,-1955,-16064,-2542,5,113,10
4,908,73573,-1962,-16017,-2518,4,82,4
4,909,73578,-1948,-16045,-2512,3,48,4
4,910,73583,-1894,-16038,-2630,2,17,7
4,911,73588,-1861,-16057,-2712,-1,-32,2
4,912,73593,-1925,-16012,-2706,-2,-56,5
4,913,73598,-1976,-15974,-2736,-2,-69,3
4,914,73603,-1969,-15984,-2891,-2,-77,4
4,915,73608,-1939,-15980,-2973,-2,-73,6
4,916,73613,-1967,-16005,-2973,1,-58,6
4,917,73618,-2022,-16030,-2894,0,-50,6
4,918,73623,-2066,-16018,-2843,0,-48,2
4,919,73628,-2062,-15991,-2920,2,-43,5
4,920,73633,-2051,-15980,-2956,2,-31,5
4,921,73638,-2124,-15959,-2930,4,-12,2
4,922,73643,-2174,-15967,-2885,5,3,1
4,923,73648,-2134,-15979,-2940,6,14,2
4,924,73653,-2101,-15959,-3030,9,24,0
4,925,73658,-2067,-15937,-3048,12,34,0
4,926,73663,-2100,-15899,-2975,10,37,-1
4,927,73668,-2188,-15828,-2766,9,25,-2
4,928,73673,-2228,-15903,-2645,6,13,-2
4,929,73678,-2180,-15952,-2646,5,-1,-3
4,930,73683,-2069,-15984,-2797,11,-7,-5
4,931,73688,-2074,-16013,-2915,12,-10,-7
4,932,73693,-2070,-15966,-2864,8,-13,-7
4,933,73698,-2117,-15890,-2774,7,-22,-7
4,934,73703,-2101,-15841,-2843,9,-30,-7
4,935,73708,-2121,-15922,-2926,9,-37,-8
4,936,73713,-2204,-15993,-2893,6,-40,-8
4,937,73718,-2276,-16060,-2856,7,-46,-11
4,938,73723,-2246,-16035,-2848,6,-52,-14
4,939,73728,-2117,-16013,-3048,5,-45,-12
4,940,73733,-2086,-16015,-3153,8,-23,-11
4,941,73738,-2177,-16015,-3141,9,-2,-14
4,942,73743,-2260,-15964,-2984,11,7,-16
4,943,73748,-2187,-15896,-2854,8,7,-19
4,944,73753,-2127,-15876,-2812,11,6,-16
4,945,73758,-2213,-15964,-2754,13,1,-18
4,946,73763,-2358,-16118,-2631,8,-16,-22
4,947,73768,-2379,-16255,-2637,3,-37,-21
4,948,73773,-2270,-16230,-2841,3,-46,-21
4,949,73778,-2174,-16206,-3122,3,-32,-24
4,950,73783,-2173,-16132,-3314,5,-6,-27
4,951,73788,-2236,-16048,-3337,10,15,-31
4,952,73793,-2260,-16011,-3155,7,29,-27
4,953,73798,-2198,-15898,-2977,8,34,-26
4,954,73803,-2180,-15858,-2900,13,38,-31
4,955,73808,-2184,-15870,-2862,15,34,-32
4,956,73813,-2331,-15941,-2762,13,15,-35
4,957,73818,-2366,-16053,-2669,10,-7,-34
4,958,73823,-2206,-16105,-2640,6,-27,-34
4,959,73828,-2016,-16167,-2676,7,-42,-33
4,960,73833,-2033,-16179,-2833,6,-56,-33
4,961,73838,-2178,-16054,-2918,6,-63,-37
4,962,73843,-2233,-15996,-3039,1,-67,-38
4,963,73848,-2229,-15987,-3124,3,-66,-35
4,964,73853,-2127,-16011,-3042,3,-56,-34
4,965,73858,-2143,-16032,-2941,4,-47,-35
4,966,73863,-2272,-16021,-2896,4,-43,-39
4,967,73868,-2340,-15996,-2951,4,-43,-41
4,968,73873,-2276,-16014,-3053,8,-37,-38
4,969,73878,-2180,-16070,-3047,9,-19,-41
4,970,73883,-2146,-16148,-2957,9,-9,-43
4,971,73888,-2191,-16139,-2827,8,-12,-43
4,972,73893,-2233,-16096,-2867,8,-18,-45
4,973,73898,-2181,-15999,-2919,7,-20,-40
4,974,73903,-2133,-16018,-2954,9,-15,-40
4,975,73908,-2133,-16032,-2921,11,-8,-43
4,976,73913,-2143,-15993,-2885,12,-9,-43
4,977,73918,-2113,-15992,-2926,9,-9,-45
4,978,73923,-2106,-16035,-3012,10,-7,-43
4,979,73928,-2065,-16083,-3089,13,-1,-43
4,980,73933,-1968,-16073,-2974,12,3,-40
4,981,73938,-1972,-16022,-2773,12,1,-40
4,982,73943,-2050,-16001,-2726,13,-3,-42
4,983,73948,-2148,-16031,-2797,13,-13,-42
4,984,73953,-2130,-15941,-2860,13,-31,-40
4,985,73958,-2045,-15894,-2854,10,-30,-41
4,986,73963,-2084,-15906,-2927,10,-25,-39
4,987,73968,-2105,-15907,-3033,15,-17,-41
4,988,73973,-2140,-15919,-3011,14,-10,-39
4,989,73978,-2097,-15923,-2900,11,-5,-38
4,990,73983,-2040,-15978,-2802,12,-5,-38
4,991,73988,-1992,-15994,-2807,17,-10,-36
4,992,73993,-2046,-15976,-2869,17,-9,-36
4,993,73998,-2085,-15944,-2871,18,-16,-37
4,994,74003,-2110,-15961,-2800,13,-28,-37
4,995,74008,-2086,-16031,-2780,13,-38,-33
4,996,74013,-2041,-16066,-2807,13,-42,-32
4,997,74018,-2007,-16104,-2906,14,-38,-34
4,998,74023,-2022,-16075,-2965,15,-30,-33
4,999,74028,-2100,-16026,-2993,16,-23,-33
5,0,78413,-1766,-15852,-3685,-16,-24,-4
5,1,78418,-1760,-15817,-3660,-14,-9,-2
5,2,78423,-1850,-15832,-3630,-16,4,-5
5,3,78428,-1842,-15855,-3589,-13,11,-3
5,4,78433,-1881,-15834,-3515,-12,16,-3
5,5,78438,-1931,-15818,-3418,-14,16,-2
5,6,78443,-1942,-15804,-3490,-13,7,-4
5,7,78448,-1916,-15786,-3595,-11,4,-5
5,8,78453,-1976,-15750,-3632,-15,0,-6
5,9,78458,-1980,-15711,-3650,-16,1,-6
5,10,78463,-1986,-15723,-3660,-15,-1,-6
5,11,78468,-2016,-15736,-3705,-15,-1,-6
5,12,78473,-2024,-15734,-3729,-14,3,-12
5,13,78478,-2012,-15744,-3807,-12,7,-11
5,14,78483,-2051,-15758,-3791,-13,12,-11
5,15,78488,-2002,-15802,-3728,-9,15,-15
5,16,78493,-1973,-15880,-3748,-7,23,-15
5,17,78498,-1972,-15973,-3709,-7,27,-14
5,18,78503,-1956,-16014,-3653,-8,28,-18
5,19,78508,-1968,-16004,-3630,-10,28,-17
5,20,78513,-1889,-16014,-3752,-9,32,-13
5,21,78518,-1790,-16019,-3833,-8,45,-12
5,22,78523,-1761,-16067,-3821,-5,61,-15
5,23,78528,-1767,-16051,-3770,-4,70,-15
5,24,78533,-1684,-16003,-3740,-6,72,-16
5,25,78538,-1663,-15975,-3734,-7,73,-14
5,26,78543,-1587,-15983,-3731,-3,73,-14
5,27,78548,-1599,-16039,-3705,-1,67,-13
5,28,78553,-1640,-16035,-3576,-3,53,-12
5,29,78558,-1602,-16091,-3490,-3,29,-12
5,30,78563,-1546,-16125,-3555,-5,7,-14
5,31,78568,-1569,-16160,-3607,-6,-16,-10
5,32,78573,-1606,-16149,-3653,-5,-29,-9
5,33,78578,-1607,-16136,-3707,-5,-44,-7
5,34,78583,-1580,-16171,-3726,-4,-50,-6
5,35,78588,-1625,-16168,-3705,-8,-55,-7
5,36,78593,-1657,-16149,-3654,-6,-59,-7
5,37,78598,-1699,-16159,-3738,-6,-59,-4
5,38,78603,-1681,-16138,-3811,-4,-56,-5
5,39,78608,-1684,-16080,-3887,-5,-48,-2
5,40,78613,-1661,-15976,-3844,-3,-35,-1
5,41,78618,-1667,-15923,-3816,0,-25,-2
5,42,78623,-1655,-15918,-3802,3,-21,-1
5,43,78628,-1671,-15866,-3758,2,-18,1
5,44,78633,-1669,-15837,-3696,2,-21,3
5,45,78638,-1707,-15811,-3617,6,-31,4
5,46,78643,-1719,-15796,-3594,4,-41,0
5,47,78648,-1676,-15792,-3632,3,-50,3
5,48,78653,-1699,-15805,-3686,4,-53,6
5,49,78658,-1745,-15823,-3803,5,-50,4
5,50,78663,-1758,-15840,-3804,5,-44,5
5,51,78668,-1773,-15825,-3778,3,-38,6
5,52,78673,-1798,-15839,-3715,7,-35,5
5,53,78678,-1800,-15865,-3706,8,-27,6
5,54,78683,-1799,-15830,-3764,9,-24,7
5,55,78688,-1812,-15815,-3744,9,-16,5
5,56,78693,-1771,-15828,-3757,9,-6,8
5,57,78698,-1781,-15785,-3712,11,1,9
5,58,78703,-1775,-15744,-3718,12,10,7
5,59,78708,-1791,-15702,-3704,9,13,6
5,60,78713,-1739,-15685,-3640,10,12,6
5,61,78718,-1754,-15643,-3615,11,13,14
5,62,78723,-1781,-15626,-3594,8,10,12
5,63,78728,-1777,-15550,-3583,8,3,8
5,64,78733,-1786,-15534,-3608,10,-4,11
5,65,78738,-1826,-15496,-3653,9,-5,11
5,66,78743,-1829,-15496,-3706,7,-6,10
5,67,78748,-1759,-15467,-3804,4,-7,9
5,68,78753,-1691,-15406,-3896,7,0,8
5,69,78758,-1672,-15391,-3954,6,6,6
5,70,78763,-1695,-15445,-3974,6,15,8
5,71,78768,-1622,-15480,-3869,10,21,9
5,72,78773,-1570,-15611,-3807,9,32,12
5,73,78778,-1511,-15717,-3654,9,37,13
5,74,78783,-1571,-15811,-3571,12,41,14
5,75,78788,-1534,-15850,-3555,12,41,12
5,76,78793,-1478,-15915,-3614,9,37,13
5,77,78798,-1417,-16008,-3595,5,31,15
5,78,78803,-1380,-16099,-3453,5,28,17
5,79,78808,-1399,-16196,-3306,2,18,18
5,80,78813,-1458,-16244,-3339,1,2,18
5,81,78818,-1498,-16332,-3445,-3,-10,21
5,82,78823,-1481,-16276,-3545,-4,-11,24
5,83,78828,-1396,-16259,-3642,-5,-7,27
5,84,78833,-1427,-16251,-3695,-5,-5,28
5,85,78838,-1488,-16249,-3694,-5,0,25
5,86,78843,-1534,-16231,-3682,-6,-4,26
5,87,78848,-1594,-16126,-3583,-8,-15,30
5,88,78853,-1606,-16128,-3581,-9,-27,31
5,89,78858,-1677,-16152,-3627,-11,-40,30
5,90,78863,-1726,-16060,-3712,-15,-44,28
5,91,78868,-1716,-16037,-3838,-12,-47,31
5,92,78873,-1741,-15990,-3875,-13,-50,30
5,93,78878,-1756,-15969,-3889,-12,-50,33
5,94,78883,-1765,-15923,-3939,-11,-51,32
5,95,78888,-1774,-15860,-4009,-9,-48,32
5,96,78893,-1848,-15829,-4053,-9,-42,32
5,97,78898,-1848,-15824,-4059,-6,-36,30
5,98,78903,-1845,-15863,-3913,-2,-30,34
5,99,78908,-1874,-15885,-3917,-3,-30,33
5,100,78913,-1781,-15950,-3915,-3,-21,31
5,101,78918,-1817,-16020,-3884,0,-12,32
5,102,78923,-1798,-16101,-3837,2,-7,32
5,103,78928,-1905,-16117,-3669,0,-2,30
5,104,78933,-1965,-16182,-3530,-2,-4,30
5,105,78938,-1992,-16221,-3482,-1,-8,30
5,106,78943,-1951,-16273,-3510,-3,-14,28
5,107,78948,-2009,-16336,-3540,-3,-20,26
5,108,78953,-2072,-16332,-3522,-4,-31,28
5,109,78958,-2055,-16309,-3590,-5,-39,29
5,110,78963,-2081,-16281,-3627,-7,-44,24
5,111,78968,-2123,-16208,-3700,-8,-46,26
5,112,78973,-2152,-16167,-3802,-3,-44,23
5,113,78978,-2196,-16125,-3917,-3,-38,24
5,114,78983,-2140,-16103,-3985,-3,-30,22
5,115,78988,-2128,-16014,-3981,-1,-16,20
5,116,78993,-2131,-15976,-4012,4,-3,18
5,117,78998,-2111,-15953,-4128,8,9,18
5,118,79003,-2168,-15950,-4234,10,23,18
5,119,79008,-2207,-15915,-4160,13,39,14
5,120,79013,-2149,-15944,-3983,14,47,18
5,121,79018,-2062,-16011,-3871,17,51,16
5,122,79023,-2069,-16064,-3854,22,54,16
5,123,79028,-2050,-16132,-3855,22,60,12
5,124,79033,-1965,-16126,-3781,23,65,12
5,125,79038,-1863,-16103,-3756,25,71,14
5,126,79043,-1765,-16103,-3636,26,74,15
5,127,79048,-1800,-16082,-3595,26,68,13
5,128,79053,-1846,-16035,-3535,27,58,15
5,129,79058,-1883,-16007,-3510,27,39,16
5,130,79063,-1775,-16032,-3562,26,25,17
5,131,79068,-1786,-15988,-3682,25,17,18
5,132,79073,-1827,-15935,-3824,24,13,17
5,133,79078,-1863,-15870,-4014,28,9,17
5,134,79083,-1825,-15755,-4142,27,9,19
5,135,79088,-1844,-15661,-4342,29,10,20
5,136,79093,-1897,-15600,-4479,34,13,23
5,137,79098,-1885,-15645,-4535,49,25,22
5,138,79103,-1970,-15789,-4476,55,27,22
5,139,79108,-2036,-15976,-4486,59,32,19
5,140,79113,-1776,-16160,-4481,63,42,24
5,141,79118,-1509,-16270,-4265,65,55,24
5,142,79123,-1572,-16348,-3767,68,66,24
5,143,79128,-1712,-16402,-3612,71,57,20
5,144,79133,-1715,-16428,-3767,74,45,23
5,145,79138,-1516,-16465,-3775,76,39,33
5,146,79143,-1443,-16504,-3455,72,33,31
5,147,79148,-1615,-16491,-3025,66,15,32
5,148,79153,-1666,-16518,-3118,63,-21,32
5,149,79158,-1652,-16396,-3453,65,-45,33
5,150,79163,-1510,-16347,-3550,67,-54,36
5,151,79168,-1548,-16203,-3389,61,-55,42
5,152,79173,-1716,-16030,-3311,59,-65,39
5,153,79178,-1859,-15893,-3349,59,-80,39
5,154,79183,-1900,-15806,-3451,58,-88,42
5,155,79188,-2080,-15668,-3371,59,-89,45
5,156,79193,-2113,-15728,-3186,59,-96,49
5,157,79198,-2116,-15730,-3236,51,-110,46
5,158,79203,-2305,-15494,-3210,46,-116,39
5,159,79208,-2504,-15507,-3251,50,-121,41
5,160,79213,-2398,-15355,-3506,47,-123,34
5,161,79218,-2087,-15294,-3606,49,-115,35
5,162,79223,-1929,-15219,-3700,51,-100,33
5,163,79228,-1932,-15023,-3750,53,-79,26
5,164,79233,-1993,-14915,-3930,54,-49,26
5,165,79238,-1979,-14844,-3833,53,-11,27
5,166,79243,-1827,-14901,-3471,55,17,34
5,167,79248,-1678,-14941,-3223,53,24,35
5,168,79253,-1647,-14889,-3120,56,15,31
5,169,79258,-1720,-14838,-3246,56,1,29
5,170,79263,-1817,-14825,-3387,56,-3,29
5,171,79268,-1692,-14903,-3396,54,-7,34
5,172,79273,-1534,-15056,-3133,52,-8,38
5,173,79278,-1502,-15273,-2789,47,-23,37
5,174,79283,-1653,-15400,-2594,44,-58,36
5,175,79288,-1884,-15440,-2603,42,-107,33
5,176,79293,-1987,-15492,-2700,39,-156,32
5,177,79298,-2030,-15574,-2775,31,-186,38
5,178,79303,-1955,-15682,-2831,30,-206,41
5,179,79308,-1939,-15677,-2927,27,-213,41
5,180,79313,-1979,-15723,-2954,25,-217,38
5,181,79318,-2100,-15784,-2953,24,-216,35
5,182,79323,-2018,-15821,-2973,24,-208,37
5,183,79328,-2047,-16035,-2965,24,-181,37
5,184,79333,-2154,-16144,-3085,23,-154,35
5,185,79338,-2101,-16190,-3195,24,-126,36
5,186,79343,-2052,-16093,-3176,28,-98,35
5,187,79348,-2012,-16013,-3167,25,-66,33
5,188,79353,-2011,-15927,-3190,25,-39,35
5,189,79358,-1978,-15899,-3265,27,-16,39
5,190,79363,-1978,-15848,-3380,29,1,37
5,191,79368,-2057,-15786,-3374,30,17,35
5,192,79373,-2071,-15733,-3494,30,33,34
5,193,79378,-2003,-15627,-3596,34,45,34
5,194,79383,-2017,-15535,-3618,35,55,38
5,195,79388,-2107,-15391,-3548,37,63,37
5,196,79393,-2259,-15312,-3523,42,60,33
5,197,79398,-2278,-15347,-3538,45,53,32
5,198,79403,-2253,-15428,-3549,45,50,33
5,199,79408,-2215,-15536,-3499,48,52,29
5,200,79413,-2284,-15619,-3476,53,54,26
5,201,79418,-2288,-15716,-3495,55,48,23
5,202,79423,-2307,-15838,-3563,56,40,18
5,203,79428,-2267,-15962,-3504,60,45,18
5,204,79433,-2163,-16025,-3510,60,57,19
5,205,79438,-2033,-16145,-3502,63,77,20
5,206,79443,-2119,-16166,-3535,65,106,14
5,207,79448,-2211,-16239,-3462,68,131,11
5,208,79453,-2265,-16258,-3340,70,144,11
5,209,79458,-2170,-16359,-3205,69,157,13
5,210,79463,-2018,-16363,-3438,77,206,7
5,211,79468,-2161,-16256,-3597,76,233,3
5,212,79473,-2172,-16154,-3604,75,255,3
5,213,79478,-1952,-16014,-3559,79,272,5
5,214,79483,-1777,-15973,-3417,83,293,6
5,215,79488,-1759,-16022,-3332,87,306,6
5,216,79493,-1820,-15960,-3188,85,302,0
5,217,79498,-1831,-15770,-3131,84,288,0
5,218,79503,-1798,-15725,-3066,87,271,0
5,219,79508,-1869,-15741,-3113,84,253,-1
5,220,79513,-1877,-15845,-3045,82,228,0
5,221,79518,-1883,-15787,-2862,79,189,-1
5,222,79523,-1940,-15858,-2611,77,141,-4
5,223,79528,-2069,-15809,-2505,74,91,-6
5,224,79533,-2101,-15761,-2610,69,46,-8
5,225,79538,-2177,-15761,-2694,66,9,-12
5,226,79543,-2256,-15601,-2785,64,-24,-14
5,227,79548,-2207,-15588,-2926,60,-47,-19
5,228,79553,-2249,-15427,-3165,58,-54,-23
5,229,79558,-2217,-15425,-3172,53,-48,-25
5,230,79563,-2281,-15341,-3265,55,-34,-31
5,231,79568,-2434,-15350,-3269,58,-23,-35
5,232,79573,-2599,-15390,-3316,58,-4,-35
5,233,79578,-2533,-15450,-3416,58,22,-39
5,234,79583,-2463,-15441,-3404,58,60,-42
5,235,79588,-2421,-15359,-3306,61,101,-46
5,236,79593,-2504,-15378,-3291,63,128,-53
5,237,79598,-2660,-15387,-3437,59,144,-61
5,238,79603,-2560,-15487,-3490,62,158,-62
5,239,79608,-2498,-15478,-3307,62,170,-62
5,240,79613,-2380,-15518,-3193,64,180,-67
5,241,79618,-2388,-15514,-3283,63,181,-71
5,242,79623,-2295,-15501,-3425,66,182,-73
5,243,79628,-2191,-15509,-3570,68,188,-76
5,244,79633,-2129,-15594,-3485,68,195,-79
5,245,79638,-2100,-15673,-3460,68,200,-82
5,246,79643,-2081,-15727,-3489,71,198,-82
5,247,79648,-2050,-15790,-3441,74,193,-82
5,248,79653,-2103,-15844,-3327,74,183,-83
5,249,79658,-2191,-15947,-3162,78,168,-90
5,250,79663,-2213,-16016,-3205,75,138,-91
5,251,79668,-2159,-15965,-3256,77,104,-91
5,252,79673,-2182,-15997,-3320,76,72,-94
5,253,79678,-2273,-15921,-3348,74,41,-99
5,254,79683,-2277,-15861,-3462,75,12,-100
5,255,79688,-2229,-15819,-3665,76,-12,-101
5,256,79693,-2172,-15815,-3856,81,-17,-104
5,257,79698,-2257,-15795,-3874,87,-19,-108
5,258,79703,-2356,-15717,-3868,88,-22,-107
5,259,79708,-2343,-15727,-3916,92,-17,-109
5,260,79713,-2372,-15774,-3858,96,-7,-112
5,261,79718,-2404,-15814,-3703,101,9,-115
5,262,79723,-2475,-15796,-3632,107,13,-118
5,263,79728,-2536,-15804,-3696,109,9,-119
5,264,79733,-2546,-15746,-3738,111,13,-125
5,265,79738,-2539,-15747,-3736,117,22,-129
5,266,79743,-2549,-15844,-3566,119,39,-130
5,267,79748,-2462,-15926,-3395,121,54,-134
5,268,79753,-2320,-15997,-3378,128,77,-136
5,269,79758,-2124,-16114,-3479,133,113,-138
5,270,79763,-2004,-16255,-3450,133,154,-138
5,271,79768,-1968,-16381,-3203,133,194,-142
5,272,79773,-1828,-16385,-2878,137,219,-140
5,273,79778,-1546,-16537,-2729,139,234,-136
5,274,79783,-1305,-16705,-2694,141,251,-137
5,275,79788,-1210,-16859,-2424,140,260,-133
5,276,79793,-1218,-16942,-2098,138,241,-132
5,277,79798,-1196,-17021,-1884,132,200,-131
5,278,79803,-1142,-17140,-1795,122,156,-124
5,279,79808,-996,-17236,-1796,117,115,-121
5,280,79813,-986,-17252,-1948,115,78,-118
5,281,79818,-995,-17212,-2113,108,42,-114
5,282,79823,-958,-17122,-2311,103,19,-112
5,283,79828,-866,-17133,-2474,95,22,-99
5,284,79833,-1002,-17111,-2515,93,29,-92
5,285,79838,-1146,-17035,-2528,91,36,-90
5,286,79843,-1248,-16865,-2672,89,44,-93
5,287,79848,-1209,-16768,-2752,86,59,-83
5,288,79853,-1240,-16602,-2775,86,81,-80
5,289,79858,-1307,-16454,-2729,86,94,-82
5,290,79863,-1356,-16287,-2841,82,95,-80
5,291,79868,-1401,-16163,-2960,82,92,-77
5,292,79873,-1305,-16091,-2960,82,97,-72
5,293,79878,-1243,-16027,-2860,78,105,-70
5,294,79883,-1215,-15985,-2778,78,102,-66
5,295,79888,-1138,-15923,-2779,76,93,-67
5,296,79893,-1155,-15849,-2810,74,79,-68
5,297,79898,-1247,-15857,-2785,73,66,-67
5,298,79903,-1171,-15958,-2668,72,57,-63
5,299,79908,-1104,-15983,-2614,69,51,-56
5,300,79913,-1048,-16055,-2660,65,48,-55
5,301,79918,-1073,-16074,-2679,61,45,-56
5,302,79923,-1133,-16032,-2621,55,42,-54
5,303,79928,-1152,-15959,-2673,54,39,-52
5,304,79933,-1035,-15943,-2750,52,41,-46
5,305,79938,-1000,-15981,-2787,51,53,-41
5,306,79943,-1094,-16022,-2626,45,58,-45
5,307,79948,-1161,-16023,-2471,39,51,-45
5,308,79953,-1087,-15996,-2506,35,39,-38
5,309,79958,-958,-16031,-2617,34,35,-33
5,310,79963,-978,-16088,-2668,29,35,-32
5,311,79968,-1065,-16072,-2660,25,30,-31
5,312,79973,-1145,-16055,-2644,22,18,-30
5,313,79978,-1114,-16048,-2598,17,2,-29
5,314,79983,-1104,-16038,-2561,15,-2,-26
5,315,79988,-1144,-16070,-2575,8,-5,-22
5,316,79993,-1198,-16127,-2564,6,-17,-19
5,317,79998,-1231,-16105,-2572,2,-39,-20
5,318,80003,-1189,-16108,-2625,-4,-52,-19
5,319,80008,-1104,-16131,-2747,-5,-57,-16
5,320,80013,-1088,-16163,-2836,-7,-55,-13
5,321,80018,-1167,-16212,-2945,-12,-49,-13
5,322,80023,-1211,-16197,-2962,-14,-47,-11
5,323,80028,-1186,-16222,-2928,-16,-42,-9
5,324,80033,-1165,-16217,-2899,-15,-33,-6
5,325,80038,-1204,-16276,-2760,-16,-28,-4
5,326,80043,-1257,-16337,-2805,-17,-27,0
5,327,80048,-1246,-16335,-2837,-23,-29,0
5,328,80053,-1250,-16339,-2904,-22,-25,1
5,329,80058,-1254,-16312,-2840,-22,-21,2
5,330,80063,-1279,-16348,-2771,-24,-17,2
5,331,80068,-1291,-16413,-2775,-28,-19,4
5,332,80073,-1323,-16438,-2793,-28,-25,5
5,333,80078,-1362,-16418,-2807,-30,-32,5
5,334,80083,-1394,-16396,-2850,-35,-39,9
5,335,80088,-1367,-16431,-2898,-33,-39,10
5,336,80093,-1346,-16354,-2984,-32,-40,13
5,337,80098,-1303,-16305,-3004,-36,-37,12
5,338,80103,-1343,-16328,-3024,-35,-33,9
5,339,80108,-1332,-16369,-2943,-33,-30,14
5,340,80113,-1342,-16367,-2920,-36,-35,17
5,341,80118,-1352,-16326,-3029,-34,-35,15
5,342,80123,-1387,-16347,-2981,-32,-36,14
5,343,80128,-1477,-16330,-2941,-33,-42,18
5,344,80133,-1511,-16294,-2877,-35,-51,19
5,345,80138,-1429,-16305,-2917,-37,-52,19
5,346,80143,-1376,-16337,-3008,-34,-45,21
5,347,80148,-1403,-16327,-3050,-31,-40,21
5,348,80153,-1434,-16320,-2995,-31,-40,20
5,349,80158,-1476,-16274,-2933,-35,-41,22
5,350,80163,-1510,-16311,-2840,-35,-44,24
5,351,80168,-1542,-16363,-2770,-35,-45,26
5,352,80173,-1577,-16360,-2823,-34,-52,26
5,353,80178,-1620,-16344,-3036,-31,-50,26
5,354,80183,-1590,-16306,-3153,-31,-43,29
5,355,80188,-1494,-16323,-3041,-33,-32,31
5,356,80193,-1512,-16356,-2868,-33,-27,27
5,357,80198,-1556,-16351,-2923,-32,-38,29
5,358,80203,-1529,-16233,-3001,-32,-33,30
5,359,80208,-1546,-16204,-3060,-30,-21,32
5,360,80213,-1536,-16152,-2943,-28,-14,33
5,361,80218,-1430,-16129,-2826,-32,-12,33
5,362,80223,-1401,-16061,-2850,-34,-13,36
5,363,80228,-1317,-16050,-2862,-32,-15,37
5,364,80233,-1336,-16045,-2907,-32,-12,36
5,365,80238,-1380,-16023,-2850,-33,-11,40
5,366,80243,-1337,-16000,-2785,-33,-14,46
5,367,80248,-1187,-15954,-2784,-34,-19,48
5,368,80253,-1142,-15936,-2671,-35,-18,52
5,369,80258,-1257,-15915,-2660,-36,-24,52
5,370,80263,-1392,-15920,-2655,-36,-41,51
5,371,80268,-1386,-15936,-2735,-39,-62,54
5,372,80273,-1354,-15910,-2718,-41,-79,62
5,373,80278,-1394,-15956,-2694,-43,-87,63
5,374,80283,-1465,-15930,-2685,-45,-96,62
5,375,80288,-1592,-15894,-2736,-50,-109,64
5,376,80293,-1692,-15897,-2810,-47,-119,69
5,377,80298,-1752,-15832,-2811,-49,-123,75
5,378,80303,-1661,-15781,-2869,-53,-124,80
5,379,80308,-1501,-15787,-2949,-57,-113,87
5,380,80313,-1334,-15726,-2994,-56,-93,91
5,381,80318,-1478,-15658,-2969,-57,-74,94
5,382,80323,-1635,-15617,-2913,-58,-59,98
5,383,80328,-1423,-15616,-2973,-63,-41,109
5,384,80333,-1210,-15599,-2953,-64,-18,120
5,385,80338,-1160,-15605,-2878,-63,8,129
5,386,80343,-1229,-15624,-2881,-61,21,137
5,387,80348,-1341,-15595,-2974,-68,16,144
5,388,80353,-1328,-15485,-2906,-75,-8,155
5,389,80358,-1248,-15463,-2801,-80,-39,168
5,390,80363,-1369,-15523,-2480,-83,-79,179
5,391,80368,-1609,-15586,-2292,-92,-143,185
5,392,80373,-1865,-15624,-2359,-94,-227,197
5,393,80378,-2005,-15719,-2444,-98,-310,210
5,394,80383,-2309,-15798,-2522,-117,-382,223
5,395,80388,-2298,-15954,-2520,-130,-445,239
5,396,80393,-2404,-15872,-2737,-135,-487,248
5,397,80398,-2667,-15882,-3261,-142,-501,260
5,398,80403,-2883,-15832,-3833,-144,-480,271
5,399,80408,-2845,-15713,-4144,-145,-426,290
5,400,80413,-2791,-15758,-4190,-147,-357,302
5,401,80418,-3023,-15855,-4017,-141,-285,311
5,402,80423,-3257,-15796,-3900,-140,-230,314
5,403,80428,-3432,-15851,-3786,-141,-192,333
5,404,80433,-3625,-15759,-3632,-143,-155,350
5,405,80438,-3584,-15813,-3573,-149,-132,362
5,406,80443,-3435,-15819,-3473,-153,-116,375
5,407,80448,-3390,-15773,-3373,-155,-111,385
5,408,80453,-3535,-15701,-3320,-164,-125,398
5,409,80458,-3615,-15648,-3481,-166,-147,413
5,410,80463,-3655,-15763,-3638,-172,-167,429
5,411,80468,-3485,-15801,-3603,-178,-177,446
5,412,80473,-3394,-15881,-3456,-180,-178,463
5,413,80478,-3392,-15972,-3492,-186,-184,474
5,414,80483,-3346,-15957,-3568,-192,-192,491
5,415,80488,-3248,-16042,-3594,-197,-198,512
5,416,80493,-3317,-16091,-3592,-199,-199,527
5,417,80498,-3424,-16194,-3535,-202,-201,545
5,418,80503,-3419,-16283,-3626,-208,-208,562
5,419,80508,-3310,-16229,-3653,-216,-207,580
5,420,80513,-3279,-16124,-3700,-220,-195,599
5,421,80518,-3327,-16119,-3839,-221,-177,617
5,422,80523,-3630,-16000,-3845,-223,-158,633
5,423,80528,-3718,-15949,-3848,-227,-153,652
5,424,80533,-3495,-15884,-3992,-231,-141,677
5,425,80538,-3330,-15896,-3952,-232,-116,695
5,426,80543,-3540,-15970,-3794,-232,-97,710
5,427,80548,-3949,-15901,-3646,-237,-100,724
5,428,80553,-4042,-15801,-3891,-243,-123,746
5,429,80558,-3743,-15783,-4091,-248,-123,760
5,430,80563,-3736,-15896,-3466,-244,-67,821
5,431,80568,-3833,-15500,-3890,-246,-102,807
5,432,80573,-4023,-15107,-3679,-255,-115,817
5,433,80578,-4117,-15634,-3996,-266,-126,856
5,434,80583,-4005,-15195,-3487,-268,-115,847
5,435,80588,-3885,-15245,-3146,-267,-130,874
5,436,80593,-3971,-15360,-3496,-270,-183,892
5,437,80598,-4233,-15130,-3504,-269,-232,890
5,438,80603,-4350,-15078,-4031,-275,-278,906
5,439,80608,-4328,-15069,-4178,-277,-271,924
5,440,80613,-4289,-15196,-4074,-279,-235,939
5,441,80618,-4385,-15222,-3820,-278,-206,948
5,442,80623,-4575,-15176,-3855,-278,-208,955
5,443,80628,-4622,-15143,-3940,-278,-209,968
5,444,80633,-4569,-15115,-4021,-279,-199,978
5,445,80638,-4601,-15174,-3988,-277,-180,986
5,446,80643,-4716,-15207,-3856,-275,-166,994
5,447,80648,-4851,-15110,-3694,-276,-170,998
5,448,80653,-4940,-15025,-3872,-277,-185,1004
5,449,80658,-4969,-15002,-3925,-275,-196,1010
5,450,80663,-5015,-14951,-3903,-279,-204,1020
5,451,80668,-5080,-14885,-3835,-279,-216,1022
5,452,80673,-5196,-14834,-3946,-277,-233,1021
5,453,80678,-5299,-14658,-4115,-272,-264,1023
5,454,80683,-5428,-14636,-3883,-271,-286,1026
5,455,80688,-5638,-14627,-3557,-272,-318,1020
5,456,80693,-5837,-14624,-3494,-268,-363,1017
5,457,80698,-5803,-14653,-3818,-266,-410,1015
5,458,80703,-5845,-14646,-3956,-265,-443,1013
5,459,80708,-5928,-14758,-3944,-263,-465,1009
5,460,80713,-6076,-14760,-4054,-257,-476,1002
5,461,80718,-6260,-14794,-4300,-250,-471,994
5,462,80723,-6326,-14820,-4409,-244,-442,988
5,463,80728,-6309,-14860,-4485,-236,-397,981
5,464,80733,-6174,-14970,-4399,-228,-340,975
5,465,80738,-6287,-14959,-4200,-220,-291,963
5,466,80743,-6319,-14965,-4043,-213,-267,947
5,467,80748,-6530,-14852,-4169,-207,-251,933
5,468,80753,-6399,-14811,-4336,-199,-234,921
5,469,80758,-6378,-14846,-4078,-192,-202,912
5,470,80763,-6304,-14981,-3712,-187,-186,903
5,471,80768,-6386,-14999,-3820,-183,-202,879
5,472,80773,-6547,-14912,-3806,-173,-216,860
5,473,80778,-6537,-14818,-4106,-168,-232,844
5,474,80783,-6684,-14741,-3725,-161,-228,832
5,475,80788,-6707,-14797,-3609,-161,-256,811
5,476,80793,-6828,-14716,-3729,-154,-277,786
5,477,80798,-6768,-14693,-4085,-143,-301,765
5,478,80803,-6926,-14600,-4131,-134,-296,743
5,479,80808,-7063,-14641,-3729,-129,-292,721
5,480,80813,-7075,-14579,-4036,-123,-307,692
5,481,80818,-7208,-14584,-3760,-110,-287,671
5,482,80823,-7036,-14485,-4278,-104,-294,642
5,483,80828,-7300,-14363,-4258,-92,-257,619
5,484,80833,-7260,-14299,-4329,-80,-220,588
5,485,80838,-7304,-14092,-4689,-68,-175,562
5,486,80843,-7308,-14307,-4128,-57,-115,542
5,487,80848,-7433,-14114,-4206,-50,-87,510
5,488,80853,-7236,-14233,-4336,-37,-50,479
5,489,80858,-7233,-14048,-4499,-20,8,448
5,490,80863,-7089,-14080,-4471,-8,78,424
5,491,80868,-7048,-14199,-4324,3,149,398
5,492,80873,-6960,-14221,-4056,18,218,365
5,493,80878,-6849,-14274,-4153,22,262,334
5,494,80883,-6882,-14419,-3807,33,306,305
5,495,80888,-6754,-14493,-3698,42,326,270
5,496,80893,-6474,-14468,-3578,51,343,246
5,497,80898,-6224,-14515,-3646,60,361,220
5,498,80903,-6402,-14537,-3213,72,373,194
5,499,80908,-6490,-14596,-3039,69,338,160
5,500,80913,-6357,-14595,-3075,75,302,130
5,501,80918,-6043,-14588,-3245,79,261,101
5,502,80923,-6128,-14682,-2896,83,236,77
5,503,80928,-6161,-14779,-2951,88,182,46
5,504,80933,-6127,-14626,-3392,97,90,-9
5,505,80938,-6132,-14605,-3461,101,73,-37
5,506,80943,-6202,-14635,-3332,104,59,-64
5,507,80948,-6219,-14601,-3487,115,57,-89
5,508,80953,-6212,-14541,-3718,121,51,-121
5,509,80958,-6377,-14537,-3516,124,54,-147
5,510,80963,-6352,-14481,-3814,131,65,-176
5,511,80968,-6361,-14384,-3963,141,99,-205
5,512,80973,-6380,-14242,-4071,148,136,-235
5,513,80978,-6508,-14214,-3978,158,171,-262
5,514,80983,-6540,-14110,-3741,164,182,-295
5,515,80988,-6514,-14045,-3805,169,189,-326
5,516,80993,-6419,-13995,-3729,180,208,-352
5,517,80998,-6531,-14012,-3583,188,214,-379
5,518,81003,-6641,-14091,-3437,189,202,-407
5,519,81008,-6584,-14025,-3506,193,179,-439
5,520,81013,-6483,-14058,-3630,197,164,-468
5,521,81018,-6451,-14142,-3724,204,163,-496
5,522,81023,-6465,-14137,-3655,209,165,-522
5,523,81028,-6431,-14176,-3578,214,152,-553
5,524,81033,-6353,-14188,-3755,215,136,-582
5,525,81038,-6279,-14147,-3841,217,146,-610
5,526,81043,-6275,-14199,-3875,223,167,-635
5,527,81048,-6266,-14249,-3877,232,188,-662
5,528,81053,-6185,-14256,-3794,239,200,-687
5,529,81058,-5991,-14349,-3777,242,213,-710
5,530,81063,-5864,-14438,-3764,243,232,-735
5,531,81068,-5851,-14480,-3711,249,254,-761
5,532,81073,-5874,-14493,-3643,252,271,-783
5,533,81078,-5847,-14579,-3773,253,280,-804
5,534,81083,-5559,-14590,-3957,261,298,-825
5,535,81088,-5174,-14666,-3870,264,331,-841
5,536,81093,-5056,-14733,-3644,269,363,-863
5,537,81098,-5079,-14783,-3648,274,378,-883
5,538,81103,-5004,-14803,-3682,279,373,-898
5,539,81108,-4849,-14845,-3609,280,359,-916
5,540,81113,-4687,-14936,-3329,278,338,-933
5,541,81118,-4627,-14983,-3114,279,307,-948
5,542,81123,-4511,-15094,-3196,281,263,-963
5,543,81128,-4449,-15054,-3467,279,210,-976
5,544,81133,-4360,-15056,-3248,274,163,-989
5,545,81138,-4277,-15126,-3084,267,111,-1002
5,546,81143,-4166,-15238,-3151,269,61,-1015
5,547,81148,-4070,-15183,-3306,272,16,-1035
5,548,81153,-4012,-15185,-3429,270,-24,-1044
5,549,81158,-3997,-15186,-3551,266,-57,-1050
5,550,81163,-4001,-15187,-3513,261,-71,-1057
5,551,81168,-3855,-15350,-3702,256,-81,-1064
5,552,81173,-3775,-15387,-3638,258,-72,-1073
5,553,81178,-3765,-15524,-3582,256,-71,-1083
5,554,81183,-3829,-15586,-3572,260,-89,-1092
5,555,81188,-3804,-15553,-3576,257,-110,-1102
5,556,81193,-3724,-15634,-3672,251,-119,-1108
5,557,81198,-3650,-15671,-3653,250,-109,-1113
5,558,81203,-3578,-15767,-3716,253,-94,-1118
5,559,81208,-3709,-15816,-3635,252,-83,-1129
5,560,81213,-3770,-15821,-3578,247,-86,-1135
5,561,81218,-3724,-15846,-3467,242,-98,-1141
5,562,81223,-3684,-15846,-3318,242,-119,-1147
5,563,81228,-3702,-15908,-3293,242,-141,-1154
5,564,81233,-3816,-15916,-3270,241,-169,-1164
5,565,81238,-3820,-15987,-3349,235,-209,-1171
5,566,81243,-3756,-16099,-3324,231,-243,-1177
5,567,81248,-3718,-16222,-3303,224,-267,-1183
5,568,81253,-3693,-16274,-3401,218,-284,-1186
5,569,81258,-4208,-16149,-3271,217,-287,-1191
5,570,81263,-3362,-16621,-4209,213,-297,-1189
5,571,81268,-3134,-16067,-3708,215,-232,-1212
5,572,81273,-2948,-16566,-3995,214,-205,-1206
5,573,81278,-3667,-16499,-3859,224,-130,-1209
5,574,81283,-3424,-15977,-3933,221,-116,-1234
5,575,81288,-3377,-16390,-3936,215,-68,-1205
5,576,81293,-3001,-16292,-3549,219,-20,-1212
5,577,81298,-2854,-16391,-3157,219,3,-1222
5,578,81303,-2939,-16360,-3335,218,-15,-1225
5,579,81308,-2657,-16402,-3626,211,-31,-1222
5,580,81313,-2624,-16416,-3315,207,-16,-1213
5,581,81318,-2549,-16606,-2817,205,-17,-1204
5,582,81323,-2149,-16457,-3399,204,-49,-1210
5,583,81328,-2150,-16420,-3473,210,-12,-1204
5,584,81333,-1856,-16580,-3703,199,-28,-1198
5,585,81338,-2336,-16354,-2726,194,-1,-1193
5,586,81343,-1869,-16671,-3052,188,-48,-1178
5,587,81348,-1926,-16281,-3343,191,-52,-1179
5,588,81353,-2027,-16420,-2685,182,-85,-1163
5,589,81358,-1078,-16728,-3735,174,-130,-1155
5,590,81363,-1574,-16052,-1720,179,-99,-1162
5,591,81368,-1371,-16977,-3344,163,-209,-1142
5,592,81373,-1682,-16212,-3472,176,-193,-1157
5,593,81378,-1275,-15930,-2686,162,-225,-1134
5,594,81383,-1142,-16750,-2482,143,-272,-1091
5,595,81388,-865,-16533,-2726,140,-316,-1102
5,596,81393,-1133,-16479,-3134,143,-321,-1106
5,597,81398,-1221,-16036,-3525,137,-334,-1102
5,598,81403,-2546,-8680,-5790,126,-309,-1068
5,599,81408,18203,-23640,-28726,297,169,-1034
5,600,81413,-26940,-17115,12852,652,1914,-1535
5,601,81434,5424,-32768,32767,309,6949,495
5,602,81435,5424,-32768,32767,309,6949,495
5,603,81436,-32768,-18772,20575,421,-746,-927
5,604,81437,-32768,-18772,20575,421,-746,-927
5,605,81438,-32768,-18772,20575,421,-746,-927
5,606,81443,-31144,1059,-23476,123,-6091,-348
5,607,81448,7046,-6192,-32768,-414,-7551,734
5,608,81453,32767,-16023,-9381,-632,-4457,914
5,609,81458,17271,-26590,9732,-170,-300,451
5,610,81463,-20363,-18811,-3363,322,884,-105
5,611,81468,-23713,-10829,-23500,298,-201,205
5,612,81473,-3100,-10661,-12620,35,-1074,677
5,613,81478,12392,-16095,1159,-144,-1014,719
5,614,81483,9950,-18871,3581,44,444,359
5,615,81488,-5209,-16916,-3181,335,1878,195
5,616,81493,-12890,-16902,-10848,283,1717,374
5,617,81498,-6565,-14205,-5290,-39,521,435
5,618,81503,3282,-13921,8838,-160,-275,464
5,619,81508,7824,-17076,7415,60,-210,444
5,620,81513,883,-18181,-3031,230,398,337
5,621,81518,-7198,-16909,-8563,199,494,306
5,622,81523,-7500,-15337,-3825,-16,-140,354
5,623,81528,-71,-14790,2808,-135,-763,398
5,624,81533,5928,-16728,1688,-46,-709,406
5,625,81538,2412,-17769,-2892,95,-133,342
5,626,81543,-4310,-17731,-7381,90,43,302
5,627,81548,-6813,-15850,-5663,8,-241,295
5,628,81553,-2118,-15207,-1050,-60,-523,342
5,629,81558,2868,-16361,-55,-34,-400,374
5,630,81563,1809,-17574,-2396,47,27,330
5,631,81568,-2846,-17289,-4584,85,225,267
5,632,81573,-5463,-16246,-2529,26,-16,260
5,633,81578,-2863,-15602,-1694,-57,-416,283
5,634,81583,634,-16231,-1946,-43,-403,303
5,635,81588,1013,-16434,-3033,17,-37,272
5,636,81593,-2278,-17541,-2346,47,210,272
5,637,81598,-4120,-16952,-2329,31,15,212
5,638,81603,-2918,-15366,-2466,-22,-285,174
5,639,81608,-605,-15775,-2454,-43,-332,226
5,640,81613,-254,-16568,-2806,-12,-103,241
5,641,81618,-1954,-16918,-2370,26,95,210
5,642,81623,-3149,-16674,-2857,24,9,173
5,643,81628,-2571,-16056,-3120,-14,-168,148
5,644,81633,-1303,-15952,-2718,-33,-188,148
5,645,81638,-1001,-16151,-2081,-17,-67,154
5,646,81643,-1754,-16588,-1814,5,11,158
5,647,81648,-2414,-16692,-2466,9,-77,135
5,648,81653,-2409,-16121,-2966,-11,-232,93
5,649,81658,-1998,-15880,-2513,-33,-285,86
5,650,81663,-1684,-16140,-2030,-28,-227,98
5,651,81668,-2097,-16501,-2946,-2,-199,76
5,652,81673,-2332,-16202,-3211,-16,-265,46
5,653,81678,-2227,-15902,-2939,-26,-286,32
5,654,81683,-1986,-15901,-2706,-23,-229,33
5,655,81688,-1966,-16157,-2767,-9,-143,32
5,656,81693,-2129,-16291,-2844,-1,-99,24
5,657,81698,-2213,-16206,-2887,-3,-113,-1
5,658,81703,-2125,-15982,-2715,-7,-125,-20
5,659,81708,-2000,-15961,-2554,-8,-97,-22
5,660,81713,-1958,-16058,-2406,0,-55,-22
5,661,81718,-2069,-16168,-2454,7,-43,-27
5,662,81723,-2087,-16185,-2465,5,-65,-43
5,663,81728,-2049,-16153,-2370,-2,-90,-54
5,664,81733,-1946,-16105,-2277,-6,-90,-61
5,665,81738,-1921,-16126,-2256,-2,-78,-62
5,666,81743,-1933,-16197,-2363,2,-76,-64
5,667,81748,-2076,-16220,-2380,2,-93,-74
5,668,81753,-2118,-16203,-2364,-1,-106,-83
5,669,81758,-2089,-16148,-2541,0,-100,-89
5,670,81763,-2039,-16156,-2685,5,-69,-92
5,671,81768,-1991,-16138,-2821,8,-36,-96
5,672,81773,-2023,-16096,-2779,15,-1,-105
5,673,81778,-2064,-16139,-2713,14,19,-108
5,674,81783,-2087,-16129,-2714,15,39,-116
5,675,81788,-2003,-16037,-2672,21,66,-116
5,676,81793,-1899,-15995,-2628,23,97,-118
5,677,81798,-1906,-16051,-2518,29,110,-121
5,678,81803,-1966,-16091,-2371,30,107,-125
5,679,81808,-2008,-16110,-2239,25,93,-129
5,680,81813,-1887,-16097,-2179,26,68,-128
5,681,81818,-1805,-16053,-2130,28,47,-127
5,682,81823,-1862,-16011,-2078,28,19,-131
5,683,81828,-1931,-15988,-2130,26,-14,-135
5,684,81833,-1905,-15899,-2204,25,-52,-138
5,685,81838,-1837,-15853,-2236,25,-86,-137
5,686,81843,-1838,-15911,-2268,25,-105,-139
5,687,81848,-1927,-16017,-2202,24,-120,-141
5,688,81853,-1980,-16053,-2245,22,-131,-142
5,689,81858,-1943,-16133,-2454,24,-129,-142
5,690,81863,-1889,-16147,-2573,27,-119,-143
5,691,81868,-1880,-16152,-2569,25,-97,-142
5,692,81873,-1828,-16162,-2607,26,-74,-144
5,693,81878,-1762,-16185,-2630,28,-56,-145
5,694,81883,-1701,-16185,-2682,33,-39,-144
5,695,81888,-1712,-16090,-2596,32,-26,-145
5,696,81893,-1744,-15982,-2378,35,-27,-144
5,697,81898,-1755,-15868,-2363,36,-45,-143
5,698,81903,-1716,-15868,-2306,35,-69,-141
5,699,81908,-1764,-15916,-2174,34,-98,-136
5,700,81913,-1923,-16038,-2039,34,-137,-137
5,701,81918,-2055,-16115,-2031,29,-184,-139
5,702,81923,-2111,-16210,-2199,28,-225,-139
5,703,81928,-2035,-16293,-2540,27,-233,-137
5,704,81933,-1912,-16362,-2713,27,-210,-133
5,705,81938,-1992,-16361,-2766,30,-169,-135
5,706,81943,-2102,-16285,-2813,31,-135,-136
5,707,81948,-2134,-16215,-2816,34,-97,-138
5,708,81953,-2130,-16185,-2799,34,-59,-137
5,709,81958,-2054,-16104,-2609,37,-28,-134
5,710,81963,-2059,-16053,-2470,40,-8,-132
5,711,81968,-2081,-16027,-2401,41,1,-134
5,712,81973,-2085,-15951,-2452,42,-3,-135
5,713,81978,-2082,-15945,-2457,42,-10,-130
5,714,81983,-2125,-15973,-2319,41,-27,-129
5,715,81988,-2085,-16063,-2150,36,-48,-127
5,716,81993,-1990,-16202,-2157,33,-71,-129
5,717,81998,-1981,-16302,-2333,36,-79,-126
5,718,82003,-2016,-16306,-2413,34,-77,-127
5,719,82008,-2041,-16285,-2430,29,-68,-127
5,720,82013,-2030,-16263,-2415,27,-58,-123
5,721,82018,-1922,-16255,-2395,27,-46,-121
5,722,82023,-1923,-16274,-2391,30,-34,-122
5,723,82028,-1945,-16264,-2428,27,-25,-123
5,724,82033,-1973,-16194,-2342,24,-22,-115
5,725,82038,-1835,-16131,-2325,22,-18,-117
5,726,82043,-1803,-16206,-2299,19,-19,-116
5,727,82048,-1813,-16231,-2260,20,-27,-113
5,728,82053,-1807,-16188,-2237,18,-44,-110
5,729,82058,-1820,-16208,-2281,17,-60,-111
5,730,82063,-1762,-16191,-2243,15,-71,-107
5,731,82068,-1785,-16189,-2236,15,-82,-106
5,732,82073,-1834,-16220,-2264,13,-94,-101
5,733,82078,-1875,-16238,-2259,9,-105,-101
5,734,82083,-1859,-16250,-2283,9,-115,-100
5,735,82088,-1859,-16341,-2336,5,-117,-101
5,736,82093,-1933,-16345,-2369,3,-118,-97
5,737,82098,-1930,-16302,-2436,3,-114,-95
5,738,82103,-1842,-16229,-2553,2,-97,-93
5,739,82108,-1849,-16229,-2623,1,-72,-89
5,740,82113,-1791,-16237,-2510,2,-47,-89
5,741,82118,-1775,-16211,-2408,-1,-29,-88
5,742,82123,-1765,-16208,-2378,0,-19,-86
5,743,82128,-1739,-16202,-2339,4,-16,-83
5,744,82133,-1707,-16178,-2313,1,-12,-81
5,745,82138,-1677,-16151,-2313,-2,-14,-80
5,746,82143,-1660,-16120,-2286,-2,-22,-77
5,747,82148,-1667,-16127,-2269,-1,-29,-73
5,748,82153,-1696,-16168,-2249,-5,-39,-71
5,749,82158,-1748,-16218,-2271,-7,-54,-67
5,750,82163,-1660,-16277,-2330,-9,-63,-66
5,751,82168,-1588,-16296,-2405,-9,-62,-64
5,752,82173,-1632,-16246,-2499,-11,-55,-61
5,753,82178,-1582,-16214,-2522,-11,-44,-57
5,754,82183,-1605,-16138,-2481,-11,-31,-56
5,755,82188,-1627,-16087,-2400,-10,-25,-57
5,756,82193,-1562,-16075,-2397,-7,-19,-51
5,757,82198,-1452,-16077,-2377,-8,-12,-47
5,758,82203,-1495,-16054,-2347,-10,-9,-45
5,759,82208,-1602,-15996,-2290,-12,-13,-43
5,760,82213,-1581,-15995,-2302,-11,-25,-42
5,761,82218,-1425,-16043,-2325,-13,-36,-38
5,762,82223,-1353,-16032,-2294,-14,-47,-35
5,763,82228,-1458,-16068,-2213,-13,-62,-30
5,764,82233,-1503,-16084,-2269,-13,-73,-29
5,765,82238,-1494,-16029,-2481,-16,-81,-27
5,766,82243,-1433,-15982,-2530,-16,-78,-24
5,767,82248,-1435,-15964,-2493,-14,-71,-20
5,768,82253,-1473,-15942,-2531,-13,-62,-19
5,769,82258,-1535,-15930,-2527,-13,-56,-18
5,770,82263,-1539,-15909,-2591,-11,-49,-11
5,771,82268,-1590,-15934,-2525,-12,-38,-9
5,772,82273,-1534,-15968,-2429,-12,-28,-8
5,773,82278,-1472,-15994,-2415,-8,-19,-5
5,774,82283,-1484,-16046,-2433,-7,-16,-4
5,775,82288,-1575,-16137,-2378,-9,-18,-3
5,776,82293,-1571,-16244,-2285,-8,-25,2
5,777,82298,-1505,-16261,-2241,-10,-32,6
5,778,82303,-1423,-16201,-2308,-9,-40,7
5,779,82308,-1473,-16141,-2386,-7,-41,9
5,780,82313,-1549,-16073,-2515,-9,-34,11
5,781,82318,-1561,-16007,-2473,-8,-28,14
5,782,82323,-1561,-15984,-2383,-9,-28,17
5,783,82328,-1539,-15967,-2336,-4,-35,19
5,784,82333,-1585,-15921,-2403,-4,-42,20
5,785,82338,-1653,-15882,-2528,-5,-53,19
5,786,82343,-1696,-15854,-2462,-1,-66,22
5,787,82348,-1735,-15882,-2428,0,-72,23
5,788,82353,-1747,-15974,-2328,1,-78,25
5,789,82358,-1836,-16127,-2311,0,-82,25
5,790,82363,-1814,-16318,-2259,-1,-85,26
5,791,82368,-1852,-16367,-2361,3,-81,25
5,792,82373,-1815,-16388,-2517,5,-63,25
5,793,82378,-1766,-16327,-2617,2,-29,26
5,794,82383,-1702,-16315,-2661,6,6,25
5,795,82388,-1673,-16295,-2619,10,37,27
5,796,82393,-1735,-16231,-2497,15,64,29
5,797,82398,-1768,-16171,-2373,15,74,29
5,798,82403,-1658,-16173,-2202,22,66,33
5,799,82408,-1641,-16189,-2133,20,58,31
5,800,82413,-1645,-16191,-2134,18,46,32
5,801,82418,-1687,-16201,-2160,16,27,30
5,802,82423,-1624,-16182,-2170,16,13,33
5,803,82428,-1532,-16186,-2241,15,-2,36
5,804,82433,-1520,-16218,-2245,19,-16,35
5,805,82438,-1625,-16220,-2207,18,-29,36
5,806,82443,-1654,-16193,-2255,17,-41,36
5,807,82448,-1612,-16144,-2325,17,-47,35
5,808,82453,-1634,-16185,-2298,20,-38,36
5,809,82458,-1667,-16205,-2327,22,-28,38
5,810,82463,-1724,-16163,-2326,24,-17,38
5,811,82468,-1699,-16213,-2305,22,-11,39
5,812,82473,-1686,-16202,-2337,22,-1,39
5,813,82478,-1652,-16204,-2285,26,8,38
5,814,82483,-1689,-16158,-2191,28,18,39
5,815,82488,-1727,-16156,-2194,28,20,41
5,816,82493,-1716,-16188,-2216,28,16,41
5,817,82498,-1728,-16186,-2260,28,17,44
5,818,82503,-1717,-16199,-2274,29,20,43
5,819,82508,-1687,-16136,-2282,27,21,41
5,820,82513,-1691,-16114,-2338,31,25,40
5,821,82518,-1691,-16099,-2309,32,25,42
5,822,82523,-1707,-16100,-2254,31,28,44
5,823,82528,-1707,-16133,-2221,33,32,44
5,824,82533,-1702,-16133,-2266,32,30,43
5,825,82538,-1698,-16083,-2302,33,28,40
5,826,82543,-1670,-16065,-2240,32,23,41
5,827,82548,-1644,-16022,-2181,32,17,40
5,828,82553,-1642,-16018,-2190,35,8,47
5,829,82558,-1655,-16035,-2158,35,1,43
5,830,82563,-1768,-16058,-2162,33,-13,42
5,831,82568,-1739,-16121,-2168,31,-17,41
5,832,82573,-1651,-16150,-2281,33,-17,47
5,833,82578,-1619,-16190,-2335,33,-9,45
5,834,82583,-1657,-16179,-2291,34,-2,42
5,835,82588,-1741,-16162,-2224,34,1,42
5,836,82593,-1745,-16235,-2238,37,1,43
5,837,82598,-1698,-16246,-2270,37,10,43
5,838,82603,-1687,-16255,-2319,39,23,49
5,839,82608,-1725,-16269,-2216,39,30,47
5,840,82613,-1800,-16285,-2088,39,29,43
5,841,82618,-1832,-16346,-2093,36,22,44
5,842,82623,-1873,-16343,-2139,33,13,44
5,843,82628,-1843,-16352,-2170,35,13,43
5,844,82633,-1823,-16289,-2309,35,14,41
5,845,82638,-1857,-16229,-2354,35,22,44
5,846,82643,-1865,-16144,-2399,36,32,43
5,847,82648,-1862,-16085,-2375,38,40,44
5,848,82653,-1816,-16104,-2274,37,45,43
5,849,82658,-1732,-16167,-2238,38,47,41
5,850,82663,-1738,-16161,-2183,38,44,39
5,851,82668,-1790,-16168,-2199,38,43,39
5,852,82673,-1769,-16189,-2287,37,44,43
5,853,82678,-1743,-16133,-2213,36,44,38
5,854,82683,-1722,-16068,-2154,35,34,40
5,855,82688,-1747,-16101,-2152,36,18,40
5,856,82693,-1761,-16129,-2122,36,4,41
5,857,82698,-1759,-16175,-2157,31,-7,41
5,858,82703,-1763,-16201,-2119,31,-17,40
5,859,82708,-1736,-16218,-2199,30,-21,40
5,860,82713,-1714,-16204,-2315,28,-21,38
5,861,82718,-1653,-16178,-2380,29,-15,39
5,862,82723,-1674,-16113,-2369,30,-5,39
5,863,82728,-1686,-16092,-2409,29,4,38
5,864,82733,-1687,-16061,-2396,31,16,37
5,865,82738,-1703,-16040,-2384,33,28,40
5,866,82743,-1760,-16110,-2288,33,35,39
5,867,82748,-1773,-16180,-2247,36,29,41
5,868,82753,-1751,-16225,-2150,32,26,39
5,869,82758,-1790,-16255,-2190,27,23,39
5,870,82763,-1776,-16220,-2267,28,19,39
5,871,82768,-1842,-16208,-2367,29,28,37
5,872,82773,-1823,-16158,-2416,26,38,37
5,873,82778,-1732,-16143,-2381,31,49,38
5,874,82783,-1752,-16123,-2342,31,62,39
5,875,82788,-1739,-16117,-2277,32,73,37
5,876,82793,-1759,-16120,-2185,32,70,35
5,877,82798,-1699,-16172,-2107,30,63,35
5,878,82803,-1670,-16198,-2100,31,58,36
5,879,82808,-1628,-16201,-2081,30,47,38
5,880,82813,-1674,-16201,-1966,24,30,34
5,881,82818,-1736,-16191,-1931,22,5,35
5,882,82823,-1753,-16215,-1904,22,-24,37
5,883,82828,-1713,-16246,-2003,18,-43,33
5,884,82833,-1716,-16230,-2161,16,-48,35
5,885,82838,-1697,-16194,-2306,15,-52,33
5,886,82843,-1795,-16192,-2352,14,-51,33
5,887,82848,-1866,-16172,-2325,14,-47,32
5,888,82853,-1881,-16264,-2279,15,-43,33
5,889,82858,-1759,-16366,-2268,13,-30,34
5,890,82863,-1763,-16342,-2342,12,-9,31
5,891,82868,-1814,-16289,-2465,15,13,31
5,892,82873,-1849,-16242,-2497,17,36,31
5,893,82878,-1845,-16177,-2352,14,54,27
5,894,82883,-1832,-16141,-2201,16,62,29
5,895,82888,-1814,-16133,-2098,14,60,30
5,896,82893,-1853,-16158,-2001,12,49,28
5,897,82898,-1916,-16212,-2041,11,33,27
5,898,82903,-1935,-16138,-2027,8,16,25
5,899,82908,-1891,-16146,-2058,5,2,23
5,900,82913,-1885,-16164,-2056,6,-13,24
5,901,82918,-1817,-16172,-2119,2,-27,24
5,902,82923,-1847,-16187,-2218,0,-36,24
5,903,82928,-1945,-16184,-2281,2,-44,22
5,904,82933,-1959,-16156,-2293,-1,-43,17
5,905,82938,-1951,-16192,-2316,1,-36,17
5,906,82943,-1965,-16198,-2344,-1,-20,18
5,907,82948,-1979,-16240,-2423,0,0,14
5,908,82953,-2023,-16188,-2360,0,19,13
5,909,82958,-1983,-16171,-2200,2,27,14
5,910,82963,-2035,-16220,-2074,2,30,11
5,911,82968,-2021,-16288,-2044,-3,29,8
5,912,82973,-1945,-16336,-2136,-2,29,6
5,913,82978,-1887,-16339,-2140,-2,32,5
5,914,82983,-1902,-16304,-2147,-3,33,6
5,915,82988,-1900,-16248,-2073,-7,32,4
5,916,82993,-1963,-16257,-2081,-9,23,4
5,917,82998,-1954,-16261,-2063,-8,15,3
5,918,83003,-1923,-16275,-2062,-10,9,1
5,919,83008,-1938,-16249,-2105,-11,-1,1
5,920,83013,-1920,-16260,-2137,-9,-5,1
5,921,83018,-1919,-16202,-2148,-11,-10,-2
5,922,83023,-1864,-16193,-2178,-12,-13,-4
5,923,83028,-1867,-16217,-2212,-16,-12,-6
5,924,83033,-1899,-16238,-2158,-15,-10,-5
5,925,83038,-1895,-16211,-2150,-15,-15,-8
5,926,83043,-1880,-16272,-2217,-17,-16,-9
5,927,83048,-1887,-16196,-2336,-16,-6,-10
5,928,83053,-1846,-16167,-2367,-15,6,-8
5,929,83058,-1854,-16173,-2349,-17,16,-9
5,930,83063,-1866,-16160,-2275,-18,26,-11
5,931,83068,-1884,-16175,-2189,-17,31,-11
5,932,83073,-1803,-16180,-2179,-15,33,-10
5,933,83078,-1848,-16223,-2183,-17,36,-11
5,934,83083,-1850,-16223,-2189,-16,34,-11
5,935,83088,-1840,-16191,-2149,-20,31,-12
5,936,83093,-1844,-16172,-2108,-19,21,-13
5,937,83098,-1797,-16130,-2120,-18,15,-13
5,938,83103,-1760,-16175,-2159,-19,8,-13
5,939,83108,-1778,-16216,-2128,-20,3,-18
5,940,83113,-1777,-16210,-2130,-16,-5,-17
5,941,83118,-1802,-16213,-2141,-20,-11,-18
5,942,83123,-1756,-16164,-2212,-20,-14,-18
5,943,83128,-1778,-16126,-2161,-21,-17,-19
5,944,83133,-1774,-16136,-2128,-21,-22,-19
5,945,83138,-1829,-16210,-2112,-21,-40,-16
5,946,83143,-1798,-16209,-2170,-22,-44,-14
5,947,83148,-1819,-16190,-2208,-20,-48,-17
5,948,83153,-1885,-16182,-2287,-21,-48,-18
5,949,83158,-1900,-16157,-2273,-24,-48,-20
5,950,83163,-1904,-16236,-2304,-21,-45,-18
5,951,83168,-1824,-16298,-2308,-20,-42,-21
5,952,83173,-1854,-16279,-2316,-20,-28,-20
5,953,83178,-1899,-16200,-2349,-18,-17,-21
5,954,83183,-1986,-16145,-2364,-16,-3,-22
5,955,83188,-1948,-16115,-2316,-15,7,-22
5,956,83193,-1885,-16149,-2278,-14,14,-20
5,957,83198,-1885,-16177,-2174,-13,15,-21
5,958,83203,-1932,-16216,-2051,-13,12,-24
5,959,83208,-1962,-16201,-2063,-12,5,-24
5,960,83213,-1940,-16184,-2156,-11,3,-28
5,961,83218,-1873,-16174,-2246,-13,6,-25
5,962,83223,-1839,-16166,-2267,-11,10,-24
5,963,83228,-1840,-16147,-2241,-9,13,-26
5,964,83233,-1844,-16150,-2168,-10,15,-27
5,965,83238,-1814,-16164,-2150,-9,10,-26
5,966,83243,-1830,-16163,-2168,-9,5,-25
5,967,83248,-1813,-16118,-2190,-9,0,-24
5,968,83253,-1784,-16055,-2188,-9,-4,-26
5,969,83258,-1780,-16025,-2191,-9,-13,-27
5,970,83263,-1838,-16025,-2147,-6,-22,-24
5,971,83268,-1855,-16069,-2092,-4,-30,-25
5,972,83273,-1844,-16055,-2146,-7,-39,-26
5,973,83278,-1818,-16145,-2150,-8,-49,-24
5,974,83283,-1820,-16152,-2246,-6,-52,-26
5,975,83288,-1796,-16113,-2271,-5,-44,-27
5,976,83293,-1800,-16114,-2266,-5,-38,-25
5,977,83298,-1843,-16137,-2182,-4,-33,-25
5,978,83303,-1858,-16185,-2142,-2,-25,-25
5,979,83308,-1888,-16239,-2160,0,-23,-26
5,980,83313,-1878,-16235,-2209,-1,-22,-25
5,981,83318,-1902,-16164,-2296,0,-14,-25
5,982,83323,-1933,-16090,-2324,0,-6,-25
5,983,83328,-1898,-16074,-2246,3,-1,-24
5,984,83333,-1868,-16112,-2260,6,6,-24
5,985,83338,-1845,-16145,-2168,4,10,-26
5,986,83343,-1868,-16194,-2163,8,11,-26
5,987,83348,-1854,-16201,-2171,8,10,-24
5,988,83353,-1799,-16163,-2211,7,9,-26
5,989,83358,-1735,-16149,-2218,6,13,-27
5,990,83363,-1725,-16142,-2150,6,18,-26
5,991,83368,-1730,-16121,-2075,9,12,-23
5,992,83373,-1786,-16081,-2051,7,0,-25
5,993,83378,-1806,-16153,-2002,10,-14,-25
5,994,83383,-1821,-16259,-1962,11,-36,-23
5,995,83388,-1791,-16325,-1999,6,-47,-20
5,996,83393,-1734,-16320,-2126,6,-51,-20
5,997,83398,-1728,-16288,-2240,8,-49,-21
5,998,83403,-1797,-16274,-2283,8,-41,-22
5,999,83408,-1880,-16231,-2224,8,-38,-23
6,0,87269,-1875,-16189,-2309,-8,3,5
6,1,87299,-1861,-16162,-2199,-4,-1,7
6,2,87300,-1861,-16162,-2199,-4,-1,7
6,3,87301,-1903,-16147,-2141,-2,-9,5
6,4,87302,-1903,-16147,-2141,-2,-9,5
6,5,87302,-1903,-16147,-2141,-2,-9,5
6,6,87303,-1903,-16147,-2141,-2,-9,5
6,7,87304,-1903,-16147,-2141,-2,-9,5
6,8,87308,-1908,-16165,-2128,-3,-21,5
6,9,87313,-1884,-16166,-2223,-1,-30,5
6,10,87318,-1885,-16156,-2302,-3,-33,4
6,11,87323,-1886,-16177,-2339,-3,-32,5
6,12,87328,-1844,-16170,-2306,-2,-25,5
6,13,87333,-1851,-16190,-2349,-1,-21,1
6,14,87338,-1778,-16212,-2354,1,-10,1
6,15,87343,-1856,-16228,-2300,3,0,1
6,16,87348,-1881,-16240,-2255,4,5,2
6,17,87353,-1820,-16206,-2229,3,11,3
6,18,87358,-1855,-16193,-2235,2,14,2
6,19,87363,-1891,-16241,-2240,4,20,4
6,20,87368,-1846,-16228,-2196,5,22,2
6,21,87373,-1874,-16168,-2197,3,18,3
6,22,87378,-1896,-16134,-2133,2,14,4
6,23,87383,-1931,-16162,-2159,4,6,2
6,24,87388,-1927,-16149,-2183,2,0,3
6,25,87393,-1910,-16136,-2175,4,-5,4
6,26,87398,-1867,-16158,-2208,5,-9,1
6,27,87403,-1875,-16149,-2270,4,-8,-1
6,28,87408,-1898,-16131,-2295,4,-3,0
6,29,87413,-1917,-16108,-2272,3,-3,-1
6,30,87418,-1893,-16120,-2201,2,2,-1
6,31,87423,-1820,-16175,-2230,2,4,-3
6,32,87428,-1804,-16161,-2288,3,8,-1
6,33,87433,-1805,-16130,-2270,3,13,0
6,34,87438,-1865,-16107,-2226,4,18,-3
6,35,87443,-1862,-16081,-2229,2,18,-4
6,36,87448,-1842,-16094,-2179,3,10,-2
6,37,87453,-1842,-16122,-2184,2,6,-3
6,38,87458,-1854,-16155,-2187,3,-2,-2
6,39,87463,-1852,-16137,-2212,3,-9,-4
6,40,87468,-1881,-16164,-2232,2,-11,-3
6,41,87473,-1855,-16174,-2242,2,-17,-6
6,42,87478,-1864,-16171,-2205,1,-18,-4
6,43,87483,-1863,-16184,-2262,1,-21,-3
6,44,87488,-1868,-16139,-2243,1,-18,-5
6,45,87493,-1877,-16122,-2356,1,-13,-4
6,46,87498,-1869,-16129,-2387,1,-5,-4
6,47,87503,-1901,-16172,-2336,2,2,-2
6,48,87508,-1890,-16191,-2305,1,5,-4
6,49,87513,-1867,-16164,-2273,1,6,-7
6,50,87518,-1888,-16091,-2268,3,6,-6
6,51,87523,-1942,-16096,-2362,4,4,-7
6,52,87528,-1933,-16085,-2307,5,1,-8
6,53,87533,-1854,-16083,-2273,2,3,-8
6,54,87538,-1811,-16095,-2251,3,2,-7
6,55,87543,-1821,-16076,-2302,2,-2,-8
6,56,87548,-1847,-16103,-2324,3,-2,-7
6,57,87553,-1865,-16143,-2274,1,0,-6
6,58,87558,-1790,-16129,-2260,3,9,-8
6,59,87563,-1759,-16203,-2276,6,16,-8
6,60,87568,-1779,-16213,-2319,3,22,-7
6,61,87573,-1817,-16212,-2300,3,25,-7
6,62,87578,-1797,-16230,-2222,4,25,-8
6,63,87583,-1763,-16223,-2177,3,19,-7
6,64,87588,-1733,-16225,-2150,4,12,-6
6,65,87593,-1749,-16211,-2160,3,3,-5
6,66,87598,-1757,-16198,-2224,1,-7,-8
6,67,87603,-1775,-16208,-2270,0,-21,-6
6,68,87608,-1743,-16198,-2229,-1,-32,-5
6,69,87613,-1712,-16199,-2219,0,-41,-4
6,70,87618,-1708,-16224,-2195,0,-49,-5
6,71,87623,-1782,-16269,-2189,-1,-58,-5
6,72,87628,-1878,-16269,-2250,-2,-62,-5
6,73,87633,-1871,-16285,-2261,-4,-66,-1
6,74,87638,-1853,-16324,-2305,-5,-58,-5
6,75,87643,-1855,-16359,-2369,-4,-45,-6
6,76,87648,-1888,-16295,-2417,-2,-28,-5
6,77,87653,-1896,-16271,-2411,1,-13,-5
6,78,87658,-1913,-16246,-2320,3,-1,-5
6,79,87663,-1947,-16222,-2311,2,9,-7
6,80,87668,-1924,-16221,-2261,-1,18,-6
6,81,87673,-1925,-16231,-2208,1,13,-2
6,82,87678,-1967,-16236,-2211,3,10,-3
6,83,87683,-1980,-16161,-2217,0,9,-7
6,84,87688,-1938,-16142,-2285,0,3,-7
6,85,87693,-1916,-16089,-2315,-1,-4,-9
6,86,87698,-1889,-16103,-2296,2,-5,-8
6,87,87703,-1904,-16128,-2261,4,-9,-9
6,88,87708,-1938,-16113,-2269,1,-14,-10
6,89,87713,-1918,-16098,-2248,1,-17,-11
6,90,87718,-1896,-16136,-2255,2,-21,-11
6,91,87723,-1918,-16119,-2172,-2,-26,-8
6,92,87728,-1920,-16127,-2140,0,-29,-11
6,93,87733,-1927,-16091,-2171,1,-31,-13
6,94,87738,-1951,-16073,-2228,1,-37,-10
6,95,87743,-1965,-16086,-2237,-3,-37,-11
6,96,87748,-1949,-16085,-2259,-3,-29,-13
6,97,87753,-1964,-16099,-2303,-4,-21,-14
6,98,87758,-1930,-16053,-2377,-4,-14,-13
6,99,87763,-1932,-15983,-2405,0,-3,-13
6,100,87768,-1933,-15964,-2357,-1,9,-16
6,101,87773,-1897,-15985,-2304,0,13,-15
6,102,87778,-1885,-15980,-2273,3,17,-15
6,103,87783,-1865,-16005,-2270,5,18,-12
6,104,87788,-1836,-16019,-2204,5,18,-15
6,105,87793,-1837,-16018,-2233,2,15,-15
6,106,87798,-1797,-16045,-2203,4,9,-14
6,107,87803,-1770,-16109,-2176,6,1,-13
6,108,87808,-1764,-16171,-2173,5,-6,-12
6,109,87813,-1769,-16173,-2182,3,-8,-12
6,110,87818,-1759,-16167,-2156,3,-14,-12
6,111,87823,-1785,-16172,-2183,4,-17,-12
6,112,87828,-1792,-16207,-2187,3,-15,-12
6,113,87833,-1799,-16234,-2166,1,-16,-7
6,114,87838,-1816,-16239,-2144,4,-18,-10
6,115,87843,-1836,-16252,-2149,7,-20,-12
6,116,87848,-1876,-16296,-2167,6,-19,-10
6,117,87853,-1916,-16268,-2191,3,-17,-9
6,118,87858,-1852,-16293,-2211,4,-11,-9
6,119,87863,-1839,-16348,-2228,6,-3,-10
6,120,87868,-1820,-16324,-2208,6,4,-11
6,121,87873,-1840,-16329,-2185,6,11,-8
6,122,87878,-1837,-16332,-2176,6,15,-9
6,123,87883,-1839,-16298,-2155,6,12,-8
6,124,87888,-1864,-16311,-2148,7,9,-7
6,125,87893,-1847,-16281,-2212,8,10,-8
6,126,87898,-1867,-16232,-2211,8,7,-7
6,127,87903,-1879,-16226,-2224,7,-1,-10
6,128,87908,-1842,-16213,-2220,8,-6,-6
6,129,87913,-1886,-16201,-2253,6,-13,-4
6,130,87918,-1850,-16193,-2296,9,-14,-4
6,131,87923,-1890,-16181,-2275,8,-13,-9
6,132,87928,-1899,-16170,-2272,10,-13,-8
6,133,87933,-1875,-16191,-2186,8,-11,-9
6,134,87938,-1930,-16178,-2199,9,-12,-5
6,135,87943,-1888,-16226,-2252,10,-11,-7
6,136,87948,-1900,-16192,-2277,10,-12,-7
6,137,87953,-1895,-16184,-2254,9,-10,-7
6,138,87958,-1904,-16155,-2202,10,-8,-5
6,139,87963,-1884,-16196,-2233,10,-6,-4
6,140,87968,-1898,-16134,-2250,8,-4,-4
6,141,87973,-1889,-16116,-2215,9,-4,-6
6,142,87978,-1901,-16116,-2244,10,-5,-10
6,143,87983,-1889,-16113,-2273,9,-3,-8
6,144,87988,-1848,-16122,-2251,12,-1,-5
6,145,87993,-1821,-16129,-2270,10,-2,-4
6,146,87998,-1879,-16131,-2238,9,-6,-6
6,147,88003,-1875,-16139,-2181,10,-10,-3
6,148,88008,-1865,-16142,-2205,11,-12,-4
6,149,88013,-1814,-16162,-2239,10,-9,-3
6,150,88018,-1761,-16170,-2301,8,-1,-4
6,151,88023,-1804,-16207,-2336,10,5,-4
6,152,88028,-1758,-16169,-2320,10,13,-3
6,153,88033,-1788,-16112,-2248,12,19,-2
6,154,88038,-1797,-16129,-2170,11,19,-1
6,155,88043,-1785,-16137,-2158,11,12,0
6,156,88048,-1749,-16168,-2142,9,10,-1
6,157,88053,-1762,-16135,-2140,6,6,0
6,158,88058,-1769,-16141,-2125,6,3,-1
6,159,88063,-1768,-16127,-2156,4,-7,-1
6,160,88068,-1725,-16090,-2185,5,-17,1
6,161,88073,-1787,-16087,-2152,5,-29,2
6,162,88078,-1841,-16098,-2167,3,-39,1
6,163,88083,-1841,-16079,-2251,3,-50,4
6,164,88088,-1832,-16104,-2326,2,-52,1
6,165,88093,-1862,-16126,-2363,1,-47,0
6,166,88098,-1856,-16100,-2372,3,-40,1
6,167,88103,-1896,-16139,-2303,1,-34,2
6,168,88108,-1939,-16162,-2296,2,-29,1
6,169,88113,-1924,-16162,-2364,3,-26,0
6,170,88118,-1942,-16173,-2316,3,-16,2
6,171,88123,-1984,-16165,-2321,3,-12,2
6,172,88128,-1941,-16171,-2325,5,-6,2
6,173,88133,-1932,-16199,-2340,6,2,2
6,174,88138,-1893,-16183,-2301,5,11,2
6,175,88143,-1859,-16250,-2210,6,14,3
6,176,88148,-1898,-16239,-2205,5,17,3
6,177,88153,-1905,-16220,-2260,2,15,1
6,178,88158,-1913,-16196,-2226,4,9,2
6,179,88163,-1888,-16246,-2179,5,2,0
6,180,88168,-1849,-16278,-2145,5,-2,-1
6,181,88173,-1796,-16315,-2195,4,-13,-1
6,182,88178,-1833,-16240,-2234,4,-18,0
6,183,88183,-1832,-16200,-2266,3,-21,-2
6,184,88188,-1877,-16244,-2260,3,-24,1
6,185,88193,-1866,-16295,-2165,-1,-26,4
6,186,88198,-1876,-16280,-2245,-1,-30,2
6,187,88203,-1874,-16308,-2314,-1,-20,3
6,188,88208,-1857,-16318,-2385,1,-4,1
6,189,88213,-1833,-16305,-2384,0,13,2
6,190,88218,-1832,-16279,-2297,0,26,2
6,191,88223,-1866,-16249,-2263,1,37,-1
6,192,88228,-1896,-16237,-2226,2,39,2
6,193,88233,-1908,-16240,-2160,2,38,2
6,194,88238,-1940,-16228,-2155,2,34,0
6,195,88243,-1894,-16206,-2165,0,27,3
6,196,88248,-1850,-16172,-2149,1,16,3
6,197,88253,-1825,-16146,-2168,-1,9,1
6,198,88258,-1866,-16141,-2154,-3,-4,2
6,199,88263,-1885,-16121,-2178,-2,-17,1
6,200,88268,-1862,-16149,-2228,-3,-31,1
6,201,88273,-1826,-16131,-2236,-4,-39,2
6,202,88278,-1859,-16129,-2296,-5,-41,-1
6,203,88283,-1869,-16159,-2293,-2,-40,-1
6,204,88288,-1853,-16173,-2305,-6,-34,-1
6,205,88293,-1880,-16153,-2312,-7,-26,-1
6,206,88298,-1861,-16137,-2296,-5,-18,-1
6,207,88303,-1868,-16135,-2338,-6,-10,0
6,208,88308,-1928,-16118,-2346,-2,3,0
6,209,88313,-1899,-16162,-2333,-4,15,-1
6,210,88318,-1875,-16119,-2288,-3,25,0
6,211,88323,-1895,-16092,-2233,0,26,1
6,212,88328,-1844,-16141,-2203,-3,29,2
6,213,88333,-1882,-16143,-2204,-4,29,1
6,214,88338,-1902,-16158,-2176,-4,24,-2
6,215,88343,-1935,-16176,-2153,-5,18,-2
6,216,88348,-1904,-16182,-2096,-10,10,0
6,217,88353,-1875,-16189,-2147,-7,3,-1
6,218,88358,-1847,-16217,-2192,-5,-2,0
6,219,88363,-1904,-16260,-2134,-8,-11,-1
6,220,88368,-1936,-16278,-2040,-9,-20,-2
6,221,88373,-1902,-16286,-2090,-8,-29,1
6,222,88378,-1890,-16293,-2176,-7,-28,1
6,223,88383,-1891,-16257,-2274,-8,-19,0
6,224,88388,-1893,-16248,-2376,-10,-9,-1
6,225,88393,-1880,-16204,-2352,-9,-1,-2
6,226,88398,-1890,-16153,-2292,-7,5,0
6,227,88403,-1892,-16165,-2281,-5,9,1
6,228,88408,-1899,-16189,-2300,-4,16,0
6,229,88413,-1940,-16168,-2258,-7,19,1
6,230,88418,-1955,-16173,-2189,-6,17,0
6,231,88423,-1972,-16134,-2166,-5,12,0
6,232,88428,-1948,-16144,-2143,-4,7,-3
6,233,88433,-1945,-16219,-2137,-5,-2,0
6,234,88438,-2017,-16218,-2110,-3,-15,1
6,235,88443,-1965,-16268,-2125,-3,-22,-3
6,236,88448,-1869,-16280,-2158,-6,-20,-4
6,237,88453,-1938,-16308,-2133,-3,-17,-2
6,238,88458,-1990,-16280,-2093,-5,-17,-3
6,239,88463,-1981,-16301,-2078,-2,-22,-5
6,240,88468,-1989,-16285,-2115,-2,-28,-4
6,241,88473,-1966,-16263,-2092,-5,-32,-5
6,242,88478,-1984,-16248,-2050,-3,-37,-5
6,243,88483,-2025,-16234,-2116,-3,-41,-5
6,244,88488,-2066,-16235,-2193,1,-46,-5
6,245,88493,-2069,-16272,-2246,0,-52,-7
6,246,88498,-2057,-16291,-2179,-1,-55,-7
6,247,88503,-2071,-16313,-2155,1,-60,-6
6,248,88508,-2048,-16343,-2264,4,-66,-9
6,249,88513,-1972,-16344,-2342,5,-62,-11
6,250,88518,-1907,-16376,-2214,7,-51,-10
6,251,88523,-1933,-16407,-2106,11,-45,-11
6,252,88528,-1962,-16420,-2080,11,-43,-13
6,253,88533,-1912,-16426,-2244,13,-36,-12
6,254,88538,-1808,-16406,-2349,16,-19,-9
6,255,88543,-1730,-16374,-2322,21,3,-8
6,256,88548,-1668,-16368,-2220,23,21,-7
6,257,88553,-1692,-16308,-2040,24,30,-9
6,258,88558,-1714,-16187,-2068,25,37,-7
6,259,88563,-1634,-16161,-2184,27,43,-4
6,260,88568,-1566,-16121,-2173,29,55,-3
6,261,88573,-1464,-16077,-1980,31,64,1
6,262,88578,-1504,-16055,-1960,33,66,0
6,263,88583,-1443,-16061,-2040,35,62,-2
6,264,88588,-1412,-16041,-2061,35,57,2
6,265,88593,-1405,-16008,-1916,34,51,8
6,266,88598,-1441,-16005,-1804,34,37,10
6,267,88603,-1483,-16005,-1771,35,15,11
6,268,88608,-1499,-16011,-1883,35,-11,10
6,269,88613,-1493,-16027,-1941,35,-32,11
6,270,88618,-1451,-16062,-1952,36,-44,15
6,271,88623,-1476,-16037,-1945,32,-57,15
6,272,88628,-1585,-16073,-1970,34,-69,16
6,273,88633,-1662,-16042,-2032,34,-77,19
6,274,88638,-1706,-16005,-2136,34,-81,21
6,275,88643,-1700,-15984,-2240,32,-75,22
6,276,88648,-1746,-15977,-2255,37,-51,21
6,277,88653,-1768,-15947,-2241,37,-43,22
6,278,88658,-1833,-15952,-2220,39,-37,24
6,279,88663,-1834,-15957,-2238,38,-26,25
6,280,88668,-1838,-15923,-2252,40,-14,24
6,281,88673,-1872,-15925,-2246,40,-9,23
6,282,88678,-1895,-15963,-2182,43,-6,23
6,283,88683,-1936,-15962,-2119,42,-11,22
6,284,88688,-1951,-15973,-2118,41,-18,21
6,285,88693,-1940,-15980,-2202,41,-28,23
6,286,88698,-1998,-16002,-2254,41,-34,18
6,287,88703,-2011,-15964,-2297,41,-37,16
6,288,88708,-1935,-15927,-2412,42,-41,19
6,289,88713,-1990,-15964,-2435,41,-41,22
6,290,88718,-2157,-16002,-2291,38,-36,20
6,291,88723,-2206,-15999,-2225,38,-34,21
6,292,88728,-2092,-16048,-2429,38,-25,21
6,293,88733,-2055,-16042,-2588,40,0,15
6,294,88738,-2132,-16074,-2472,41,22,12
6,295,88743,-2151,-15979,-2274,40,29,4
6,296,88748,-2099,-15980,-2155,43,29,3
6,297,88753,-1988,-16030,-2245,46,31,3
6,298,88758,-1965,-16115,-2319,45,36,3
6,299,88763,-2047,-16139,-2141,41,32,-1
6,300,88768,-2156,-16172,-1954,40,14,-2
6,301,88773,-2017,-16154,-1984,36,-9,-4
6,302,88778,-1933,-16144,-2126,34,-17,-3
6,303,88783,-1925,-16231,-2160,35,-21,-3
6,304,88788,-2007,-16257,-2187,33,-24,-3
6,305,88793,-2001,-16295,-2287,29,-25,-7
6,306,88798,-1919,-16266,-2391,27,-19,-5
6,307,88803,-1890,-16235,-2357,26,-1,-3
6,308,88808,-1955,-16286,-2381,28,15,-7
6,309,88813,-1988,-16252,-2333,28,26,-7
6,310,88818,-1941,-16185,-2407,28,46,-7
6,311,88823,-1901,-16173,-2372,28,65,-6
6,312,88828,-1839,-16199,-2276,29,83,-8
6,313,88833,-1829,-16263,-2117,27,94,-8
6,314,88838,-1847,-16321,-1976,24,97,-12
6,315,88843,-1847,-16344,-1949,23,87,-10
6,316,88848,-1841,-16349,-1889,20,70,-7
6,317,88853,-1813,-16361,-1875,15,50,-7
6,318,88858,-1826,-16396,-1864,10,28,-7
6,319,88863,-1826,-16414,-1833,7,7,-10
6,320,88868,-1833,-16413,-1964,3,-9,-12
6,321,88873,-1856,-16418,-2000,1,-25,-10
6,322,88878,-1865,-16418,-2022,-3,-35,-12
6,323,88883,-1903,-16387,-2058,-5,-42,-10
6,324,88888,-1913,-16395,-2154,-7,-43,-12
6,325,88893,-1891,-16421,-2210,-8,-39,-14
6,326,88898,-1949,-16383,-2229,-11,-28,-16
6,327,88903,-1908,-16374,-2186,-10,-20,-19
6,328,88908,-1929,-16361,-2176,-10,-10,-18
6,329,88913,-1895,-16339,-2213,-12,-1,-18
6,330,88918,-1893,-16317,-2274,-14,10,-16
6,331,88923,-1873,-16287,-2219,-14,19,-16
6,332,88928,-1863,-16236,-2189,-15,22,-16
6,333,88933,-1803,-16237,-2095,-18,24,-15
6,334,88938,-1802,-16209,-2027,-22,21,-16
6,335,88943,-1780,-16152,-2079,-24,12,-13
6,336,88948,-1760,-16123,-2104,-24,5,-15
6,337,88953,-1745,-16084,-2141,-24,-2,-13
6,338,88958,-1717,-16100,-2099,-25,-11,-13
6,339,88963,-1774,-16104,-2064,-26,-18,-13
6,340,88968,-1800,-16127,-2162,-28,-25,-10
6,341,88973,-1763,-16145,-2210,-30,-30,-7
6,342,88978,-1776,-16121,-2183,-30,-35,-9
6,343,88983,-1831,-16110,-2139,-30,-42,-8
6,344,88988,-1817,-16089,-2084,-30,-56,-3
6,345,88993,-1854,-16077,-2114,-33,-66,-2
6,346,88998,-1902,-16106,-2184,-33,-79,-1
6,347,89003,-1870,-16150,-2284,-32,-91,0
6,348,89008,-1856,-16247,-2246,-34,-94,2
6,349,89013,-1962,-16211,-2113,-35,-110,4
6,350,89018,-2086,-16173,-2066,-34,-113,3
6,351,89023,-2154,-16129,-2157,-33,-114,6
6,352,89028,-1977,-16147,-2219,-32,-108,9
6,353,89033,-1998,-16141,-2232,-33,-92,9
6,354,89038,-2084,-16141,-2242,-32,-80,7
6,355,89043,-2174,-16134,-2220,-25,-73,6
6,356,89048,-2150,-16104,-2196,-23,-62,7
6,357,89053,-2041,-16116,-2195,-29,-43,14
6,358,89058,-1963,-16086,-2144,-30,-26,12
6,359,89063,-1984,-16042,-2066,-26,-16,11
6,360,89068,-1946,-15991,-2023,-24,-15,17
6,361,89073,-1878,-15923,-1876,-27,-24,21
6,362,89078,-1892,-15955,-1730,-27,-41,25
6,363,89083,-1817,-15976,-1668,-29,-66,31
6,364,89088,-1721,-16103,-1721,-35,-99,40
6,365,89093,-1514,-16153,-1764,-35,-128,45
6,366,89098,-1623,-16077,-1726,-39,-144,48
6,367,89103,-1786,-16077,-1704,-42,-158,51
6,368,89108,-1811,-16028,-1850,-44,-177,57
6,369,89113,-1642,-16085,-2044,-44,-189,72
6,370,89118,-1593,-16164,-1886,-48,-188,80
6,371,89123,-1712,-16178,-1719,-52,-200,89
6,372,89128,-1855,-16144,-1728,-54,-221,96
6,373,89133,-1943,-16094,-1926,-58,-239,105
6,374,89138,-2168,-16188,-1984,-58,-242,119
6,375,89143,-2500,-16205,-1888,-61,-246,130
6,376,89148,-2653,-16288,-1865,-67,-258,144
6,377,89153,-2622,-16339,-2047,-72,-265,154
6,378,89158,-2617,-16404,-2277,-72,-247,167
6,379,89163,-2996,-16457,-2402,-69,-213,175
6,380,89168,-3511,-16510,-2501,-73,-184,184
6,381,89173,-3688,-16580,-2567,-80,-167,197
6,382,89178,-3743,-16541,-2453,-85,-138,211
6,383,89183,-3973,-16510,-2444,-85,-100,221
6,384,89188,-4461,-16366,-2498,-84,-65,223
6,385,89193,-4789,-16317,-2794,-83,-47,233
6,386,89198,-4913,-16152,-3026,-86,-26,241
6,387,89203,-4911,-16171,-2994,-89,13,253
6,388,89208,-4801,-16090,-2996,-89,47,260
6,389,89213,-4823,-15984,-3077,-90,78,267
6,390,89218,-4992,-15854,-3337,-91,115,276
6,391,89223,-5020,-15714,-3328,-89,156,288
6,392,89228,-4798,-15652,-3360,-92,202,302
6,393,89233,-4599,-15595,-3200,-92,252,315
6,394,89238,-4364,-15649,-3072,-89,293,319
6,395,89243,-4456,-15548,-2984,-89,325,326
6,396,89248,-4514,-15567,-3044,-94,341,344
6,397,89253,-4433,-15584,-2808,-97,341,361
6,398,89258,-4114,-15720,-2506,-105,327,378
6,399,89263,-3907,-15877,-2428,-112,305,393
6,400,89268,-3875,-15904,-2461,-114,287,403
6,401,89273,-4053,-15950,-2515,-124,267,416
6,402,89278,-4012,-15978,-2741,-133,250,434
6,403,89283,-3565,-16013,-3064,-139,253,457
6,404,89288,-3104,-16154,-3140,-145,296,477
6,405,89293,-3040,-16195,-2922,-146,350,493
6,406,89298,-3175,-16129,-2763,-147,381,505
6,407,89303,-3230,-16068,-2794,-150,386,525
6,408,89308,-3181,-16078,-2737,-159,382,546
6,409,89313,-3075,-16100,-2652,-169,379,569
6,410,89318,-2855,-16135,-2634,-177,385,594
6,411,89323,-2487,-16090,-2905,-183,401,621
6,412,89328,-2152,-16018,-3142,-186,432,640
6,413,89333,-2026,-15976,-2966,-193,465,659
6,414,89338,-2137,-15885,-2642,-196,481,680
6,415,89343,-2263,-15889,-2403,-204,462,705
6,416,89348,-2202,-15870,-2212,-217,410,729
6,417,89353,-2119,-15837,-2012,-228,338,752
6,418,89358,-2252,-15865,-1820,-238,248,770
6,419,89363,-2531,-15745,-1929,-252,144,785
6,420,89368,-2667,-15713,-2178,-264,38,806
6,421,89373,-2619,-15566,-2771,-278,-51,827
6,422,89378,-2762,-15601,-2953,-281,-94,844
6,423,89383,-3173,-15406,-3254,-285,-133,878
6,424,89388,-3329,-15279,-3369,-289,-138,890
6,425,89393,-3626,-15236,-3427,-298,-130,904
6,426,89398,-3888,-15253,-3403,-301,-123,921
6,427,89403,-4206,-15236,-3239,-303,-128,933
6,428,89408,-4458,-15194,-3428,-302,-132,942
6,429,89413,-4575,-15108,-3551,-301,-115,949
6,430,89418,-4666,-15032,-3572,-299,-93,956
6,431,89423,-4879,-15040,-3424,-298,-78,955
6,432,89428,-5202,-15015,-3430,-302,-82,957
6,433,89433,-5330,-15103,-3343,-304,-93,959
6,434,89438,-5558,-15151,-3327,-303,-107,961
6,435,89443,-5733,-15257,-3274,-306,-121,964
6,436,89448,-5665,-15268,-3584,-306,-118,965
6,437,89453,-5251,-15290,-4157,-300,-81,973
6,438,89458,-4997,-15349,-4484,-295,0,970
6,439,89463,-5180,-15367,-4367,-289,90,964
6,440,89468,-5513,-15271,-4042,-284,142,957
6,441,89473,-5415,-15270,-3715,-283,165,958
6,442,89478,-5167,-15367,-3340,-279,169,961
6,443,89483,-5117,-15493,-2846,-277,158,961
6,444,89488,-5205,-15561,-2551,-277,96,949
6,445,89493,-5409,-15498,-2669,-282,-5,938
6,446,89498,-5348,-15456,-2967,-288,-97,938
6,447,89503,-5267,-15467,-3397,-290,-150,938
6,448,89508,-5160,-15553,-3460,-288,-154,938
6,449,89513,-5210,-15575,-3540,-284,-152,931
6,450,89518,-5317,-15451,-3873,-276,-151,920
6,451,89523,-5451,-15330,-4021,-272,-134,914
6,452,89528,-5572,-15144,-3955,-266,-95,914
6,453,89533,-5729,-15209,-3626,-253,-49,914
6,454,89538,-5681,-15207,-3484,-253,-34,904
6,455,89543,-5651,-15117,-3582,-250,-29,888
6,456,89548,-5741,-14953,-3608,-238,-27,868
6,457,89553,-6059,-14806,-3557,-229,-33,856
6,458,89558,-6073,-14789,-3502,-220,-49,852
6,459,89563,-5956,-14766,-3576,-214,-78,842
6,460,89568,-5821,-14785,-3558,-212,-102,830
6,461,89573,-5949,-14698,-3546,-206,-122,810
6,462,89578,-6272,-14587,-3400,-197,-138,796
6,463,89583,-6401,-14543,-3323,-192,-171,780
6,464,89588,-6406,-14500,-3284,-185,-213,762
6,465,89593,-6288,-14556,-3045,-176,-247,749
6,466,89598,-6348,-14594,-2982,-173,-282,724
6,467,89603,-6503,-14526,-3210,-168,-306,703
6,468,89608,-6695,-14553,-3342,-158,-309,684
6,469,89613,-6653,-14470,-3525,-150,-312,663
6,470,89618,-6548,-14660,-3642,-142,-287,643
6,471,89623,-6659,-14702,-3546,-128,-243,621
6,472,89628,-6777,-14609,-3734,-114,-187,600
6,473,89633,-6858,-14729,-3804,-102,-120,582
6,474,89638,-6966,-14675,-3658,-94,-48,553
6,475,89643,-6749,-14567,-4201,-82,28,534
6,476,89648,-6773,-14747,-3783,-65,134,515
6,477,89653,-6796,-14662,-3613,-56,200,483
6,478,89658,-6653,-14759,-3574,-47,247,457
6,479,89663,-6583,-14711,-3377,-32,296,429
6,480,89668,-6622,-14654,-3278,-23,323,402
6,481,89673,-6581,-14696,-2977,-19,329,383
6,482,89678,-6533,-14614,-2832,-11,309,355
6,483,89683,-6439,-14558,-3051,-1,294,334
6,484,89688,-6399,-14554,-3020,2,272,311
6,485,89693,-6432,-14490,-2820,6,251,282
6,486,89698,-6366,-14567,-3009,11,212,258
6,487,89703,-6350,-14506,-3153,25,198,232
6,488,89708,-6225,-14538,-3312,31,172,211
6,489,89713,-6344,-14400,-3284,36,184,185
6,490,89718,-6301,-14384,-3237,45,198,164
6,491,89723,-6314,-14289,-3327,51,202,136
6,492,89728,-6263,-14298,-3495,60,208,105
6,493,89733,-6295,-14132,-3339,69,218,71
6,494,89738,-6334,-14127,-3130,76,215,51
6,495,89743,-6251,-14161,-3139,85,209,31
6,496,89748,-6241,-14073,-3500,105,223,-23
6,497,89753,-6274,-14076,-3284,107,228,-40
6,498,89758,-6305,-14101,-3103,107,216,-63
6,499,89763,-6000,-11953,-3947,131,212,-71
6,500,89768,-6500,-15427,-2449,156,295,16
6,501,89773,-6158,-15172,-4586,116,189,-115
6,502,89778,-6233,-13875,-2952,87,256,-247
6,503,89783,-6143,-13649,-3255,129,301,-261
6,504,89788,-6606,-13379,-3817,186,328,-223
6,505,89793,-6543,-14416,-2642,200,274,-191
6,506,89798,-6156,-14127,-3724,176,131,-256
6,507,89803,-5687,-13983,-3653,161,163,-312
6,508,89808,-6116,-13723,-4007,171,250,-336
6,509,89813,-6305,-13917,-3979,202,379,-324
6,510,89818,-6575,-14451,-2725,208,379,-338
6,511,89823,-6365,-13966,-2081,188,233,-399
6,512,89828,-5817,-14453,-2596,197,108,-407
6,513,89833,-5818,-14238,-3666,212,70,-447
6,514,89838,-6138,-14332,-3616,218,87,-468
6,515,89843,-6418,-14379,-3598,218,101,-484
6,516,89848,-5978,-14208,-3337,218,126,-506
6,517,89853,-5676,-14551,-3393,218,137,-513
6,518,89858,-5569,-14636,-3307,236,150,-548
6,519,89863,-6003,-14600,-3139,248,132,-582
6,520,89868,-6094,-14555,-3343,253,86,-606
6,521,89873,-5931,-14440,-3735,256,65,-623
6,522,89878,-5712,-14550,-3791,258,101,-639
6,523,89883,-5710,-14611,-3717,263,164,-656
6,524,89888,-5769,-14721,-3700,272,224,-673
6,525,89893,-5778,-14738,-3605,277,261,-694
6,526,89898,-5755,-14597,-3587,288,289,-716
6,527,89903,-5530,-14575,-3602,296,309,-732
6,528,89908,-5390,-14625,-3363,303,327,-752
6,529,89913,-5306,-14759,-3320,312,317,-768
6,530,89918,-5321,-14763,-3260,315,302,-788
6,531,89923,-5376,-14763,-3183,320,293,-804
6,532,89928,-5265,-14762,-3104,324,288,-817
6,533,89933,-4950,-14860,-3151,326,282,-827
6,534,89938,-4626,-14931,-3341,333,271,-841
6,535,89943,-4627,-14954,-3384,335,257,-855
6,536,89948,-4694,-15041,-3321,337,232,-866
6,537,89953,-4618,-15029,-3303,340,199,-877
6,538,89958,-4371,-15150,-3151,342,168,-884
6,539,89963,-4180,-15313,-3036,347,139,-894
6,540,89968,-4237,-15343,-2935,350,103,-906
6,541,89973,-4274,-15340,-2970,347,59,-918
6,542,89978,-4260,-15305,-3042,347,18,-924
6,543,89983,-4210,-15370,-3000,349,-18,-928
6,544,89988,-4179,-15448,-2897,345,-56,-932
6,545,89993,-4165,-15516,-2893,343,-100,-937
6,546,89998,-4070,-15603,-2929,340,-146,-948
6,547,90003,-4009,-15631,-3052,341,-174,-953
6,548,90008,-4124,-15701,-3133,341,-194,-961
6,549,90013,-4248,-15738,-3179,337,-208,-965
6,550,90018,-4245,-15755,-3188,334,-220,-968
6,551,90023,-4136,-15713,-3193,331,-223,-972
6,552,90028,-4145,-15681,-3339,335,-209,-978
6,553,90033,-4221,-15686,-3503,337,-193,-983
6,554,90038,-4262,-15718,-3452,334,-182,-986
6,555,90043,-4125,-15744,-3344,333,-176,-989
6,556,90048,-4287,-15683,-3243,327,-166,-990
6,557,90053,-3322,-15980,-3705,331,-147,-987
6,558,90058,-3481,-15768,-2788,336,-118,-1006
6,559,90063,-4031,-16027,-3102,330,-163,-1005
6,560,90068,-4232,-15722,-3139,331,-184,-1015
6,561,90073,-3919,-15669,-3013,318,-210,-1000
6,562,90078,-3449,-16069,-2917,311,-200,-984
6,563,90083,-3324,-16202,-2553,313,-187,-996
6,564,90088,-3451,-16079,-2909,312,-218,-1015
6,565,90093,-3724,-16013,-3339,308,-247,-1015
6,566,90098,-3761,-15983,-3390,301,-249,-1005
6,567,90103,-3742,-16024,-2897,299,-230,-994
6,568,90108,-3187,-16602,-2793,291,-228,-990
6,569,90113,-3063,-16270,-2818,282,-242,-1020
6,570,90118,-3997,-16501,-2770,282,-252,-997
6,571,90123,-3708,-16183,-2878,271,-265,-1011
6,572,90128,-3308,-16320,-3034,263,-251,-998
6,573,90133,-3149,-16620,-2722,259,-228,-992
6,574,90138,-3330,-16679,-2614,253,-239,-999
6,575,90143,-3428,-16536,-2768,248,-266,-1005
6,576,90148,-3278,-16530,-3057,247,-275,-997
6,577,90153,-3108,-16553,-3085,242,-255,-990
6,578,90158,-2987,-16650,-2848,240,-234,-988
6,579,90163,-3001,-16687,-2535,233,-231,-989
6,580,90168,-3048,-16844,-2518,227,-245,-985
6,581,90173,-2988,-16870,-2600,224,-260,-985
6,582,90178,-3044,-16844,-2492,215,-267,-982
6,583,90183,-2977,-16894,-2447,207,-279,-976
6,584,90188,-2877,-16903,-2517,203,-285,-975
6,585,90193,-2719,-16988,-2663,197,-280,-969
6,586,90198,-2846,-16913,-2460,194,-266,-968
6,587,90203,-2757,-16843,-2473,190,-263,-965
6,588,90208,-2521,-16843,-2660,185,-252,-959
6,589,90213,-2477,-16816,-2537,181,-226,-956
6,590,90218,-2431,-16789,-2367,175,-201,-951
6,591,90223,-2461,-16828,-2313,170,-195,-947
6,592,90228,-2352,-16816,-2366,168,-198,-940
6,593,90233,-2197,-16821,-2293,162,-200,-937
6,594,90238,-2969,-17149,-1765,152,-203,-938
6,595,90243,-2413,-16802,-3450,144,-233,-950
6,596,90248,-1783,-16427,-2775,156,-82,-908
6,597,90253,-2901,-13060,-2026,129,-69,-879
6,598,90258,6234,-15360,-23119,173,-122,-893
6,599,90263,-14689,-24033,-32768,669,222,-1204
6,600,90268,-32768,648,-22234,942,3825,-694
6,601,90290,-1968,-26773,29573,756,3250,-354
6,602,90291,-27872,-14997,23015,382,-2548,-653
6,603,90291,-27872,-14997,23015,382,-2548,-653
6,604,90292,-27872,-14997,23015,382,-2548,-653
6,605,90293,-27872,-14997,23015,382,-2548,-653
6,606,90298,-16151,-8817,-6710,-303,-6972,-126
6,607,90303,15726,-14937,-21422,-498,-7767,399
6,608,90308,21929,-20100,-15073,-230,-4739,372
6,609,90313,1137,-20052,-1910,-10,-1880,149
6,610,90318,-12556,-18575,-7116,96,-1757,94
6,611,90323,-8758,-13046,-13589,196,-2245,63
6,612,90328,3187,-14726,-13102,71,-2119,338
6,613,90333,6835,-16844,-6043,108,-782,350
6,614,90338,58,-17096,-4676,158,536,264
6,615,90343,-7034,-18029,-2989,212,1260,317
6,616,90348,-6593,-16194,-4552,183,879,314
6,617,90353,-768,-15535,-3084,128,377,330
6,618,90358,1768,-15978,2049,147,427,315
6,619,90363,-148,-16672,1354,222,727,266
6,620,90368,-3693,-16671,-113,259,937,253
6,621,90373,-4241,-16248,-1151,176,608,249
6,622,90378,-2124,-15762,1398,78,34,271
6,623,90383,13,-16229,4319,35,-397,262
6,624,90388,284,-16435,315,79,-522,222
6,625,90393,-1803,-16664,-3970,116,-356,208
6,626,90398,-3240,-16207,-4779,100,-250,206
6,627,90403,-2691,-15765,-1706,46,-334,220
6,628,90408,-513,-16193,-1000,19,-468,228
6,629,90413,99,-16503,-2568,52,-343,209
6,630,90418,-1396,-16534,-4103,86,-72,198
6,631,90423,-3178,-16365,-3410,83,102,207
6,632,90428,-2747,-16163,-1919,48,61,213
6,633,90433,-1147,-16003,-1216,30,3,214
6,634,90438,-311,-16327,-1332,35,57,207
6,635,90443,-1226,-16531,-1593,51,156,193
6,636,90448,-2368,-16373,-1422,58,169,183
6,637,90453,-2162,-16138,-1599,39,51,180
6,638,90458,-1147,-15982,-1325,10,-45,175
6,639,90463,-590,-16215,-1051,0,-50,178
6,640,90468,-1087,-16428,-1061,10,-16,169
6,641,90473,-1802,-16281,-1551,15,-48,153
6,642,90478,-1822,-16196,-2068,1,-125,146
6,643,90483,-1117,-16228,-1877,-24,-146,149
6,644,90488,-1213,-16415,-1711,-20,-90,147
6,645,90493,-1541,-16543,-1936,-18,-74,142
6,646,90498,-1713,-16426,-2227,-21,-92,131
6,647,90503,-1597,-16340,-2147,-29,-104,127
6,648,90508,-1463,-16401,-1649,-39,-89,126
6,649,90513,-1503,-16487,-1390,-36,-78,121
6,650,90518,-1636,-16580,-1537,-35,-86,116
6,651,90523,-1826,-16539,-1796,-42,-111,104
6,652,90528,-1864,-16441,-1839,-51,-131,96
6,653,90533,-1838,-16339,-1734,-57,-132,92
6,654,90538,-1767,-16382,-1581,-61,-118,89
6,655,90543,-1777,-16436,-1617,-62,-110,83
6,656,90548,-1783,-16359,-1826,-62,-117,71
6,657,90553,-1855,-16270,-1994,-65,-128,64
6,658,90558,-1981,-16298,-1864,-69,-132,57
6,659,90563,-1958,-16329,-1647,-74,-125,56
6,660,90568,-1861,-16477,-1633,-76,-117,50
6,661,90573,-1848,-16486,-1756,-77,-110,42
6,662,90578,-1910,-16410,-1948,-77,-107,35
6,663,90583,-1973,-16321,-1988,-80,-98,27
6,664,90588,-1950,-16258,-1927,-81,-82,24
6,665,90593,-1908,-16325,-1826,-78,-62,20
6,666,90598,-1971,-16402,-1773,-82,-46,13
6,667,90603,-2030,-16467,-1674,-83,-41,6
6,668,90608,-2135,-16463,-1710,-85,-47,-1
6,669,90613,-2109,-16350,-1733,-92,-41,-6
6,670,90618,-2055,-16345,-1803,-92,-27,-9
6,671,90623,-2004,-16321,-1821,-90,-2,-10
6,672,90628,-2021,-16314,-1790,-91,12,-15
6,673,90633,-1993,-16227,-1792,-93,11,-22
6,674,90638,-1932,-16173,-1754,-93,6,-28
6,675,90643,-1900,-16194,-1690,-91,1,-29
6,676,90648,-1907,-16215,-1629,-95,-5,-32
6,677,90653,-1896,-16276,-1649,-96,-16,-36
6,678,90658,-1959,-16250,-1680,-98,-31,-40
6,679,90663,-1946,-16196,-1683,-100,-44,-45
6,680,90668,-1918,-16104,-1718,-101,-55,-46
6,681,90673,-1934,-16078,-1726,-99,-60,-45
6,682,90678,-2000,-16095,-1758,-99,-62,-48
6,683,90683,-2033,-16137,-1794,-97,-65,-53
6,684,90688,-2056,-16203,-1748,-97,-64,-55
6,685,90693,-2035,-16221,-1792,-99,-53,-57
6,686,90698,-2011,-16301,-1879,-98,-38,-61
6,687,90703,-1935,-16356,-2026,-97,-20,-62
6,688,90708,-1927,-16276,-2039,-96,4,-63
6,689,90713,-1905,-16181,-1950,-91,24,-68
6,690,90718,-1934,-16193,-1881,-89,41,-68
6,691,90723,-1914,-16164,-1837,-86,54,-70
6,692,90728,-1927,-16158,-1723,-86,60,-72
6,693,90733,-1957,-16160,-1631,-84,58,-74
6,694,90738,-1979,-16157,-1546,-82,48,-75
6,695,90743,-1958,-16169,-1560,-83,38,-75
6,696,90748,-1856,-16174,-1637,-83,22,-77
6,697,90753,-1919,-16231,-1484,-82,5,-78
6,698,90758,-1905,-16205,-1562,-80,-16,-81
6,699,90763,-1817,-16086,-1744,-77,-32,-84
6,700,90768,-1718,-16171,-1842,-77,-36,-82
6,701,90773,-1793,-16142,-1841,-75,-36,-81
6,702,90778,-1863,-16082,-1783,-74,-35,-83
6,703,90783,-1798,-16095,-1758,-74,-41,-79
6,704,90788,-1692,-16135,-1740,-73,-39,-79
6,705,90793,-1704,-16169,-1613,-65,-33,-82
6,706,90798,-1821,-16154,-1463,-63,-43,-85
6,707,90803,-1830,-16128,-1514,-64,-67,-81
6,708,90808,-1731,-16180,-1775,-64,-83,-79
6,709,90813,-1577,-16297,-1976,-62,-77,-80
6,710,90818,-1646,-16374,-1916,-62,-60,-79
6,711,90823,-1705,-16411,-1698,-59,-50,-79
6,712,90828,-1714,-16292,-1763,-54,-54,-78
6,713,90833,-1661,-16199,-1965,-51,-49,-75
6,714,90838,-1706,-16224,-2036,-50,-24,-72
6,715,90843,-1733,-16255,-1919,-46,0,-74
6,716,90848,-1777,-16201,-1715,-43,9,-76
6,717,90853,-1664,-16093,-1738,-35,-9,-73
6,718,90858,-1711,-16097,-1730,-35,-16,-69
6,719,90863,-1766,-16099,-1648,-34,-24,-70
6,720,90868,-1797,-16117,-1607,-37,-41,-69
6,721,90873,-1697,-16088,-1727,-34,-64,-70
6,722,90878,-1671,-16036,-1824,-29,-74,-71
6,723,90883,-1738,-16077,-1888,-26,-76,-71
6,724,90888,-1788,-16114,-1756,-28,-83,-68
6,725,90893,-1822,-16085,-1803,-23,-94,-65
6,726,90898,-1752,-16036,-1972,-20,-89,-66
6,727,90903,-1716,-16097,-2090,-18,-67,-64
6,728,90908,-1811,-16123,-2004,-14,-47,-63
6,729,90913,-1898,-16182,-1811,-9,-30,-67
6,730,90918,-1859,-16222,-1758,-8,-31,-67
6,731,90923,-1799,-16274,-1902,-10,-32,-66
6,732,90928,-1795,-16313,-1940,-4,-24,-65
6,733,90933,-1867,-16272,-1854,-1,-16,-66
6,734,90938,-1828,-16224,-1805,-1,-13,-66
6,735,90943,-1765,-16199,-1857,1,-5,-64
6,736,90948,-1694,-16170,-1904,4,3,-63
6,737,90953,-1699,-16197,-1803,8,10,-65
6,738,90958,-1777,-16222,-1688,11,2,-64
6,739,90963,-1798,-16163,-1679,13,-15,-63
6,740,90968,-1704,-16129,-1736,12,-27,-60
6,741,90973,-1708,-16122,-1783,12,-29,-59
6,742,90978,-1689,-16116,-1707,11,-33,-58
6,743,90983,-1722,-16128,-1671,15,-44,-60
6,744,90988,-1729,-16177,-1731,14,-58,-62
6,745,90993,-1756,-16257,-1757,13,-77,-62
6,746,90998,-1831,-16229,-1754,13,-91,-62
6,747,91003,-1905,-16174,-1785,13,-100,-61
6,748,91008,-1961,-16135,-1903,18,-107,-61
6,749,91013,-1931,-16146,-2076,19,-97,-61
6,750,91018,-1913,-16111,-2130,19,-76,-60
6,751,91023,-1863,-16085,-2083,24,-54,-60
6,752,91028,-1829,-16061,-2095,29,-34,-61
6,753,91033,-1843,-16042,-2109,31,-17,-61
6,754,91038,-1832,-16007,-2095,35,-4,-60
6,755,91043,-1810,-15996,-1954,37,7,-60
6,756,91048,-1785,-16028,-1815,39,13,-62
6,757,91053,-1729,-16013,-1729,41,9,-59
6,758,91058,-1688,-16059,-1726,42,-1,-59
6,759,91063,-1669,-16064,-1684,44,-15,-60
6,760,91068,-1703,-16101,-1699,42,-31,-61
6,761,91073,-1658,-16166,-1727,42,-47,-56
6,762,91078,-1575,-16197,-1689,42,-59,-52
6,763,91083,-1562,-16209,-1578,42,-72,-54
6,764,91088,-1636,-16201,-1635,44,-90,-56
6,765,91093,-1678,-16289,-1670,47,-105,-53
6,766,91098,-1744,-16278,-1608,46,-118,-51
6,767,91103,-1682,-16352,-1617,43,-123,-49
6,768,91108,-1649,-16367,-1694,47,-123,-48
6,769,91113,-1708,-16410,-1819,48,-111,-44
6,770,91118,-1755,-16427,-1924,48,-98,-45
6,771,91123,-1770,-16438,-2100,51,-76,-45
6,772,91128,-1806,-16379,-2208,56,-49,-41
6,773,91133,-1741,-16368,-2248,58,-22,-42
6,774,91138,-1657,-16339,-2196,60,7,-41
6,775,91143,-1609,-16279,-2117,64,34,-40
6,776,91148,-1633,-16267,-2113,70,53,-41
6,777,91153,-1696,-16249,-1979,74,64,-37
6,778,91158,-1689,-16262,-1716,72,67,-35
6,779,91163,-1668,-16307,-1533,71,61,-31
6,780,91168,-1654,-16327,-1552,74,42,-30
6,781,91173,-1659,-16313,-1604,79,21,-32
6,782,91178,-1728,-16258,-1599,74,-1,-31
6,783,91183,-1720,-16221,-1494,71,-30,-31
6,784,91188,-1608,-16209,-1556,72,-51,-28
6,785,91193,-1609,-16193,-1688,73,-62,-25
6,786,91198,-1619,-16179,-1740,71,-68,-28
6,787,91203,-1705,-16220,-1642,73,-80,-26
6,788,91208,-1721,-16276,-1577,72,-96,-24
6,789,91213,-1612,-16313,-1607,71,-100,-20
6,790,91218,-1558,-16382,-1726,74,-81,-18
6,791,91223,-1677,-16273,-1751,72,-71,-17
6,792,91228,-1685,-16214,-1775,71,-64,-18
6,793,91233,-1589,-16146,-1858,70,-58,-11
6,794,91238,-1524,-16114,-1840,72,-36,-10
6,795,91243,-1584,-16054,-1799,73,-23,-11
6,796,91248,-1719,-16016,-1743,74,-22,-11
6,797,91253,-1775,-16005,-1754,71,-31,-10
6,798,91258,-1776,-16055,-1669,72,-44,-7
6,799,91263,-1729,-16213,-1575,72,-52,-7
6,800,91268,-1722,-16308,-1494,69,-65,-6
6,801,91273,-1724,-16345,-1566,67,-76,-6
6,802,91278,-1718,-16335,-1740,66,-76,-7
6,803,91283,-1770,-16292,-1835,66,-68,-5
6,804,91288,-1769,-16243,-1812,67,-55,-4
6,805,91293,-1684,-16200,-1828,67,-43,-2
6,806,91298,-1605,-16163,-1842,66,-31,1
6,807,91303,-1634,-16145,-1809,64,-17,0
6,808,91308,-1690,-16111,-1775,66,-2,2
6,809,91313,-1716,-16133,-1704,67,6,2
6,810,91318,-1677,-16159,-1684,64,8,2
6,811,91323,-1612,-16232,-1718,62,14,4
6,812,91328,-1515,-16307,-1726,62,20,6
6,813,91333,-1503,-16365,-1724,60,26,7
6,814,91338,-1580,-16334,-1699,58,28,7
6,815,91343,-1593,-16280,-1690,60,26,9
6,816,91348,-1545,-16264,-1664,60,23,11
6,817,91353,-1589,-16338,-1520,55,22,13
6,818,91358,-1669,-16374,-1464,52,18,15
6,819,91363,-1655,-16374,-1456,48,7,17
6,820,91368,-1646,-16362,-1603,48,-6,17
6,821,91373,-1585,-16320,-1711,46,-14,17
6,822,91378,-1626,-16329,-1697,44,-19,16
6,823,91383,-1692,-16278,-1655,41,-24,20
6,824,91388,-1707,-16301,-1639,41,-31,18
6,825,91393,-1689,-16344,-1628,38,-34,19
6,826,91398,-1695,-16383,-1610,34,-32,21
6,827,91403,-1631,-16377,-1656,34,-35,22
6,828,91408,-1662,-16328,-1667,31,-34,21
6,829,91413,-1681,-16264,-1657,30,-35,20
6,830,91418,-1720,-16222,-1664,29,-39,22
6,831,91423,-1785,-16239,-1604,26,-41,20
6,832,91428,-1796,-16335,-1574,23,-44,24
6,833,91433,-1768,-16424,-1606,21,-45,25
6,834,91438,-1737,-16414,-1655,20,-43,26
6,835,91443,-1730,-16406,-1808,19,-29,25
6,836,91448,-1775,-16378,-1819,17,-11,25
6,837,91453,-1743,-16280,-1791,16,2,23
6,838,91458,-1727,-16269,-1758,15,10,23
6,839,91463,-1713,-16276,-1711,15,23,24
6,840,91468,-1790,-16344,-1655,15,28,23
6,841,91473,-1811,-16421,-1635,11,31,22
6,842,91478,-1793,-16368,-1628,10,27,23
6,843,91483,-1728,-16361,-1605,6,24,23
6,844,91488,-1684,-16365,-1697,4,27,23
6,845,91493,-1664,-16314,-1666,6,27,23
6,846,91498,-1704,-16287,-1622,4,27,22
6,847,91503,-1690,-16287,-1591,-3,26,23
6,848,91508,-1673,-16351,-1514,-1,20,26
6,849,91513,-1663,-16366,-1521,-4,16,28
6,850,91518,-1672,-16373,-1535,-9,12,26
6,851,91523,-1645,-16336,-1609,-13,7,25
6,852,91528,-1622,-16255,-1705,-13,8,26
6,853,91533,-1593,-16228,-1732,-12,14,27
6,854,91538,-1579,-16221,-1671,-15,20,26
6,855,91543,-1606,-16236,-1580,-19,21,27
6,856,91548,-1629,-16326,-1482,-20,17,26
6,857,91553,-1631,-16332,-1510,-22,11,30
6,858,91558,-1645,-16283,-1579,-24,9,28
6,859,91563,-1596,-16214,-1683,-27,7,28
6,860,91568,-1642,-16151,-1719,-28,5,28
6,861,91573,-1658,-16093,-1779,-30,7,28
6,862,91578,-1625,-16124,-1791,-30,8,30
6,863,91583,-1679,-16118,-1677,-29,7,34
6,864,91588,-1645,-16156,-1619,-30,3,33
6,865,91593,-1677,-16203,-1586,-31,-3,29
6,866,91598,-1700,-16228,-1571,-35,-13,28
6,867,91603,-1716,-16227,-1540,-36,-21,33
6,868,91608,-1682,-16216,-1586,-39,-30,28
6,869,91613,-1728,-16241,-1693,-40,-34,29
6,870,91618,-1723,-16186,-1764,-36,-30,28
6,871,91623,-1737,-16179,-1771,-36,-27,30
6,872,91628,-1723,-16174,-1801,-39,-20,30
6,873,91633,-1695,-16174,-1727,-37,-11,30
6,874,91638,-1684,-16215,-1646,-34,-2,28
6,875,91643,-1644,-16254,-1567,-38,1,29
6,876,91648,-1617,-16289,-1576,-37,1,29
6,877,91653,-1594,-16342,-1623,-36,0,31
6,878,91658,-1618,-16393,-1570,-35,-5,31
6,879,91663,-1653,-16469,-1454,-34,-11,33
6,880,91668,-1688,-16501,-1414,-39,-17,29
6,881,91673,-1656,-16489,-1547,-41,-16,30
6,882,91678,-1555,-16484,-1701,-41,-11,29
6,883,91683,-1553,-16411,-1771,-40,2,33
6,884,91688,-1638,-16376,-1674,-40,17,34
6,885,91693,-1666,-16351,-1528,-42,18,29
6,886,91698,-1687,-16405,-1468,-40,9,31
6,887,91703,-1704,-16425,-1453,-39,-2,31
6,888,91708,-1775,-16433,-1474,-37,-12,32
6,889,91713,-1852,-16382,-1579,-40,-22,32
6,890,91718,-1836,-16325,-1703,-40,-22,32
6,891,91723,-1770,-16292,-1737,-41,-19,29
6,892,91728,-1722,-16312,-1759,-37,-12,30
6,893,91733,-1657,-16307,-1758,-34,-5,29
6,894,91738,-1706,-16331,-1752,-32,-1,26
6,895,91743,-1800,-16319,-1720,-32,3,25
6,896,91748,-1907,-16242,-1678,-31,-4,25
6,897,91753,-1880,-16230,-1651,-30,-4,26
6,898,91758,-1785,-16217,-1597,-29,-4,27
6,899,91763,-1730,-16236,-1585,-29,-5,26
6,900,91768,-1778,-16248,-1592,-27,-6,23
6,901,91773,-1798,-16258,-1641,-25,-14,21
6,902,91778,-1816,-16246,-1662,-24,-21,22
6,903,91783,-1804,-16278,-1642,-22,-26,23
6,904,91788,-1746,-16285,-1518,-23,-24,21
6,905,91793,-1777,-16317,-1484,-20,-25,20
6,906,91798,-1817,-16340,-1570,-20,-25,17
6,907,91803,-1893,-16364,-1643,-19,-22,17
6,908,91808,-1900,-16361,-1567,-19,-19,17
6,909,91813,-1913,-16368,-1466,-21,-17,17
6,910,91818,-1846,-16380,-1560,-21,-8,16
6,911,91823,-1830,-16384,-1705,-14,9,15
6,912,91828,-1824,-16375,-1767,-10,26,15
6,913,91833,-1877,-16302,-1723,-9,43,13
6,914,91838,-1839,-16287,-1642,-10,54,11
6,915,91843,-1838,-16254,-1564,-9,60,13
6,916,91848,-1801,-16251,-1571,-5,65,11
6,917,91853,-1800,-16202,-1617,-4,61,9
6,918,91858,-1783,-16152,-1627,-4,52,9
6,919,91863,-1819,-16131,-1589,-3,45,9
6,920,91868,-1744,-16174,-1583,-4,37,10
6,921,91873,-1750,-16125,-1541,0,28,9
6,922,91878,-1749,-16132,-1585,0,16,8
6,923,91883,-1758,-16205,-1581,0,12,7
6,924,91888,-1800,-16194,-1588,2,6,9
6,925,91893,-1759,-16185,-1661,3,2,8
6,926,91898,-1715,-16192,-1662,3,4,6
6,927,91903,-1716,-16199,-1711,6,11,8
6,928,91908,-1756,-16180,-1697,8,16,6
6,929,91913,-1807,-16196,-1676,8,24,6
6,930,91918,-1777,-16249,-1612,10,21,6
6,931,91923,-1789,-16310,-1493,13,22,4
6,932,91928,-1865,-16353,-1450,13,18,4
6,933,91933,-1843,-16338,-1495,13,12,3
6,934,91938,-1840,-16335,-1650,14,15,3
6,935,91943,-1783,-16305,-1787,15,25,-1
6,936,91948,-1789,-16250,-1763,18,33,-1
6,937,91953,-1827,-16243,-1651,20,35,1
6,938,91958,-1793,-16231,-1627,20,31,-2
6,939,91963,-1770,-16270,-1667,22,27,-5
6,940,91968,-1809,-16273,-1659,23,22,-3
6,941,91973,-1807,-16280,-1669,24,20,0
6,942,91978,-1750,-16268,-1659,25,17,-2
6,943,91983,-1711,-16227,-1647,27,9,-7
6,944,91988,-1735,-16218,-1640,28,2,-6
6,945,91993,-1785,-16255,-1598,28,-6,-5
6,946,91998,-1864,-16283,-1472,29,-17,-6
6,947,92003,-1843,-16315,-1422,27,-29,-6
6,948,92008,-1808,-16365,-1562,27,-30,-5
6,949,92013,-1758,-16355,-1678,27,-25,-7
6,950,92018,-1829,-16325,-1719,30,-12,-6
6,951,92023,-1853,-16314,-1709,30,-4,-9
6,952,92028,-1884,-16350,-1650,31,2,-10
6,953,92033,-1840,-16409,-1631,33,6,-6
6,954,92038,-1899,-16431,-1666,33,15,-7
6,955,92043,-1899,-16484,-1705,35,26,-9
6,956,92048,-1868,-16401,-1773,36,42,-11
6,957,92053,-1829,-16375,-1712,36,52,-12
6,958,92058,-1838,-16298,-1680,38,60,-10
6,959,92063,-1775,-16275,-1591,40,61,-11
6,960,92068,-1748,-16267,-1568,40,58,-12
6,961,92073,-1801,-16279,-1532,39,48,-13
6,962,92078,-1776,-16209,-1556,40,35,-12
6,963,92083,-1790,-16165,-1621,39,23,-15
6,964,92088,-1730,-16110,-1609,38,12,-14
6,965,92093,-1703,-16126,-1551,38,-1,-15
6,966,92098,-1756,-16151,-1466,37,-17,-16
6,967,92103,-1761,-16190,-1494,37,-31,-14
6,968,92108,-1698,-16220,-1547,38,-45,-11
6,969,92113,-1716,-16158,-1573,39,-47,-13
6,970,92118,-1792,-16146,-1670,37,-45,-17
6,971,92123,-1773,-16141,-1658,35,-48,-17
6,972,92128,-1832,-16130,-1664,33,-42,-16
6,973,92133,-1822,-16207,-1579,35,-38,-14
6,974,92138,-1777,-16181,-1650,37,-30,-13
6,975,92143,-1764,-16134,-1806,38,-18,-15
6,976,92148,-1782,-16142,-1844,41,0,-16
6,977,92153,-1774,-16088,-1806,39,14,-17
6,978,92158,-1773,-16073,-1687,38,29,-17
6,979,92163,-1707,-16069,-1707,41,33,-16
6,980,92168,-1837,-16263,-1557,46,50,-11
6,981,92173,-1652,-16260,-1790,41,41,-17
6,982,92178,-1743,-16099,-1439,42,40,-16
6,983,92183,-1601,-16324,-1571,45,29,-14
6,984,92188,-1834,-16048,-1553,39,18,-20
6,985,92193,-1685,-16357,-1325,42,0,-7
6,986,92198,-1665,-16207,-1637,39,-23,-15
6,987,92203,-1652,-16186,-1293,40,-21,-21
6,988,92208,-1809,-16432,-1486,42,-35,-11
6,989,92213,-1782,-16381,-1412,40,-40,-18
6,990,92218,-1717,-16428,-1556,37,-44,-13
6,991,92223,-1611,-16434,-1723,36,-37,-15
6,992,92228,-1683,-16349,-1550,38,-18,-16
6,993,92233,-1854,-16350,-1552,40,-14,-15
6,994,92238,-1942,-16412,-1502,40,-8,-17
6,995,92243,-1849,-16453,-1522,37,-1,-13
6,996,92248,-1777,-16502,-1566,38,11,-15
6,997,92253,-1793,-16476,-1456,38,24,-18
6,998,92258,-1820,-16437,-1455,36,28,-18
6,999,92263,-1850,-16357,-1514,35,29,-19
7,0,97608,-1633,-16284,-1443,-4,34,-5
7,1,97613,-1635,-16285,-1457,-2,33,-6
7,2,97618,-1627,-16274,-1421,-3,30,-4
7,3,97623,-1654,-16233,-1390,-4,21,-5
7,4,97628,-1593,-16184,-1354,-3,11,-4
7,5,97633,-1590,-16217,-1350,-4,0,-3
7,6,97638,-1618,-16241,-1329,-6,-15,-4
7,7,97643,-1648,-16244,-1336,-5,-30,-4
7,8,97648,-1698,-16247,-1362,-6,-41,-6
7,9,97653,-1717,-16247,-1367,-3,-55,-5
7,10,97658,-1676,-16255,-1414,-4,-58,-5
7,11,97663,-1689,-16297,-1408,-2,-63,-2
7,12,97668,-1701,-16340,-1459,-4,-61,-3
7,13,97673,-1696,-16379,-1506,-5,-55,-6
7,14,97678,-1716,-16357,-1478,-4,-46,-6
7,15,97683,-1711,-16347,-1488,-3,-33,-7
7,16,97688,-1678,-16348,-1499,-3,-19,-7
7,17,97693,-1694,-16349,-1550,2,-2,-6
7,18,97698,-1760,-16346,-1499,0,8,-6
7,19,97703,-1748,-16369,-1441,1,16,-6
7,20,97708,-1732,-16341,-1384,-1,22,-6
7,21,97713,-1711,-16350,-1399,4,25,-6
7,22,97718,-1700,-16402,-1395,5,30,-7
7,23,97723,-1696,-16358,-1376,3,34,-5
7,24,97728,-1713,-16306,-1354,2,27,-5
7,25,97733,-1689,-16297,-1339,1,19,-7
7,26,97738,-1644,-16285,-1364,5,11,-7
7,27,97743,-1652,-16274,-1302,2,1,-7
7,28,97748,-1674,-16259,-1377,3,-11,-7
7,29,97753,-1634,-16270,-1396,3,-18,-7
7,30,97758,-1624,-16256,-1407,1,-20,-8
7,31,97763,-1594,-16196,-1456,3,-24,-6
7,32,97768,-1567,-16156,-1503,3,-23,-6
7,33,97773,-1580,-16131,-1542,2,-19,-8
7,34,97778,-1592,-16128,-1559,5,-15,-9
7,35,97783,-1617,-16114,-1519,6,-15,-6
7,36,97788,-1675,-16122,-1424,4,-15,-5
7,37,97793,-1692,-16167,-1422,8,-15,-6
7,38,97798,-1666,-16212,-1393,6,-18,-8
7,39,97803,-1695,-16228,-1405,7,-23,-9
7,40,97808,-1792,-16249,-1424,5,-28,-9
7,41,97813,-1755,-16304,-1345,4,-34,-6
7,42,97818,-1715,-16283,-1372,5,-33,-7
7,43,97823,-1737,-16338,-1471,4,-31,-9
7,44,97828,-1748,-16346,-1534,10,-25,-10
7,45,97833,-1731,-16302,-1523,7,-13,-10
7,46,97838,-1719,-16274,-1450,8,-9,-10
7,47,97843,-1709,-16280,-1450,7,-7,-9
7,48,97848,-1707,-16250,-1451,10,-3,-8
7,49,97853,-1694,-16266,-1452,14,-2,-9
7,50,97858,-1668,-16251,-1435,10,-2,-11
7,51,97863,-1655,-16289,-1409,12,-2,-11
7,52,97868,-1649,-16343,-1374,14,-9,-10
7,53,97873,-1664,-16342,-1371,10,-15,-13
7,54,97878,-1661,-16343,-1383,11,-17,-11
7,55,97883,-1662,-16321,-1431,11,-18,-12
7,56,97888,-1662,-16354,-1407,10,-21,-10
7,57,97893,-1635,-16383,-1369,10,-23,-8
7,58,97898,-1646,-16421,-1357,10,-22,-11
7,59,97903,-1693,-16429,-1333,8,-21,-9
7,60,97908,-1730,-16444,-1361,9,-21,-8
7,61,97913,-1707,-16449,-1380,9,-19,-7
7,62,97918,-1687,-16437,-1385,11,-11,-9
7,63,97923,-1664,-16443,-1456,11,-4,-13
7,64,97928,-1652,-16425,-1472,11,2,-10
7,65,97933,-1660,-16409,-1469,12,9,-9
7,66,97938,-1684,-16384,-1441,10,12,-10
7,67,97943,-1680,-16376,-1392,14,17,-12
7,68,97948,-1658,-16355,-1372,12,18,-10
7,69,97953,-1665,-16346,-1388,11,11,-8
7,70,97958,-1675,-16320,-1398,11,10,-8
7,71,97963,-1687,-16280,-1402,10,3,-8
7,72,97968,-1657,-16265,-1388,13,-7,-9
7,73,97973,-1678,-16254,-1412,11,-16,-10
7,74,97978,-1699,-16240,-1442,11,-23,-10
7,75,97983,-1697,-16239,-1491,9,-29,-9
7,76,97988,-1691,-16203,-1478,6,-34,-11
7,77,97993,-1680,-16240,-1446,7,-42,-10
7,78,97998,-1678,-16184,-1442,7,-44,-12
7,79,98003,-1708,-16208,-1424,9,-42,-12
7,80,98008,-1726,-16271,-1393,11,-41,-11
7,81,98013,-1780,-16316,-1434,7,-38,-12
7,82,98018,-1769,-16354,-1508,8,-35,-13
7,83,98023,-1678,-16326,-1516,11,-25,-11
7,84,98028,-1700,-16304,-1461,7,-14,-14
7,85,98033,-1695,-16334,-1464,7,-7,-12
7,86,98038,-1678,-16338,-1449,9,3,-9
7,87,98043,-1679,-16327,-1450,9,13,-9
7,88,98048,-1647,-16349,-1476,10,20,-10
7,89,98053,-1611,-16318,-1402,10,27,-11
7,90,98058,-1668,-16310,-1399,6,30,-10
7,91,98063,-1668,-16280,-1394,7,28,-10
7,92,98068,-1648,-16252,-1406,6,29,-8
7,93,98073,-1638,-16265,-1424,6,26,-8
7,94,98078,-1618,-16258,-1376,4,17,-9
7,95,98083,-1594,-16243,-1324,4,12,-9
7,96,98088,-1604,-16238,-1398,6,9,-9
7,97,98093,-1581,-16212,-1461,3,4,-10
7,98,98098,-1569,-16196,-1395,2,-3,-9
7,99,98103,-1570,-16210,-1357,3,-10,-10
7,100,98108,-1561,-16243,-1338,2,-18,-9
7,101,98113,-1580,-16268,-1328,0,-25,-7
7,102,98118,-1584,-16271,-1333,-1,-31,-7
7,103,98123,-1641,-16293,-1387,-1,-36,-5
7,104,98128,-1639,-16330,-1431,-4,-39,-7
7,105,98133,-1674,-16335,-1420,-4,-42,-7
7,106,98138,-1655,-16328,-1378,-5,-42,-5
7,107,98143,-1697,-16344,-1373,-7,-45,-6
7,108,98148,-1711,-16344,-1458,-4,-43,-4
7,109,98153,-1723,-16361,-1522,-4,-34,-4
7,110,98158,-1765,-16434,-1524,-5,-21,-5
7,111,98163,-1723,-16381,-1498,-4,-15,-6
7,112,98168,-1731,-16357,-1465,-3,-5,-4
7,113,98173,-1723,-16355,-1460,-4,4,-5
7,114,98178,-1758,-16362,-1474,-3,10,-7
7,115,98183,-1759,-16338,-1456,-2,11,-6
7,116,98188,-1761,-16352,-1408,-5,13,-6
7,117,98193,-1758,-16332,-1343,-6,9,-5
7,118,98198,-1751,-16337,-1333,-5,-9,-5
7,119,98203,-1765,-16302,-1389,-7,-18,-5
7,120,98208,-1773,-16283,-1499,-9,-30,-5
7,121,98213,-1757,-16232,-1438,-10,-37,-7
7,122,98218,-1740,-16255,-1404,-8,-38,-9
7,123,98223,-1746,-16292,-1438,-10,-44,-11
7,124,98228,-1759,-16327,-1455,-9,-39,-10
7,125,98233,-1737,-16329,-1535,-10,-31,-7
7,126,98238,-1743,-16345,-1554,-11,-18,-7
7,127,98243,-1775,-16355,-1552,-6,-4,-8
7,128,98248,-1736,-16326,-1427,-9,5,-10
7,129,98253,-1709,-16366,-1401,-8,14,-9
7,130,98258,-1711,-16366,-1427,-6,26,-9
7,131,98263,-1690,-16338,-1494,-7,36,-9
7,132,98268,-1687,-16282,-1461,-8,44,-6
7,133,98273,-1683,-16277,-1433,-7,45,-7
7,134,98278,-1647,-16230,-1349,-9,39,-11
7,135,98283,-1634,-16221,-1369,-8,36,-11
7,136,98288,-1615,-16210,-1387,-8,33,-6
7,137,98293,-1582,-16220,-1356,-9,22,-5
7,138,98298,-1595,-16177,-1421,-8,14,-8
7,139,98303,-1594,-16183,-1489,-7,7,-7
7,140,98308,-1578,-16159,-1444,-9,2,-1
7,141,98313,-1531,-16189,-1372,-9,-7,-4
7,142,98318,-1578,-16194,-1355,-11,-14,-4
7,143,98323,-1592,-16258,-1379,-12,-24,-4
7,144,98328,-1635,-16281,-1386,-11,-28,-3
7,145,98333,-1601,-16255,-1431,-11,-26,-3
7,146,98338,-1593,-16277,-1485,-12,-19,-5
7,147,98343,-1668,-16323,-1520,-11,-16,-4
7,148,98348,-1687,-16301,-1434,-10,-12,-4
7,149,98353,-1640,-16229,-1489,-10,-5,0
7,150,98358,-1481,-16324,-1467,-8,8,2
7,151,98363,-1549,-16336,-1541,-7,22,-1
7,152,98368,-1772,-16323,-1400,-9,25,-2
7,153,98373,-1784,-16264,-1312,-11,19,-1
7,154,98378,-1549,-16304,-1437,-9,18,4
7,155,98383,-1455,-16292,-1499,-7,32,3
7,156,98388,-1619,-16251,-1396,-4,35,-1
7,157,98393,-1769,-16212,-1299,-6,17,-1
7,158,98398,-1752,-16249,-1402,-8,-3,-2
7,159,98403,-1588,-16290,-1455,-8,-9,5
7,160,98408,-1546,-16320,-1349,-7,-8,6
7,161,98413,-1610,-16329,-1305,-7,-11,2
7,162,98418,-1733,-16269,-1387,-8,-24,2
7,163,98423,-1778,-16271,-1497,-5,-35,0
7,164,98428,-1662,-16275,-1489,-7,-32,1
7,165,98433,-1627,-16277,-1431,-8,-25,5
7,166,98438,-1649,-16401,-1411,-7,-22,3
7,167,98443,-1726,-16392,-1533,-3,-17,2
7,168,98448,-1776,-16362,-1559,-5,-3,2
7,169,98453,-1755,-16352,-1493,-3,8,5
7,170,98458,-1746,-16332,-1426,-2,20,5
7,171,98463,-1661,-16379,-1459,-3,28,4
7,172,98468,-1615,-16409,-1520,0,38,3
7,173,98473,-1716,-16394,-1467,0,46,1
7,174,98478,-1724,-16371,-1447,2,49,3
7,175,98483,-1688,-16388,-1331,0,45,3
7,176,98488,-1618,-16378,-1315,-1,42,5
7,177,98493,-1595,-16397,-1277,0,38,5
7,178,98498,-1667,-16392,-1310,1,29,6
7,179,98503,-1688,-16330,-1358,3,17,5
7,180,98508,-1604,-16268,-1414,0,4,3
7,181,98513,-1573,-16245,-1432,-4,-6,4
7,182,98518,-1569,-16279,-1386,-2,-9,5
7,183,98523,-1601,-16259,-1373,-1,-19,4
7,184,98528,-1618,-16250,-1390,-2,-32,4
7,185,98533,-1616,-16257,-1532,-1,-35,5
7,186,98538,-1598,-16241,-1591,-2,-35,6
7,187,98543,-1575,-16226,-1518,1,-31,7
7,188,98548,-1595,-16241,-1492,3,-27,9
7,189,98553,-1607,-16268,-1477,1,-23,7
7,190,98558,-1649,-16304,-1484,2,-22,5
7,191,98563,-1644,-16295,-1473,4,-17,6
7,192,98568,-1676,-16267,-1437,3,-7,11
7,193,98573,-1689,-16296,-1442,4,-5,9
7,194,98578,-1719,-16330,-1403,3,-1,7
7,195,98583,-1673,-16300,-1415,3,2,9
7,196,98588,-1630,-16300,-1519,7,5,6
7,197,98593,-1624,-16274,-1510,7,9,6
7,198,98598,-1655,-16250,-1462,6,14,7
7,199,98603,-1686,-16252,-1428,6,12,7
7,200,98608,-1651,-16232,-1396,8,7,7
7,201,98613,-1633,-16246,-1424,7,2,7
7,202,98618,-1586,-16221,-1435,7,-3,9
7,203,98623,-1601,-16189,-1433,7,-13,8
7,204,98628,-1606,-16177,-1475,7,-18,7
7,205,98633,-1610,-16185,-1448,9,-28,8
7,206,98638,-1626,-16192,-1398,8,-34,7
7,207,98643,-1697,-16211,-1423,7,-42,8
7,208,98648,-1683,-16229,-1411,9,-52,8
7,209,98653,-1685,-16254,-1415,8,-54,9
7,210,98658,-1675,-16255,-1452,9,-53,7
7,211,98663,-1654,-16258,-1557,10,-46,7
7,212,98668,-1713,-16291,-1539,13,-40,8
7,213,98673,-1657,-16277,-1443,11,-36,6
7,214,98678,-1679,-16294,-1433,9,-33,6
7,215,98683,-1703,-16317,-1467,11,-28,4
7,216,98688,-1648,-16310,-1516,14,-19,7
7,217,98693,-1625,-16314,-1533,17,-10,7
7,218,98698,-1645,-16333,-1488,15,-1,5
7,219,98703,-1677,-16330,-1397,15,2,8
7,220,98708,-1681,-16329,-1404,14,0,4
7,221,98713,-1665,-16293,-1388,16,-3,5
7,222,98718,-1651,-16350,-1440,19,-3,6
7,223,98723,-1635,-16369,-1346,17,-3,6
7,224,98728,-1681,-16374,-1337,16,-4,6
7,225,98733,-1700,-16387,-1366,17,-6,7
7,226,98738,-1650,-16443,-1373,15,-6,6
7,227,98743,-1667,-16445,-1357,16,-11,5
7,228,98748,-1729,-16412,-1349,17,-11,5
7,229,98753,-1723,-16412,-1326,17,-12,2
7,230,98758,-1722,-16406,-1322,16,-15,3
7,231,98763,-1749,-16387,-1345,15,-19,3
7,232,98768,-1735,-16354,-1362,15,-21,1
7,233,98773,-1746,-16328,-1390,16,-25,1
7,234,98778,-1760,-16303,-1425,17,-27,1
7,235,98783,-1796,-16301,-1401,17,-28,0
7,236,98788,-1777,-16290,-1363,16,-34,0
7,237,98793,-1810,-16272,-1396,13,-37,-2
7,238,98798,-1780,-16290,-1431,14,-37,-5
7,239,98803,-1782,-16307,-1451,15,-31,-4
7,240,98808,-1802,-16316,-1464,14,-28,-5
7,241,98813,-1759,-16311,-1447,14,-22,-5
7,242,98818,-1712,-16311,-1437,14,-15,-6
7,243,98823,-1726,-16263,-1529,17,-8,-9
7,244,98828,-1751,-16258,-1488,17,-5,-10
7,245,98833,-1753,-16249,-1469,16,-4,-8
7,246,98838,-1748,-16273,-1426,18,-3,-10
7,247,98843,-1689,-16249,-1465,16,-4,-11
7,248,98848,-1697,-16258,-1397,15,-8,-11
7,249,98853,-1694,-16271,-1349,14,-12,-14
7,250,98858,-1655,-16274,-1377,17,-16,-11
7,251,98863,-1652,-16276,-1463,16,-18,-13
7,252,98868,-1615,-16300,-1480,13,-16,-12
7,253,98873,-1639,-16289,-1418,15,-18,-12
7,254,98878,-1663,-16333,-1403,16,-20,-12
7,255,98883,-1606,-16362,-1356,16,-20,-11
7,256,98888,-1646,-16365,-1398,16,-16,-12
7,257,98893,-1622,-16389,-1536,16,-14,-10
7,258,98898,-1634,-16402,-1474,15,-9,-10
7,259,98903,-1620,-16358,-1431,14,-5,-13
7,260,98908,-1605,-16337,-1404,13,-3,-12
7,261,98913,-1610,-16330,-1415,15,-3,-10
7,262,98918,-1656,-16303,-1402,14,-8,-10
7,263,98923,-1683,-16306,-1443,16,-13,-10
7,264,98928,-1671,-16310,-1401,16,-16,-9
7,265,98933,-1580,-16367,-1423,12,-23,-8
7,266,98938,-1614,-16346,-1451,14,-22,-14
7,267,98943,-1686,-16333,-1414,16,-25,-12
7,268,98948,-1674,-16381,-1358,14,-27,-8
7,269,98953,-1684,-16380,-1362,12,-29,-11
7,270,98958,-1731,-16401,-1293,12,-28,-11
7,271,98963,-1693,-16403,-1338,11,-29,-10
7,272,98968,-1704,-16395,-1391,12,-26,-10
7,273,98973,-1702,-16412,-1403,10,-23,-11
7,274,98978,-1661,-16384,-1383,10,-18,-10
7,275,98983,-1643,-16333,-1400,9,-17,-9
7,276,98988,-1674,-16376,-1407,10,-13,-9
7,277,98993,-1683,-16367,-1358,9,-10,-11
7,278,98998,-1729,-16377,-1337,10,-9,-9
7,279,99003,-1702,-16356,-1416,9,-7,-8
7,280,99008,-1693,-16333,-1467,8,-4,-8
7,281,99013,-1648,-16323,-1453,7,0,-12
7,282,99018,-1616,-16305,-1421,8,2,-10
7,283,99023,-1644,-16280,-1385,7,1,-8
7,284,99028,-1658,-16273,-1370,7,-1,-7
7,285,99033,-1671,-16256,-1295,7,-7,-8
7,286,99038,-1686,-16274,-1316,5,-8,-9
7,287,99043,-1667,-16277,-1274,5,-15,-10
7,288,99048,-1684,-16249,-1352,4,-25,-6
7,289,99053,-1627,-16292,-1359,1,-28,-6
7,290,99058,-1630,-16291,-1333,1,-33,-8
7,291,99063,-1658,-16307,-1337,1,-37,-6
7,292,99068,-1620,-16311,-1358,-3,-39,-8
7,293,99073,-1646,-16321,-1348,-2,-36,-6
7,294,99078,-1645,-16319,-1378,0,-31,-3
7,295,99083,-1644,-16318,-1397,-4,-20,-4
7,296,99088,-1688,-16324,-1426,-5,-13,-4
7,297,99093,-1660,-16291,-1421,-3,-8,-4
7,298,99098,-1682,-16283,-1373,-2,-1,-3
7,299,99103,-1652,-16253,-1349,-4,2,-1
7,300,99108,-1681,-16224,-1337,-3,0,-4
7,301,99113,-1632,-16196,-1310,-6,-3,-3
7,302,99118,-1652,-16229,-1316,-8,-6,-3
7,303,99123,-1664,-16223,-1293,-7,-10,-5
7,304,99128,-1655,-16232,-1278,-9,-20,-4
7,305,99133,-1642,-16228,-1299,-9,-28,-5
7,306,99138,-1661,-16202,-1268,-11,-34,-4
7,307,99143,-1709,-16209,-1275,-12,-41,-6
7,308,99148,-1740,-16219,-1316,-13,-44,-4
7,309,99153,-1768,-16275,-1349,-14,-47,-3
7,310,99158,-1721,-16232,-1364,-13,-44,-1
7,311,99163,-1744,-16193,-1439,-14,-41,-5
7,312,99168,-1793,-16220,-1446,-15,-40,-6
7,313,99173,-1828,-16250,-1415,-13,-38,-5
7,314,99178,-1833,-16273,-1375,-16,-33,-5
7,315,99183,-1824,-16277,-1429,-16,-24,-4
7,316,99188,-1825,-16215,-1483,-16,-18,-6
7,317,99193,-1837,-16182,-1448,-16,-13,-7
7,318,99198,-1867,-16189,-1466,-17,-3,-11
7,319,99203,-1855,-16221,-1432,-16,1,-14
7,320,99208,-1813,-16228,-1476,-15,6,-9
7,321,99213,-1765,-16238,-1547,-16,8,-7
7,322,99218,-1762,-16176,-1550,-16,15,-10
7,323,99223,-1744,-16175,-1570,-16,18,-9
7,324,99228,-1789,-16181,-1474,-14,20,-10
7,325,99233,-1737,-16171,-1455,-13,19,-10
7,326,99238,-1685,-16202,-1374,-12,20,-11
7,327,99243,-1691,-16268,-1337,-12,19,-10
7,328,99248,-1746,-16296,-1354,-13,12,-10
7,329,99253,-1770,-16325,-1336,-15,6,-12
7,330,99258,-1688,-16364,-1329,-16,3,-11
7,331,99263,-1667,-16395,-1303,-15,-4,-9
7,332,99268,-1712,-16366,-1328,-14,-8,-10
7,333,99273,-1675,-16382,-1330,-17,-10,-12
7,334,99278,-1741,-16399,-1333,-17,-13,-11
7,335,99283,-1768,-16415,-1361,-17,-18,-10
7,336,99288,-1758,-16432,-1411,-16,-20,-9
7,337,99293,-1727,-16411,-1401,-17,-17,-8
7,338,99298,-1830,-16383,-1417,-16,-9,-12
7,339,99303,-1833,-16425,-1452,-17,-3,-11
7,340,99308,-1852,-16444,-1422,-16,-5,-9
7,341,99313,-1811,-16371,-1382,-13,-4,-9
7,342,99318,-1818,-16369,-1395,-16,2,-11
7,343,99323,-1863,-16342,-1435,-14,5,-12
7,344,99328,-1890,-16331,-1465,-11,9,-11
7,345,99333,-1844,-16284,-1542,-13,16,-12
7,346,99338,-1787,-16253,-1515,-14,22,-12
7,347,99343,-1761,-16235,-1472,-12,26,-15
7,348,99348,-1807,-16203,-1403,-12,31,-16
7,349,99353,-1819,-16192,-1471,-9,34,-15
7,350,99358,-1783,-16186,-1463,-8,37,-12
7,351,99363,-1831,-16169,-1427,-7,41,-13
7,352,99368,-1810,-16146,-1396,-7,43,-12
7,353,99373,-1810,-16159,-1347,-4,41,-13
7,354,99378,-1793,-16151,-1310,-4,38,-12
7,355,99383,-1844,-16144,-1352,-5,32,-12
7,356,99388,-1838,-16143,-1308,-5,28,-13
7,357,99393,-1838,-16140,-1215,-4,19,-12
7,358,99398,-1854,-16192,-1257,-5,13,-8
7,359,99403,-1952,-16223,-1278,-3,6,-14
7,360,99408,-2091,-16286,-1181,-2,-6,-16
7,361,99413,-2256,-16304,-1146,-2,-24,-11
7,362,99418,-2281,-16370,-1074,-4,-38,-12
7,363,99423,-2379,-16399,-1110,-6,-40,-14
7,364,99428,-2511,-16419,-1179,-4,-36,-12
7,365,99433,-2635,-16373,-1384,-7,-27,-13
7,366,99438,-2452,-16379,-1645,-8,-5,-6
7,367,99443,-1884,-16402,-1905,-8,44,-1
7,368,99448,-1508,-16424,-1826,-2,115,4
7,369,99453,-1772,-16304,-1593,3,178,0
7,370,99458,-2047,-16126,-1715,7,224,0
7,371,99463,-2176,-15857,-2148,11,278,9
7,372,99468,-1874,-15875,-2342,17,348,24
7,373,99473,-1713,-15720,-1950,22,418,30
7,374,99478,-1720,-15817,-1357,18,440,33
7,375,99483,-1930,-15787,-965,16,412,33
7,376,99488,-2095,-15757,-1134,17,372,41
7,377,99493,-2158,-15752,-1301,15,342,55
7,378,99498,-2026,-15848,-1204,10,315,67
7,379,99503,-2029,-15938,-827,7,280,68
7,380,99508,-2216,-15948,-616,0,214,68
7,381,99513,-2376,-15935,-753,-10,131,76
7,382,99518,-2354,-15955,-1029,-17,70,87
7,383,99523,-2285,-16066,-1194,-25,46,105
7,384,99528,-2307,-16079,-1340,-26,47,114
7,385,99533,-2319,-16036,-1756,-28,62,120
7,386,99538,-2106,-15931,-2270,-30,102,127
7,387,99543,-1922,-15812,-2634,-30,184,141
7,388,99548,-1882,-15897,-2585,-28,285,158
7,389,99553,-1811,-15936,-2503,-23,376,173
7,390,99558,-1754,-15984,-2492,-19,453,184
7,391,99563,-1782,-15973,-2338,-15,523,192
7,392,99568,-1801,-15981,-2060,-15,576,209
7,393,99573,-1878,-15970,-1664,-21,599,224
7,394,99578,-1901,-15942,-1342,-28,582,240
7,395,99583,-1953,-15944,-1180,-35,532,253
7,396,99588,-2053,-16031,-1070,-42,463,269
7,397,99593,-2115,-16081,-1173,-52,380,285
7,398,99598,-2017,-16142,-1256,-63,305,306
7,399,99603,-1817,-16198,-1237,-77,242,321
7,400,99608,-1934,-16229,-1396,-87,187,332
7,401,99613,-2113,-16241,-1621,-89,138,344
7,402,99618,-2077,-16252,-1755,-96,95,357
7,403,99623,-2084,-16338,-1753,-102,68,374
7,404,99628,-2105,-16517,-1698,-106,48,388
7,405,99633,-2251,-16545,-1598,-113,31,402
7,406,99638,-2294,-16580,-1778,-120,9,418
7,407,99643,-2359,-16548,-1988,-123,4,435
7,408,99648,-2374,-16507,-2167,-129,19,452
7,409,99653,-2557,-16494,-2047,-135,43,468
7,410,99658,-2798,-16529,-1985,-142,55,478
7,411,99663,-2943,-16459,-2114,-142,57,493
7,412,99668,-2944,-16434,-2236,-148,91,524
7,413,99673,-3154,-16344,-2188,-151,102,538
7,414,99678,-3362,-16277,-2285,-154,106,548
7,415,99683,-3377,-16268,-2487,-156,114,560
7,416,99688,-3370,-16308,-2452,-158,125,573
7,417,99693,-3549,-16279,-2331,-163,133,583
7,418,99698,-3559,-16250,-2299,-167,134,593
7,419,99703,-3572,-16205,-2497,-170,138,604
7,420,99708,-3597,-16307,-2545,-171,150,611
7,421,99713,-3732,-16261,-2356,-175,158,616
7,422,99718,-3858,-16222,-2036,-179,148,626
7,423,99723,-3911,-16247,-2052,-182,126,634
7,424,99728,-3913,-16319,-2186,-183,118,642
7,425,99733,-3734,-16342,-2252,-187,116,654
7,426,99738,-3662,-16326,-2172,-193,118,658
7,427,99743,-3742,-16358,-2243,-195,111,657
7,428,99748,-3806,-16244,-2338,-197,107,665
7,429,99753,-3775,-16201,-2358,-200,111,676
7,430,99758,-3713,-16235,-2376,-200,119,686
7,431,99763,-3704,-16186,-2353,-202,127,691
7,432,99768,-3763,-16130,-2286,-204,127,696
7,433,99773,-3849,-16061,-2248,-203,116,700
7,434,99778,-3902,-15975,-2220,-206,102,704
7,435,99783,-3968,-15968,-2187,-208,83,710
7,436,99788,-3986,-15917,-2138,-210,59,713
7,437,99793,-4004,-15873,-2224,-211,39,717
7,438,99798,-4087,-15837,-2309,-212,29,716
7,439,99803,-4151,-15782,-2377,-210,25,717
7,440,99808,-4204,-15696,-2284,-213,15,716
7,441,99813,-4218,-15748,-2218,-214,4,719
7,442,99818,-4257,-15741,-2198,-212,5,721
7,443,99823,-4268,-15822,-2349,-212,13,724
7,444,99828,-4186,-15844,-2574,-208,42,723
7,445,99833,-4064,-15806,-2650,-207,78,722
7,446,99838,-4079,-15753,-2632,-206,122,721
7,447,99843,-4084,-15674,-2719,-201,170,721
7,448,99848,-4070,-15678,-2750,-198,228,724
7,449,99853,-4052,-15662,-2774,-192,281,724
7,450,99858,-4070,-15635,-2565,-189,322,724
7,451,99863,-4062,-15667,-2415,-188,346,721
7,452,99868,-4052,-15568,-2226,-186,349,714
7,453,99873,-4108,-15599,-2068,-187,334,713
7,454,99878,-4147,-15595,-1975,-187,309,709
7,455,99883,-4079,-15568,-2040,-186,272,706
7,456,99888,-4013,-15583,-2015,-187,232,704
7,457,99893,-4049,-15615,-1859,-187,190,698
7,458,99898,-4093,-15582,-1936,-192,144,695
7,459,99903,-4229,-15520,-2033,-188,104,692
7,460,99908,-4264,-15417,-2079,-192,55,688
7,461,99913,-4363,-15423,-1864,-195,5,683
7,462,99918,-4285,-15402,-2055,-196,-46,669
7,463,99923,-4360,-15342,-2374,-188,-83,658
7,464,99928,-4503,-15284,-2336,-182,-107,650
7,465,99933,-4623,-15318,-2242,-180,-138,641
7,466,99938,-4722,-15391,-2039,-180,-167,637
7,467,99943,-4644,-15383,-2406,-176,-188,628
7,468,99948,-4589,-15447,-2567,-171,-170,624
7,469,99953,-4694,-15397,-2674,-165,-145,615
7,470,99958,-4729,-15225,-2879,-161,-126,601
7,471,99963,-4835,-15163,-2685,-152,-96,593
7,472,99968,-4777,-15063,-3077,-144,-63,588
7,473,99973,-4782,-15186,-2956,-133,-4,582
7,474,99978,-4871,-15196,-2763,-125,37,566
7,475,99983,-4900,-15102,-2788,-122,49,549
7,476,99988,-4841,-14967,-2801,-113,61,534
7,477,99993,-4784,-14805,-2777,-100,75,525
7,478,99998,-4882,-14828,-2546,-94,89,518
7,479,100003,-4984,-14789,-2417,-89,81,506
7,480,100008,-4953,-14798,-2479,-88,59,489
7,481,100013,-4934,-14806,-2458,-82,40,475
7,482,100018,-4975,-14787,-2435,-77,23,461
7,483,100023,-5158,-14804,-2315,-68,2,448
7,484,100028,-5213,-14783,-2303,-62,-31,431
7,485,100033,-5280,-14909,-2309,-56,-100,402
7,486,100038,-5326,-14962,-2312,-49,-127,385
7,487,100043,-5460,-14994,-2354,-42,-149,367
7,488,100048,-5516,-15046,-2416,-35,-173,348
7,489,100053,-5580,-15112,-2490,-32,-190,331
7,490,100058,-5618,-15171,-2363,-30,-201,310
7,491,100063,-5659,-15185,-2386,-19,-214,293
7,492,100068,-5722,-15208,-2455,-12,-223,275
7,493,100073,-5779,-15190,-2697,-6,-217,252
7,494,100078,-5848,-15230,-2693,2,-193,240
7,495,100083,-5874,-15291,-2742,9,-166,222
7,496,100088,-5918,-15365,-2677,18,-132,199
7,497,100093,-5981,-15390,-2701,23,-100,178
7,498,100098,-5877,-15322,-2888,32,-66,158
7,499,100103,-5825,-15332,-2948,41,-17,135
7,500,100108,-5821,-15387,-2857,52,28,114
7,501,100113,-5890,-15356,-2666,58,64,96
7,502,100118,-5818,-15366,-2716,66,87,73
7,503,100123,-5710,-15366,-2728,76,110,51
7,504,100128,-5796,-15427,-2633,81,137,32
7,505,100133,-5782,-15526,-2426,87,155,14
7,506,100138,-5714,-15515,-2315,93,153,-7
7,507,100143,-5663,-15517,-2233,95,142,-31
7,508,100148,-5668,-15419,-2254,99,125,-54
7,509,100153,-5704,-15401,-2266,106,108,-71
7,510,100158,-5627,-15351,-2360,111,88,-91
7,511,100163,-5509,-15327,-2379,111,72,-114
7,512,100168,-5448,-15337,-2358,114,58,-135
7,513,100173,-5420,-15309,-2246,117,32,-158
7,514,100178,-5393,-15263,-2239,121,-5,-177
7,515,100183,-5439,-15197,-2331,126,-43,-197
7,516,100188,-5386,-15165,-2360,127,-69,-218
7,517,100193,-5304,-15186,-2328,129,-91,-239
7,518,100198,-5340,-15167,-2305,131,-113,-260
7,519,100203,-5341,-15199,-2360,138,-137,-279
7,520,100208,-5294,-15190,-2426,139,-156,-301
7,521,100213,-5335,-15250,-2288,140,-169,-319
7,522,100218,-5374,-15344,-2241,143,-181,-339
7,523,100223,-5396,-15380,-2280,145,-189,-358
7,524,100228,-5375,-15380,-2407,145,-185,-379
7,525,100233,-5380,-15342,-2588,147,-171,-397
7,526,100238,-5321,-15301,-2695,148,-148,-416
7,527,100243,-5317,-15259,-2707,154,-113,-434
7,528,100248,-5310,-15225,-2743,160,-83,-453
7,529,100253,-5283,-15159,-2671,165,-57,-471
7,530,100258,-5262,-15145,-2606,170,-36,-490
7,531,100263,-5293,-15146,-2578,169,-20,-508
7,532,100268,-5279,-15127,-2529,175,-10,-526
7,533,100273,-5206,-15175,-2407,179,-2,-543
7,534,100278,-5193,-15120,-2496,182,-1,-561
7,535,100283,-5032,-15130,-2554,185,3,-579
7,536,100288,-4934,-15193,-2300,186,4,-597
7,537,100293,-4866,-15190,-2297,189,-11,-619
7,538,100298,-4914,-15253,-2237,190,-29,-639
7,539,100303,-4858,-15221,-2315,193,-46,-654
7,540,100308,-4736,-15186,-2199,197,-54,-666
7,541,100313,-4678,-15243,-2212,196,-64,-682
7,542,100318,-4622,-15206,-2196,192,-73,-695
7,543,100323,-4558,-15242,-2323,191,-77,-708
7,544,100328,-4502,-15225,-2414,195,-72,-722
7,545,100333,-4382,-15283,-2422,197,-66,-735
7,546,100338,-4229,-15299,-2364,197,-73,-748
7,547,100343,-4078,-15315,-2276,202,-88,-762
7,548,100348,-4067,-15288,-2225,202,-107,-778
7,549,100353,-4040,-15262,-2156,200,-127,-788
7,550,100358,-3960,-15294,-2199,202,-146,-794
7,551,100363,-3822,-15290,-2111,199,-167,-804
7,552,100368,-3761,-15398,-1812,195,-203,-815
7,553,100373,-3787,-15435,-1651,198,-247,-828
7,554,100378,-3873,-15526,-1601,198,-302,-837
7,555,100383,-3807,-15633,-1764,194,-356,-847
7,556,100388,-3908,-15616,-1842,189,-393,-857
7,557,100393,-3689,-15910,-2006,187,-429,-862
7,558,100398,-3671,-15756,-1619,184,-430,-876
7,559,100403,-4010,-15882,-2255,189,-446,-897
7,560,100408,-3672,-15721,-2382,181,-438,-908
7,561,100413,-3585,-16136,-2407,178,-404,-901
7,562,100418,-3582,-16044,-1998,181,-365,-919
7,563,100423,-3592,-16201,-2069,184,-354,-922
7,564,100428,-3474,-16211,-2150,188,-339,-927
7,565,100433,-3485,-16198,-2159,188,-310,-935
7,566,100438,-3501,-16289,-1812,186,-280,-938
7,567,100443,-3444,-16261,-1527,184,-271,-944
7,568,100448,-3381,-16422,-1618,183,-272,-949
7,569,100453,-3388,-16386,-1886,189,-269,-958
7,570,100458,-3359,-16359,-1924,189,-259,-962
7,571,100463,-3373,-16387,-1762,180,-250,-965
7,572,100468,-3228,-16316,-1785,178,-248,-967
7,573,100473,-3079,-16401,-1963,180,-231,-964
7,574,100478,-3160,-16341,-2036,181,-210,-974
7,575,100483,-3272,-16375,-1745,183,-195,-975
7,576,100488,-3226,-16427,-1746,181,-197,-977
7,577,100493,-3082,-16415,-1694,181,-190,-981
7,578,100498,-3031,-16473,-1663,179,-183,-979
7,579,100503,-3042,-16513,-1543,177,-183,-984
7,580,100508,-3022,-16495,-1527,177,-191,-987
7,581,100513,-2929,-16597,-1545,175,-204,-986
7,582,100518,-2916,-16698,-1592,174,-215,-988
7,583,100523,-2746,-16630,-1601,170,-213,-989
7,584,100528,-2550,-16673,-1817,169,-204,-986
7,585,100533,-2375,-16499,-2592,176,-161,-982
7,586,100538,-2524,-16541,-1810,180,-87,-972
7,587,100543,-2414,-16527,-1518,167,-98,-975
7,588,100548,-2295,-16685,-1667,164,-97,-963
7,589,100553,-2114,-16816,-1843,170,-87,-954
7,590,100558,-2487,-16480,-1973,168,-76,-962
7,591,100563,-1937,-17106,-1414,162,-81,-944
7,592,100568,-1891,-16558,-281,169,-78,-951
7,593,100573,-1587,-17374,-1584,164,-146,-949
7,594,100578,-2751,-16559,-1744,182,-124,-974
7,595,100583,-2645,-16191,-1189,164,-174,-955
7,596,100588,-2327,-17649,-417,137,-232,-893
7,597,100593,-1232,-16234,-1715,125,-314,-939
7,598,100598,-3702,-26568,-3511,284,-108,-932
7,599,100603,374,-27827,-27703,905,785,-1145
7,600,100608,-32768,10160,-16508,477,3695,-747
7,601,100630,-32768,-12486,29769,560,529,-1070
7,602,100631,-32768,-12486,29769,560,529,-1070
7,603,100632,-32768,-12486,29769,560,529,-1070
7,604,100634,-32768,-12486,29769,560,529,-1070
7,605,100634,-32768,-12486,29769,560,529,-1070
7,606,100638,-22476,-4082,1148,-138,-5893,-176
7,607,100643,23047,-13693,-19990,-196,-6993,646
7,608,100648,32272,-20975,-10161,-69,-3949,389
7,609,100653,-249,-19603,12624,-80,-1565,-174
7,610,100658,-26852,-15652,8601,19,-2603,-188
7,611,100663,-12893,-13542,-12204,142,-4304,158
7,612,100668,11645,-16137,-19531,162,-4320,414
7,613,100673,16322,-15612,-9636,58,-2847,188
7,614,100678,908,-16315,2993,3,-1271,55
7,615,100683,-11882,-16448,-2750,143,-888,141
7,616,100688,-7733,-15155,-10215,250,-900,221
7,617,100693,2091,-15352,-13143,144,-729,383
7,618,100698,6877,-16893,-3683,80,-82,382
7,619,100703,247,-17624,3130,231,669,264
7,620,100708,-5658,-16463,1308,360,938,134
7,621,100713,-5730,-14687,-3999,369,797,172
7,622,100718,-1248,-16327,-5876,255,707,317
7,623,100723,1166,-16598,657,176,818,268
7,624,100728,-897,-16685,6856,216,923,200
7,625,100733,-2210,-16360,3831,254,586,162
7,626,100738,-3124,-16216,-533,252,250,191
7,627,100743,-2459,-15938,-1664,170,-16,216
7,628,100748,-1287,-16244,829,131,-124,223
7,629,100753,-1026,-16264,1255,122,-176,202
7,630,100758,-1040,-16606,602,131,-193,194
7,631,100763,-1923,-16539,-495,132,-249,183
7,632,100768,-1897,-16545,-1635,100,-379,173
7,633,100773,-1296,-16518,-1123,87,-327,175
7,634,100778,-1174,-17136,-715,87,-230,192
7,635,100783,-1489,-16921,-1076,103,-152,166
7,636,100788,-1868,-16726,-1655,102,-105,151
7,637,100793,-1836,-16747,-1835,92,-62,146
7,638,100798,-1639,-16656,-1312,82,-2,143
7,639,100803,-1452,-16670,-561,81,59,143
7,640,100808,-1545,-16667,-366,88,80,136
7,641,100813,-1740,-16553,-845,89,68,126
7,642,100818,-1965,-16542,-1044,81,59,120
7,643,100823,-1990,-16417,-1076,66,54,116
7,644,100828,-1871,-16530,-482,57,61,121
7,645,100833,-1744,-16557,-288,51,37,116
7,646,100838,-1787,-16586,-425,46,-3,108
7,647,100843,-1982,-16592,-841,38,-53,100
7,648,100848,-2104,-16563,-1064,31,-81,96
7,649,100853,-2057,-16622,-975,24,-86,91
7,650,100858,-1953,-16647,-868,20,-89,85
7,651,100863,-1904,-16860,-796,17,-95,78
7,652,100868,-1978,-16842,-910,16,-103,61
7,653,100873,-2132,-16477,-1064,12,-104,50
7,654,100878,-2143,-16863,-933,11,-92,61
7,655,100883,-2036,-16623,-1235,4,-97,40
7,656,100888,-1990,-16613,-802,6,-68,36
7,657,100893,-1987,-16776,-931,-3,-62,36
7,658,100898,-2027,-16580,-695,-4,-51,19
7,659,100903,-2066,-16586,-774,-8,-51,21
7,660,100908,-2026,-16559,-722,-17,-58,18
7,661,100913,-1897,-16561,-641,-21,-62,14
7,662,100918,-1809,-16573,-757,-18,-59,7
7,663,100923,-1830,-16447,-800,-22,-37,3
7,664,100928,-1854,-16487,-826,-26,-16,-1
7,665,100933,-1845,-16456,-763,-29,-5,-7
7,666,100938,-1761,-16418,-638,-35,-1,-12
7,667,100943,-1734,-16487,-584,-39,-5,-15
7,668,100948,-1757,-16473,-564,-38,-10,-19
7,669,100953,-1762,-16450,-627,-46,-15,-21
7,670,100958,-1816,-16425,-628,-51,-20,-25
7,671,100963,-1781,-16430,-518,-54,-27,-28
7,672,100968,-1729,-16375,-465,-56,-47,-29
7,673,100973,-1658,-16408,-490,-63,-67,-31
7,674,100978,-1659,-16413,-479,-66,-86,-33
7,675,100983,-1725,-16400,-454,-70,-110,-37
7,676,100988,-1750,-16397,-415,-76,-135,-35
7,677,100993,-1785,-16408,-386,-80,-159,-42
7,678,100998,-1763,-16409,-363,-82,-177,-46
7,679,101003,-1817,-16401,-336,-85,-197,-51
7,680,101008,-1907,-16403,-379,-87,-218,-52
7,681,101013,-1998,-16417,-509,-93,-234,-55
7,682,101018,-1994,-16413,-671,-97,-234,-54
7,683,101023,-1852,-16434,-772,-97,-211,-55
7,684,101028,-1837,-16407,-798,-97,-178,-61
7,685,101033,-1914,-16355,-908,-99,-148,-64
7,686,101038,-1930,-16296,-969,-98,-123,-64
7,687,101043,-1892,-16293,-1014,-93,-92,-66
7,688,101048,-1846,-16268,-997,-93,-64,-64
7,689,101053,-1792,-16324,-884,-93,-33,-63
7,690,101058,-1835,-16308,-768,-92,-12,-68
7,691,101063,-1865,-16319,-723,-91,-6,-72
7,692,101068,-1908,-16326,-631,-89,-11,-72
7,693,101073,-1893,-16278,-604,-90,-15,-73
7,694,101078,-1849,-16285,-567,-90,-23,-74
7,695,101083,-1864,-16282,-474,-94,-40,-76
7,696,101088,-1913,-16283,-496,-94,-61,-74
7,697,101093,-1882,-16278,-494,-92,-86,-75
7,698,101098,-1929,-16353,-431,-95,-108,-77
7,699,101103,-1878,-16368,-359,-97,-128,-77
7,700,101108,-1855,-16376,-400,-100,-147,-80
7,701,101113,-1877,-16346,-652,-99,-158,-82
7,702,101118,-1917,-16338,-747,-96,-158,-83
7,703,101123,-1975,-16306,-767,-96,-155,-84
7,704,101128,-1925,-16281,-723,-97,-148,-84
7,705,101133,-1885,-16302,-728,-96,-141,-84
7,706,101138,-2012,-16331,-926,-89,-100,-89
7,707,101143,-1994,-16293,-941,-88,-78,-89
7,708,101148,-1936,-16340,-871,-87,-58,-89
7,709,101153,-1844,-16293,-796,-82,-37,-84
7,710,101158,-1803,-16259,-834,-79,-13,-86
7,711,101163,-1782,-16266,-840,-78,4,-85
7,712,101168,-1798,-16241,-775,-75,15,-85
7,713,101173,-1762,-16187,-696,-75,23,-84
7,714,101178,-1739,-16259,-619,-74,26,-83
7,715,101183,-1760,-16248,-594,-71,21,-83
7,716,101188,-1708,-16177,-581,-70,16,-86
7,717,101193,-1724,-16159,-601,-73,6,-85
7,718,101198,-1753,-16178,-585,-72,-10,-80
7,719,101203,-1743,-16168,-536,-72,-26,-81
7,720,101208,-1732,-16163,-487,-71,-44,-81
7,721,101213,-1708,-16208,-498,-69,-57,-79
7,722,101218,-1750,-16219,-502,-68,-68,-78
7,723,101223,-1771,-16202,-574,-67,-81,-79
7,724,101228,-1789,-16235,-627,-68,-89,-80
7,725,101233,-1824,-16243,-626,-69,-95,-77
7,726,101238,-1778,-16248,-614,-66,-101,-75
7,727,101243,-1796,-16303,-597,-64,-104,-76
7,728,101248,-1830,-16294,-672,-64,-103,-77
7,729,101253,-1811,-16309,-721,-61,-93,-76
7,730,101258,-1815,-16330,-838,-60,-78,-76
7,731,101263,-1819,-16277,-932,-59,-59,-74
7,732,101268,-1809,-16281,-945,-54,-41,-73
7,733,101273,-1785,-16216,-883,-50,-24,-70
7,734,101278,-1797,-16286,-824,-50,-10,-68
7,735,101283,-1834,-16301,-804,-47,2,-69
7,736,101288,-1867,-16266,-849,-44,11,-66
7,737,101293,-1820,-16295,-831,-39,17,-67
7,738,101298,-1801,-16295,-787,-37,22,-65
7,739,101303,-1779,-16303,-687,-37,18,-64
7,740,101308,-1767,-16236,-648,-34,11,-65
7,741,101313,-1749,-16260,-712,-35,-1,-64
7,742,101318,-1811,-16320,-670,-32,-18,-61
7,743,101323,-1875,-16356,-585,-32,-30,-59
7,744,101328,-1839,-16356,-544,-33,-39,-58
7,745,101333,-1799,-16349,-647,-32,-42,-59
7,746,101338,-1764,-16362,-837,-28,-38,-58
7,747,101343,-1786,-16335,-942,-26,-33,-58
7,748,101348,-1777,-16296,-962,-25,-29,-55
7,749,101353,-1699,-16249,-976,-21,-23,-52
7,750,101358,-1630,-16213,-1025,-19,-15,-50
7,751,101363,-1687,-16218,-1045,-14,-4,-50
7,752,101368,-1812,-16250,-886,-8,3,-50
7,753,101373,-1864,-16366,-684,-7,5,-47
7,754,101378,-1849,-16463,-483,-11,1,-44
7,755,101383,-1800,-16481,-426,-9,2,-43
7,756,101388,-1805,-16483,-645,-6,7,-44
7,757,101393,-1748,-16446,-922,-4,17,-43
7,758,101398,-1705,-16358,-1023,-6,35,-42
7,759,101403,-1647,-16284,-1070,-4,50,-42
7,760,101408,-1592,-16278,-1094,-1,64,-37
7,761,101413,-1576,-16197,-1119,5,73,-35
7,762,101418,-1554,-16168,-1039,10,79,-35
7,763,101423,-1610,-16164,-940,12,76,-32
7,764,101428,-1673,-16246,-828,11,68,-31
7,765,101433,-1707,-16333,-585,11,50,-29
7,766,101438,-1715,-16395,-378,12,23,-30
7,767,101443,-1724,-16397,-344,9,-14,-27
7,768,101448,-1701,-16408,-520,11,-46,-26
7,769,101453,-1642,-16348,-784,7,-61,-24
7,770,101458,-1593,-16271,-912,6,-73,-21
7,771,101463,-1610,-16188,-1023,8,-82,-23
7,772,101468,-1580,-16093,-1106,9,-91,-18
7,773,101473,-1588,-16075,-1128,12,-91,-16
7,774,101478,-1640,-16105,-1089,14,-84,-14
7,775,101483,-1747,-16148,-918,15,-70,-11
7,776,101488,-1736,-16204,-841,17,-61,-13
7,777,101493,-1617,-16180,-946,19,-49,-11
7,778,101498,-1577,-16282,-1106,23,-26,-9
7,779,101503,-1616,-16167,-1090,24,6,-9
7,780,101508,-1611,-16132,-995,25,9,-7
7,781,101513,-1544,-16133,-937,29,7,-4
7,782,101518,-1591,-16173,-884,32,3,0
7,783,101523,-1722,-16280,-710,32,-5,2
7,784,101528,-1757,-16330,-546,31,-18,3
7,785,101533,-1742,-16349,-467,28,-38,2
7,786,101538,-1698,-16390,-566,24,-56,4
7,787,101543,-1694,-16380,-708,24,-68,4
7,788,101548,-1715,-16306,-784,29,-78,7
7,789,101553,-1704,-16313,-881,28,-85,2
7,790,101558,-1725,-16343,-886,26,-91,8
7,791,101563,-1687,-16422,-817,28,-95,8
7,792,101568,-1685,-16482,-743,28,-91,8
7,793,101573,-1670,-16467,-741,28,-84,7
7,794,101578,-1680,-16437,-816,31,-80,11
7,795,101583,-1717,-16415,-879,32,-77,13
7,796,101588,-1694,-16431,-812,30,-72,13
7,797,101593,-1668,-16375,-773,29,-75,14
7,798,101598,-1604,-16401,-803,31,-82,14
7,799,101603,-1620,-16342,-841,33,-82,16
7,800,101608,-1665,-16325,-915,32,-87,20
7,801,101613,-1683,-16360,-943,31,-93,23
7,802,101618,-1649,-16364,-888,33,-96,22
7,803,101623,-1588,-16403,-806,34,-101,22
7,804,101628,-1571,-16380,-747,36,-110,23
7,805,101633,-1614,-16360,-753,38,-121,24
7,806,101638,-1624,-16382,-766,36,-127,25
7,807,101643,-1695,-16437,-840,35,-133,25
7,808,101648,-1763,-16428,-724,34,-135,26
7,809,101653,-1819,-16463,-655,33,-140,29
7,810,101658,-1869,-16470,-708,34,-154,26
7,811,101663,-1926,-16415,-775,34,-146,28
7,812,101668,-1960,-16428,-973,36,-130,28
7,813,101673,-1981,-16387,-1007,38,-105,26
7,814,101678,-1949,-16337,-1078,38,-75,28
7,815,101683,-1948,-16312,-1216,42,-42,26
7,816,101688,-1949,-16268,-1228,43,-12,27
7,817,101693,-1897,-16254,-1180,45,16,29
7,818,101698,-1911,-16248,-1126,48,45,25
7,819,101703,-1908,-16232,-1080,50,66,25
7,820,101708,-1884,-16193,-956,53,80,26
7,821,101713,-1906,-16205,-844,54,92,25
7,822,101718,-1868,-16246,-726,55,93,26
7,823,101723,-1833,-16215,-655,57,86,27
7,824,101728,-1781,-16220,-630,55,75,29
7,825,101733,-1771,-16206,-671,53,62,30
7,826,101738,-1722,-16214,-716,52,50,28
7,827,101743,-1741,-16228,-643,52,34,26
7,828,101748,-1768,-16221,-640,52,21,28
7,829,101753,-1772,-16314,-651,50,12,27
7,830,101758,-1708,-16414,-663,46,4,31
7,831,101763,-1669,-16367,-537,45,-3,27
7,832,101768,-1684,-16392,-532,45,-10,23
7,833,101773,-1706,-16404,-646,43,-11,25
7,834,101778,-1716,-16373,-757,42,-4,28
7,835,101783,-1722,-16429,-736,42,2,30
7,836,101788,-1709,-16464,-723,42,8,29
7,837,101793,-1654,-16468,-715,39,12,27
7,838,101798,-1656,-16453,-759,36,19,30
7,839,101803,-1702,-16470,-785,36,26,30
7,840,101808,-1713,-16423,-785,36,35,31
7,841,101813,-1688,-16433,-754,37,41,33
7,842,101818,-1679,-16373,-689,35,40,32
7,843,101823,-1647,-16374,-710,34,39,32
7,844,101828,-1687,-16368,-753,33,37,34
7,845,101833,-1697,-16350,-703,32,30,31
7,846,101838,-1715,-16278,-689,29,19,32
7,847,101843,-1665,-16308,-658,25,7,35
7,848,101848,-1684,-16301,-600,26,-5,35
7,849,101853,-1726,-16332,-552,25,-17,35
7,850,101858,-1753,-16397,-600,23,-24,34
7,851,101863,-1777,-16430,-707,21,-29,34
7,852,101868,-1755,-16444,-774,20,-28,33
7,853,101873,-1650,-16400,-840,16,-15,33
7,854,101878,-1659,-16372,-801,15,-6,33
7,855,101883,-1695,-16358,-795,16,2,32
7,856,101888,-1767,-16376,-813,14,9,33
7,857,101893,-1787,-16406,-816,14,11,34
7,858,101898,-1795,-16386,-744,14,17,31
7,859,101903,-1772,-16310,-713,13,17,31
7,860,101908,-1795,-16247,-711,13,12,29
7,861,101913,-1776,-16277,-756,13,7,31
7,862,101918,-1760,-16312,-813,11,4,33
7,863,101923,-1755,-16373,-761,9,-2,30
7,864,101928,-1796,-16351,-704,9,-13,28
7,865,101933,-1852,-16353,-734,7,-15,27
7,866,101938,-1882,-16360,-745,2,-19,26
7,867,101943,-1836,-16435,-741,2,-18,27
7,868,101948,-1804,-16456,-781,2,-13,26
7,869,101953,-1728,-16483,-824,1,-5,27
7,870,101958,-1747,-16447,-824,1,4,23
7,871,101963,-1756,-16439,-814,0,10,23
7,872,101968,-1703,-16366,-778,0,15,24
7,873,101973,-1746,-16342,-777,1,15,23
7,874,101978,-1655,-16342,-767,0,14,23
7,875,101983,-1669,-16329,-740,-1,11,24
7,876,101988,-1699,-16373,-671,-3,3,21
7,877,101993,-1741,-16361,-612,-6,-6,20
7,878,101998,-1743,-16346,-630,-6,-17,21
7,879,102003,-1700,-16325,-689,-7,-27,21
7,880,102008,-1669,-16328,-766,-7,-36,20
7,881,102013,-1683,-16261,-737,-10,-44,20
7,882,102018,-1767,-16248,-741,-13,-52,19
7,883,102023,-1793,-16294,-674,-14,-58,16
7,884,102028,-1764,-16363,-678,-16,-64,16
7,885,102033,-1753,-16407,-729,-16,-62,18
7,886,102038,-1786,-16381,-819,-15,-53,15
7,887,102043,-1834,-16367,-860,-18,-45,14
7,888,102048,-1833,-16330,-865,-18,-37,12
7,889,102053,-1817,-16324,-843,-18,-33,14
7,890,102058,-1818,-16294,-823,-15,-25,12
7,891,102063,-1809,-16305,-728,-12,-16,13
7,892,102068,-1874,-16358,-735,-16,-12,11
7,893,102073,-1889,-16400,-753,-18,-7,7
7,894,102078,-1859,-16406,-700,-18,-3,5
7,895,102083,-1858,-16368,-644,-18,0,6
7,896,102088,-1858,-16343,-732,-19,0,3
7,897,102093,-1839,-16338,-740,-19,-4,2
7,898,102098,-1852,-16318,-753,-20,-8,2
7,899,102103,-1852,-16319,-784,-19,-10,2
7,900,102108,-1862,-16300,-766,-19,-10,0
7,901,102113,-1870,-16321,-729,-20,-11,-3
7,902,102118,-1905,-16324,-643,-21,-15,-4
7,903,102123,-1889,-16354,-727,-21,-18,-2
7,904,102128,-1896,-16369,-801,-21,-15,-4
7,905,102133,-1876,-16330,-872,-21,-9,-6
7,906,102138,-1888,-16323,-864,-22,-1,-8
7,907,102143,-1915,-16323,-797,-23,6,-8
7,908,102148,-1880,-16348,-790,-22,12,-9
7,909,102153,-1881,-16376,-803,-23,27,-13
7,910,102158,-1830,-16379,-855,-22,44,-14
7,911,102163,-1819,-16431,-850,-20,59,-12
7,912,102168,-1861,-16404,-752,-20,66,-14
7,913,102173,-1756,-16343,-679,-24,64,-18
7,914,102178,-1817,-16313,-628,-24,59,-17
7,915,102183,-1717,-16319,-577,-25,53,-14
7,916,102188,-1706,-16361,-603,-25,45,-15
7,917,102193,-1729,-16400,-596,-26,31,-14
7,918,102198,-1779,-16383,-574,-26,15,-19
7,919,102203,-1776,-16372,-557,-32,-7,-22
7,920,102208,-1748,-16337,-526,-30,-29,-22
7,921,102213,-1727,-16346,-612,-31,-48,-20
7,922,102218,-1736,-16299,-731,-31,-57,-20
7,923,102223,-1763,-16278,-829,-34,-65,-23
7,924,102228,-1806,-16257,-778,-36,-69,-23
7,925,102233,-1780,-16300,-689,-32,-73,-21
7,926,102238,-1746,-16324,-836,-36,-58,-22
7,927,102243,-1750,-16330,-924,-35,-45,-25
7,928,102248,-1794,-16300,-945,-36,-30,-25
7,929,102253,-1833,-16267,-969,-35,-15,-28
7,930,102258,-1780,-16240,-902,-31,-5,-25
7,931,102263,-1789,-16287,-791,-31,8,-24
7,932,102268,-1759,-16413,-734,-29,14,-26
7,933,102273,-1741,-16439,-747,-29,19,-26
7,934,102278,-1777,-16438,-750,-31,23,-27
7,935,102283,-1839,-16387,-706,-31,22,-29
7,936,102288,-1777,-16361,-703,-31,16,-30
7,937,102293,-1704,-16377,-642,-32,7,-28
7,938,102298,-1700,-16394,-650,-33,-8,-25
7,939,102303,-1723,-16380,-655,-32,-22,-30
7,940,102308,-1793,-16378,-720,-34,-37,-31
7,941,102313,-1797,-16351,-761,-36,-51,-29
7,942,102318,-1770,-16340,-731,-35,-64,-30
7,943,102323,-1740,-16272,-772,-36,-75,-30
7,944,102328,-1768,-16244,-845,-36,-81,-32
7,945,102333,-1794,-16264,-853,-33,-87,-33
7,946,102338,-1821,-16279,-801,-36,-90,-30
7,947,102343,-1797,-16356,-806,-33,-85,-30
7,948,102348,-1760,-16367,-874,-35,-77,-32
7,949,102353,-1740,-16410,-923,-32,-64,-32
7,950,102358,-1788,-16363,-970,-31,-50,-33
7,951,102363,-1846,-16304,-985,-32,-40,-35
7,952,102368,-1854,-16247,-915,-28,-29,-33
7,953,102373,-1824,-16256,-913,-26,-22,-34
7,954,102378,-1833,-16298,-839,-25,-16,-34
7,955,102383,-1838,-16344,-733,-22,-11,-34
7,956,102388,-1890,-16343,-779,-26,-7,-38
7,957,102393,-1832,-16329,-862,-26,-3,-37
7,958,102398,-1781,-16338,-873,-22,1,-35
7,959,102403,-1759,-16328,-818,-21,2,-34
7,960,102408,-1742,-16284,-811,-20,-1,-37
7,961,102413,-1761,-16245,-756,-21,-8,-38
7,962,102418,-1759,-16332,-725,-19,-14,-34
7,963,102423,-1717,-16353,-797,-17,-19,-34
7,964,102428,-1802,-16358,-744,-16,-22,-39
7,965,102433,-1787,-16380,-723,-17,-32,-38
7,966,102438,-1782,-16421,-619,-19,-41,-37
7,967,102443,-1786,-16429,-622,-19,-49,-36
7,968,102448,-1769,-16415,-754,-19,-53,-37
7,969,102453,-1758,-16418,-873,-19,-51,-35
7,970,102458,-1759,-16400,-920,-17,-44,-35
7,971,102463,-1726,-16361,-963,-14,-38,-36
7,972,102468,-1770,-16349,-878,-14,-29,-38
7,973,102473,-1812,-16364,-780,-12,-27,-34
7,974,102478,-1830,-16379,-742,-10,-26,-34
7,975,102483,-1882,-16345,-821,-11,-22,-35
7,976,102488,-1846,-16324,-915,-8,-15,-37
7,977,102493,-1867,-16269,-930,-7,-8,-39
7,978,102498,-1851,-16239,-933,-5,-10,-38
7,979,102503,-1808,-16284,-875,-7,-5,-35
7,980,102508,-1818,-16300,-861,-3,-4,-37
7,981,102513,-1797,-16280,-826,-5,-6,-38
7,982,102518,-1800,-16312,-793,-3,-5,-37
7,983,102523,-1785,-16314,-806,-3,-3,-37
7,984,102528,-1743,-16241,-909,0,3,-37
7,985,102533,-1690,-16204,-946,2,9,-36
7,986,102538,-1679,-16186,-896,4,8,-37
7,987,102543,-1655,-16167,-842,3,5,-38
7,988,102548,-1686,-16201,-809,2,0,-35
7,989,102553,-1683,-16334,-721,4,-6,-35
7,990,102558,-1751,-16354,-636,5,-13,-34
7,991,102563,-1738,-16365,-644,3,-18,-32
7,992,102568,-1734,-16344,-798,3,-18,-32
7,993,102573,-1658,-16288,-927,6,-11,-32
7,994,102578,-1661,-16248,-889,7,-8,-32
7,995,102583,-1609,-16272,-883,5,-11,-31
7,996,102588,-1588,-16283,-832,9,-10,-29
7,997,102593,-1605,-16310,-838,10,-8,-29
7,998,102598,-1632,-16388,-837,13,-4,-30
7,999,102603,-1673,-16430,-740,10,4,-28
8,0,107483,-1791,-16242,-935,13,-8,4
8,1,107488,-1779,-16266,-871,13,-12,4
8,2,107493,-1775,-16306,-897,12,-12,5
8,3,107498,-1798,-16309,-900,11,-14,3
8,4,107503,-1796,-16370,-854,11,-12,3
8,5,107508,-1780,-16386,-860,13,-14,4
8,6,107513,-1799,-16388,-849,11,-11,3
8,7,107518,-1785,-16375,-908,11,-7,3
8,8,107523,-1789,-16387,-950,9,2,0
8,9,107528,-1782,-16400,-895,10,10,1
8,10,107533,-1745,-16391,-907,10,16,3
8,11,107538,-1789,-16384,-907,9,17,0
8,12,107543,-1777,-16396,-871,8,20,-2
8,13,107548,-1769,-16377,-857,11,22,1
8,14,107553,-1757,-16367,-828,8,21,1
8,15,107558,-1773,-16389,-822,8,19,0
8,16,107563,-1753,-16386,-920,6,13,-1
8,17,107568,-1756,-16371,-878,8,5,-2
8,18,107573,-1783,-16327,-902,5,1,-1
8,19,107578,-1763,-16307,-887,6,-9,-1
8,20,107583,-1756,-16335,-891,6,-21,-2
8,21,107588,-1771,-16364,-892,5,-25,-1
8,22,107593,-1777,-16368,-928,4,-28,-2
8,23,107598,-1781,-16334,-915,4,-29,-2
8,24,107603,-1789,-16306,-863,4,-31,-3
8,25,107608,-1735,-16321,-851,1,-29,-3
8,26,107613,-1749,-16370,-950,1,-23,-7
8,27,107618,-1756,-16329,-1036,5,-18,-7
8,28,107623,-1774,-16321,-1045,3,-13,-5
8,29,107628,-1818,-16360,-999,2,-7,-5
8,30,107633,-1828,-16338,-906,3,-2,-7
8,31,107638,-1820,-16335,-921,4,-2,-5
8,32,107643,-1839,-16304,-945,1,2,-6
8,33,107648,-1869,-16315,-980,0,9,-8
8,34,107653,-1873,-16293,-904,1,10,-9
8,35,107658,-1865,-16307,-879,-1,6,-8
8,36,107663,-1872,-16321,-864,1,6,-9
8,37,107668,-1890,-16344,-868,-2,5,-9
8,38,107673,-1846,-16335,-904,-2,2,-10
8,39,107678,-1807,-16326,-980,-3,5,-13
8,40,107683,-1807,-16308,-975,-2,7,-10
8,41,107688,-1741,-16283,-965,0,4,-13
8,42,107693,-1732,-16253,-924,-3,3,-15
8,43,107698,-1773,-16252,-919,-2,0,-16
8,44,107703,-1744,-16279,-930,-2,-1,-14
8,45,107708,-1729,-16255,-919,-3,-1,-12
8,46,107713,-1700,-16256,-894,-3,-3,-13
8,47,107718,-1752,-16259,-891,-6,-3,-14
8,48,107723,-1757,-16211,-889,-6,-5,-14
8,49,107728,-1736,-16263,-827,-5,-9,-15
8,50,107733,-1712,-16287,-853,-7,-10,-12
8,51,107738,-1700,-16332,-923,-7,-8,-12
8,52,107743,-1699,-16346,-953,-9,-5,-15
8,53,107748,-1693,-16343,-965,-6,-4,-15
8,54,107753,-1691,-16352,-970,-6,-1,-15
8,55,107758,-1660,-16343,-908,-7,-1,-14
8,56,107763,-1668,-16328,-930,-11,2,-14
8,57,107768,-1717,-16295,-974,-8,0,-13
8,58,107773,-1719,-16307,-961,-8,-3,-14
8,59,107778,-1707,-16276,-951,-8,-5,-12
8,60,107783,-1723,-16258,-960,-7,-10,-11
8,61,107788,-1754,-16296,-886,-11,-16,-12
8,62,107793,-1764,-16304,-886,-13,-26,-13
8,63,107798,-1771,-16313,-931,-11,-30,-12
8,64,107803,-1785,-16329,-977,-11,-29,-10
8,65,107808,-1805,-16365,-937,-11,-28,-14
8,66,107813,-1796,-16369,-976,-11,-31,-13
8,67,107818,-1803,-16375,-940,-9,-31,-11
8,68,107823,-1789,-16393,-922,-10,-26,-14
8,69,107828,-1796,-16397,-961,-13,-18,-15
8,70,107833,-1811,-16395,-970,-11,-12,-16
8,71,107838,-1787,-16357,-1007,-11,-6,-12
8,72,107843,-1779,-16369,-1037,-10,1,-16
8,73,107848,-1787,-16365,-1031,-8,3,-13
8,74,107853,-1814,-16377,-970,-9,5,-14
8,75,107858,-1810,-16379,-955,-11,4,-13
8,76,107863,-1732,-16348,-976,-9,5,-16
8,77,107868,-1698,-16335,-1017,-8,6,-14
8,78,107873,-1749,-16303,-982,-8,8,-13
8,79,107878,-1757,-16344,-935,-8,6,-14
8,80,107883,-1732,-16324,-862,-10,-2,-16
8,81,107888,-1736,-16328,-837,-9,-6,-14
8,82,107893,-1684,-16353,-853,-7,-12,-13
8,83,107898,-1660,-16335,-905,-6,-19,-13
8,84,107903,-1664,-16350,-892,-9,-24,-12
8,85,107908,-1692,-16360,-869,-9,-30,-12
8,86,107913,-1704,-16346,-869,-10,-32,-11
8,87,107918,-1732,-16317,-888,-10,-34,-12
8,88,107923,-1689,-16361,-898,-10,-34,-14
8,89,107928,-1671,-16353,-1013,-9,-30,-14
8,90,107933,-1705,-16322,-1118,-8,-22,-11
8,91,107938,-1737,-16340,-1021,-8,-19,-11
8,92,107943,-1742,-16344,-916,-8,-17,-10
8,93,107948,-1740,-16310,-892,-8,-15,-8
8,94,107953,-1745,-16367,-939,-6,-13,-10
8,95,107958,-1763,-16393,-981,-5,-12,-9
8,96,107963,-1776,-16359,-961,-5,-10,-9
8,97,107968,-1738,-16368,-892,-5,-11,-11
8,98,107973,-1722,-16349,-898,-5,-12,-8
8,99,107978,-1692,-16370,-916,-3,-14,-9
8,100,107983,-1739,-16366,-888,-4,-18,-8
8,101,107988,-1775,-16356,-893,-4,-20,-9
8,102,107993,-1723,-16357,-913,-3,-20,-11
8,103,107998,-1719,-16346,-954,-3,-23,-7
8,104,108003,-1725,-16375,-969,-4,-21,-9
8,105,108008,-1709,-16358,-918,-5,-19,-9
8,106,108013,-1704,-16363,-917,-4,-19,-8
8,107,108018,-1719,-16342,-905,-2,-25,-8
8,108,108023,-1672,-16315,-927,-3,-29,-6
8,109,108028,-1723,-16357,-897,-3,-31,-5
8,110,108033,-1772,-16319,-882,-2,-35,-4
8,111,108038,-1779,-16325,-861,-3,-40,-3
8,112,108043,-1794,-16349,-852,-4,-44,-4
8,113,108048,-1871,-16319,-900,-4,-50,-4
8,114,108053,-1859,-16325,-943,-2,-55,-5
8,115,108058,-1853,-16341,-1021,-4,-57,-5
8,116,108063,-1844,-16289,-1086,-1,-54,-5
8,117,108068,-1852,-16322,-1058,0,-46,-6
8,118,108073,-1883,-16306,-1078,3,-43,-7
8,119,108078,-1874,-16304,-1014,2,-39,-6
8,120,108083,-1870,-16318,-1010,1,-30,-7
8,121,108088,-1907,-16322,-1012,3,-22,-6
8,122,108093,-1896,-16349,-1020,6,-15,-9
8,123,108098,-1914,-16354,-989,6,-7,-11
8,124,108103,-1901,-16351,-996,7,-4,-8
8,125,108108,-1850,-16363,-947,9,4,-7
8,126,108113,-1829,-16405,-894,8,11,-7
8,127,108118,-1850,-16433,-842,9,17,-9
8,128,108123,-1837,-16453,-826,9,16,-10
8,129,108128,-1811,-16443,-838,9,13,-7
8,130,108133,-1736,-16435,-777,10,7,-6
8,131,108138,-1737,-16440,-793,8,4,-8
8,132,108143,-1762,-16407,-788,6,-3,-9
8,133,108148,-1751,-16397,-831,7,-10,-7
8,134,108153,-1726,-16394,-908,6,-15,-6
8,135,108158,-1711,-16420,-912,7,-14,-5
8,136,108163,-1686,-16421,-901,8,-17,-6
8,137,108168,-1654,-16373,-956,8,-16,-6
8,138,108173,-1669,-16332,-1024,7,-14,-6
8,139,108178,-1716,-16318,-983,9,-14,-6
8,140,108183,-1749,-16363,-968,8,-18,-4
8,141,108188,-1726,-16360,-898,11,-18,-2
8,142,108193,-1710,-16318,-943,8,-19,-1
8,143,108198,-1745,-16331,-949,7,-18,-1
8,144,108203,-1754,-16309,-965,7,-17,1
8,145,108208,-1768,-16302,-980,9,-20,-1
8,146,108213,-1759,-16298,-951,8,-20,-2
8,147,108218,-1763,-16319,-919,9,-21,-1
8,148,108223,-1735,-16292,-909,7,-21,-3
8,149,108228,-1761,-16271,-977,8,-21,0
8,150,108233,-1782,-16258,-1010,10,-21,1
8,151,108238,-1735,-16229,-1058,9,-16,-1
8,152,108243,-1711,-16220,-1007,12,-15,1
8,153,108248,-1681,-16228,-967,12,-16,1
8,154,108253,-1705,-16278,-931,9,-19,-1
8,155,108258,-1745,-16256,-925,11,-20,4
8,156,108263,-1744,-16270,-948,11,-22,3
8,157,108268,-1738,-16309,-920,11,-18,1
8,158,108273,-1774,-16354,-880,11,-17,2
8,159,108278,-1729,-16354,-873,11,-19,2
8,160,108283,-1736,-16364,-906,9,-19,5
8,161,108288,-1727,-16421,-870,11,-17,5
8,162,108293,-1727,-16413,-932,8,-16,5
8,163,108298,-1717,-16401,-932,7,-18,6
8,164,108303,-1722,-16420,-888,8,-17,5
8,165,108308,-1760,-16396,-885,8,-16,5
8,166,108313,-1774,-16370,-876,8,-16,5
8,167,108318,-1770,-16352,-970,7,-18,9
8,168,108323,-1821,-16337,-1015,7,-16,7
8,169,108328,-1771,-16299,-988,6,-11,6
8,170,108333,-1778,-16297,-974,8,-7,5
8,171,108338,-1802,-16274,-965,8,-5,7
8,172,108343,-1788,-16300,-957,7,-5,6
8,173,108348,-1795,-16263,-1003,8,-6,5
8,174,108353,-1771,-16229,-1042,8,-4,5
8,175,108358,-1809,-16230,-1031,10,-3,9
8,176,108363,-1798,-16231,-993,8,-4,7
8,177,108368,-1767,-16191,-935,8,-8,5
8,178,108373,-1759,-16198,-894,8,-12,6
8,179,108378,-1745,-16262,-888,9,-15,8
8,180,108383,-1737,-16249,-939,7,-18,8
8,181,108388,-1750,-16285,-944,8,-20,5
8,182,108393,-1778,-16302,-914,6,-24,6
8,183,108398,-1728,-16330,-875,5,-23,9
8,184,108403,-1710,-16374,-875,3,-24,5
8,185,108408,-1681,-16352,-903,4,-23,8
8,186,108413,-1687,-16355,-956,7,-19,10
8,187,108418,-1755,-16408,-990,8,-16,11
8,188,108423,-1774,-16406,-895,4,-11,7
8,189,108428,-1767,-16432,-880,3,-10,9
8,190,108433,-1756,-16427,-853,1,-9,9
8,191,108438,-1772,-16451,-921,4,-6,9
8,192,108443,-1800,-16470,-911,4,-1,8
8,193,108448,-1822,-16473,-931,1,-4,6
8,194,108453,-1835,-16434,-864,4,-9,8
8,195,108458,-1797,-16435,-842,1,-13,8
8,196,108463,-1786,-16427,-837,2,-15,10
8,197,108468,-1828,-16394,-836,1,-21,10
8,198,108473,-1862,-16409,-885,-1,-26,7
8,199,108478,-1840,-16369,-935,1,-27,7
8,200,108483,-1805,-16394,-956,-1,-26,10
8,201,108488,-1851,-16343,-896,-3,-25,7
8,202,108493,-1891,-16323,-906,-3,-27,8
8,203,108498,-1880,-16276,-953,-3,-20,2
8,204,108503,-1853,-16258,-1012,-5,-12,3
8,205,108508,-1856,-16251,-985,-5,-5,6
8,206,108513,-1863,-16235,-986,-3,-2,6
8,207,108518,-1885,-16273,-942,-4,7,5
8,208,108523,-1881,-16262,-977,-3,15,4
8,209,108528,-1842,-16248,-957,-3,18,3
8,210,108533,-1853,-16261,-965,-5,25,2
8,211,108538,-1833,-16251,-936,-3,30,3
8,212,108543,-1791,-16276,-942,-3,34,2
8,213,108548,-1774,-16251,-901,-2,35,1
8,214,108553,-1780,-16260,-844,-4,33,2
8,215,108558,-1785,-16269,-836,-7,24,3
8,216,108563,-1781,-16243,-809,-8,18,4
8,217,108568,-1737,-16232,-787,-6,9,2
8,218,108573,-1683,-16242,-802,-10,0,1
8,219,108578,-1702,-16227,-819,-10,-7,2
8,220,108583,-1709,-16224,-836,-11,-17,0
8,221,108588,-1715,-16245,-812,-12,-28,3
8,222,108593,-1762,-16245,-781,-13,-34,5
8,223,108598,-1780,-16252,-860,-14,-34,-1
8,224,108603,-1746,-16273,-923,-14,-37,1
8,225,108608,-1745,-16282,-930,-14,-33,2
8,226,108613,-1766,-16268,-992,-16,-28,2
8,227,108618,-1837,-16279,-1004,-16,-24,2
8,228,108623,-1812,-16336,-965,-14,-17,1
8,229,108628,-1811,-16316,-992,-14,-6,1
8,230,108633,-1838,-16317,-1031,-15,5,3
8,231,108638,-1866,-16306,-1066,-17,18,1
8,232,108643,-1880,-16280,-1037,-13,24,0
8,233,108648,-1896,-16305,-1015,-11,30,-2
8,234,108653,-1845,-16317,-956,-12,36,0
8,235,108658,-1892,-16298,-908,-13,33,-2
8,236,108663,-1866,-16342,-913,-11,29,-1
8,237,108668,-1874,-16338,-927,-13,27,-2
8,238,108673,-1881,-16307,-924,-12,24,-4
8,239,108678,-1824,-16301,-860,-11,21,-3
8,240,108683,-1768,-16295,-848,-12,17,-5
8,241,108688,-1766,-16356,-835,-14,14,-5
8,242,108693,-1767,-16374,-826,-15,9,-5
8,243,108698,-1776,-16367,-881,-15,4,-6
8,244,108703,-1811,-16338,-888,-15,4,-6
8,245,108708,-1765,-16349,-943,-15,4,-5
8,246,108713,-1750,-16345,-948,-17,8,-5
8,247,108718,-1749,-16318,-983,-16,13,-7
8,248,108723,-1755,-16294,-951,-15,12,-5
8,249,108728,-1754,-16299,-969,-14,15,-5
8,250,108733,-1784,-16299,-943,-15,17,-6
8,251,108738,-1718,-16304,-930,-15,17,-6
8,252,108743,-1734,-16317,-936,-15,17,-4
8,253,108748,-1743,-16314,-893,-16,20,-7
8,254,108753,-1723,-16280,-934,-13,20,-5
8,255,108758,-1697,-16288,-902,-13,21,-5
8,256,108763,-1693,-16309,-912,-17,20,-7
8,257,108768,-1668,-16326,-882,-14,15,-5
8,258,108773,-1690,-16363,-894,-13,10,-5
8,259,108778,-1721,-16344,-898,-15,11,-4
8,260,108783,-1735,-16369,-912,-14,7,-5
8,261,108788,-1738,-16321,-922,-16,3,-5
8,262,108793,-1707,-16319,-910,-13,-4,-3
8,263,108798,-1745,-16314,-946,-13,-6,-6
8,264,108803,-1721,-16286,-967,-15,-10,-6
8,265,108808,-1763,-16299,-984,-13,-13,-4
8,266,108813,-1797,-16301,-971,-14,-14,-3
8,267,108818,-1774,-16317,-1014,-13,-14,-3
8,268,108823,-1772,-16373,-1014,-10,-14,-3
8,269,108828,-1814,-16396,-964,-11,-10,-5
8,270,108833,-1811,-16367,-968,-12,-7,-5
8,271,108838,-1827,-16387,-957,-10,-6,-4
8,272,108843,-1824,-16414,-941,-11,-2,-6
8,273,108848,-1798,-16429,-941,-12,2,-6
8,274,108853,-1705,-16414,-967,-9,19,-7
8,275,108858,-1675,-16410,-969,-9,22,-5
8,276,108863,-1718,-16401,-941,-8,25,-8
8,277,108868,-1684,-16380,-895,-9,23,-6
8,278,108873,-1719,-16344,-816,-9,18,-1
8,279,108878,-1749,-16353,-808,-8,13,-3
8,280,108883,-1753,-16383,-884,-7,10,-4
8,281,108888,-1780,-16359,-918,-5,0,-6
8,282,108893,-1797,-16300,-968,-9,-8,-5
8,283,108898,-1761,-16334,-948,-10,-16,-5
8,284,108903,-1815,-16309,-913,-7,-26,-4
8,285,108908,-1850,-16325,-942,-5,-37,-2
8,286,108913,-1841,-16334,-998,-6,-45,-4
8,287,108918,-1888,-16355,-1000,-6,-46,-5
8,288,108923,-1869,-16286,-1072,-4,-43,-6
8,289,108928,-1855,-16254,-1087,-4,-38,-8
8,290,108933,-1861,-16219,-1060,-3,-36,-11
8,291,108938,-1879,-16337,-1000,-4,-31,-11
8,292,108943,-1962,-16349,-976,-2,-23,-9
8,293,108948,-1974,-16358,-1045,-1,-15,-9
8,294,108953,-1911,-16325,-1184,-2,-2,-10
8,295,108958,-1840,-16297,-1184,1,15,-13
8,296,108963,-1844,-16333,-1134,1,37,-14
8,297,108968,-1890,-16286,-1049,5,49,-11
8,298,108973,-1869,-16317,-1108,6,55,-12
8,299,108978,-1774,-16311,-1178,11,64,-12
8,300,108983,-1722,-16282,-1169,10,76,-10
8,301,108988,-1734,-16278,-1100,8,85,-12
8,302,108993,-1740,-16270,-988,11,88,-13
8,303,108998,-1736,-16253,-985,15,82,-12
8,304,109003,-1716,-16223,-1048,15,77,-10
8,305,109008,-1654,-16227,-983,15,72,-9
8,306,109013,-1710,-16262,-840,13,62,-10
8,307,109018,-1729,-16257,-823,11,46,-9
8,308,109023,-1699,-16266,-833,10,32,-10
8,309,109028,-1639,-16272,-909,12,27,-10
8,310,109033,-1697,-16282,-963,13,18,-7
8,311,109038,-1715,-16304,-932,13,8,-7
8,312,109043,-1764,-16275,-903,10,-1,-8
8,313,109048,-1708,-16269,-910,10,-6,-7
8,314,109053,-1662,-16266,-975,11,-6,-8
8,315,109058,-1713,-16292,-1007,13,-5,-4
8,316,109063,-1692,-16316,-1053,11,-1,-4
8,317,109068,-1739,-16307,-1025,11,3,-7
8,318,109073,-1662,-16239,-1001,10,6,-6
8,319,109078,-1670,-16264,-1033,12,8,-5
8,320,109083,-1659,-16215,-1020,15,11,-5
8,321,109088,-1624,-16247,-963,15,11,-2
8,322,109093,-1620,-16233,-991,16,13,-2
8,323,109098,-1654,-16231,-981,18,9,-3
8,324,109103,-1665,-16259,-984,17,2,1
8,325,109108,-1646,-16258,-965,19,-11,-1
8,326,109113,-1671,-16264,-872,18,-28,-3
8,327,109118,-1673,-16252,-833,14,-42,-1
8,328,109123,-1737,-16269,-890,15,-58,1
8,329,109128,-1796,-16300,-935,16,-71,0
8,330,109133,-1777,-16324,-919,14,-80,0
8,331,109138,-1722,-16377,-915,13,-88,2
8,332,109143,-1676,-16385,-955,12,-90,1
8,333,109148,-1766,-16361,-1065,13,-84,2
8,334,109153,-1795,-16332,-1133,16,-75,1
8,335,109158,-1828,-16301,-1078,16,-68,1
8,336,109163,-1817,-16256,-1057,15,-57,1
8,337,109168,-1801,-16207,-1067,17,-47,3
8,338,109173,-1809,-16189,-1119,22,-35,5
8,339,109178,-1858,-16171,-1131,20,-23,1
8,340,109183,-1853,-16163,-1046,22,-15,-1
8,341,109188,-1816,-16126,-1011,22,-14,-2
8,342,109193,-1801,-16132,-1000,21,-21,0
8,343,109198,-1769,-16134,-935,26,-25,2
8,344,109203,-1798,-16174,-865,25,-29,2
8,345,109208,-1831,-16281,-895,25,-35,-4
8,346,109213,-1890,-16304,-824,25,-44,-4
8,347,109218,-1959,-16328,-773,23,-54,0
8,348,109223,-1967,-16401,-837,23,-66,-4
8,349,109228,-1936,-16420,-950,24,-60,-2
8,350,109233,-1917,-16360,-1030,23,-44,-5
8,351,109238,-1896,-16399,-1033,25,-28,-4
8,352,109243,-1949,-16446,-1091,27,-8,-4
8,353,109248,-1948,-16468,-1137,27,15,-7
8,354,109253,-1947,-16484,-1080,30,33,-4
8,355,109258,-1925,-16463,-928,30,40,-4
8,356,109263,-1866,-16425,-819,30,46,-6
8,357,109268,-1896,-16429,-815,29,49,-7
8,358,109273,-1884,-16426,-870,30,47,-5
8,359,109278,-1914,-16416,-801,33,41,-7
8,360,109283,-1938,-16412,-749,28,31,-8
8,361,109288,-1876,-16395,-728,26,12,-5
8,362,109293,-1847,-16397,-788,28,-3,-6
8,363,109298,-1904,-16367,-868,25,-16,-9
8,364,109303,-1924,-16337,-929,25,-23,-10
8,365,109308,-1987,-16333,-943,24,-30,-8
8,366,109313,-1925,-16298,-963,23,-30,-11
8,367,109318,-1894,-16249,-965,24,-22,-9
8,368,109323,-1838,-16272,-1054,28,-9,-9
8,369,109328,-1846,-16237,-1158,25,14,-11
8,370,109333,-1974,-16217,-1183,27,34,-8
8,371,109338,-2016,-16231,-1205,28,55,-5
8,372,109343,-1923,-16240,-1217,25,85,1
8,373,109348,-1662,-16314,-1233,27,122,4
8,374,109353,-1544,-16293,-1165,30,159,7
8,375,109358,-1584,-16247,-870,30,191,11
8,376,109363,-1879,-16185,-627,25,211,7
8,377,109368,-2084,-16117,-757,27,219,9
8,378,109373,-1995,-16098,-1217,26,238,25
8,379,109378,-1492,-16182,-1404,25,283,33
8,380,109383,-1317,-16115,-1080,21,331,36
8,381,109388,-1391,-16104,-835,21,345,40
8,382,109393,-1576,-16013,-666,21,324,44
8,383,109398,-1502,-16051,-840,15,294,55
8,384,109403,-1632,-16069,-853,13,280,66
8,385,109408,-1552,-16131,-693,8,262,81
8,386,109413,-1630,-16163,-564,5,244,83
8,387,109418,-1744,-16045,-542,0,217,91
8,388,109423,-1811,-16021,-594,-8,191,100
8,389,109428,-1900,-16086,-764,-13,167,110
8,390,109433,-1838,-16265,-895,-18,150,125
8,391,109438,-1853,-16353,-938,-24,146,136
8,392,109443,-1842,-16460,-1088,-28,149,147
8,393,109448,-1911,-16510,-1261,-31,161,156
8,394,109453,-2238,-16478,-1286,-34,182,167
8,395,109458,-2348,-16426,-1230,-42,201,184
8,396,109463,-2373,-16388,-1312,-49,228,196
8,397,109468,-2397,-16455,-1624,-48,266,208
8,398,109473,-2728,-16429,-1849,-44,319,215
8,399,109478,-3005,-16451,-1787,-46,368,224
8,400,109483,-3263,-16393,-1605,-53,399,236
8,401,109488,-3258,-16397,-1487,-56,419,248
8,402,109493,-3281,-16408,-1512,-59,453,259
8,403,109498,-3504,-16446,-1472,-59,483,265
8,404,109503,-3945,-16395,-1464,-67,484,267
8,405,109508,-4025,-16345,-1413,-77,473,277
8,406,109513,-3739,-16325,-1519,-82,472,292
8,407,109518,-3368,-16272,-1568,-88,498,303
8,408,109523,-3253,-16347,-1589,-93,522,309
8,409,109528,-3386,-16302,-1667,-98,522,313
8,410,109533,-3334,-16244,-1687,-107,506,323
8,411,109538,-3142,-16278,-1509,-117,482,336
8,412,109543,-2916,-16280,-1264,-122,457,353
8,413,109548,-2816,-16356,-990,-128,422,364
8,414,109553,-2933,-16306,-927,-140,365,371
8,415,109558,-3012,-16191,-1208,-151,294,383
8,416,109563,-2885,-16075,-1348,-164,227,396
8,417,109568,-2786,-16113,-1331,-176,181,411
8,418,109573,-2668,-16114,-1322,-181,146,426
8,419,109578,-2552,-16168,-1448,-189,107,438
8,420,109583,-2647,-16191,-1583,-196,75,444
8,421,109588,-2712,-16053,-1685,-210,34,474
8,422,109593,-2681,-16061,-1787,-216,37,488
8,423,109598,-2832,-16062,-1816,-221,55,502
8,424,109603,-2932,-16040,-1829,-224,73,513
8,425,109608,-3002,-16013,-1840,-228,84,525
8,426,109613,-3079,-15970,-1852,-231,96,536
8,427,109618,-3168,-16004,-1887,-236,114,549
8,428,109623,-3233,-16031,-1779,-240,133,562
8,429,109628,-3279,-16077,-1689,-245,136,571
8,430,109633,-3338,-16060,-1671,-249,134,575
8,431,109638,-3361,-16097,-1710,-252,126,586
8,432,109643,-3382,-16131,-1610,-259,117,596
8,433,109648,-3522,-16144,-1486,-266,103,602
8,434,109653,-3658,-16163,-1457,-268,79,610
8,435,109658,-3642,-16139,-1676,-275,59,618
8,436,109663,-3557,-16110,-1812,-281,51,624
8,437,109668,-3499,-16125,-1886,-279,53,628
8,438,109673,-3639,-16102,-1862,-278,58,631
8,439,109678,-3762,-16098,-1854,-282,47,633
8,440,109683,-3815,-16071,-1857,-286,33,639
8,441,109688,-3722,-16139,-1827,-287,23,644
8,442,109693,-3694,-16023,-1815,-287,12,646
8,443,109698,-3762,-16014,-1762,-290,-4,648
8,444,109703,-3908,-15979,-1821,-290,-35,649
8,445,109708,-3978,-15848,-1860,-291,-67,652
8,446,109713,-3934,-15851,-1804,-292,-84,651
8,447,109718,-3998,-15858,-1754,-288,-101,651
8,448,109723,-4143,-15872,-1835,-287,-132,653
8,449,109728,-4210,-15782,-1951,-285,-166,646
8,450,109733,-4335,-15765,-1917,-287,-191,646
8,451,109738,-4446,-15768,-1889,-288,-213,646
8,452,109743,-4354,-15779,-1927,-282,-223,646
8,453,109748,-4306,-15773,-2118,-279,-213,639
8,454,109753,-4443,-15739,-2325,-273,-190,632
8,455,109758,-4513,-15753,-2533,-268,-157,630
8,456,109763,-4399,-15762,-2718,-258,-108,632
8,457,109768,-4263,-15733,-2726,-254,-38,629
8,458,109773,-4297,-15819,-2644,-246,42,621
8,459,109778,-4484,-15769,-2596,-236,102,610
8,460,109783,-4498,-15791,-2516,-230,136,607
8,461,109788,-4442,-15729,-2362,-224,167,602
8,462,109793,-4343,-15762,-2108,-216,197,598
8,463,109798,-4390,-15819,-1806,-213,214,591
8,464,109803,-4467,-15846,-1623,-209,196,583
8,465,109808,-4497,-15825,-1767,-204,163,571
8,466,109813,-4415,-15780,-1894,-203,139,562
8,467,109818,-4383,-15776,-1809,-200,121,554
8,468,109823,-4339,-15760,-1912,-194,105,549
8,469,109828,-4283,-15863,-1916,-191,94,541
8,470,109833,-4238,-15817,-2024,-186,74,530
8,471,109838,-4339,-15791,-1986,-184,46,523
8,472,109843,-4467,-15617,-1961,-183,26,513
8,473,109848,-4563,-15582,-1938,-175,18,503
8,474,109853,-4568,-15597,-2074,-170,5,493
8,475,109858,-4693,-15598,-1866,-164,-1,482
8,476,109863,-4611,-15570,-2025,-161,-30,468
8,477,109868,-4584,-15552,-2045,-157,-47,455
8,478,109873,-4654,-15561,-1815,-152,-65,444
8,479,109878,-4726,-15649,-1922,-145,-95,426
8,480,109883,-4770,-15675,-2051,-139,-104,411
8,481,109888,-4728,-15597,-2256,-126,-102,394
8,482,109893,-4684,-15600,-2126,-122,-83,388
8,483,109898,-4665,-15648,-1984,-124,-67,382
8,484,109903,-4609,-15606,-2139,-117,-46,364
8,485,109908,-4622,-15532,-2328,-110,-27,345
8,486,109913,-4636,-15467,-2463,-105,6,330
8,487,109918,-4667,-15456,-2458,-93,38,314
8,488,109923,-4658,-15443,-2280,-82,64,302
8,489,109928,-4642,-15441,-2187,-74,78,286
8,490,109933,-4723,-15404,-2223,-72,87,269
8,491,109938,-4754,-15362,-2315,-65,98,254
8,492,109943,-4737,-15333,-2322,-57,119,239
8,493,109948,-4834,-15352,-2180,-55,134,224
8,494,109953,-4818,-15311,-2027,-48,124,207
8,495,109958,-4801,-15296,-2105,-38,84,173
8,496,109963,-4789,-15234,-2215,-32,71,155
8,497,109968,-4800,-15154,-2302,-27,59,138
8,498,109973,-4746,-15064,-2271,-20,50,120
8,499,109978,-4771,-15095,-2167,-17,41,101
8,500,109983,-4785,-15166,-2137,-14,23,83
8,501,109988,-4758,-15189,-2215,-8,3,65
8,502,109993,-4725,-15226,-2393,0,-8,46
8,503,109998,-4743,-15138,-2442,7,-21,29
8,504,110003,-4772,-15090,-2421,11,-28,12
8,505,110008,-4794,-15116,-2437,17,-30,-8
8,506,110013,-4759,-15133,-2481,25,-30,-24
8,507,110018,-4699,-15196,-2537,29,-24,-41
8,508,110023,-4702,-15264,-2475,33,-22,-59
8,509,110028,-4774,-15311,-2314,40,-22,-77
8,510,110033,-4799,-15348,-2278,45,-25,-93
8,511,110038,-4738,-15372,-2347,52,-25,-111
8,512,110043,-4706,-15383,-2450,58,-19,-130
8,513,110048,-4744,-15369,-2421,64,-13,-147
8,514,110053,-4752,-15398,-2257,69,-24,-163
8,515,110058,-4739,-15448,-2238,70,-37,-184
8,516,110063,-4718,-15439,-2250,77,-42,-200
8,517,110068,-4692,-15451,-2269,83,-41,-216
8,518,110073,-4716,-15451,-2309,87,-42,-234
8,519,110078,-4738,-15492,-2302,90,-46,-251
8,520,110083,-4747,-15461,-2350,94,-52,-268
8,521,110088,-4660,-15429,-2341,97,-54,-287
8,522,110093,-4709,-15437,-2293,104,-56,-306
8,523,110098,-4741,-15454,-2246,108,-62,-323
8,524,110103,-4629,-15500,-2160,109,-69,-339
8,525,110108,-4521,-15511,-2271,114,-78,-355
8,526,110113,-4501,-15480,-2324,122,-82,-373
8,527,110118,-4542,-15425,-2287,128,-86,-392
8,528,110123,-4536,-15395,-2187,129,-92,-405
8,529,110128,-4439,-15382,-2207,130,-110,-420
8,530,110133,-4416,-15416,-2350,137,-125,-436
8,531,110138,-4506,-15449,-2275,137,-132,-451
8,532,110143,-4549,-15464,-2113,140,-135,-464
8,533,110148,-4518,-15509,-2035,144,-146,-477
8,534,110153,-4410,-15559,-2137,147,-161,-495
8,535,110158,-4372,-15607,-2264,151,-169,-511
8,536,110163,-4380,-15566,-2240,154,-164,-528
8,537,110168,-4495,-15510,-2221,159,-164,-541
8,538,110173,-4527,-15536,-2331,162,-159,-554
8,539,110178,-4459,-15580,-2412,163,-148,-564
8,540,110183,-4325,-15588,-2391,169,-128,-574
8,541,110188,-4152,-15612,-2282,173,-113,-587
8,542,110193,-4135,-15626,-2258,175,-96,-601
8,543,110198,-4148,-15614,-2271,181,-81,-615
8,544,110203,-4169,-15595,-2416,186,-77,-624
8,545,110208,-4053,-15659,-2330,190,-67,-635
8,546,110213,-3909,-15686,-2188,194,-58,-648
8,547,110218,-3977,-15838,-1994,196,-53,-653
8,548,110223,-3801,-15910,-2025,199,-67,-660
8,549,110228,-3541,-15815,-1687,203,-65,-678
8,550,110233,-3591,-15846,-1834,202,-97,-693
8,551,110238,-4058,-16065,-1893,216,-112,-691
8,552,110243,-3773,-15634,-1922,209,-151,-713
8,553,110248,-3545,-16075,-1868,206,-162,-692
8,554,110253,-3454,-16039,-1678,210,-165,-707
8,555,110258,-3611,-16106,-1540,211,-179,-719
8,556,110263,-3746,-16068,-1592,214,-211,-729
8,557,110268,-3770,-15995,-1696,213,-243,-736
8,558,110273,-3654,-15973,-1834,213,-257,-739
8,559,110278,-3564,-16060,-1734,214,-249,-749
8,560,110283,-3566,-16212,-1672,217,-241,-753
8,561,110288,-3620,-16179,-1669,219,-240,-763
8,562,110293,-3589,-16086,-1898,218,-235,-772
8,563,110298,-3529,-16048,-2069,219,-214,-777
8,564,110303,-3483,-16106,-2045,221,-183,-774
8,565,110308,-3458,-16161,-1872,225,-151,-775
8,566,110313,-3384,-16168,-1800,227,-129,-782
8,567,110318,-3245,-16129,-1873,230,-113,-784
8,568,110323,-3218,-16152,-1767,236,-66,-795
8,569,110328,-3244,-16156,-1592,236,-57,-799
8,570,110333,-3077,-16148,-1572,236,-59,-797
8,571,110338,-2993,-16234,-1630,237,-60,-795
8,572,110343,-2950,-16228,-1506,235,-57,-797
8,573,110348,-2955,-16178,-1413,238,-61,-802
8,574,110353,-2970,-16160,-1559,234,-77,-804
8,575,110358,-2876,-16169,-1687,235,-87,-805
8,576,110363,-2807,-16203,-1630,233,-87,-802
8,577,110368,-2737,-16278,-1467,234,-90,-801
8,578,110373,-2675,-16342,-1390,234,-108,-804
8,579,110378,-2810,-16394,-1258,231,-137,-806
8,580,110383,-2828,-16436,-1204,223,-172,-803
8,581,110388,-2626,-16447,-1332,220,-196,-797
8,582,110393,-2522,-16423,-1421,221,-190,-794
8,583,110398,-2522,-16487,-1517,219,-180,-795
8,584,110403,-2511,-16493,-1489,213,-176,-798
8,585,110408,-2487,-16488,-1511,210,-177,-797
8,586,110413,-2372,-16540,-1614,211,-172,-795
8,587,110418,-2278,-16469,-1600,212,-149,-792
8,588,110423,-2102,-16500,-2166,211,-115,-785
8,589,110428,-2385,-16520,-1590,217,-32,-778
8,590,110433,-2257,-16657,-1343,202,-43,-778
8,591,110438,-2253,-16611,-650,194,-52,-774
8,592,110443,-1899,-16725,-1290,197,-83,-768
8,593,110448,-1954,-16750,-1484,201,-63,-771
8,594,110453,-3354,-16760,-540,194,-81,-770
8,595,110458,-1577,-17216,-1176,169,-171,-750
8,596,110463,-2084,-16398,-340,184,-158,-777
8,597,110468,-2509,-17293,-2000,197,-210,-758
8,598,110473,-5995,-12750,-8720,189,-190,-752
8,599,110478,2763,-23506,-32768,553,475,-770
8,600,110483,-32768,-10045,-29914,701,3026,-717
8,601,110505,-29065,-15667,27605,613,1541,-814
8,602,110506,-29065,-15667,27605,613,1541,-814
8,603,110507,-29065,-15667,27605,613,1541,-814
8,604,110509,-29065,-15667,27605,613,1541,-814
8,605,110509,-29065,-15667,27605,613,1541,-814
8,606,110513,-22627,-8249,9715,23,-3363,-519
8,607,110518,10008,-15040,-8842,-190,-5030,219
8,608,110523,22806,-19741,-8312,-92,-3425,198
8,609,110528,4913,-20689,7150,-62,-1699,-88
8,610,110533,-13600,-17455,7013,10,-2267,-210
8,611,110538,-9528,-16368,-6765,21,-3712,-21
8,612,110543,5810,-15379,-14801,42,-3960,80
8,613,110548,10733,-15910,-16399,34,-2817,50
8,614,110553,1195,-16612,-5214,-36,-1149,66
8,615,110558,-7145,-16941,5212,-15,-540,139
8,616,110563,-3822,-17118,-1368,45,-1089,200
8,617,110568,3661,-17177,-6317,97,-1301,191
8,618,110573,4527,-17109,-6394,81,-998,125
8,619,110578,-2099,-16329,-280,107,-407,84
8,620,110583,-5586,-16264,1043,130,-198,127
8,621,110588,-3018,-15970,-2056,134,-223,189
8,622,110593,1018,-16664,-4302,112,-167,217
8,623,110598,752,-16942,-1913,100,31,158
8,624,110603,-2716,-16214,2448,100,120,98
8,625,110608,-3956,-15924,1146,102,-43,113
8,626,110613,-2362,-15749,-2923,102,-140,150
8,627,110618,-733,-15757,-3526,99,-9,169
8,628,110623,-1158,-16316,-592,89,138,168
8,629,110628,-2354,-16122,1413,83,75,125
8,630,110633,-2477,-15925,2,73,-88,111
8,631,110638,-1673,-16006,-2501,64,-129,126
8,632,110643,-1394,-16006,-2239,66,-17,138
8,633,110648,-1880,-16351,-138,63,47,143
8,634,110653,-2063,-16487,741,54,-51,120
8,635,110658,-1618,-16254,-482,50,-178,97
8,636,110663,-1299,-16214,-1832,47,-182,101
8,637,110668,-1597,-16324,-1528,45,-93,108
8,638,110673,-1963,-16387,-327,35,-50,109
8,639,110678,-1775,-16495,-239,26,-95,102
8,640,110683,-1226,-16292,-1219,30,-136,86
8,641,110688,-1547,-16229,-1124,26,-25,91
8,642,110693,-1846,-16291,-694,24,-14,97
8,643,110698,-1594,-16218,-996,16,-39,101
8,644,110703,-1283,-16346,-1303,5,-35,99
8,645,110708,-1257,-16346,-1285,4,3,91
8,646,110713,-1534,-16197,-787,7,40,85
8,647,110718,-1683,-16338,-650,6,27,92
8,648,110723,-1453,-16304,-932,0,-20,88
8,649,110728,-1387,-16253,-1034,-4,-47,79
8,650,110733,-1417,-16257,-1036,-4,-48,76
8,651,110738,-1545,-16362,-808,-8,-36,74
8,652,110743,-1660,-16413,-688,-14,-47,66
8,653,110748,-1647,-16307,-624,-17,-79,65
8,654,110753,-1472,-16629,-645,-21,-113,70
8,655,110758,-1596,-16508,-730,-30,-139,54
8,656,110763,-1715,-16334,-532,-31,-140,53
8,657,110768,-1635,-16429,-856,-33,-147,63
8,658,110773,-1500,-16667,-912,-34,-139,64
8,659,110778,-1579,-16449,-833,-45,-135,48
8,660,110783,-1697,-16443,-630,-46,-130,47
8,661,110788,-1657,-16387,-744,-46,-122,47
8,662,110793,-1652,-16651,-612,-46,-108,46
8,663,110798,-1629,-16528,-810,-49,-109,30
8,664,110803,-1662,-16448,-719,-46,-100,35
8,665,110808,-1744,-16683,-797,-53,-102,40
8,666,110813,-1850,-16439,-658,-58,-89,25
8,667,110818,-1768,-16435,-738,-60,-78,30
8,668,110823,-1658,-16521,-805,-63,-72,36
8,669,110828,-1642,-16508,-733,-67,-70,27
8,670,110833,-1726,-16500,-721,-67,-75,22
8,671,110838,-1814,-16483,-698,-70,-83,18
8,672,110843,-1803,-16520,-786,-72,-81,19
8,673,110848,-1728,-16534,-885,-71,-69,17
8,674,110853,-1719,-16577,-751,-72,-55,15
8,675,110858,-1736,-16582,-651,-73,-56,13
8,676,110863,-1761,-16560,-606,-74,-67,10
8,677,110868,-1777,-16542,-702,-77,-76,5
8,678,110873,-1877,-16552,-748,-81,-74,4
8,679,110878,-1928,-16504,-727,-78,-68,1
8,680,110883,-1872,-16470,-920,-83,-64,1
8,681,110888,-1707,-16492,-946,-82,-54,4
8,682,110893,-1759,-16451,-874,-81,-43,-3
8,683,110898,-1883,-16466,-770,-83,-33,-4
8,684,110903,-1950,-16503,-743,-84,-30,-1
8,685,110908,-1857,-16514,-845,-85,-23,-4
8,686,110913,-1813,-16483,-895,-84,-7,-8
8,687,110918,-1774,-16461,-906,-83,14,-9
8,688,110923,-1791,-16378,-1006,-86,30,-11
8,689,110928,-1757,-16375,-1034,-84,51,-11
8,690,110933,-1682,-16319,-1025,-80,69,-11
8,691,110938,-1651,-16317,-962,-80,84,-15
8,692,110943,-1706,-16239,-978,-79,88,-21
8,693,110948,-1748,-16215,-971,-77,87,-18
8,694,110953,-1760,-16198,-856,-80,87,-19
8,695,110958,-1763,-16212,-703,-80,76,-20
8,696,110963,-1729,-16231,-648,-78,59,-20
8,697,110968,-1789,-16235,-628,-77,35,-20
8,698,110973,-1867,-16208,-628,-80,6,-24
8,699,110978,-1831,-16226,-616,-84,-22,-26
8,700,110983,-1829,-16320,-640,-85,-42,-25
8,701,110988,-1806,-16385,-694,-85,-54,-24
8,702,110993,-1787,-16425,-815,-88,-61,-27
8,703,110998,-1767,-16475,-903,-87,-60,-29
8,704,111003,-1762,-16493,-960,-85,-53,-29
8,705,111008,-1735,-16451,-1014,-84,-45,-30
8,706,111013,-1637,-16422,-1027,-81,-35,-28
8,707,111018,-1657,-16371,-962,-80,-20,-26
8,708,111023,-1687,-16383,-845,-79,-4,-29
8,709,111028,-1656,-16363,-928,-74,11,-28
8,710,111033,-1714,-16337,-920,-74,23,-25
8,711,111038,-1725,-16322,-900,-74,34,-26
8,712,111043,-1702,-16319,-874,-77,39,-27
8,713,111048,-1659,-16305,-806,-74,38,-25
8,714,111053,-1624,-16266,-819,-71,33,-25
8,715,111058,-1616,-16186,-878,-68,21,-27
8,716,111063,-1637,-16170,-901,-67,14,-25
8,717,111068,-1615,-16171,-829,-66,3,-23
8,718,111073,-1619,-16170,-728,-69,-11,-22
8,719,111078,-1590,-16177,-718,-68,-29,-23
8,720,111083,-1607,-16204,-751,-63,-46,-26
8,721,111088,-1659,-16235,-832,-63,-54,-25
8,722,111093,-1667,-16287,-863,-64,-57,-25
8,723,111098,-1657,-16295,-863,-64,-60,-25
8,724,111103,-1666,-16312,-828,-62,-58,-27
8,725,111108,-1663,-16298,-881,-60,-59,-25
8,726,111113,-1712,-16310,-988,-58,-53,-21
8,727,111118,-1683,-16342,-1088,-56,-40,-23
8,728,111123,-1735,-16350,-1064,-55,-28,-23
8,729,111128,-1779,-16326,-973,-54,-21,-21
8,730,111133,-1770,-16292,-918,-50,-14,-21
8,731,111138,-1751,-16263,-908,-48,-10,-22
8,732,111143,-1790,-16232,-890,-46,-5,-21
8,733,111148,-1830,-16243,-908,-42,-1,-24
8,734,111153,-1803,-16280,-889,-44,-4,-24
8,735,111158,-1828,-16302,-837,-38,-9,-20
8,736,111163,-1779,-16314,-847,-40,-18,-24
8,737,111168,-1774,-16323,-935,-40,-23,-24
8,738,111173,-1773,-16293,-955,-36,-25,-26
8,739,111178,-1765,-16278,-958,-35,-24,-25
8,740,111183,-1764,-16260,-998,-32,-22,-22
8,741,111188,-1747,-16254,-1021,-29,-21,-22
8,742,111193,-1729,-16305,-1021,-28,-16,-24
8,743,111198,-1715,-16307,-1039,-22,-10,-24
8,744,111203,-1749,-16309,-1002,-22,-7,-24
8,745,111208,-1747,-16275,-981,-22,-4,-26
8,746,111213,-1702,-16275,-995,-19,0,-26
8,747,111218,-1664,-16242,-1033,-16,1,-23
8,748,111223,-1618,-16246,-997,-15,3,-23
8,749,111228,-1694,-16262,-954,-12,6,-21
8,750,111233,-1748,-16310,-902,-11,4,-19
8,751,111238,-1762,-16365,-820,-11,-3,-19
8,752,111243,-1731,-16393,-828,-7,-10,-18
8,753,111248,-1672,-16341,-920,-7,-7,-19
8,754,111253,-1685,-16362,-1022,-5,2,-20
8,755,111258,-1685,-16253,-1115,-1,9,-19
8,756,111263,-1651,-16182,-1108,0,11,-18
8,757,111268,-1647,-16055,-1184,1,7,-18
8,758,111273,-1600,-16022,-1152,8,5,-16
8,759,111278,-1571,-16008,-1095,10,3,-17
8,760,111283,-1695,-16003,-1067,9,2,-16
8,761,111288,-1790,-16032,-967,12,-5,-13
8,762,111293,-1766,-16182,-838,15,-12,-14
8,763,111298,-1670,-16322,-782,15,-16,-15
8,764,111303,-1654,-16409,-794,16,-14,-12
8,765,111308,-1665,-16452,-916,18,-8,-13
8,766,111313,-1646,-16409,-1034,16,1,-14
8,767,111318,-1560,-16352,-1146,19,13,-12
8,768,111323,-1515,-16310,-1121,20,25,-13
8,769,111328,-1476,-16237,-1159,24,32,-9
8,770,111333,-1468,-16197,-1149,24,41,-8
8,771,111338,-1465,-16122,-1133,29,46,-10
8,772,111343,-1509,-16081,-1146,30,41,-5
8,773,111348,-1549,-16036,-1110,31,35,-4
8,774,111353,-1587,-16071,-926,34,17,-3
8,775,111358,-1638,-16165,-715,37,-7,-2
8,776,111363,-1649,-16247,-573,34,-34,-1
8,777,111368,-1668,-16355,-611,33,-56,3
8,778,111373,-1688,-16375,-721,33,-67,-2
8,779,111378,-1657,-16391,-844,32,-73,-3
8,780,111383,-1675,-16352,-996,31,-78,1
8,781,111388,-1701,-16321,-1068,31,-74,0
8,782,111393,-1685,-16254,-1109,33,-70,4
8,783,111398,-1698,-16204,-1090,36,-62,2
8,784,111403,-1747,-16220,-1107,41,-52,1
8,785,111408,-1777,-16189,-1115,41,-37,0
8,786,111413,-1828,-16243,-1036,44,-23,0
8,787,111418,-1758,-16271,-978,45,-7,3
8,788,111423,-1629,-16360,-965,50,19,2
8,789,111428,-1641,-16379,-934,50,26,3
8,790,111433,-1673,-16354,-1014,52,34,6
8,791,111438,-1638,-16325,-1028,50,42,4
8,792,111443,-1630,-16298,-1015,50,45,4
8,793,111448,-1640,-16314,-875,50,48,5
8,794,111453,-1686,-16342,-812,51,40,6
8,795,111458,-1696,-16312,-811,51,28,6
8,796,111463,-1712,-16320,-816,54,15,5
8,797,111468,-1698,-16326,-797,53,1,8
8,798,111473,-1695,-16328,-796,50,-16,8
8,799,111478,-1672,-16354,-776,53,-34,8
8,800,111483,-1668,-16384,-809,50,-48,5
8,801,111488,-1678,-16437,-840,49,-61,7
8,802,111493,-1710,-16524,-844,48,-66,7
8,803,111498,-1742,-16530,-826,49,-74,7
8,804,111503,-1748,-16530,-875,46,-72,6
8,805,111508,-1717,-16528,-986,48,-65,8
8,806,111513,-1727,-16512,-1103,49,-49,6
8,807,111518,-1738,-16477,-1192,50,-29,9
8,808,111523,-1770,-16436,-1218,50,-11,7
8,809,111528,-1728,-16387,-1170,55,6,9
8,810,111533,-1680,-16368,-1139,53,21,9
8,811,111538,-1685,-16308,-1116,56,32,10
8,812,111543,-1724,-16279,-1029,55,37,9
8,813,111548,-1749,-16331,-999,58,40,8
8,814,111553,-1767,-16374,-935,57,38,11
8,815,111558,-1739,-16369,-876,55,36,10
8,816,111563,-1694,-16353,-936,54,27,9
8,817,111568,-1699,-16295,-1029,54,18,10
8,818,111573,-1687,-16275,-1035,55,6,8
8,819,111578,-1690,-16214,-916,54,-3,8
8,820,111583,-1680,-16205,-862,52,-13,7
8,821,111588,-1670,-16290,-835,51,-24,10
8,822,111593,-1663,-16280,-910,54,-28,9
8,823,111598,-1717,-16281,-979,54,-31,7
8,824,111603,-1750,-16294,-951,52,-34,7
8,825,111608,-1729,-16329,-864,49,-37,5
8,826,111613,-1708,-16357,-798,44,-41,7
8,827,111618,-1715,-16378,-847,45,-42,6
8,828,111623,-1729,-16432,-901,47,-34,8
8,829,111628,-1759,-16388,-960,47,-24,8
8,830,111633,-1764,-16387,-987,45,-16,4
8,831,111638,-1718,-16368,-987,42,-7,7
8,832,111643,-1658,-16276,-954,45,-3,9
8,833,111648,-1613,-16228,-998,44,6,7
8,834,111653,-1657,-16225,-974,44,11,6
8,835,111658,-1748,-16290,-870,38,10,7
8,836,111663,-1771,-16323,-794,39,7,7
8,837,111668,-1658,-16339,-792,41,6,7
8,838,111673,-1642,-16349,-868,41,6,9
8,839,111678,-1666,-16311,-867,38,3,7
8,840,111683,-1700,-16292,-852,35,-5,3
8,841,111688,-1670,-16243,-924,33,-13,5
8,842,111693,-1602,-16224,-987,34,-16,6
8,843,111698,-1636,-16206,-1019,32,-21,6
8,844,111703,-1731,-16188,-937,28,-27,5
8,845,111708,-1802,-16246,-809,28,-36,5
8,846,111713,-1793,-16342,-725,27,-47,6
8,847,111718,-1761,-16386,-736,25,-49,7
8,848,111723,-1737,-16409,-857,21,-44,7
8,849,111728,-1752,-16426,-986,25,-38,5
8,850,111733,-1746,-16410,-1024,24,-27,3
8,851,111738,-1724,-16402,-1016,22,-14,3
8,852,111743,-1694,-16376,-1001,19,0,5
8,853,111748,-1670,-16410,-966,20,11,5
8,854,111753,-1663,-16377,-974,22,20,5
8,855,111758,-1715,-16368,-941,22,29,4
8,856,111763,-1739,-16336,-919,20,32,3
8,857,111768,-1751,-16321,-879,19,26,4
8,858,111773,-1711,-16292,-795,18,22,3
8,859,111778,-1718,-16313,-772,15,13,3
8,860,111783,-1759,-16318,-730,14,-1,2
8,861,111788,-1731,-16338,-757,10,-10,3
8,862,111793,-1730,-16432,-804,9,-24,0
8,863,111798,-1687,-16433,-768,5,-25,0
8,864,111803,-1728,-16452,-757,3,-24,1
8,865,111808,-1773,-16491,-822,1,-27,-2
8,866,111813,-1758,-16522,-858,-1,-25,-2
8,867,111818,-1749,-16452,-940,-2,-19,-2
8,868,111823,-1752,-16419,-978,0,-9,-1
8,869,111828,-1748,-16398,-991,0,3,-1
8,870,111833,-1739,-16383,-891,-3,13,-5
8,871,111838,-1724,-16342,-868,-4,16,-2
8,872,111843,-1733,-16348,-884,-3,22,-3
8,873,111848,-1708,-16377,-884,-4,27,-2
8,874,111853,-1709,-16367,-836,-9,24,-3
8,875,111858,-1673,-16337,-845,-6,22,-4
8,876,111863,-1670,-16328,-857,-7,16,-5
8,877,111868,-1711,-16301,-825,-9,7,-4
8,878,111873,-1650,-16284,-828,-11,-3,-2
8,879,111878,-1706,-16322,-797,-12,-16,-4
8,880,111883,-1703,-16366,-760,-14,-26,-4
8,881,111888,-1722,-16385,-712,-16,-36,-6
8,882,111893,-1757,-16377,-701,-20,-45,-7
8,883,111898,-1767,-16410,-760,-19,-49,-7
8,884,111903,-1759,-16400,-826,-20,-45,-9
8,885,111908,-1758,-16447,-882,-23,-42,-9
8,886,111913,-1741,-16450,-882,-25,-34,-8
8,887,111918,-1723,-16431,-870,-23,-22,-8
8,888,111923,-1709,-16450,-937,-25,-7,-8
8,889,111928,-1692,-16426,-1051,-24,9,-9
8,890,111933,-1701,-16408,-1047,-23,22,-8
8,891,111938,-1714,-16398,-916,-25,31,-8
8,892,111943,-1681,-16391,-853,-25,31,-8
8,893,111948,-1731,-16372,-842,-24,27,-9
8,894,111953,-1678,-16380,-794,-25,24,-8
8,895,111958,-1687,-16335,-784,-25,16,-8
8,896,111963,-1753,-16281,-816,-27,3,-8
8,897,111968,-1740,-16284,-791,-30,-11,-7
8,898,111973,-1711,-16305,-709,-27,-25,-10
8,899,111978,-1742,-16321,-698,-31,-42,-9
8,900,111983,-1762,-16361,-683,-33,-55,-9
8,901,111988,-1739,-16379,-760,-34,-65,-9
8,902,111993,-1776,-16372,-843,-36,-62,-13
8,903,111998,-1798,-16379,-907,-35,-62,-10
8,904,112003,-1821,-16348,-915,-35,-58,-12
8,905,112008,-1785,-16340,-935,-36,-49,-16
8,906,112013,-1748,-16371,-920,-35,-42,-16
8,907,112018,-1785,-16403,-945,-35,-32,-12
8,908,112023,-1803,-16367,-998,-32,-17,-13
8,909,112028,-1791,-16357,-1038,-32,-2,-15
8,910,112033,-1805,-16381,-994,-34,10,-16
8,911,112038,-1885,-16363,-1019,-32,23,-16
8,912,112043,-1801,-16372,-995,-29,29,-15
8,913,112048,-1753,-16364,-899,-29,34,-16
8,914,112053,-1781,-16347,-821,-28,38,-18
8,915,112058,-1813,-16360,-809,-27,39,-21
8,916,112063,-1769,-16298,-809,-25,35,-20
8,917,112068,-1745,-16276,-831,-28,31,-19
8,918,112073,-1768,-16319,-752,-30,27,-19
8,919,112078,-1773,-16346,-671,-29,19,-20
8,920,112083,-1768,-16380,-646,-29,1,-20
8,921,112088,-1718,-16336,-713,-30,-5,-20
8,922,112093,-1687,-16320,-796,-32,-9,-20
8,923,112098,-1631,-16293,-888,-31,-9,-16
8,924,112103,-1662,-16261,-947,-32,-8,-20
8,925,112108,-1659,-16232,-936,-29,-8,-20
8,926,112113,-1670,-16279,-874,-29,-12,-19
8,927,112118,-1693,-16334,-823,-30,-12,-18
8,928,112123,-1697,-16328,-843,-30,-9,-18
8,929,112128,-1657,-16349,-861,-28,-2,-18
8,930,112133,-1647,-16322,-954,-26,8,-18
8,931,112138,-1634,-16290,-964,-27,17,-18
8,932,112143,-1605,-16248,-987,-26,25,-18
8,933,112148,-1627,-16187,-948,-22,28,-16
8,934,112153,-1638,-16209,-905,-22,28,-15
8,935,112158,-1631,-16243,-836,-21,26,-14
8,936,112163,-1677,-16291,-789,-20,23,-17
8,937,112168,-1683,-16321,-782,-21,17,-12
8,938,112173,-1660,-16324,-743,-20,9,-12
8,939,112178,-1636,-16306,-740,-21,-4,-15
8,940,112183,-1628,-16271,-836,-20,-17,-13
8,941,112188,-1624,-16311,-846,-20,-31,-12
8,942,112193,-1648,-16319,-881,-18,-39,-13
8,943,112198,-1653,-16346,-866,-18,-44,-13
8,944,112203,-1774,-16343,-800,-17,-50,-14
8,945,112208,-1778,-16395,-790,-16,-53,-12
8,946,112213,-1780,-16416,-847,-17,-52,-14
8,947,112218,-1774,-16412,-936,-16,-47,-12
8,948,112223,-1756,-16419,-994,-13,-35,-11
8,949,112228,-1763,-16385,-1022,-15,-17,-16
8,950,112233,-1791,-16394,-1042,-9,-6,-15
8,951,112238,-1766,-16364,-997,-7,7,-13
8,952,112243,-1773,-16356,-982,-7,26,-15
8,953,112248,-1767,-16389,-943,-5,39,-13
8,954,112253,-1749,-16393,-985,-4,49,-14
8,955,112258,-1737,-16373,-928,0,58,-13
8,956,112263,-1694,-16344,-922,1,61,-12
8,957,112268,-1685,-16328,-923,-1,59,-16
8,958,112273,-1637,-16276,-824,0,54,-13
8,959,112278,-1604,-16275,-812,4,44,-10
8,960,112283,-1574,-16274,-766,5,32,-9
8,961,112288,-1590,-16249,-786,5,15,-8
8,962,112293,-1616,-16257,-847,1,1,-12
8,963,112298,-1638,-16263,-823,2,-12,-12
8,964,112303,-1582,-16312,-807,6,-30,-6
8,965,112308,-1580,-16276,-796,7,-43,-9
8,966,112313,-1526,-16307,-779,3,-52,-9
8,967,112318,-1600,-16264,-790,3,-59,-8
8,968,112323,-1640,-16312,-863,6,-60,-8
8,969,112328,-1658,-16304,-942,7,-58,-6
8,970,112333,-1646,-16336,-887,6,-52,-6
8,971,112338,-1683,-16370,-841,4,-42,-5
8,972,112343,-1703,-16390,-825,7,-32,-7
8,973,112348,-1693,-16397,-1030,11,-17,-7
8,974,112353,-1706,-16389,-1143,12,5,-8
8,975,112358,-1697,-16392,-1134,13,24,-5
8,976,112363,-1716,-16368,-1007,15,34,-4
8,977,112368,-1682,-16350,-925,16,41,-3
8,978,112373,-1691,-16359,-891,18,46,-4
8,979,112378,-1705,-16355,-918,22,50,-5
8,980,112383,-1671,-16368,-886,21,49,-2
8,981,112388,-1644,-16307,-889,19,42,-4
8,982,112393,-1660,-16261,-872,19,35,-4
8,983,112398,-1664,-16251,-847,21,23,-2
8,984,112403,-1581,-16237,-781,22,9,-1
8,985,112408,-1601,-16235,-785,22,-7,-2
8,986,112413,-1556,-16237,-809,22,-20,-1
8,987,112418,-1494,-16249,-845,22,-29,-2
8,988,112423,-1563,-16266,-834,22,-34,-2
8,989,112428,-1653,-16242,-811,21,-38,-2
8,990,112433,-1657,-16242,-785,22,-44,0
8,991,112438,-1660,-16273,-837,22,-51,0
8,992,112443,-1643,-16308,-946,23,-47,-1
8,993,112448,-1651,-16354,-927,24,-40,1
8,994,112453,-1702,-16294,-917,23,-36,1
8,995,112458,-1781,-16304,-952,25,-32,0
8,996,112463,-1733,-16306,-1004,25,-21,-1
8,997,112468,-1728,-16292,-1016,27,-10,1
8,998,112473,-1707,-16308,-1013,28,0,1
8,999,112478,-1768,-16292,-976,29,6,-2
