event_id,seq,ts_ms,ax,ay,az,gx,gy,gz
17,0,1671967,339,-16286,-2366,2,-8,-5
17,1,1671972,328,-16295,-2431,2,-7,-3
17,2,1671977,369,-16283,-2437,-2,2,-3
17,3,1671982,382,-16237,-2398,-3,6,-1
17,4,1671987,402,-16258,-2340,-4,5,-1
17,5,1671992,299,-16336,-2349,1,-9,0
17,6,1671997,289,-16325,-2337,-2,-10,-1
17,7,1672002,278,-16325,-2409,-2,-6,0
17,8,1672007,350,-16305,-2359,-3,-5,-3
17,9,1672012,282,-16365,-2362,-3,-4,-1
17,10,1672017,301,-16358,-2334,-3,-6,-2
17,11,1672022,319,-16341,-2372,-1,-10,-4
17,12,1672027,283,-16306,-2409,-3,-13,-2
17,13,1672032,318,-16284,-2404,-3,-13,-2
17,14,1672037,300,-16318,-2386,-1,-19,-1
17,15,1672042,257,-16246,-2445,-2,-27,-1
17,16,1672047,318,-16220,-2480,-3,-30,-4
17,17,1672052,309,-16242,-2516,1,-27,-3
17,18,1672057,295,-16295,-2562,0,-17,-5
17,19,1672062,305,-16353,-2533,-2,-11,-7
17,20,1672067,340,-16323,-2500,-3,-14,-5
17,21,1672072,377,-16328,-2525,-5,-11,-7
17,22,1672077,361,-16337,-2498,0,-9,-7
17,23,1672082,320,-16341,-2479,-1,-5,-8
17,24,1672087,283,-16310,-2505,1,-3,-8
17,25,1672092,295,-16333,-2486,2,-5,-9
17,26,1672097,325,-16380,-2454,-3,-10,-8
17,27,1672102,292,-16433,-2472,0,-12,-8
17,28,1672107,266,-16440,-2447,3,-13,-9
17,29,1672112,319,-16446,-2474,2,-11,-13
17,30,1672117,295,-16435,-2520,2,-8,-13
17,31,1672122,273,-16466,-2501,2,-2,-11
17,32,1672127,241,-16463,-2511,2,-2,-13
17,33,1672132,250,-16464,-2470,0,-3,-16
17,34,1672137,267,-16435,-2497,1,-3,-18
17,35,1672142,255,-16358,-2504,0,0,-16
17,36,1672147,264,-16368,-2473,3,4,-16
17,37,1672152,283,-16355,-2482,4,-3,-21
17,38,1672157,265,-16392,-2482,-1,-6,-20
17,39,1672162,279,-16351,-2540,-2,-4,-23
17,40,1672167,305,-16260,-2518,0,-3,-23
17,41,1672172,257,-16212,-2525,2,6,-24
17,42,1672177,265,-16234,-2573,0,8,-24
17,43,1672182,245,-16217,-2574,-1,9,-26
17,44,1672187,279,-16169,-2527,-3,11,-28
17,45,1672192,291,-16167,-2517,-3,14,-26
17,46,1672197,296,-16168,-2483,-2,18,-29
17,47,1672202,305,-16130,-2403,-2,19,-30
17,48,1672207,273,-16151,-2413,0,14,-30
17,49,1672212,286,-16099,-2418,-4,9,-32
17,50,1672217,374,-16128,-2419,-4,6,-32
17,51,1672222,433,-16117,-2408,-3,4,-34
17,52,1672227,400,-16146,-2344,-6,2,-33
17,53,1672232,356,-16122,-2378,-4,-2,-35
17,54,1672237,360,-16130,-2401,-6,-2,-37
17,55,1672242,354,-16179,-2367,-8,-3,-35
17,56,1672247,368,-16179,-2339,-7,2,-37
17,57,1672252,379,-16187,-2295,-8,2,-37
17,58,1672257,393,-16159,-2331,-8,-2,-38
17,59,1672262,391,-16119,-2339,-11,-2,-36
17,60,1672267,433,-16105,-2337,-13,-4,-36
17,61,1672272,413,-16127,-2287,-12,-4,-38
17,62,1672277,411,-16141,-2291,-15,-8,-37
17,63,1672282,404,-16050,-2341,-15,-13,-40
17,64,1672287,409,-16065,-2393,-13,-14,-39
17,65,1672292,443,-16077,-2413,-14,-11,-37
17,66,1672297,422,-16066,-2403,-15,-12,-40
17,67,1672302,339,-16086,-2368,-17,-16,-39
17,68,1672307,355,-16113,-2397,-17,-16,-38
17,69,1672312,363,-16105,-2445,-16,-15,-38
17,70,1672317,416,-16114,-2467,-18,-7,-39
17,71,1672322,455,-16139,-2422,-20,1,-38
17,72,1672327,431,-16130,-2314,-20,2,-40
17,73,1672332,430,-16126,-2292,-18,-5,-41
17,74,1672337,434,-16126,-2338,-20,-11,-39
17,75,1672342,442,-16159,-2373,-20,-15,-39
17,76,1672347,428,-16195,-2352,-18,-17,-39
17,77,1672352,426,-16213,-2383,-19,-23,-37
17,78,1672357,474,-16205,-2457,-18,-27,-39
17,79,1672362,436,-16209,-2502,-16,-22,-35
17,80,1672367,356,-16265,-2524,-14,-18,-33
17,81,1672372,342,-16279,-2577,-18,-20,-34
17,82,1672377,332,-16328,-2523,-18,-19,-33
17,83,1672382,311,-16371,-2502,-17,-18,-35
17,84,1672387,299,-16382,-2463,-19,-18,-35
17,85,1672392,404,-16346,-2419,-16,-15,-32
17,86,1672397,436,-16361,-2443,-15,-8,-32
17,87,1672402,449,-16367,-2497,-14,-7,-32
17,88,1672407,398,-16343,-2473,-15,-10,-33
17,89,1672412,420,-16343,-2497,-16,-11,-34
17,90,1672417,485,-16330,-2475,-12,-12,-30
17,91,1672422,568,-16311,-2482,-14,-9,-30
17,92,1672427,530,-16339,-2475,-12,-4,-29
17,93,1672432,460,-16405,-2493,-12,-5,-29
17,94,1672437,397,-16467,-2485,-12,-12,-27
17,95,1672442,422,-16453,-2489,-10,-16,-27
17,96,1672447,446,-16427,-2422,-9,-7,-22
17,97,1672452,473,-16427,-2415,-8,6,-21
17,98,1672457,461,-16412,-2480,-7,9,-23
17,99,1672462,451,-16408,-2499,-6,-1,-20
17,100,1672467,442,-16380,-2451,-5,-10,-17
17,101,1672472,464,-16374,-2393,-6,-18,-20
17,102,1672477,477,-16381,-2365,-7,-15,-18
17,103,1672482,400,-16383,-2296,-4,-18,-16
17,104,1672487,448,-16375,-2396,-1,-23,-14
17,105,1672492,501,-16323,-2469,-3,-32,-13
17,106,1672497,489,-16276,-2500,-2,-36,-15
17,107,1672502,477,-16230,-2458,-1,-38,-12
17,108,1672507,452,-16245,-2412,-2,-38,-7
17,109,1672512,435,-16296,-2421,1,-41,-5
17,110,1672517,434,-16299,-2495,1,-44,-7
17,111,1672522,407,-16274,-2556,1,-44,-7
17,112,1672527,477,-16216,-2634,1,-39,-6
17,113,1672532,586,-16143,-2649,2,-30,-6
17,114,1672537,661,-16102,-2645,4,-18,-4
17,115,1672542,587,-16121,-2633,1,-13,-5
17,116,1672547,510,-16149,-2575,3,-15,-2
17,117,1672552,489,-16166,-2534,7,-22,-1
17,118,1672557,481,-16155,-2507,6,-28,0
17,119,1672562,516,-16161,-2452,9,-31,3
17,120,1672567,531,-16178,-2482,10,-37,3
17,121,1672572,471,-16215,-2510,10,-47,5
17,122,1672577,422,-16196,-2537,14,-55,3
17,123,1672582,369,-16178,-2575,12,-61,4
17,124,1672587,339,-16169,-2578,12,-60,6
17,125,1672592,324,-16199,-2665,14,-56,4
17,126,1672597,307,-16197,-2712,16,-46,4
17,127,1672602,334,-16181,-2696,15,-32,4
17,128,1672607,330,-16137,-2711,14,-24,3
17,129,1672612,351,-16087,-2677,14,-14,5
17,130,1672617,429,-16083,-2620,14,1,2
17,131,1672622,383,-16071,-2603,15,8,2
17,132,1672627,289,-16091,-2529,18,2,2
17,133,1672632,276,-16067,-2529,15,-8,0
17,134,1672637,326,-16030,-2558,18,-14,-1
17,135,1672642,334,-16044,-2625,19,-16,5
17,136,1672647,319,-16069,-2604,19,-11,3
17,137,1672652,280,-16086,-2633,20,-13,-1
17,138,1672657,290,-16069,-2694,19,-16,1
17,139,1672662,323,-16106,-2741,21,-10,0
17,140,1672667,298,-16170,-2645,20,0,-2
17,141,1672672,268,-16243,-2646,19,10,-3
17,142,1672677,197,-16301,-2607,22,12,-2
17,143,1672682,212,-16322,-2600,22,13,-2
17,144,1672687,249,-16309,-2608,21,20,-4
17,145,1672692,189,-16371,-2563,23,27,-5
17,146,1672697,265,-16424,-2539,21,30,-6
17,147,1672702,359,-16408,-2551,21,34,-7
17,148,1672707,466,-16375,-2563,23,38,-8
17,149,1672712,442,-16328,-2534,21,44,-7
17,150,1672717,343,-16303,-2516,20,49,-8
17,151,1672722,271,-16333,-2443,21,43,-9
17,152,1672727,272,-16309,-2424,20,36,-10
17,153,1672732,416,-16369,-2442,18,35,-8
17,154,1672737,447,-16403,-2436,17,32,-11
17,155,1672742,431,-16358,-2446,16,30,-11
17,156,1672747,426,-16315,-2522,17,31,-9
17,157,1672752,493,-16336,-2582,16,39,-10
17,158,1672757,466,-16338,-2442,17,45,-12
17,159,1672762,459,-16311,-2342,16,47,-11
17,160,1672767,471,-16245,-2377,14,45,-12
17,161,1672772,490,-16265,-2389,16,40,-12
17,162,1672777,454,-16262,-2455,15,37,-11
17,163,1672782,409,-16254,-2439,14,28,-10
17,164,1672787,445,-16246,-2440,15,21,-9
17,165,1672792,544,-16220,-2494,14,19,-11
17,166,1672797,588,-16260,-2496,12,24,-8
17,167,1672802,603,-16211,-2444,14,31,-8
17,168,1672807,581,-16209,-2496,15,32,-6
17,169,1672812,550,-16167,-2505,14,26,-5
17,170,1672817,538,-16219,-2511,16,22,-6
17,171,1672822,535,-16254,-2450,14,22,-4
17,172,1672827,587,-16242,-2409,13,17,-3
17,173,1672832,596,-16320,-2469,12,12,-4
17,174,1672837,505,-16352,-2528,14,10,-3
17,175,1672842,470,-16436,-2612,13,15,-1
17,176,1672847,438,-16480,-2576,14,21,0
17,177,1672852,573,-16513,-2481,9,33,-3
17,178,1672857,629,-16513,-2406,9,43,-2
17,179,1672862,597,-16427,-2396,12,47,0
17,180,1672867,559,-16461,-2370,13,46,-4
17,181,1672872,483,-16503,-2341,11,33,0
17,182,1672877,423,-16518,-2253,12,20,4
17,183,1672882,456,-16474,-2240,12,13,3
17,184,1672887,511,-16392,-2278,13,8,1
17,185,1672892,545,-16419,-2376,13,6,5
17,186,1672897,523,-16420,-2455,10,4,3
17,187,1672902,455,-16409,-2463,10,6,1
17,188,1672907,436,-16346,-2413,8,10,1
17,189,1672912,465,-16319,-2349,6,18,2
17,190,1672917,532,-16257,-2285,6,30,0
17,191,1672922,475,-16211,-2307,5,28,-2
17,192,1672927,384,-16266,-2260,6,20,0
17,193,1672932,324,-16251,-2227,5,6,-2
17,194,1672937,313,-16190,-2211,1,-9,-2
17,195,1672942,376,-16179,-2226,3,-17,-1
17,196,1672947,443,-16194,-2283,2,-17,0
17,197,1672952,415,-16196,-2406,3,-18,-2
17,198,1672957,366,-16249,-2499,-1,-23,-5
17,199,1672962,310,-16282,-2566,-1,-22,-5
17,200,1672967,367,-16271,-2622,-4,-10,-5
17,201,1672972,416,-16227,-2521,-7,12,-9
17,202,1672977,485,-16185,-2500,-4,30,-12
17,203,1672982,480,-16176,-2516,-5,37,-12
17,204,1672987,359,-16213,-2518,-4,34,-15
17,205,1672992,313,-16242,-2564,-7,30,-14
17,206,1672997,371,-16239,-2507,-8,29,-16
17,207,1673002,494,-16162,-2408,-7,31,-16
17,208,1673007,584,-16145,-2458,-7,28,-17
17,209,1673012,614,-16141,-2474,-7,28,-18
17,210,1673017,560,-16149,-2606,-6,21,-17
17,211,1673022,524,-16130,-2631,-5,12,-18
17,212,1673027,537,-16143,-2604,-6,11,-17
17,213,1673032,552,-16123,-2652,-6,18,-16
17,214,1673037,587,-16112,-2642,-7,29,-17
17,215,1673042,579,-16121,-2631,-4,39,-18
17,216,1673047,557,-16193,-2651,-6,45,-19
17,217,1673052,533,-16181,-2680,-6,47,-20
17,218,1673057,558,-16171,-2601,-6,52,-20
17,219,1673062,557,-16229,-2525,-8,61,-22
17,220,1673067,558,-16209,-2494,-7,67,-24
17,221,1673072,566,-16183,-2530,-6,66,-25
17,222,1673077,560,-16174,-2516,-5,62,-24
17,223,1673082,564,-16150,-2423,-5,65,-23
17,224,1673087,539,-16172,-2369,-8,62,-22
17,225,1673092,540,-16232,-2384,-9,54,-24
17,226,1673097,663,-16230,-2379,-8,44,-22
17,227,1673102,743,-16218,-2410,-9,42,-23
17,228,1673107,735,-16256,-2360,-8,36,-22
17,229,1673112,597,-16288,-2321,-9,26,-21
17,230,1673117,470,-16350,-2363,-5,12,-17
17,231,1673122,489,-16390,-2448,-7,9,-23
17,232,1673127,568,-16400,-2491,-6,18,-22
17,233,1673132,682,-16392,-2419,-6,27,-22
17,234,1673137,675,-16360,-2396,-12,34,-25
17,235,1673142,610,-16374,-2418,-12,31,-22
17,236,1673147,595,-16378,-2405,-14,24,-21
17,237,1673152,629,-16346,-2383,-15,26,-21
17,238,1673157,676,-16305,-2245,-12,24,-19
17,239,1673162,763,-16278,-2117,-13,16,-17
17,240,1673167,693,-16292,-2164,-13,1,-19
17,241,1673172,656,-16335,-2240,-12,-18,-16
17,242,1673177,566,-16302,-2303,-13,-31,-17
17,243,1673182,612,-16261,-2345,-12,-36,-14
17,244,1673187,619,-16285,-2403,-13,-39,-12
17,245,1673192,655,-16292,-2468,-12,-43,-13
17,246,1673197,659,-16281,-2520,-13,-45,-15
17,247,1673202,640,-16249,-2602,-13,-40,-15
17,248,1673207,662,-16257,-2631,-10,-28,-13
17,249,1673212,626,-16200,-2576,-11,-15,-13
17,250,1673217,591,-16168,-2505,-13,-10,-11
17,251,1673222,535,-16263,-2466,-13,-11,-13
17,252,1673227,445,-16302,-2454,-11,-17,-11
17,253,1673232,510,-16323,-2496,-11,-20,-10
17,254,1673237,628,-16311,-2513,-13,-15,-11
17,255,1673242,662,-16272,-2436,-13,-7,-12
17,256,1673247,618,-16310,-2458,-11,-8,-12
17,257,1673252,533,-16319,-2491,-6,-12,-9
17,258,1673257,498,-16347,-2505,-11,-16,-10
17,259,1673262,557,-16381,-2548,-13,-11,-9
17,260,1673267,642,-16299,-2453,-10,2,-8
17,261,1673272,632,-16275,-2433,-12,6,-11
17,262,1673277,554,-16284,-2498,-11,7,-13
17,263,1673282,511,-16238,-2603,-6,5,-10
17,264,1673287,450,-16142,-2641,-7,7,-7
17,265,1673292,477,-16142,-2638,-7,16,-9
17,266,1673297,571,-16170,-2560,-7,29,-8
17,267,1673302,626,-16175,-2388,-6,33,-9
17,268,1673307,557,-16132,-2380,-6,28,-7
17,269,1673312,464,-16199,-2438,-6,18,-7
17,270,1673317,451,-16144,-2592,-3,13,-8
17,271,1673322,524,-16110,-2575,-4,17,-9
17,272,1673327,633,-16115,-2457,-4,23,-6
17,273,1673332,674,-16120,-2410,-2,19,-8
17,274,1673337,628,-16166,-2437,-2,17,-8
17,275,1673342,565,-16190,-2499,0,10,-7
17,276,1673347,477,-16163,-2498,0,17,-6
17,277,1673352,528,-16150,-2368,0,23,-3
17,278,1673357,606,-16180,-2358,1,22,-6
17,279,1673362,619,-16150,-2400,1,16,-7
17,280,1673367,637,-16135,-2362,1,9,-5
17,281,1673372,619,-16138,-2428,1,2,-2
17,282,1673377,576,-16057,-2468,0,-3,-3
17,283,1673382,649,-16063,-2500,2,-4,-1
17,284,1673387,634,-16052,-2381,1,-6,-2
17,285,1673392,620,-16079,-2447,2,-15,-2
17,286,1673397,505,-16094,-2484,4,-30,-1
17,287,1673402,486,-16161,-2507,8,-36,1
17,288,1673407,521,-16197,-2472,9,-43,4
17,289,1673412,562,-16221,-2421,5,-40,2
17,290,1673417,560,-16272,-2386,7,-39,0
17,291,1673422,472,-16360,-2398,10,-46,3
17,292,1673427,342,-16439,-2433,9,-52,3
17,293,1673432,284,-16456,-2577,10,-49,-1
17,294,1673437,414,-16436,-2612,10,-38,1
17,295,1673442,577,-16410,-2562,9,-16,0
17,296,1673447,617,-16384,-2561,11,4,1
17,297,1673452,547,-16354,-2545,11,15,-2
17,298,1673457,478,-16322,-2543,11,22,-3
17,299,1673462,493,-16263,-2538,10,24,-4
17,300,1673467,616,-16233,-2346,11,30,-3
17,301,1673472,596,-16224,-2259,12,22,-3
17,302,1673477,551,-16243,-2309,11,10,1
17,303,1673482,532,-16275,-2413,11,-3,1
17,304,1673487,553,-16250,-2453,15,-10,1
17,305,1673492,586,-16209,-2360,15,-13,0
17,306,1673497,629,-16223,-2352,13,-15,2
17,307,1673502,602,-16296,-2421,13,-17,4
17,308,1673507,479,-16321,-2486,16,-17,2
17,309,1673512,394,-16335,-2508,14,-16,4
17,310,1673517,413,-16334,-2562,13,-9,2
17,311,1673522,475,-16357,-2473,12,4,3
17,312,1673527,486,-16385,-2417,10,15,2
17,313,1673532,436,-16442,-2388,12,18,-2
17,314,1673537,392,-16436,-2424,13,13,0
17,315,1673542,354,-16440,-2454,12,10,-1
17,316,1673547,394,-16425,-2440,10,13,-4
17,317,1673552,448,-16377,-2362,10,19,-4
17,318,1673557,540,-16348,-2346,6,24,-6
17,319,1673562,548,-16302,-2368,8,23,-7
17,320,1673567,578,-16252,-2411,8,19,-6
17,321,1673572,543,-16197,-2508,8,11,-4
17,322,1673577,556,-16139,-2464,5,10,-5
17,323,1673582,593,-16145,-2407,3,3,-5
17,324,1673587,587,-16191,-2387,4,-1,-4
17,325,1673592,620,-16186,-2376,1,-7,-3
17,326,1673597,648,-16189,-2374,3,-13,-5
17,327,1673602,605,-16145,-2388,4,-18,-5
17,328,1673607,563,-16187,-2458,3,-22,-4
17,329,1673612,461,-16261,-2474,3,-28,-2
17,330,1673617,463,-16331,-2489,2,-32,-4
17,331,1673622,454,-16298,-2544,-1,-27,-7
17,332,1673627,535,-16278,-2603,1,-18,-5
17,333,1673632,539,-16253,-2626,0,-3,-8
17,334,1673637,583,-16258,-2605,1,7,-8
17,335,1673642,586,-16260,-2504,3,8,-7
17,336,1673647,498,-16296,-2445,0,5,-10
17,337,1673652,486,-16316,-2402,-3,2,-12
17,338,1673657,450,-16289,-2458,0,-1,-12
17,339,1673662,542,-16312,-2466,0,-2,-9
17,340,1673667,562,-16271,-2475,-3,-1,-10
17,341,1673672,564,-16259,-2485,-2,-8,-12
17,342,1673677,539,-16264,-2488,-2,-12,-10
17,343,1673682,607,-16234,-2528,-5,-13,-14
17,344,1673687,655,-16197,-2504,-3,-9,-9
17,345,1673692,631,-16261,-2480,-3,-7,-8
17,346,1673697,542,-16301,-2561,-8,-9,-11
17,347,1673702,489,-16278,-2608,-8,-13,-11
17,348,1673707,513,-16231,-2632,-6,-12,-13
17,349,1673712,578,-16238,-2614,-8,-4,-14
17,350,1673717,557,-16284,-2587,-8,13,-14
17,351,1673722,504,-16290,-2616,-8,15,-12
17,352,1673727,548,-16266,-2594,-12,14,-15
17,353,1673732,579,-16229,-2581,-10,19,-17
17,354,1673737,598,-16268,-2532,-10,26,-16
17,355,1673742,553,-16229,-2510,-8,29,-14
17,356,1673747,599,-16171,-2500,-6,23,-16
17,357,1673752,652,-16142,-2453,-8,19,-17
17,358,1673757,625,-16156,-2504,-10,12,-15
17,359,1673762,634,-16157,-2503,-9,3,-12
17,360,1673767,583,-16186,-2454,-9,-3,-15
17,361,1673772,622,-16200,-2447,-11,-11,-15
17,362,1673777,636,-16165,-2539,-12,-13,-15
17,363,1673782,670,-16161,-2556,-12,-9,-13
17,364,1673787,697,-16161,-2592,-13,-6,-16
17,365,1673792,679,-16187,-2586,-12,-8,-14
17,366,1673797,681,-16172,-2588,-15,-6,-14
17,367,1673802,687,-16144,-2600,-14,2,-14
17,368,1673807,636,-16077,-2532,-16,12,-16
17,369,1673812,656,-16031,-2425,-19,17,-16
17,370,1673817,600,-16049,-2409,-19,13,-14
17,371,1673822,547,-16116,-2421,-16,1,-9
17,372,1673827,570,-16172,-2422,-18,-6,-13
17,373,1673832,561,-16194,-2453,-18,-14,-13
17,374,1673837,696,-16104,-2454,-21,-20,-12
17,375,1673842,651,-16095,-2536,-18,-19,-11
17,376,1673847,556,-16068,-2618,-16,-20,-11
17,377,1673852,468,-16033,-2618,-21,-22,-11
17,378,1673857,501,-15992,-2566,-24,-23,-11
17,379,1673862,571,-15952,-2494,-24,-27,-8
17,380,1673867,608,-15931,-2273,-29,-33,-8
17,381,1673872,556,-15896,-2339,-30,-52,-6
17,382,1673877,403,-15946,-2442,-28,-77,-3
17,383,1673882,221,-16016,-2490,-32,-102,4
17,384,1673887,273,-16094,-2501,-39,-121,6
17,385,1673892,353,-16055,-2362,-45,-129,12
17,386,1673897,541,-15972,-2186,-52,-128,14
17,387,1673902,607,-15898,-2047,-53,-130,20
17,388,1673907,367,-15929,-1733,-58,-146,19
17,389,1673912,127,-16015,-2007,-63,-198,26
17,390,1673917,-144,-16076,-1800,-63,-255,37
17,391,1673922,118,-15951,-2196,-69,-313,44
17,392,1673927,341,-16002,-2080,-73,-335,53
17,393,1673932,272,-16159,-2513,-77,-347,57
17,394,1673937,-92,-16293,-2452,-84,-351,62
17,395,1673942,-128,-16366,-2992,-88,-377,72
17,396,1673947,-142,-16373,-3262,-100,-360,80
17,397,1673952,35,-16561,-3269,-112,-322,86
17,398,1673957,51,-16608,-3218,-122,-274,94
17,399,1673962,92,-16550,-3071,-130,-236,101
17,400,1673967,134,-16447,-3222,-131,-215,114
17,401,1673972,78,-16406,-3293,-141,-185,123
17,402,1673977,54,-16467,-3150,-153,-163,132
17,403,1673982,-41,-16559,-2827,-163,-171,150
17,404,1673987,-65,-16615,-2667,-176,-189,161
17,405,1673992,95,-16586,-2790,-183,-202,176
17,406,1673997,269,-16508,-2858,-192,-193,189
17,407,1674002,116,-16386,-2866,-201,-193,204
17,408,1674007,-117,-16364,-2927,-208,-215,218
17,409,1674012,-240,-16365,-3128,-219,-249,234
17,410,1674017,-48,-16250,-3337,-233,-269,251
17,411,1674022,-51,-16185,-3253,-241,-268,266
17,412,1674027,-217,-16085,-3222,-248,-260,279
17,413,1674032,-443,-16136,-3574,-256,-257,294
17,414,1674037,-562,-16101,-3942,-264,-246,308
17,415,1674042,-614,-16021,-4092,-278,-218,321
17,416,1674047,-652,-16020,-4078,-293,-182,333
17,417,1674052,-639,-15968,-3819,-304,-143,344
17,418,1674057,-678,-15840,-3596,-318,-113,355
17,419,1674062,-783,-15807,-3661,-325,-103,368
17,420,1674067,-937,-15781,-3584,-333,-106,379
17,421,1674072,-1047,-15764,-3478,-349,-129,393
17,422,1674077,-918,-15719,-3339,-357,-162,407
17,423,1674082,-828,-15741,-3279,-363,-194,419
17,424,1674087,-896,-15709,-3444,-372,-217,429
17,425,1674092,-1011,-15703,-3706,-378,-243,440
17,426,1674097,-1048,-15721,-4141,-383,-257,455
17,427,1674102,-1030,-15774,-4383,-392,-252,465
17,428,1674107,-964,-15755,-4317,-410,-234,476
17,429,1674112,-996,-15718,-4220,-421,-209,484
17,430,1674117,-1040,-15723,-4276,-426,-181,493
17,431,1674122,-1148,-15745,-4406,-431,-158,500
17,432,1674127,-1297,-15725,-4449,-438,-142,508
17,433,1674132,-1393,-15698,-4364,-450,-136,516
17,434,1674137,-1480,-15845,-4338,-461,-137,525
17,435,1674142,-1567,-15943,-4347,-471,-139,532
17,436,1674147,-1500,-15930,-4351,-477,-130,537
17,437,1674152,-1440,-15886,-4465,-479,-117,544
17,438,1674157,-1505,-15879,-4509,-483,-101,548
17,439,1674162,-1502,-15893,-4506,-492,-91,551
17,440,1674167,-1499,-15917,-4417,-494,-93,561
17,441,1674172,-1504,-15906,-4132,-505,-101,564
17,442,1674177,-1620,-15990,-4056,-507,-121,572
17,443,1674182,-1699,-16012,-4128,-508,-145,575
17,444,1674187,-1720,-16016,-4372,-510,-178,582
17,445,1674192,-1663,-15996,-4306,-516,-199,589
17,446,1674197,-1592,-16023,-4275,-516,-221,595
17,447,1674202,-1622,-16152,-4178,-517,-245,599
17,448,1674207,-1806,-16338,-4730,-519,-271,605
17,449,1674212,-1787,-16238,-4760,-522,-248,610
17,450,1674217,-1760,-16192,-4860,-525,-223,609
17,451,1674222,-1694,-16218,-4802,-523,-203,610
17,452,1674227,-1773,-16262,-4745,-524,-190,612
17,453,1674232,-1858,-16321,-4676,-528,-182,612
17,454,1674237,-1912,-16230,-4682,-528,-181,611
17,455,1674242,-1998,-16237,-4687,-521,-174,614
17,456,1674247,-1992,-16224,-4803,-521,-164,613
17,457,1674252,-1882,-16061,-4822,-521,-161,613
17,458,1674257,-1864,-15947,-4800,-516,-156,611
17,459,1674262,-1959,-15940,-4844,-514,-149,609
17,460,1674267,-2196,-15999,-4762,-508,-146,608
17,461,1674272,-2397,-16061,-5030,-499,-161,608
17,462,1674277,-2317,-15949,-5075,-500,-160,607
17,463,1674282,-2126,-15856,-5206,-498,-141,601
17,464,1674287,-2062,-15884,-5124,-493,-97,595
17,465,1674292,-2223,-15950,-5015,-488,-61,588
17,466,1674297,-2330,-15975,-4860,-485,-45,580
17,467,1674302,-2367,-16001,-4810,-479,-43,574
17,468,1674307,-2298,-15935,-4686,-476,-38,568
17,469,1674312,-2232,-15843,-4715,-472,-33,563
17,470,1674317,-2239,-15800,-4686,-464,-27,557
17,471,1674322,-2331,-15750,-4766,-458,-30,545
17,472,1674327,-2285,-15638,-4789,-446,-36,542
17,473,1674332,-2255,-15520,-4782,-442,-45,536
17,474,1674337,-2104,-15395,-4813,-435,-53,526
17,475,1674342,-2095,-15243,-4757,-426,-56,519
17,476,1674347,-2153,-15135,-4685,-416,-67,507
17,477,1674352,-2276,-15044,-4734,-402,-99,500
17,478,1674357,-2492,-15130,-4838,-390,-139,496
17,479,1674362,-2631,-15225,-5080,-379,-174,486
17,480,1674367,-2554,-15301,-5249,-374,-186,480
17,481,1674372,-2355,-15363,-5314,-367,-156,466
17,482,1674377,-2240,-15388,-5286,-358,-98,454
17,483,1674382,-2254,-15454,-5354,-352,-46,439
17,484,1674387,-2402,-15399,-5331,-346,0,422
17,485,1674392,-2393,-15312,-5248,-339,36,408
17,486,1674397,-2343,-15223,-5026,-332,73,396
17,487,1674402,-2212,-15192,-4741,-322,96,383
17,488,1674407,-2302,-15191,-4565,-310,99,366
17,489,1674412,-2254,-15191,-4627,-296,69,352
17,490,1674417,-2257,-15127,-4673,-284,26,341
17,491,1674422,-2041,-15021,-4715,-271,-10,333
17,492,1674427,-2049,-14941,-4623,-261,-30,321
17,493,1674432,-2092,-14885,-4651,-245,-56,309
17,494,1674437,-2221,-14803,-4796,-233,-94,295
17,495,1674442,-2365,-14799,-4955,-214,-131,279
17,496,1674447,-2487,-14928,-5197,-198,-163,266
17,497,1674452,-2548,-15015,-5280,-187,-174,248
17,498,1674457,-2535,-15084,-5356,-171,-170,234
17,499,1674462,-2612,-15179,-5549,-160,-149,214
17,500,1674467,-2594,-15320,-5738,-150,-111,194
17,501,1674472,-2437,-15332,-5803,-138,-60,178
17,502,1674477,-2303,-15324,-5718,-131,1,155
17,503,1674482,-2327,-15323,-5425,-117,56,132
17,504,1674487,-2528,-15280,-5251,-106,92,109
17,505,1674492,-2669,-15251,-5224,-90,108,89
17,506,1674497,-2721,-15305,-5326,-76,119,70
17,507,1674502,-2532,-15263,-5334,-67,129,49
17,508,1674507,-2259,-15149,-5195,-51,144,32
17,509,1674512,-2113,-15072,-5003,-36,151,12
17,510,1674517,-2136,-14994,-4997,-19,151,-12
17,511,1674522,-2299,-14975,-4977,-1,137,-31
17,512,1674527,-2365,-15000,-5086,16,109,-47
17,513,1674532,-2280,-14940,-5143,29,83,-67
17,514,1674537,-2301,-14951,-5149,42,64,-87
17,515,1674542,-2369,-15064,-5274,59,51,-105
17,516,1674547,-2217,-15177,-5365,73,51,-125
17,517,1674552,-1956,-15168,-5385,84,69,-145
17,518,1674557,-1801,-15143,-5232,98,102,-166
17,519,1674562,-2011,-15189,-5131,111,126,-190
17,520,1674567,-2227,-15275,-5171,124,130,-211
17,521,1674572,-2208,-15293,-5202,147,111,-249
17,522,1674577,-1978,-15362,-5165,159,116,-267
17,523,1674582,-1820,-15385,-5094,169,134,-290
17,524,1674587,-1858,-15306,-5063,182,156,-312
17,525,1674592,-1827,-15296,-5302,199,166,-333
17,526,1674597,-1740,-15203,-5308,213,176,-350
17,527,1674602,-1727,-15131,-5087,219,173,-369
17,528,1674607,-1835,-15200,-4877,232,158,-389
17,529,1674612,-1866,-15248,-4950,243,142,-406
17,530,1674617,-1722,-15278,-5173,257,139,-423
17,531,1674622,-1537,-15326,-5225,273,154,-441
17,532,1674627,-1511,-15295,-5056,282,168,-463
17,533,1674632,-1639,-15251,-4821,293,158,-482
17,534,1674637,-1761,-15302,-4960,305,130,-499
17,535,1674642,-1698,-15436,-5195,316,113,-517
17,536,1674647,-1479,-15481,-5183,327,122,-532
17,537,1674652,-1327,-15542,-5073,335,142,-549
17,538,1674657,-1322,-15612,-4873,346,152,-571
17,539,1674662,-1417,-15545,-4843,353,152,-589
17,540,1674667,-1489,-15487,-4862,360,148,-608
17,541,1674672,-1475,-15433,-4863,369,144,-624
17,542,1674677,-1288,-15329,-4778,379,144,-637
17,543,1674682,-1109,-15266,-4627,388,142,-652
17,544,1674687,-981,-15308,-4584,400,120,-669
17,545,1674692,-1077,-15293,-4590,406,93,-684
17,546,1674697,-1040,-15159,-4725,414,63,-701
17,547,1674702,-893,-14963,-4995,424,55,-713
17,548,1674707,-670,-14930,-5086,435,74,-724
17,549,1674712,-571,-14878,-4928,438,90,-740
17,550,1674717,-598,-14812,-4682,449,82,-752
17,551,1674722,-825,-14759,-4543,459,55,-764
17,552,1674727,-1056,-14884,-4750,471,15,-775
17,553,1674732,-1131,-14961,-4985,483,-5,-783
17,554,1674737,-892,-15125,-5051,484,-3,-793
17,555,1674742,-374,-15362,-4815,479,13,-803
17,556,1674747,-52,-15366,-4357,485,41,-815
17,557,1674752,-268,-15457,-3990,497,59,-831
17,558,1674757,-707,-15528,-4162,506,40,-842
17,559,1674762,-876,-15580,-4461,510,4,-849
17,560,1674767,-717,-15640,-4638,509,-19,-858
17,561,1674772,-421,-15733,-4342,508,-9,-867
17,562,1674777,-269,-15748,-4146,510,-2,-878
17,563,1674782,-378,-15800,-4391,525,-3,-888
17,564,1674787,-466,-15914,-4706,538,-2,-896
17,565,1674792,-542,-16014,-4986,545,-10,-903
17,566,1674797,-720,-16165,-4892,544,-5,-911
17,567,1674802,-832,-16405,-4566,538,5,-923
17,568,1674807,-599,-16599,-4379,542,11,-931
17,569,1674812,-499,-16838,-4399,552,32,-942
17,570,1674817,-636,-17074,-4490,561,56,-951
17,571,1674822,-777,-17271,-4407,560,70,-960
17,572,1674827,-655,-17372,-4504,547,67,-971
17,573,1674832,-306,-17425,-4218,556,77,-973
17,574,1674837,-239,-17560,-3780,555,103,-982
17,575,1674842,-362,-17605,-3677,555,104,-998
17,576,1674847,-517,-17603,-3851,556,104,-1008
17,577,1674852,-325,-17349,-4067,553,96,-1011
17,578,1674857,-84,-17147,-3935,551,109,-1017
17,579,1674862,0,-16995,-3758,544,114,-1023
17,580,1674867,147,-16761,-3522,540,103,-1026
17,581,1674872,325,-16482,-3451,547,88,-1031
17,582,1674877,450,-16254,-3475,544,82,-1033
17,583,1674882,389,-16178,-3548,539,69,-1034
17,584,1674887,243,-16070,-3560,540,40,-1034
17,585,1674892,219,-15938,-3494,535,7,-1038
17,586,1674897,516,-15787,-3583,522,-22,-1039
17,587,1674902,647,-15670,-3608,519,-21,-1039
17,588,1674907,555,-15747,-3808,517,4,-1043
17,589,1674912,484,-15780,-3895,512,32,-1042
17,590,1674917,643,-15753,-3657,500,56,-1038
17,591,1674922,929,-15750,-3556,491,79,-1036
17,592,1674927,968,-15937,-3117,485,107,-1034
17,593,1674932,846,-16189,-2814,484,108,-1032
17,594,1674937,823,-16322,-2767,477,93,-1027
17,595,1674942,1370,-16381,-2697,466,67,-1014
17,596,1674947,1364,-16477,-2358,453,45,-1005
17,597,1674952,861,-15667,-2313,450,4,-998
17,598,1674957,-6271,-14625,-15916,487,60,-972
17,599,1674962,-2477,-18953,-32768,845,2764,-1381
17,600,1674967,-30618,-12762,-10471,-373,7190,-962
17,601,1674990,18747,-23706,29930,101,2100,124
17,602,1674991,18747,-23706,29930,101,2100,124
17,603,1674992,-9402,-13450,9936,508,-4273,155
17,604,1674993,-9402,-13450,9936,508,-4273,155
17,605,1674994,-9402,-13450,9936,508,-4273,155
17,606,1674997,-17934,-13511,2474,370,-8212,469
17,607,1675002,-13487,-14927,-3503,156,-8636,851
17,608,1675007,22426,-17131,-32768,-126,-8348,685
17,609,1675012,15219,-15224,-19465,-157,-3559,439
17,610,1675017,-4240,-15514,5554,-303,-1575,261
17,611,1675022,-10787,-14684,-15239,68,-2788,387
17,612,1675027,545,-16339,-27018,211,-2263,484
17,613,1675032,8314,-15996,-27938,57,-207,395
17,614,1675037,6310,-16200,-16634,-156,1971,241
17,615,1675042,-3963,-15087,3451,-288,3089,152
17,616,1675047,-4894,-15030,9180,-242,2472,177
17,617,1675052,-1222,-15703,3943,-81,1380,258
17,618,1675057,2728,-16056,199,-34,624,270
17,619,1675062,1189,-16011,2006,-49,147,287
17,620,1675067,-618,-15813,5854,-116,-323,287
17,621,1675072,-1180,-16128,4714,-62,-881,324
17,622,1675077,1506,-16767,-2298,-14,-1366,356
17,623,1675082,3531,-16926,-9159,-4,-1383,351
17,624,1675087,2860,-17019,-9745,-50,-984,320
17,625,1675092,327,-16938,-7270,-106,-554,291
17,626,1675097,-336,-17148,-5871,-131,-251,283
17,627,1675102,1116,-17247,-6678,-128,70,277
17,628,1675107,2450,-17239,-7703,-122,480,260
17,629,1675112,1696,-17093,-4274,-129,824,232
17,630,1675117,95,-16844,-1358,-138,777,221
17,631,1675122,-233,-16825,-180,-130,501,232
17,632,1675127,864,-16881,-1263,-106,229,251
17,633,1675132,1879,-17122,-2098,-83,142,257
17,634,1675137,1578,-17234,-1385,-72,125,249
17,635,1675142,938,-17196,-1800,-69,-20,243
17,636,1675147,717,-17016,-3193,-69,-182,243
17,637,1675152,1251,-16975,-4399,-70,-219,247
17,638,1675157,1624,-17009,-4294,-77,-96,241
17,639,1675162,1503,-17163,-3543,-76,61,233
17,640,1675167,1105,-17271,-2916,-72,142,220
17,641,1675172,997,-17223,-3503,-67,128,212
17,642,1675177,1194,-17069,-3706,-70,134,210
17,643,1675182,1407,-16991,-2923,-75,168,209
17,644,1675187,1342,-16980,-2052,-74,183,203
17,645,1675192,1263,-16991,-1638,-67,153,195
17,646,1675197,1229,-16911,-2307,-56,83,197
17,647,1675202,1281,-16759,-2733,-49,37,194
17,648,1675207,1387,-16596,-2992,-50,3,189
17,649,1675212,1406,-16502,-2708,-57,-4,187
17,650,1675217,1365,-16494,-2563,-55,-14,184
17,651,1675222,1347,-16458,-2804,-48,-16,176
17,652,1675227,1320,-16359,-3039,-38,4,172
17,653,1675232,1301,-16324,-3430,-37,26,169
17,654,1675237,1305,-16222,-3295,-44,53,161
17,655,1675242,1329,-16093,-2975,-48,62,156
17,656,1675247,1322,-15979,-2751,-49,69,152
17,657,1675252,1356,-15895,-2670,-46,73,148
17,658,1675257,1381,-15862,-2786,-36,70,144
17,659,1675262,1297,-15832,-2914,-28,58,142
17,660,1675267,1157,-15852,-2770,-26,39,140
17,661,1675272,1124,-15839,-2668,-27,7,136
17,662,1675277,1249,-15753,-2531,-27,-12,133
17,663,1675282,1343,-15694,-2618,-19,-15,132
17,664,1675287,1154,-15715,-2646,-13,-15,127
17,665,1675292,819,-15865,-2783,-9,-30,122
17,666,1675297,670,-15875,-2959,-8,-61,118
17,667,1675302,723,-15776,-3065,-9,-72,116
17,668,1675307,860,-15733,-3116,-11,-53,113
17,669,1675312,841,-15882,-3285,3,22,100
17,670,1675317,675,-15962,-3379,1,38,97
17,671,1675322,721,-15965,-3430,0,54,91
17,672,1675327,941,-15878,-3244,1,84,89
17,673,1675332,1086,-15868,-2931,0,122,90
17,674,1675337,1004,-16035,-2804,1,152,85
17,675,1675342,802,-16162,-2853,7,154,80
17,676,1675347,770,-16095,-2843,7,142,79
17,677,1675352,1077,-16019,-2942,11,129,83
17,678,1675357,1368,-16036,-2757,11,132,83
17,679,1675362,1433,-15954,-2640,10,132,81
17,680,1675367,1099,-15958,-2271,17,133,78
17,681,1675372,833,-15848,-2425,21,76,81
17,682,1675377,751,-15794,-2954,22,35,86
17,683,1675382,898,-15825,-3024,21,22,88
17,684,1675387,804,-15855,-2611,26,18,92
17,685,1675392,837,-15851,-2568,29,-11,88
17,686,1675397,810,-15866,-3016,36,-42,87
17,687,1675402,868,-15823,-3495,42,-40,89
17,688,1675407,764,-15717,-3595,43,-14,90
17,689,1675412,728,-15714,-3402,41,14,87
17,690,1675417,655,-15794,-3219,39,30,88
17,691,1675422,587,-15874,-3112,38,37,86
17,692,1675427,467,-15870,-3213,39,49,81
17,693,1675432,460,-15780,-3309,44,71,78
17,694,1675437,526,-15705,-3428,48,96,78
17,695,1675442,548,-15720,-3394,48,116,76
17,696,1675447,609,-15765,-3220,50,123,75
17,697,1675452,669,-15878,-3019,50,123,74
17,698,1675457,690,-15881,-2903,52,121,70
17,699,1675462,577,-16026,-2825,55,116,71
17,700,1675467,471,-16143,-2904,53,110,70
17,701,1675472,506,-16072,-2961,51,99,66
17,702,1675477,585,-15944,-3017,52,86,67
17,703,1675482,784,-15814,-3047,52,82,69
17,704,1675487,831,-15759,-3123,57,92,68
17,705,1675492,721,-15797,-3105,59,94,67
17,706,1675497,541,-15822,-3098,63,85,65
17,707,1675502,503,-15813,-3075,63,72,66
17,708,1675507,615,-15789,-3011,62,64,67
17,709,1675512,640,-15762,-2965,62,60,63
17,710,1675517,544,-15863,-2922,67,49,62
17,711,1675522,485,-15931,-3039,72,31,63
17,712,1675527,508,-15927,-3203,73,12,62
17,713,1675532,588,-15973,-3235,71,6,60
17,714,1675537,637,-15976,-3272,66,18,58
17,715,1675542,672,-15906,-3211,66,37,57
17,716,1675547,721,-15843,-3244,68,56,54
17,717,1675552,664,-15880,-3278,70,73,54
17,718,1675557,645,-15975,-3256,71,78,51
17,719,1675562,551,-15919,-3043,67,77,50
17,720,1675567,547,-15862,-2883,65,66,49
17,721,1675572,617,-15834,-2815,70,50,49
17,722,1675577,629,-15885,-2939,71,38,47
17,723,1675582,579,-15971,-2964,72,17,46
17,724,1675587,541,-15974,-3030,74,-9,46
17,725,1675592,553,-15998,-3107,77,-31,44
17,726,1675597,624,-16045,-3225,75,-33,44
17,727,1675602,734,-16053,-3298,78,-16,42
17,728,1675607,696,-16022,-3353,77,13,39
17,729,1675612,612,-16041,-3427,77,32,36
17,730,1675617,584,-16102,-3368,76,42,36
17,731,1675622,541,-16166,-3200,76,46,38
17,732,1675627,486,-16252,-2963,74,51,34
17,733,1675632,511,-16226,-2936,78,60,32
17,734,1675637,604,-16181,-3022,82,68,29
17,735,1675642,605,-16161,-3042,82,71,28
17,736,1675647,524,-16206,-3026,82,64,27
17,737,1675652,477,-16295,-2887,77,46,27
17,738,1675657,598,-16278,-2792,81,26,26
17,739,1675662,724,-16211,-2825,81,27,25
17,740,1675667,763,-16166,-2837,80,35,23
17,741,1675672,578,-16193,-2899,80,29,21
17,742,1675677,319,-16449,-3003,75,-1,23
17,743,1675682,465,-16445,-2912,73,-2,19
17,744,1675687,607,-16442,-2964,73,21,16
17,745,1675692,669,-16383,-3055,76,54,15
17,746,1675697,626,-16349,-3101,74,82,10
17,747,1675702,556,-16281,-3056,71,91,7
17,748,1675707,485,-16282,-2906,68,87,9
17,749,1675712,477,-16266,-2763,68,79,9
17,750,1675717,434,-16340,-2668,68,72,4
17,751,1675722,397,-16369,-2651,68,63,4
17,752,1675727,352,-16329,-2804,68,52,1
17,753,1675732,457,-16298,-3009,66,46,-1
17,754,1675737,558,-16247,-2966,63,46,-1
17,755,1675742,642,-16174,-2863,61,51,-1
17,756,1675747,603,-16084,-2759,60,50,-5
17,757,1675752,561,-16026,-2773,63,46,-5
17,758,1675757,555,-16003,-2812,63,37,-5
17,759,1675762,402,-16162,-2770,60,21,-6
17,760,1675767,316,-16309,-2650,59,-5,-5
17,761,1675772,370,-16461,-2583,55,-27,-5
17,762,1675777,514,-16445,-2626,55,-35,-7
17,763,1675782,658,-16424,-2791,57,-25,-10
17,764,1675787,564,-16374,-2933,57,-18,-13
17,765,1675792,444,-16315,-2958,56,-13,-11
17,766,1675797,410,-16270,-2877,53,-18,-13
17,767,1675802,431,-16261,-2797,51,-24,-15
17,768,1675807,467,-16252,-2699,49,-27,-16
17,769,1675812,426,-16260,-2741,46,-21,-19
17,770,1675817,332,-16341,-2948,46,-15,-20
17,771,1675822,320,-16442,-3101,45,-6,-24
17,772,1675827,414,-16506,-2958,40,8,-22
17,773,1675832,548,-16510,-2776,35,26,-26
17,774,1675837,573,-16489,-2627,36,42,-30
17,775,1675842,497,-16431,-2672,35,48,-33
17,776,1675847,434,-16300,-2774,37,43,-32
17,777,1675852,455,-16193,-2850,34,34,-31
17,778,1675857,555,-16076,-2737,30,19,-30
17,779,1675862,624,-16066,-2565,27,5,-30
17,780,1675867,581,-16077,-2588,28,-15,-30
17,781,1675872,523,-16078,-2788,30,-29,-33
17,782,1675877,441,-16140,-2973,29,-33,-33
17,783,1675882,423,-16172,-3025,26,-30,-32
17,784,1675887,515,-16201,-2928,25,-20,-30
17,785,1675892,571,-16218,-2716,23,-13,-32
17,786,1675897,609,-16154,-2697,27,-11,-30
17,787,1675902,494,-16096,-2729,29,-17,-34
17,788,1675907,367,-16104,-2782,30,-27,-34
17,789,1675912,214,-16217,-2801,27,-45,-32
17,790,1675917,190,-16377,-2800,24,-59,-32
17,791,1675922,218,-16489,-2809,23,-59,-35
17,792,1675927,380,-16498,-2846,20,-40,-38
17,793,1675932,507,-16462,-2882,20,-6,-43
17,794,1675937,473,-16377,-3014,21,25,-46
17,795,1675942,459,-16271,-2930,19,41,-42
17,796,1675947,444,-16203,-2839,14,44,-42
17,797,1675952,467,-16147,-2630,13,41,-43
17,798,1675957,523,-16157,-2445,14,29,-43
17,799,1675962,523,-16104,-2397,14,12,-41
17,800,1675967,603,-16042,-2481,16,-7,-39
17,801,1675972,604,-15993,-2532,17,-32,-37
17,802,1675977,593,-15958,-2611,16,-60,-36
17,803,1675982,594,-15914,-2709,15,-80,-35
17,804,1675987,598,-15926,-2800,15,-90,-32
17,805,1675992,614,-15914,-2880,14,-88,-33
17,806,1675997,556,-15867,-2903,15,-78,-31
17,807,1676002,481,-15901,-2937,16,-66,-31
17,808,1676007,379,-15893,-2887,16,-56,-31
17,809,1676012,271,-15912,-2925,14,-42,-32
17,810,1676017,296,-15911,-2937,15,-27,-35
17,811,1676022,320,-15939,-2837,14,-13,-36
17,812,1676027,278,-15972,-2815,15,-2,-36
17,813,1676032,308,-15984,-2802,14,2,-34
17,814,1676037,406,-15981,-2728,12,7,-31
17,815,1676042,446,-16047,-2605,14,13,-33
17,816,1676047,262,-16185,-2459,13,-9,-32
17,817,1676052,291,-16178,-2471,15,-26,-34
17,818,1676057,394,-16123,-2516,15,-39,-30
17,819,1676062,448,-16177,-2555,19,-48,-29
17,820,1676067,379,-16281,-2609,20,-52,-28
17,821,1676072,353,-16368,-2670,17,-57,-31
17,822,1676077,359,-16398,-2732,19,-57,-27
17,823,1676082,439,-16376,-2774,18,-41,-28
17,824,1676087,478,-16387,-2707,15,-20,-27
17,825,1676092,406,-16466,-2632,14,-5,-29
17,826,1676097,349,-16528,-2538,15,1,-29
17,827,1676102,301,-16581,-2506,14,-2,-26
17,828,1676107,293,-16581,-2559,16,-4,-24
17,829,1676112,416,-16524,-2519,12,5,-26
17,830,1676117,493,-16467,-2464,13,13,-24
17,831,1676122,537,-16464,-2441,15,13,-25
17,832,1676127,498,-16415,-2519,18,5,-21
17,833,1676132,437,-16442,-2561,19,-11,-20
17,834,1676137,373,-16448,-2587,19,-27,-18
17,835,1676142,371,-16372,-2612,16,-31,-19
17,836,1676147,327,-16371,-2659,16,-28,-21
17,837,1676152,414,-16377,-2733,19,-13,-14
17,838,1676157,450,-16362,-2780,22,4,-14
17,839,1676162,424,-16382,-2731,20,11,-15
17,840,1676167,359,-16449,-2617,16,12,-17
17,841,1676172,343,-16475,-2513,17,13,-16
17,842,1676177,349,-16463,-2420,16,12,-15
17,843,1676182,376,-16421,-2370,17,15,-14
17,844,1676187,420,-16408,-2411,20,11,-14
17,845,1676192,451,-16399,-2348,20,-8,-12
17,846,1676197,450,-16392,-2289,16,-36,-11
17,847,1676202,414,-16420,-2371,18,-62,-10
17,848,1676207,306,-16394,-2520,21,-80,-9
17,849,1676212,318,-16398,-2745,16,-79,-7
17,850,1676217,413,-16307,-2833,18,-62,-8
17,851,1676222,525,-16194,-2864,19,-38,-7
17,852,1676227,561,-16160,-2793,18,-15,-10
17,853,1676232,449,-16170,-2744,16,-4,-14
17,854,1676237,363,-16196,-2724,18,-1,-12
17,855,1676242,348,-16195,-2711,16,1,-14
17,856,1676247,438,-16129,-2637,18,3,-9
17,857,1676252,542,-16060,-2539,20,6,-9
17,858,1676257,555,-16065,-2476,19,4,-10
17,859,1676262,490,-16094,-2410,19,-11,-10
17,860,1676267,431,-16103,-2516,21,-36,-6
17,861,1676272,410,-16161,-2609,20,-52,-5
17,862,1676277,465,-16117,-2718,20,-56,-8
17,863,1676282,632,-16104,-2746,21,-43,-8
17,864,1676287,668,-16025,-2666,17,-25,-6
17,865,1676292,651,-16023,-2625,16,-18,-6
17,866,1676297,577,-16045,-2582,17,-21,-3
17,867,1676302,477,-16035,-2602,18,-27,-3
17,868,1676307,405,-16014,-2565,17,-32,-5
17,869,1676312,402,-15964,-2668,13,-31,-3
17,870,1676317,451,-15921,-2708,18,-28,-3
17,871,1676322,527,-15892,-2789,19,-19,-1
17,872,1676327,610,-15926,-2817,19,-8,-2
17,873,1676332,474,-15956,-2807,19,-4,-3
17,874,1676337,359,-15976,-2695,18,-6,-8
17,875,1676342,328,-15998,-2732,18,-5,-9
17,876,1676347,445,-16049,-2806,17,4,-9
17,877,1676352,458,-16062,-2810,19,18,-7
17,878,1676357,365,-16115,-2802,19,26,-6
17,879,1676362,386,-16172,-2764,22,27,-9
17,880,1676367,456,-16186,-2810,19,25,-11
17,881,1676372,483,-16217,-2814,20,29,-8
17,882,1676377,512,-16227,-2738,21,37,-12
17,883,1676382,433,-16252,-2730,21,42,-12
17,884,1676387,350,-16357,-2732,22,38,-12
17,885,1676392,362,-16424,-2809,23,28,-12
17,886,1676397,415,-16474,-2753,24,23,-11
17,887,1676402,476,-16465,-2663,24,21,-13
17,888,1676407,425,-16509,-2647,26,19,-15
17,889,1676412,341,-16519,-2785,25,11,-16
17,890,1676417,331,-16536,-2914,28,14,-13
17,891,1676422,385,-16512,-2807,26,29,-14
17,892,1676427,416,-16497,-2724,28,41,-19
17,893,1676432,336,-16567,-2666,29,47,-19
17,894,1676437,293,-16600,-2718,31,49,-21
17,895,1676442,312,-16569,-2799,31,48,-23
17,896,1676447,435,-16447,-2801,31,48,-23
17,897,1676452,563,-16333,-2722,31,52,-24
17,898,1676457,621,-16248,-2685,34,53,-26
17,899,1676462,597,-16228,-2652,35,47,-22
17,900,1676467,545,-16277,-2620,36,31,-23
17,901,1676472,539,-16329,-2551,37,14,-21
17,902,1676477,526,-16345,-2420,36,0,-20
17,903,1676482,596,-16368,-2326,37,-9,-19
17,904,1676487,614,-16353,-2394,38,-17,-19
17,905,1676492,614,-16354,-2491,42,-27,-16
17,906,1676497,589,-16466,-2539,43,-38,-14
17,907,1676502,500,-16551,-2503,43,-46,-17
17,908,1676507,442,-16595,-2464,43,-53,-16
17,909,1676512,459,-16586,-2562,43,-47,-15
17,910,1676517,553,-16587,-2607,43,-32,-15
17,911,1676522,599,-16568,-2569,44,-10,-18
17,912,1676527,570,-16571,-2587,45,4,-20
17,913,1676532,490,-16572,-2557,47,1,-18
17,914,1676537,450,-16494,-2511,43,-9,-17
17,915,1676542,532,-16429,-2528,43,-11,-19
17,916,1676547,581,-16436,-2505,44,-9,-18
17,917,1676552,587,-16420,-2466,47,-12,-15
17,918,1676557,542,-16455,-2439,48,-19,-15
17,919,1676562,469,-16491,-2490,50,-35,-16
17,920,1676567,418,-16520,-2530,49,-45,-14
17,921,1676572,439,-16558,-2556,48,-49,-12
17,922,1676577,560,-16537,-2489,47,-42,-13
17,923,1676582,668,-16495,-2444,45,-32,-15
17,924,1676587,607,-16435,-2447,47,-23,-15
17,925,1676592,547,-16462,-2541,49,-19,-15
17,926,1676597,501,-16463,-2580,53,-16,-12
17,927,1676602,486,-16389,-2500,50,-14,-13
17,928,1676607,560,-16433,-2413,48,-13,-12
17,929,1676612,626,-16456,-2432,50,-6,-11
17,930,1676617,619,-16446,-2448,50,1,-10
17,931,1676622,692,-16400,-2485,48,5,-10
17,932,1676627,730,-16367,-2450,46,9,-10
17,933,1676632,693,-16334,-2277,46,10,-8
17,934,1676637,647,-16353,-2171,46,7,-10
17,935,1676642,593,-16310,-2177,49,-1,-9
17,936,1676647,616,-16245,-2236,48,-8,-6
17,937,1676652,633,-16174,-2207,45,-14,-6
17,938,1676657,612,-16135,-2203,46,-23,-4
17,939,1676662,631,-16168,-2146,46,-33,-3
17,940,1676667,586,-16228,-2112,45,-45,-1
17,941,1676672,538,-16213,-2159,44,-52,-1
17,942,1676677,532,-16220,-2266,42,-49,-2
17,943,1676682,662,-16208,-2332,37,-34,-2
17,944,1676687,710,-16099,-2250,36,-23,-4
17,945,1676692,697,-16094,-2184,37,-18,-3
17,946,1676697,699,-16065,-2178,35,-23,0
17,947,1676702,654,-16039,-2168,34,-30,0
17,948,1676707,632,-16109,-2139,36,-31,2
17,949,1676712,601,-16174,-2079,35,-33,2
17,950,1676717,551,-16137,-2015,31,-38,0
17,951,1676722,536,-16170,-2029,28,-39,-1
17,952,1676727,494,-16228,-2136,27,-38,0
17,953,1676732,529,-16193,-2136,26,-33,-1
17,954,1676737,667,-16070,-2087,21,-21,-2
17,955,1676742,767,-15956,-2056,20,-15,0
17,956,1676747,755,-15924,-1988,18,-15,0
17,957,1676752,670,-15921,-1898,18,-20,-1
17,958,1676757,628,-15934,-1929,18,-40,-1
17,959,1676762,556,-15910,-1983,16,-61,3
17,960,1676767,565,-15926,-2059,14,-84,4
17,961,1676772,617,-15944,-2149,14,-100,5
17,962,1676777,688,-15938,-2247,13,-110,4
17,963,1676782,649,-15984,-2420,16,-118,7
17,964,1676787,475,-16138,-2658,17,-121,5
17,965,1676792,400,-16185,-2726,15,-112,3
17,966,1676797,398,-16184,-2702,14,-94,2
17,967,1676802,455,-16184,-2763,15,-70,2
17,968,1676807,444,-16174,-2797,16,-41,-3
17,969,1676812,339,-16178,-2811,18,-15,-4
17,970,1676817,378,-16176,-2722,14,7,-5
17,971,1676822,405,-16168,-2529,12,21,-7
17,972,1676827,477,-16136,-2422,13,30,-8
17,973,1676832,485,-16152,-2279,11,39,-10
17,974,1676837,480,-16179,-2286,11,34,-11
17,975,1676842,537,-16181,-2236,12,28,-11
17,976,1676847,574,-16160,-2179,10,23,-11
17,977,1676852,552,-16123,-2218,12,7,-9
17,978,1676857,514,-16088,-2164,13,-5,-11
17,979,1676862,517,-16054,-2226,17,-22,-9
17,980,1676867,443,-16117,-2351,17,-31,-10
17,981,1676872,419,-16097,-2424,14,-38,-12
17,982,1676877,380,-16130,-2472,14,-42,-12
17,983,1676882,397,-16041,-2509,18,-39,-11
17,984,1676887,400,-16015,-2604,19,-29,-13
17,985,1676892,442,-16024,-2724,20,-18,-13
17,986,1676897,399,-16027,-2692,20,-2,-15
17,987,1676902,385,-16034,-2695,16,9,-21
17,988,1676907,458,-16016,-2637,16,19,-20
17,989,1676912,472,-16020,-2593,17,36,-22
17,990,1676917,398,-16047,-2584,18,49,-23
17,991,1676922,360,-16062,-2506,22,56,-24
17,992,1676927,321,-16024,-2374,20,56,-26
17,993,1676932,279,-16046,-2391,20,47,-27
17,994,1676937,298,-16030,-2481,20,44,-28
17,995,1676942,351,-16016,-2500,23,55,-29
17,996,1676947,437,-16018,-2478,22,71,-29
17,997,1676952,388,-16037,-2430,24,84,-34
17,998,1676957,382,-16089,-2432,20,90,-36
17,999,1676962,424,-16114,-2400,17,97,-37
18,0,1687577,66,-16282,-1681,-24,-46,-82
18,1,1687582,69,-16262,-1684,-22,-43,-78
18,2,1687587,48,-16232,-1570,-23,-41,-78
18,3,1687592,-22,-16194,-1585,-17,-43,-75
18,4,1687597,-71,-16185,-1653,-15,-40,-74
18,5,1687602,10,-16176,-1676,-9,-39,-71
18,6,1687607,-14,-16177,-1473,-6,-41,-68
18,7,1687612,-33,-16197,-1388,-5,-50,-68
18,8,1687617,1,-16195,-1442,2,-63,-67
18,9,1687622,5,-16206,-1460,2,-68,-64
18,10,1687627,-39,-16193,-1403,5,-71,-65
18,11,1687632,-22,-16224,-1293,4,-83,-67
18,12,1687637,-15,-16277,-1359,7,-97,-61
18,13,1687642,-22,-16299,-1574,10,-103,-55
18,14,1687647,22,-16337,-1577,10,-104,-58
18,15,1687652,26,-16318,-1509,14,-104,-57
18,16,1687657,-17,-16408,-1467,14,-103,-55
18,17,1687662,-24,-16469,-1564,15,-100,-54
18,18,1687667,-6,-16516,-1648,14,-94,-51
18,19,1687672,-59,-16512,-1540,14,-80,-50
18,20,1687677,-100,-16503,-1483,17,-68,-49
18,21,1687682,-99,-16460,-1571,21,-62,-46
18,22,1687687,-38,-16479,-1609,20,-51,-45
18,23,1687692,-107,-16426,-1554,20,-32,-46
18,24,1687697,-134,-16346,-1511,21,-27,-44
18,25,1687702,-138,-16293,-1531,20,-25,-43
18,26,1687707,-156,-16298,-1463,19,-27,-42
18,27,1687712,-161,-16261,-1402,21,-29,-40
18,28,1687717,-231,-16247,-1393,25,-35,-38
18,29,1687722,-244,-16290,-1402,27,-46,-37
18,30,1687727,-193,-16281,-1378,29,-59,-34
18,31,1687732,-239,-16239,-1265,26,-71,-30
18,32,1687737,-299,-16217,-1294,29,-84,-30
18,33,1687742,-355,-16185,-1454,33,-94,-31
18,34,1687747,-366,-16234,-1502,34,-97,-31
18,35,1687752,-411,-16263,-1470,33,-97,-30
18,36,1687757,-493,-16282,-1357,28,-91,-28
18,37,1687762,-478,-16349,-1261,28,-86,-27
18,38,1687767,-434,-16420,-1332,30,-75,-30
18,39,1687772,-533,-16407,-1336,29,-56,-31
18,40,1687777,-624,-16389,-1370,27,-45,-32
18,41,1687782,-656,-16436,-1281,24,-32,-35
18,42,1687787,-612,-16522,-1277,20,-18,-36
18,43,1687792,-591,-16489,-1277,21,-4,-35
18,44,1687797,-638,-16495,-1406,21,11,-37
18,45,1687802,-650,-16437,-1401,16,26,-42
18,46,1687807,-620,-16426,-1376,16,35,-40
18,47,1687812,-508,-16438,-1345,16,36,-42
18,48,1687817,-465,-16457,-1327,15,39,-44
18,49,1687822,-419,-16435,-1481,19,34,-44
18,50,1687827,-379,-16415,-1554,21,32,-43
18,51,1687832,-358,-16352,-1495,20,24,-40
18,52,1687837,-287,-16340,-1426,20,10,-42
18,53,1687842,-291,-16325,-1510,20,1,-41
18,54,1687847,-299,-16273,-1662,23,-6,-38
18,55,1687852,-359,-16257,-1773,26,-3,-36
18,56,1687857,-289,-16246,-1902,24,13,-38
18,57,1687862,-257,-16238,-1965,22,44,-39
18,58,1687867,-260,-16211,-1908,21,80,-41
18,59,1687872,-231,-16242,-1843,22,107,-41
18,60,1687877,-147,-16248,-1766,24,125,-42
18,61,1687882,-34,-16260,-1716,22,134,-41
18,62,1687887,-15,-16297,-1655,28,137,-38
18,63,1687892,38,-16284,-1677,30,126,-36
18,64,1687897,123,-16231,-1693,28,103,-33
18,65,1687902,213,-16243,-1572,30,73,-27
18,66,1687907,177,-16275,-1558,35,33,-23
18,67,1687912,182,-16241,-1681,38,-8,-17
18,68,1687917,288,-16272,-1851,43,-43,-10
18,69,1687922,382,-16297,-1949,46,-67,-3
18,70,1687927,397,-16266,-1889,48,-85,0
18,71,1687932,290,-16225,-1931,50,-94,1
18,72,1687937,273,-16235,-2084,54,-99,5
18,73,1687942,207,-16269,-2177,56,-88,10
18,74,1687947,67,-16245,-2144,56,-70,13
18,75,1687952,8,-16249,-2139,58,-55,18
18,76,1687957,27,-16253,-2102,57,-36,18
18,77,1687962,47,-16254,-2028,57,-19,19
18,78,1687967,44,-16275,-1982,58,-1,20
18,79,1687972,-17,-16242,-1852,59,5,24
18,80,1687977,-22,-16282,-1785,63,-3,25
18,81,1687982,100,-16326,-1750,63,-16,29
18,82,1687987,51,-16310,-1680,65,-31,33
18,83,1687992,5,-16305,-1664,66,-47,33
18,84,1687997,-15,-16319,-1659,67,-68,37
18,85,1688002,-9,-16298,-1662,66,-87,43
18,86,1688007,23,-16339,-1702,65,-97,42
18,87,1688012,57,-16411,-1673,66,-98,45
18,88,1688017,5,-16402,-1645,68,-95,47
18,89,1688022,-122,-16407,-1539,66,-96,50
18,90,1688027,-309,-16451,-1483,64,-107,52
18,91,1688032,-429,-16419,-1357,66,-119,51
18,92,1688037,-489,-16422,-1225,67,-134,52
18,93,1688042,-536,-16442,-1206,67,-145,54
18,94,1688047,-491,-16490,-1267,64,-153,53
18,95,1688052,-448,-16496,-1409,62,-153,51
18,96,1688057,-455,-16507,-1346,59,-144,51
18,97,1688062,-411,-16524,-1400,54,-132,49
18,98,1688067,-436,-16500,-1266,53,-109,48
18,99,1688072,-504,-16540,-1261,50,-86,46
18,100,1688077,-451,-16589,-1394,45,-63,41
18,101,1688082,-412,-16560,-1278,40,-35,39
18,102,1688087,-351,-16516,-1204,35,-13,38
18,103,1688092,-309,-16570,-1038,32,1,40
18,104,1688097,-253,-16544,-1016,30,2,38
18,105,1688102,-262,-16468,-1089,25,3,35
18,106,1688107,-307,-16386,-1142,23,1,34
18,107,1688112,-285,-16277,-1122,21,-8,35
18,108,1688117,-227,-16236,-1214,21,-15,33
18,109,1688122,-159,-16217,-1263,20,-14,32
18,110,1688127,-146,-16225,-1354,18,-17,34
18,111,1688132,-169,-16212,-1382,16,-23,32
18,112,1688137,-163,-16181,-1353,17,-30,34
18,113,1688142,-159,-16139,-1319,16,-36,33
18,114,1688147,-156,-16161,-1224,14,-44,32
18,115,1688152,-227,-16179,-1275,16,-58,32
18,116,1688157,-226,-16229,-1315,16,-67,32
18,117,1688162,-221,-16313,-1378,14,-67,30
18,118,1688167,-216,-16356,-1431,10,-60,30
18,119,1688172,-268,-16491,-1469,11,-45,28
18,120,1688177,-438,-16497,-1562,13,-23,25
18,121,1688182,-473,-16550,-1703,10,1,21
18,122,1688187,-377,-16548,-1674,5,30,17
18,123,1688192,-336,-16515,-1570,2,63,15
18,124,1688197,-314,-16442,-1528,-2,87,11
18,125,1688202,-341,-16402,-1552,0,97,9
18,126,1688207,-331,-16332,-1589,3,102,5
18,127,1688212,-78,-16265,-1510,2,103,3
18,128,1688217,-30,-16285,-1543,2,94,2
18,129,1688222,-24,-16311,-1602,5,80,0
18,130,1688227,-19,-16293,-1589,7,62,4
18,131,1688232,24,-16302,-1527,7,41,5
18,132,1688237,11,-16289,-1552,6,18,4
18,133,1688242,-21,-16354,-1525,14,-3,3
18,134,1688247,4,-16421,-1627,18,-23,5
18,135,1688252,21,-16450,-1716,22,-38,6
18,136,1688257,-22,-16498,-1747,23,-42,6
18,137,1688262,-50,-16512,-1726,22,-45,3
18,138,1688267,-78,-16513,-1673,25,-42,-1
18,139,1688272,-103,-16517,-1767,28,-41,1
18,140,1688277,-72,-16600,-1773,30,-32,1
18,141,1688282,5,-16604,-1688,31,-26,2
18,142,1688287,79,-16540,-1601,31,-20,-2
18,143,1688292,34,-16506,-1525,35,-24,-3
18,144,1688297,-29,-16516,-1409,38,-33,-3
18,145,1688302,-34,-16487,-1455,41,-46,-2
18,146,1688307,-92,-16466,-1512,43,-57,-2
18,147,1688312,-126,-16428,-1453,43,-63,-3
18,148,1688317,-195,-16408,-1449,43,-64,-3
18,149,1688322,-207,-16424,-1513,47,-62,-5
18,150,1688327,-73,-16418,-1617,48,-54,-8
18,151,1688332,-35,-16354,-1504,48,-36,-11
18,152,1688337,-187,-16305,-1381,48,-28,-12
18,153,1688342,-271,-16251,-1403,48,-23,-17
18,154,1688347,-234,-16236,-1434,48,-17,-15
18,155,1688352,-98,-16273,-1496,48,-3,-18
18,156,1688357,-59,-16352,-1283,48,12,-18
18,157,1688362,-99,-16406,-1153,46,15,-22
18,158,1688367,-89,-16459,-1168,47,10,-21
18,159,1688372,-124,-16487,-1289,47,6,-22
18,160,1688377,-169,-16455,-1302,49,5,-24
18,161,1688382,-160,-16436,-1257,46,5,-25
18,162,1688387,-90,-16405,-1100,45,-1,-24
18,163,1688392,-65,-16396,-1032,43,-4,-24
18,164,1688397,-68,-16398,-1091,47,-14,-26
18,165,1688402,-134,-16425,-1103,47,-20,-27
18,166,1688407,-286,-16431,-1156,47,-28,-25
18,167,1688412,-363,-16364,-1186,45,-32,-26
18,168,1688417,-420,-16285,-1247,42,-23,-30
18,169,1688422,-416,-16236,-1439,40,-2,-32
18,170,1688427,-350,-16153,-1512,39,28,-35
18,171,1688432,-297,-16152,-1392,38,54,-37
18,172,1688437,-282,-16147,-1304,36,71,-41
18,173,1688442,-255,-16138,-1228,33,77,-44
18,174,1688447,-264,-16049,-1163,33,76,-46
18,175,1688452,-291,-16008,-1057,34,67,-46
18,176,1688457,-301,-15956,-1052,35,48,-45
18,177,1688462,-320,-15939,-1080,37,19,-46
18,178,1688467,-211,-16021,-1138,37,-4,-47
18,179,1688472,-152,-16094,-1247,36,-17,-48
18,180,1688477,-65,-16206,-1339,38,-22,-48
18,181,1688482,30,-16265,-1352,36,-20,-45
18,182,1688487,45,-16322,-1318,35,-17,-42
18,183,1688492,-47,-16352,-1199,35,-17,-42
18,184,1688497,-159,-16344,-1196,31,-20,-42
18,185,1688502,-184,-16330,-1185,32,-22,-43
18,186,1688507,-206,-16351,-1251,32,-22,-42
18,187,1688512,-259,-16390,-1370,34,-17,-41
18,188,1688517,-237,-16407,-1344,30,-7,-44
18,189,1688522,-201,-16380,-1317,30,-2,-46
18,190,1688527,-180,-16402,-1403,27,8,-47
18,191,1688532,-161,-16444,-1330,27,17,-45
18,192,1688537,-114,-16436,-1207,28,21,-47
18,193,1688542,-123,-16465,-1119,26,23,-46
18,194,1688547,-148,-16523,-1060,23,14,-47
18,195,1688552,-113,-16532,-1057,24,-1,-44
18,196,1688557,-116,-16573,-1081,26,-13,-43
18,197,1688562,-71,-16555,-1111,26,-27,-41
18,198,1688567,-67,-16545,-1101,27,-42,-40
18,199,1688572,-145,-16564,-1051,26,-56,-42
18,200,1688577,-208,-16566,-1071,24,-69,-40
18,201,1688582,-88,-16635,-1214,22,-71,-36
18,202,1688587,-34,-16709,-1153,21,-64,-37
18,203,1688592,-173,-16699,-994,18,-52,-39
18,204,1688597,-369,-16721,-1009,15,-47,-39
18,205,1688602,-457,-16766,-1161,15,-37,-41
18,206,1688607,-355,-16749,-1164,10,-10,-42
18,207,1688612,-281,-16728,-1107,6,20,-45
18,208,1688617,-334,-16733,-1050,6,42,-49
18,209,1688622,-391,-16782,-1164,2,60,-51
18,210,1688627,-380,-16818,-1316,1,80,-52
18,211,1688632,-346,-16785,-1240,-1,101,-54
18,212,1688637,-269,-16704,-1002,-6,113,-53
18,213,1688642,-221,-16657,-891,-3,117,-53
18,214,1688647,-187,-16662,-871,-4,108,-53
18,215,1688652,-89,-16662,-845,-6,87,-54
18,216,1688657,-128,-16650,-815,-7,66,-51
18,217,1688662,-97,-16607,-848,-7,40,-49
18,218,1688667,-66,-16574,-931,-6,23,-47
18,219,1688672,-30,-16514,-1090,-4,18,-44
18,220,1688677,-5,-16476,-1147,-9,22,-47
18,221,1688682,8,-16503,-1159,-11,29,-47
18,222,1688687,51,-16483,-1186,-11,37,-45
18,223,1688692,34,-16544,-1243,-11,55,-43
18,224,1688697,57,-16564,-1173,-15,70,-43
18,225,1688702,23,-16531,-1063,-16,72,-43
18,226,1688707,-40,-16464,-1024,-14,73,-40
18,227,1688712,-27,-16415,-1053,-18,67,-41
18,228,1688717,1,-16417,-1057,-16,55,-36
18,229,1688722,-99,-16383,-1069,-17,44,-33
18,230,1688727,-74,-16384,-1140,-16,37,-32
18,231,1688732,-36,-16364,-1221,-17,33,-33
18,232,1688737,-11,-16356,-1232,-19,32,-31
18,233,1688742,19,-16356,-1170,-18,36,-30
18,234,1688747,28,-16369,-1119,-17,31,-29
18,235,1688752,60,-16351,-1147,-18,25,-27
18,236,1688757,76,-16328,-1276,-17,23,-25
18,237,1688762,27,-16283,-1309,-13,21,-23
18,238,1688767,-22,-16235,-1294,-14,18,-24
18,239,1688772,75,-16198,-1314,-16,11,-20
18,240,1688777,161,-16215,-1292,-14,2,-15
18,241,1688782,144,-16236,-1250,-15,-4,-17
18,242,1688787,99,-16244,-1232,-11,-18,-14
18,243,1688792,63,-16273,-1281,-10,-32,-13
18,244,1688797,95,-16256,-1320,-12,-39,-10
18,245,1688802,162,-16242,-1305,-8,-42,-6
18,246,1688807,163,-16230,-1216,-7,-44,-5
18,247,1688812,118,-16312,-1264,-5,-50,-3
18,248,1688817,114,-16332,-1335,-6,-49,-1
18,249,1688822,89,-16306,-1302,-7,-47,-1
18,250,1688827,76,-16308,-1202,-5,-45,0
18,251,1688832,-13,-16324,-1150,-7,-44,-2
18,252,1688837,-114,-16363,-1222,-6,-44,1
18,253,1688842,-125,-16401,-1316,-3,-44,3
18,254,1688847,-158,-16431,-1228,-5,-37,3
18,255,1688852,-123,-16443,-1057,-6,-33,3
18,256,1688857,-180,-16503,-1063,-6,-36,0
18,257,1688862,-156,-16514,-1182,-3,-38,3
18,258,1688867,-170,-16515,-1297,-2,-31,2
18,259,1688872,-113,-16498,-1218,-3,-20,0
18,260,1688877,-120,-16457,-1177,-4,-14,0
18,261,1688882,-108,-16454,-1174,-6,-12,1
18,262,1688887,-63,-16444,-1157,-4,-7,1
18,263,1688892,-118,-16381,-1159,-2,-5,1
18,264,1688897,-110,-16383,-1079,-2,-4,1
18,265,1688902,-52,-16372,-1057,-4,-10,0
18,266,1688907,5,-16400,-1053,-3,-14,0
18,267,1688912,-24,-16446,-1084,-1,-20,-1
18,268,1688917,-30,-16453,-1123,1,-23,1
18,269,1688922,-15,-16474,-1087,-1,-27,2
18,270,1688927,-56,-16463,-1109,-2,-35,0
18,271,1688932,-65,-16446,-1073,0,-43,2
18,272,1688937,-62,-16422,-1139,0,-46,1
18,273,1688942,-101,-16423,-1275,2,-43,3
18,274,1688947,-85,-16368,-1354,2,-34,1
18,275,1688952,-39,-16331,-1283,2,-16,-3
18,276,1688957,-81,-16345,-1231,4,-11,-3
18,277,1688962,-19,-16389,-1221,6,-9,-2
18,278,1688967,-25,-16449,-1216,11,-11,-2
18,279,1688972,-25,-16453,-1192,9,-16,-3
18,280,1688977,60,-16448,-1098,9,-27,-1
18,281,1688982,111,-16418,-1114,9,-35,-2
18,282,1688987,64,-16405,-1138,12,-44,-2
18,283,1688992,44,-16421,-1194,15,-52,1
18,284,1688997,-8,-16477,-1194,18,-55,1
18,285,1689002,-63,-16508,-1171,17,-56,1
18,286,1689007,-42,-16533,-1136,15,-55,2
18,287,1689012,-78,-16535,-1141,14,-47,0
18,288,1689017,-150,-16604,-1214,16,-37,0
18,289,1689022,-94,-16636,-1294,15,-23,-3
18,290,1689027,-10,-16654,-1242,16,-7,-2
18,291,1689032,-5,-16643,-1184,12,10,-5
18,292,1689037,-86,-16650,-1202,13,22,-5
18,293,1689042,-70,-16570,-1292,13,31,-6
18,294,1689047,-57,-16532,-1384,14,40,-11
18,295,1689052,-22,-16502,-1312,13,47,-10
18,296,1689057,25,-16495,-1247,17,48,-10
18,297,1689062,72,-16469,-1217,21,40,-8
18,298,1689067,67,-16419,-1286,19,32,-8
18,299,1689072,100,-16401,-1240,21,22,-9
18,300,1689077,75,-16393,-1105,23,7,-6
18,301,1689082,10,-16361,-1005,24,-8,-6
18,302,1689087,-46,-16364,-1031,25,-29,-8
18,303,1689092,-17,-16382,-1074,27,-43,-5
18,304,1689097,-72,-16414,-1071,28,-47,-5
18,305,1689102,-104,-16376,-1051,26,-51,-7
18,306,1689107,-114,-16297,-1128,25,-52,-7
18,307,1689112,-103,-16332,-1276,29,-46,-6
18,308,1689117,-69,-16324,-1274,25,-31,-8
18,309,1689122,-69,-16298,-1161,22,-16,-12
18,310,1689127,-110,-16249,-1057,24,-6,-11
18,311,1689132,-113,-16256,-1213,22,-3,-13
18,312,1689137,-20,-16361,-1197,22,7,-13
18,313,1689142,-48,-16399,-1072,21,14,-12
18,314,1689147,-45,-16385,-1050,19,16,-15
18,315,1689152,2,-16396,-1197,23,15,-15
18,316,1689157,107,-16376,-1276,24,22,-13
18,317,1689162,170,-16443,-1246,20,33,-13
18,318,1689167,204,-16460,-1157,20,36,-15
18,319,1689172,184,-16470,-1201,22,30,-16
18,320,1689177,133,-16431,-1218,25,18,-12
18,321,1689182,135,-16455,-1085,24,11,-12
18,322,1689187,50,-16394,-954,21,1,-9
18,323,1689192,41,-16349,-994,23,-20,-9
18,324,1689197,39,-16351,-1042,25,-35,-9
18,325,1689202,56,-16433,-1149,25,-39,-9
18,326,1689207,35,-16456,-1098,24,-38,-8
18,327,1689212,-5,-16445,-1065,24,-38,-9
18,328,1689217,-90,-16465,-1041,25,-35,-8
18,329,1689222,-159,-16470,-1186,24,-29,-9
18,330,1689227,-155,-16455,-1228,24,-19,-9
18,331,1689232,-72,-16498,-1201,20,-3,-12
18,332,1689237,-19,-16459,-1133,16,9,-13
18,333,1689242,-50,-16421,-1176,13,16,-14
18,334,1689247,-35,-16372,-1230,13,22,-15
18,335,1689252,87,-16362,-1322,17,31,-17
18,336,1689257,212,-16382,-1218,13,40,-17
18,337,1689262,229,-16383,-1063,12,41,-14
18,338,1689267,169,-16334,-968,13,27,-11
18,339,1689272,63,-16301,-1000,16,6,-12
18,340,1689277,67,-16315,-1138,18,-11,-8
18,341,1689282,60,-16340,-1165,17,-20,-10
18,342,1689287,85,-16371,-1081,14,-29,-11
18,343,1689292,35,-16369,-1033,16,-38,-8
18,344,1689297,-7,-16398,-1153,14,-39,-4
18,345,1689302,-85,-16433,-1230,14,-35,-6
18,346,1689307,-95,-16458,-1238,13,-23,-7
18,347,1689312,-54,-16492,-1200,11,-6,-9
18,348,1689317,-24,-16550,-1128,11,8,-7
18,349,1689322,-107,-16568,-1053,11,20,-10
18,350,1689327,-102,-16607,-984,9,19,-9
18,351,1689332,-83,-16623,-953,8,12,-10
18,352,1689337,-41,-16609,-854,6,-1,-10
18,353,1689342,17,-16581,-872,3,-13,-7
18,354,1689347,27,-16506,-946,4,-31,-5
18,355,1689352,-50,-16427,-991,4,-51,-7
18,356,1689357,44,-16277,-1028,7,-70,-5
18,357,1689362,69,-16277,-1090,9,-90,-1
18,358,1689367,65,-16258,-1123,10,-98,1
18,359,1689372,30,-16237,-1203,8,-100,-1
18,360,1689377,-32,-16261,-1321,7,-98,-1
18,361,1689382,-10,-16263,-1368,7,-95,1
18,362,1689387,42,-16318,-1341,8,-80,1
18,363,1689392,-33,-16331,-1234,5,-59,1
18,364,1689397,-68,-16326,-1159,0,-44,-1
18,365,1689402,-82,-16346,-1258,2,-30,-4
18,366,1689407,-49,-16425,-1434,2,-10,-1
18,367,1689412,77,-16508,-1302,0,11,0
18,368,1689417,197,-16552,-1162,-3,27,1
18,369,1689422,171,-16580,-1182,-6,35,-1
18,370,1689427,182,-16596,-1151,-4,32,0
18,371,1689432,145,-16565,-1164,1,26,1
18,372,1689437,127,-16604,-1015,-2,16,3
18,373,1689442,139,-16623,-844,-3,-1,7
18,374,1689447,122,-16597,-855,-2,-23,6
18,375,1689452,21,-16613,-933,2,-45,5
18,376,1689457,-71,-16591,-1001,2,-63,9
18,377,1689462,-77,-16552,-1037,1,-77,9
18,378,1689467,-31,-16505,-1058,1,-81,10
18,379,1689472,-158,-16420,-1074,-1,-72,8
18,380,1689477,-232,-16384,-1223,-1,-63,4
18,381,1689482,-288,-16375,-1317,0,-53,2
18,382,1689487,-260,-16397,-1298,1,-37,3
18,383,1689492,-117,-16418,-1227,-3,-16,2
18,384,1689497,-41,-16447,-1214,-6,7,-4
18,385,1689502,-11,-16437,-1229,-8,21,-6
18,386,1689507,-21,-16429,-1236,-7,25,-5
18,387,1689512,62,-16412,-1192,-8,23,-4
18,388,1689517,92,-16364,-1069,-6,15,-4
18,389,1689522,160,-16333,-969,-5,5,-4
18,390,1689527,164,-16315,-941,-8,-11,-3
18,391,1689532,100,-16282,-994,-5,-35,-3
18,392,1689537,75,-16281,-1033,-5,-56,2
18,393,1689542,41,-16237,-1001,-6,-71,2
18,394,1689547,-40,-16282,-1011,-4,-81,3
18,395,1689552,-81,-16323,-1148,-3,-89,0
18,396,1689557,-55,-16356,-1264,-4,-86,1
18,397,1689562,-26,-16428,-1329,-5,-69,4
18,398,1689567,-94,-16461,-1281,-5,-48,1
18,399,1689572,-121,-16513,-1223,-8,-27,-2
18,400,1689577,-61,-16524,-1207,-13,-8,-2
18,401,1689582,-64,-16540,-1105,-14,8,-5
18,402,1689587,18,-16532,-1048,-14,22,-4
18,403,1689592,40,-16538,-1009,-12,26,-4
18,404,1689597,122,-16585,-1069,-19,25,-5
18,405,1689602,184,-16607,-1044,-19,17,-2
18,406,1689607,280,-16671,-895,-18,3,2
18,407,1689612,324,-16665,-789,-20,-25,5
18,408,1689617,283,-16654,-673,-19,-61,9
18,409,1689622,224,-16568,-693,-19,-106,16
18,410,1689627,70,-16451,-842,-17,-147,22
18,411,1689632,-25,-16361,-972,-15,-179,25
18,412,1689637,-93,-16302,-1184,-15,-200,29
18,413,1689642,-114,-16264,-1219,-19,-206,31
18,414,1689647,-216,-16275,-1239,-24,-201,33
18,415,1689652,-413,-16343,-1456,-23,-183,36
18,416,1689657,-323,-16370,-1835,-24,-149,42
18,417,1689662,56,-16309,-1852,-30,-89,43
18,418,1689667,24,-16313,-1494,-38,-31,44
18,419,1689672,-226,-16377,-1260,-44,-8,48
18,420,1689677,-241,-16370,-1313,-46,-4,52
18,421,1689682,44,-16435,-1388,-46,7,61
18,422,1689687,7,-16221,-346,-58,-8,76
18,423,1689692,-128,-16172,-480,-57,-68,84
18,424,1689697,-122,-16101,-1051,-57,-113,97
18,425,1689702,-64,-16043,-1410,-60,-121,108
18,426,1689707,-49,-16045,-1322,-63,-113,116
18,427,1689712,11,-16029,-1217,-68,-111,126
18,428,1689717,126,-16074,-1377,-70,-116,133
18,429,1689722,-110,-16169,-1280,-77,-116,142
18,430,1689727,-619,-16218,-1022,-81,-124,151
18,431,1689732,-808,-16189,-1023,-83,-147,165
18,432,1689737,-630,-16205,-1326,-83,-157,179
18,433,1689742,-635,-16231,-1282,-87,-145,188
18,434,1689747,-1013,-16206,-983,-92,-146,189
18,435,1689752,-1094,-16213,-1149,-94,-166,200
18,436,1689757,-830,-16269,-1627,-98,-170,211
18,437,1689762,-702,-16341,-1931,-102,-137,217
18,438,1689767,-728,-16427,-1828,-107,-93,223
18,439,1689772,-640,-16414,-1600,-109,-68,232
18,440,1689777,-430,-16467,-1552,-111,-64,241
18,441,1689782,-412,-16540,-1596,-114,-56,247
18,442,1689787,-671,-16563,-1530,-119,-52,258
18,443,1689792,-754,-16490,-1372,-117,-62,270
18,444,1689797,-643,-16427,-1197,-122,-83,277
18,445,1689802,-668,-16360,-1049,-124,-108,286
18,446,1689807,-941,-16354,-1300,-123,-132,295
18,447,1689812,-1046,-16346,-1479,-122,-155,307
18,448,1689817,-817,-16303,-1707,-124,-167,318
18,449,1689822,-755,-16336,-1495,-128,-162,326
18,450,1689827,-973,-16384,-1283,-130,-167,333
18,451,1689832,-1107,-16400,-1528,-128,-178,339
18,452,1689837,-1063,-16465,-1758,-127,-177,346
18,453,1689842,-1021,-16448,-1719,-131,-161,353
18,454,1689847,-1101,-16486,-1631,-137,-146,353
18,455,1689852,-1285,-16417,-1653,-134,-135,357
18,456,1689857,-1333,-16519,-1824,-129,-124,363
18,457,1689862,-1291,-16645,-2163,-129,-110,367
18,458,1689867,-1288,-16689,-1925,-130,-86,370
18,459,1689872,-1439,-16634,-1423,-132,-85,372
18,460,1689877,-1512,-16578,-1319,-133,-102,376
18,461,1689882,-1521,-16553,-1453,-129,-125,380
18,462,1689887,-1510,-16461,-1482,-124,-135,384
18,463,1689892,-1336,-16414,-1450,-119,-143,385
18,464,1689897,-1298,-16338,-1499,-122,-153,382
18,465,1689902,-1235,-16296,-1623,-120,-157,384
18,466,1689907,-1304,-16246,-1746,-116,-146,384
18,467,1689912,-1494,-16165,-1784,-117,-126,380
18,468,1689917,-1542,-16090,-1979,-114,-106,379
18,469,1689922,-1373,-16083,-1913,-111,-69,377
18,470,1689927,-1261,-16044,-2011,-107,-41,373
18,471,1689932,-1263,-16011,-1891,-106,-12,367
18,472,1689937,-1244,-16113,-1899,-103,11,363
18,473,1689942,-1090,-16227,-1961,-99,29,361
18,474,1689947,-887,-16314,-1819,-94,50,359
18,475,1689952,-1034,-16437,-1430,-93,60,356
18,476,1689957,-1431,-16590,-1183,-87,41,351
18,477,1689962,-1523,-16733,-1198,-80,13,350
18,478,1689967,-1339,-16707,-1065,-80,-9,348
18,479,1689972,-1255,-16662,-784,-78,-29,342
18,480,1689977,-1380,-16595,-815,-71,-61,331
18,481,1689982,-1548,-16501,-1260,-61,-98,324
18,482,1689987,-1456,-16400,-1824,-55,-117,323
18,483,1689992,-1292,-16288,-1895,-52,-105,314
18,484,1689997,-1350,-16148,-1672,-55,-80,300
18,485,1690002,-1424,-16167,-1634,-48,-66,290
18,486,1690007,-1425,-16253,-2018,-37,-51,279
18,487,1690012,-1341,-16280,-1995,-31,-23,276
18,488,1690017,-1470,-16368,-1608,-30,3,266
18,489,1690022,-1597,-16501,-1331,-28,2,259
18,490,1690027,-1433,-16509,-1410,-22,-6,253
18,491,1690032,-1239,-16426,-1475,-17,7,240
18,492,1690037,-1352,-16350,-1335,-12,17,226
18,493,1690042,-1480,-16276,-1314,-7,4,219
18,494,1690047,-1380,-16238,-1542,-2,-13,211
18,495,1690052,-1234,-16184,-1633,0,-13,200
18,496,1690057,-1514,-16056,-1497,14,14,175
18,497,1690062,-1432,-16117,-1767,22,18,171
18,498,1690067,-1324,-16227,-1820,23,36,163
18,499,1690072,-1422,-16278,-1552,25,54,148
18,500,1690077,-1559,-16341,-1206,32,46,138
18,501,1690082,-1496,-16417,-1231,37,18,131
18,502,1690087,-1406,-16536,-1377,45,1,125
18,503,1690092,-1427,-16527,-1210,52,-15,116
18,504,1690097,-1471,-16418,-1015,54,-41,105
18,505,1690102,-1527,-16306,-1185,60,-77,99
18,506,1690107,-1462,-16253,-1568,68,-102,91
18,507,1690112,-1417,-16173,-1694,76,-102,80
18,508,1690117,-1570,-16103,-1618,78,-90,68
18,509,1690122,-1676,-16098,-1570,82,-80,57
18,510,1690127,-1668,-16040,-1688,86,-69,48
18,511,1690132,-1677,-15989,-1697,88,-44,31
18,512,1690137,-1780,-15964,-1538,90,-16,17
18,513,1690142,-1767,-15959,-1438,95,2,8
18,514,1690147,-1729,-15981,-1550,100,14,-5
18,515,1690152,-1767,-16041,-1682,104,38,-21
18,516,1690157,-1684,-16115,-1647,106,57,-35
18,517,1690162,-1637,-16276,-1579,112,74,-44
18,518,1690167,-1522,-16518,-1452,116,91,-52
18,519,1690172,-1376,-16637,-1268,118,99,-66
18,520,1690177,-1347,-16641,-1035,118,97,-77
18,521,1690182,-1443,-16589,-902,122,77,-88
18,522,1690187,-1414,-16562,-1036,126,50,-97
18,523,1690192,-1424,-16482,-1169,131,25,-108
18,524,1690197,-1384,-16361,-1135,133,4,-120
18,525,1690202,-1406,-16265,-1128,142,-17,-131
18,526,1690207,-1398,-16193,-1204,145,-36,-147
18,527,1690212,-1307,-16194,-1331,147,-40,-156
18,528,1690217,-1309,-16106,-1389,151,-33,-167
18,529,1690222,-1364,-15937,-1424,153,-23,-185
18,530,1690227,-1347,-15893,-1633,161,-7,-199
18,531,1690232,-1348,-15912,-1837,165,22,-216
18,532,1690237,-1477,-16117,-1883,169,59,-232
18,533,1690242,-1617,-16470,-1749,170,93,-248
18,534,1690247,-1443,-16647,-1542,169,119,-262
18,535,1690252,-1225,-16670,-1246,167,139,-278
18,536,1690257,-1156,-16658,-936,170,145,-297
18,537,1690262,-1265,-16637,-903,177,123,-311
18,538,1690267,-1197,-16598,-947,186,78,-321
18,539,1690272,-711,-16370,-1002,190,27,-336
18,540,1690277,-302,-16247,-890,195,-24,-347
18,541,1690282,-668,-16252,-740,202,-86,-358
18,542,1690287,-862,-16193,-1146,213,-168,-372
18,543,1690292,-614,-16159,-1501,221,-228,-382
18,544,1690297,-537,-16092,-1441,224,-253,-394
18,545,1690302,-787,-16221,-1005,228,-265,-410
18,546,1690307,-1333,-16576,-946,234,-292,-429
18,547,1690312,-1610,-16903,-1162,238,-308,-441
18,548,1690317,-1467,-16950,-1395,233,-277,-455
18,549,1690322,-1339,-16853,-1243,222,-203,-481
18,550,1690327,-1621,-16756,-1087,216,-108,-513
18,551,1690332,-1678,-16757,-1414,215,-29,-536
18,552,1690337,-1237,-16628,-1802,211,61,-555
18,553,1690342,-869,-16483,-1411,202,167,-580
18,554,1690347,-942,-16271,-790,194,233,-605
18,555,1690352,-931,-16079,-640,194,253,-628
18,556,1690357,-683,-15958,-1079,198,249,-643
18,557,1690362,-436,-16020,-1207,204,249,-659
18,558,1690367,-332,-16044,-849,203,236,-671
18,559,1690372,-127,-16147,-538,206,188,-683
18,560,1690377,147,-16161,-556,213,131,-693
18,561,1690382,322,-16159,-628,218,76,-702
18,562,1690387,350,-16139,-616,222,29,-714
18,563,1690392,263,-16085,-537,222,-16,-724
18,564,1690397,131,-16106,-705,223,-56,-739
18,565,1690402,62,-16211,-1086,224,-71,-749
18,566,1690407,54,-16364,-1403,223,-58,-758
18,567,1690412,74,-16385,-1253,217,-24,-771
18,568,1690417,167,-16494,-929,210,18,-785
18,569,1690422,165,-16583,-885,208,51,-796
18,570,1690427,423,-16439,-999,200,125,-822
18,571,1690432,415,-16350,-756,195,145,-831
18,572,1690437,428,-16281,-652,194,144,-840
18,573,1690442,633,-16239,-640,195,132,-843
18,574,1690447,780,-16139,-653,196,111,-846
18,575,1690452,805,-16052,-531,193,78,-856
18,576,1690457,807,-15987,-567,195,28,-859
18,577,1690462,1022,-15910,-711,196,-24,-861
18,578,1690467,1206,-15926,-817,195,-61,-861
18,579,1690472,1185,-15996,-660,194,-90,-864
18,580,1690477,1164,-16277,-637,194,-122,-861
18,581,1690482,1191,-16732,-741,189,-141,-856
18,582,1690487,1208,-16928,-969,188,-142,-853
18,583,1690492,1143,-17074,-959,178,-109,-854
18,584,1690497,1118,-17076,-902,168,-66,-856
18,585,1690502,1126,-17090,-874,160,-10,-856
18,586,1690507,1084,-17036,-874,151,40,-854
18,587,1690512,967,-16935,-800,146,92,-853
18,588,1690517,1031,-16823,-598,139,131,-853
18,589,1690522,1051,-16721,-741,129,157,-853
18,590,1690527,954,-16533,-612,118,185,-855
18,591,1690532,1023,-16487,-542,116,188,-849
18,592,1690537,1266,-16449,-461,115,187,-841
18,593,1690542,1522,-16438,-317,110,172,-833
18,594,1690547,1602,-16509,-169,107,136,-827
18,595,1690552,1616,-16618,-278,104,89,-816
18,596,1690557,1667,-16725,-362,103,39,-800
18,597,1690562,1736,-16781,-246,102,-9,-785
18,598,1690567,1635,-16561,-149,96,-55,-771
18,599,1690572,9425,-17957,-6744,84,-97,-771
18,600,1690577,-11034,-19543,9919,59,365,-818
18,601,1690600,-26466,-12796,29655,-78,247,-29
18,602,1690601,-26466,-12796,29655,-78,247,-29
18,603,1690603,-26466,-12796,29655,-78,247,-29
18,604,1690604,-26466,-12796,29655,-78,247,-29
18,605,1690605,-17662,-16070,-17057,289,-3232,602
18,606,1690607,-17662,-16070,-17057,289,-3232,602
18,607,1690612,18210,-20353,-32140,231,-2969,955
18,608,1690617,20881,-16503,-3778,-165,-723,436
18,609,1690622,-10561,-12643,19439,-232,361,44
18,610,1690627,-17846,-14786,3176,-62,-423,305
18,611,1690632,4947,-18660,-20265,127,-644,728
18,612,1690637,15740,-18817,-10298,20,375,563
18,613,1690642,-1020,-14601,11561,-229,999,136
18,614,1690647,-13613,-14442,10717,-231,440,190
18,615,1690652,-489,-18036,-6968,-44,-69,529
18,616,1690657,12501,-19143,-9826,18,303,563
18,617,1690662,4570,-16846,5228,-128,724,274
18,618,1690667,-8994,-15070,12293,-195,280,199
18,619,1690672,-3606,-17044,-1558,-97,-501,427
18,620,1690677,8726,-18338,-9925,-6,-425,540
18,621,1690682,6534,-17263,-2233,-74,154,373
18,622,1690687,-3872,-15467,8047,-149,297,242
18,623,1690692,-4069,-16283,1553,-105,-243,360
18,624,1690697,4809,-17653,-8431,-31,-382,472
18,625,1690702,6432,-17127,-4720,-58,103,385
18,626,1690707,-459,-15802,3385,-131,405,265
18,627,1690712,-2830,-15990,2825,-123,200,302
18,628,1690717,2292,-16793,-4261,-57,4,402
18,629,1690722,5393,-16980,-4141,-42,202,387
18,630,1690727,1785,-15940,1900,-101,387,294
18,631,1690732,-1214,-15696,3593,-114,184,290
18,632,1690737,1258,-16228,-1825,-65,-98,362
18,633,1690742,4130,-16663,-3867,-31,-29,379
18,634,1690747,2749,-16173,-324,-66,168,322
18,635,1690752,76,-15830,2067,-88,108,296
18,636,1690757,466,-16003,-148,-67,-97,331
18,637,1690762,2676,-16330,-3121,-38,-108,359
18,638,1690767,2780,-16170,-2108,-53,89,326
18,639,1690772,741,-15844,945,-68,184,290
18,640,1690777,105,-15854,918,-61,53,300
18,641,1690782,1556,-16197,-1839,-50,-47,324
18,642,1690787,2231,-16301,-2087,-51,51,308
18,643,1690792,40,-15907,1132,-57,84,277
18,644,1690797,680,-16219,-629,-37,-40,291
18,645,1690802,1534,-16378,-1852,-40,-34,286
18,646,1690807,1021,-16334,-494,-53,57,261
18,647,1690812,111,-16229,745,-55,58,245
18,648,1690817,415,-16410,-233,-45,-14,252
18,649,1690822,1349,-16658,-1312,-39,-8,249
18,650,1690827,1243,-16698,-994,-47,55,231
18,651,1690832,402,-16522,709,-58,90,209
18,652,1690837,136,-16527,503,-49,18,211
18,653,1690842,704,-16677,-828,-45,-29,214
18,654,1690847,936,-16705,-853,-47,12,200
18,655,1690852,472,-16656,-83,-52,33,182
18,656,1690857,131,-16625,180,-50,-1,175
18,657,1690862,566,-16686,-841,-45,-41,173
18,658,1690867,846,-16802,-1259,-46,-15,163
18,659,1690872,515,-16721,-678,-50,37,147
18,660,1690877,180,-16618,-267,-53,39,139
18,661,1690882,387,-16631,-651,-51,15,131
18,662,1690887,664,-16638,-1168,-48,30,124
18,663,1690892,495,-16556,-863,-50,73,109
18,664,1690897,117,-16461,-260,-57,86,97
18,665,1690902,164,-16396,-545,-58,61,89
18,666,1690907,472,-16394,-1176,-53,67,82
18,667,1690912,569,-16372,-1056,-56,102,70
18,668,1690917,416,-16345,-517,-60,125,57
18,669,1690922,430,-16343,-340,-64,102,50
18,670,1690927,646,-16338,-697,-61,74,47
18,671,1690932,619,-16392,-866,-60,71,37
18,672,1690937,356,-16349,-719,-61,71,27
18,673,1690942,376,-16292,-583,-64,53,22
18,674,1690947,645,-16304,-831,-64,33,21
18,675,1690952,861,-16387,-1059,-63,40,15
18,676,1690957,725,-16400,-1072,-59,49,5
18,677,1690962,646,-16361,-1001,-57,54,-2
18,678,1690967,709,-16304,-955,-61,50,-4
18,679,1690972,815,-16293,-945,-62,46,-7
18,680,1690977,848,-16317,-865,-62,55,-14
18,681,1690982,686,-16310,-836,-59,58,-21
18,682,1690987,517,-16330,-936,-58,51,-24
18,683,1690992,564,-16361,-972,-57,37,-27
18,684,1690997,712,-16384,-957,-60,33,-28
18,685,1691002,698,-16479,-904,-58,47,-36
18,686,1691007,608,-16660,-1021,-58,61,-40
18,687,1691012,603,-16749,-1044,-57,67,-41
18,688,1691017,700,-16777,-878,-59,71,-45
18,689,1691022,713,-16784,-718,-64,78,-47
18,690,1691027,517,-16756,-726,-70,84,-49
18,691,1691032,430,-16785,-917,-66,89,-56
18,692,1691037,570,-16758,-992,-69,94,-57
18,693,1691042,812,-16690,-821,-75,97,-58
18,694,1691047,764,-16645,-605,-76,88,-61
18,695,1691052,594,-16552,-599,-75,66,-64
18,696,1691057,546,-16551,-845,-72,40,-65
18,697,1691062,621,-16503,-916,-71,23,-63
18,698,1691067,700,-16431,-805,-73,10,-63
18,699,1691072,634,-16326,-727,-73,-11,-65
18,700,1691077,498,-16353,-873,-73,-33,-63
18,701,1691082,422,-16401,-1113,-73,-41,-63
18,702,1691087,403,-16394,-1175,-73,-36,-64
18,703,1691092,285,-16393,-1115,-76,-26,-67
18,704,1691097,166,-16380,-1134,-77,-13,-69
18,705,1691102,95,-16380,-1230,-80,7,-73
18,706,1691107,59,-16379,-1250,-81,37,-76
18,707,1691112,77,-16403,-1122,-84,65,-81
18,708,1691117,69,-16401,-887,-86,82,-84
18,709,1691122,132,-16413,-844,-88,90,-86
18,710,1691127,192,-16414,-955,-88,93,-87
18,711,1691132,203,-16427,-926,-87,96,-89
18,712,1691137,243,-16409,-793,-89,90,-94
18,713,1691142,399,-16373,-768,-94,74,-91
18,714,1691147,552,-16404,-717,-94,54,-88
18,715,1691152,513,-16415,-794,-91,33,-88
18,716,1691157,532,-16367,-923,-89,12,-88
18,717,1691162,572,-16247,-1049,-90,-21,-84
18,718,1691167,674,-16244,-1131,-88,-25,-84
18,719,1691172,695,-16365,-1186,-86,-23,-84
18,720,1691177,533,-16505,-1284,-84,-15,-80
18,721,1691182,446,-16560,-1306,-84,-10,-79
18,722,1691187,608,-16492,-1085,-86,-4,-81
18,723,1691192,619,-16395,-862,-91,-6,-78
18,724,1691197,481,-16338,-824,-87,-16,-75
18,725,1691202,465,-16271,-1025,-80,-31,-78
18,726,1691207,559,-16169,-1318,-81,-38,-74
18,727,1691212,574,-16123,-1270,-81,-38,-73
18,728,1691217,621,-16228,-1027,-82,-37,-71
18,729,1691222,668,-16369,-1008,-81,-38,-70
18,730,1691227,500,-16622,-1037,-78,-35,-66
18,731,1691232,301,-16730,-1100,-77,-32,-63
18,732,1691237,283,-16690,-1135,-84,-31,-62
18,733,1691242,385,-16586,-1233,-83,-19,-58
18,734,1691247,358,-16476,-1146,-87,7,-64
18,735,1691252,304,-16369,-993,-88,24,-64
18,736,1691257,344,-16271,-1122,-87,26,-63
18,737,1691262,336,-16229,-1232,-83,29,-61
18,738,1691267,425,-16093,-1184,-84,35,-62
18,739,1691272,448,-16074,-1110,-85,38,-62
18,740,1691277,478,-16174,-1140,-85,40,-58
18,741,1691282,674,-16378,-1208,-83,38,-56
18,742,1691287,752,-16535,-1110,-82,35,-52
18,743,1691292,556,-16538,-925,-84,25,-52
18,744,1691297,381,-16456,-986,-84,5,-49
18,745,1691302,382,-16435,-1204,-79,-13,-44
18,746,1691307,551,-16354,-1208,-75,-21,-45
18,747,1691312,564,-16276,-1081,-74,-26,-43
18,748,1691317,511,-16279,-1097,-73,-42,-41
18,749,1691322,576,-16322,-1231,-73,-56,-38
18,750,1691327,637,-16419,-1408,-69,-58,-31
18,751,1691332,620,-16417,-1335,-67,-52,-31
18,752,1691337,626,-16316,-1209,-70,-44,-29
18,753,1691342,559,-16333,-1316,-67,-40,-28
18,754,1691347,495,-16330,-1443,-63,-33,-28
18,755,1691352,477,-16282,-1379,-64,-20,-25
18,756,1691357,455,-16349,-1236,-62,-13,-22
18,757,1691362,425,-16388,-1172,-62,-10,-22
18,758,1691367,432,-16430,-1179,-61,-10,-22
18,759,1691372,375,-16414,-1232,-58,-13,-20
18,760,1691377,406,-16423,-1233,-57,-19,-20
18,761,1691382,484,-16366,-1171,-56,-25,-17
18,762,1691387,541,-16337,-1202,-54,-32,-17
18,763,1691392,512,-16387,-1278,-51,-34,-12
18,764,1691397,519,-16386,-1307,-50,-29,-10
18,765,1691402,541,-16374,-1331,-48,-31,-8
18,766,1691407,514,-16405,-1374,-45,-29,-6
18,767,1691412,518,-16354,-1262,-45,-27,-4
18,768,1691417,469,-16357,-1193,-44,-33,-4
18,769,1691422,447,-16325,-1262,-40,-45,-3
18,770,1691427,499,-16346,-1265,-34,-50,-1
18,771,1691432,617,-16353,-1290,-34,-54,3
18,772,1691437,637,-16378,-1332,-32,-54,4
18,773,1691442,625,-16397,-1242,-31,-55,7
18,774,1691447,597,-16443,-1329,-30,-57,11
18,775,1691452,576,-16448,-1404,-26,-54,11
18,776,1691457,556,-16449,-1417,-25,-44,13
18,777,1691462,554,-16447,-1405,-23,-30,14
18,778,1691467,554,-16413,-1396,-24,-15,17
18,779,1691472,506,-16440,-1382,-23,-3,19
18,780,1691477,600,-16420,-1436,-18,4,17
18,781,1691482,627,-16336,-1298,-20,11,21
18,782,1691487,605,-16324,-1220,-17,9,23
18,783,1691492,568,-16323,-1286,-14,0,27
18,784,1691497,503,-16329,-1405,-11,-8,29
18,785,1691502,539,-16295,-1344,-10,-16,30
18,786,1691507,498,-16274,-1209,-8,-25,33
18,787,1691512,560,-16287,-1142,-6,-34,33
18,788,1691517,595,-16302,-1176,-3,-45,37
18,789,1691522,501,-16338,-1285,3,-53,39
18,790,1691527,487,-16313,-1307,5,-58,41
18,791,1691532,507,-16286,-1309,6,-51,42
18,792,1691537,466,-16318,-1300,8,-43,44
18,793,1691542,387,-16381,-1361,11,-29,43
18,794,1691547,329,-16425,-1416,10,-14,46
18,795,1691552,363,-16412,-1348,9,-2,46
18,796,1691557,413,-16362,-1270,7,9,44
18,797,1691562,400,-16339,-1275,11,20,44
18,798,1691567,325,-16247,-1279,14,24,47
18,799,1691572,281,-16327,-1316,16,24,48
18,800,1691577,355,-16376,-1378,13,24,48
18,801,1691582,386,-16368,-1321,16,27,50
18,802,1691587,334,-16299,-1191,16,29,47
18,803,1691592,235,-16270,-1170,17,25,49
18,804,1691597,236,-16241,-1244,20,18,50
18,805,1691602,300,-16186,-1254,20,13,48
18,806,1691607,404,-16170,-1196,25,9,52
18,807,1691612,401,-16214,-1126,23,9,48
18,808,1691617,383,-16245,-1231,27,3,47
18,809,1691622,355,-16271,-1318,30,0,50
18,810,1691627,391,-16315,-1346,30,-1,52
18,811,1691632,465,-16340,-1315,32,4,52
18,812,1691637,488,-16387,-1323,35,6,52
18,813,1691642,532,-16384,-1337,35,9,53
18,814,1691647,583,-16345,-1287,34,10,55
18,815,1691652,588,-16333,-1161,35,3,59
18,816,1691657,508,-16358,-1148,39,-10,59
18,817,1691662,393,-16337,-1251,40,-21,59
18,818,1691667,413,-16314,-1464,42,-25,60
18,819,1691672,437,-16266,-1605,45,-20,58
18,820,1691677,527,-16263,-1456,45,-8,59
18,821,1691682,623,-16310,-1396,45,3,60
18,822,1691687,596,-16358,-1416,46,12,60
18,823,1691692,473,-16345,-1369,49,17,61
18,824,1691697,412,-16389,-1276,51,13,63
18,825,1691702,474,-16432,-1192,53,9,65
18,826,1691707,439,-16409,-1115,55,0,62
18,827,1691712,464,-16496,-1114,55,-9,61
18,828,1691717,456,-16551,-1196,60,-17,65
18,829,1691722,460,-16611,-1248,62,-26,67
18,830,1691727,480,-16580,-1297,61,-28,69
18,831,1691732,466,-16530,-1282,60,-19,67
18,832,1691737,378,-16499,-1316,60,-11,69
18,833,1691742,314,-16537,-1329,61,-10,64
18,834,1691747,341,-16507,-1264,61,-10,63
18,835,1691752,383,-16484,-1146,62,-8,65
18,836,1691757,366,-16465,-1075,63,-11,61
18,837,1691762,366,-16475,-1085,65,-17,62
18,838,1691767,336,-16472,-1152,67,-21,64
18,839,1691772,364,-16428,-1154,66,-21,65
18,840,1691777,398,-16429,-1138,66,-24,62
18,841,1691782,286,-16405,-1203,65,-27,60
18,842,1691787,261,-16374,-1230,67,-27,63
18,843,1691792,271,-16403,-1238,69,-24,63
18,844,1691797,295,-16383,-1215,70,-17,59
18,845,1691802,301,-16335,-1175,66,-13,59
18,846,1691807,345,-16356,-1268,66,-9,59
18,847,1691812,353,-16344,-1348,68,0,58
18,848,1691817,349,-16356,-1223,68,6,58
18,849,1691822,274,-16344,-1156,67,2,58
18,850,1691827,217,-16354,-1191,67,-5,57
18,851,1691832,197,-16359,-1179,66,-8,55
18,852,1691837,176,-16385,-1141,68,-10,54
18,853,1691842,126,-16397,-1157,67,-13,54
18,854,1691847,51,-16389,-1188,65,-12,53
18,855,1691852,17,-16432,-1258,69,-8,52
18,856,1691857,82,-16423,-1298,65,6,47
18,857,1691862,48,-16476,-1179,60,24,43
18,858,1691867,28,-16506,-1119,59,41,40
18,859,1691872,78,-16551,-1148,57,47,38
18,860,1691877,62,-16609,-1065,58,56,38
18,861,1691882,82,-16611,-1017,57,64,35
18,862,1691887,141,-16595,-989,52,66,33
18,863,1691892,108,-16601,-999,52,63,31
18,864,1691897,158,-16523,-1005,54,54,31
18,865,1691902,332,-16504,-1019,52,38,31
18,866,1691907,315,-16499,-902,51,26,32
18,867,1691912,257,-16479,-945,53,7,28
18,868,1691917,225,-16452,-1186,51,0,31
18,869,1691922,252,-16413,-1350,51,6,31
18,870,1691927,302,-16426,-1249,50,19,26
18,871,1691932,287,-16373,-1174,48,25,24
18,872,1691937,265,-16372,-1229,46,31,23
18,873,1691942,312,-16365,-1293,46,37,22
18,874,1691947,289,-16322,-1257,44,46,18
18,875,1691952,192,-16357,-1099,43,49,22
18,876,1691957,233,-16367,-1124,42,42,23
18,877,1691962,373,-16444,-1140,39,45,20
18,878,1691967,386,-16456,-1076,41,50,22
18,879,1691972,397,-16452,-928,39,45,19
18,880,1691977,345,-16460,-903,38,25,18
18,881,1691982,317,-16477,-963,35,8,23
18,882,1691987,323,-16503,-1083,34,-3,23
18,883,1691992,346,-16500,-1028,34,-6,21
18,884,1691997,293,-16485,-992,33,-9,20
18,885,1692002,209,-16471,-980,30,-12,20
18,886,1692007,126,-16550,-1102,28,-15,19
18,887,1692012,169,-16539,-1192,26,-11,17
18,888,1692017,152,-16555,-1205,26,0,17
18,889,1692022,144,-16589,-1200,25,14,16
18,890,1692027,159,-16521,-1215,22,29,14
18,891,1692032,152,-16539,-1159,17,40,11
18,892,1692037,123,-16514,-1137,17,46,11
18,893,1692042,87,-16453,-1083,13,48,6
18,894,1692047,79,-16427,-1074,11,45,5
18,895,1692052,133,-16433,-1042,11,41,4
18,896,1692057,262,-16434,-965,8,34,5
18,897,1692062,287,-16438,-1030,5,29,4
18,898,1692067,234,-16436,-1094,7,23,1
18,899,1692072,176,-16362,-1153,6,13,1
18,900,1692077,161,-16349,-1122,3,4,0
18,901,1692082,200,-16348,-1084,-1,-1,1
18,902,1692087,244,-16364,-1034,-2,-5,2
18,903,1692092,249,-16356,-1037,-2,-11,1
18,904,1692097,227,-16312,-1084,-3,-13,0
18,905,1692102,232,-16337,-1096,-4,-23,0
18,906,1692107,237,-16345,-1080,-6,-23,0
18,907,1692112,300,-16318,-1071,-7,-23,0
18,908,1692117,286,-16334,-1079,-8,-23,-3
18,909,1692122,200,-16332,-1078,-10,-26,-3
18,910,1692127,195,-16315,-1083,-9,-28,-5
18,911,1692132,138,-16353,-1096,-12,-30,-6
18,912,1692137,188,-16422,-1113,-13,-29,-6
18,913,1692142,230,-16457,-1057,-12,-30,-7
18,914,1692147,199,-16513,-1074,-16,-25,-8
18,915,1692152,130,-16522,-1099,-17,-22,-9
18,916,1692157,163,-16530,-1122,-20,-18,-11
18,917,1692162,189,-16545,-1114,-22,-12,-13
18,918,1692167,201,-16546,-1051,-24,-6,-15
18,919,1692172,207,-16516,-1035,-23,-5,-15
18,920,1692177,196,-16466,-1079,-26,-5,-15
18,921,1692182,243,-16515,-1037,-28,-6,-17
18,922,1692187,248,-16542,-989,-29,-5,-20
18,923,1692192,157,-16500,-966,-29,-9,-22
18,924,1692197,140,-16546,-1063,-28,-20,-19
18,925,1692202,147,-16572,-1205,-30,-22,-19
18,926,1692207,123,-16533,-1153,-32,-15,-20
18,927,1692212,118,-16540,-1017,-33,-15,-22
18,928,1692217,43,-16504,-1006,-32,-20,-25
18,929,1692222,75,-16459,-1036,-33,-28,-25
18,930,1692227,137,-16472,-1151,-35,-23,-26
18,931,1692232,162,-16455,-1175,-36,-10,-29
18,932,1692237,114,-16412,-1143,-38,-1,-31
18,933,1692242,157,-16419,-1087,-39,0,-33
18,934,1692247,226,-16395,-1042,-40,1,-34
18,935,1692252,170,-16375,-990,-40,2,-32
18,936,1692257,48,-16379,-1006,-40,0,-33
18,937,1692262,70,-16335,-1027,-39,-10,-35
18,938,1692267,210,-16307,-1134,-45,-9,-38
18,939,1692272,192,-16327,-1107,-44,-2,-42
18,940,1692277,166,-16396,-1154,-42,-2,-40
18,941,1692282,281,-16394,-1193,-43,4,-40
18,942,1692287,360,-16429,-1161,-47,14,-42
18,943,1692292,275,-16513,-1096,-47,22,-44
18,944,1692297,184,-16513,-1053,-47,15,-44
18,945,1692302,219,-16466,-1021,-47,2,-44
18,946,1692307,268,-16397,-964,-46,-13,-40
18,947,1692312,302,-16385,-991,-45,-23,-42
18,948,1692317,256,-16429,-1061,-44,-33,-43
18,949,1692322,247,-16436,-1136,-43,-47,-41
18,950,1692327,320,-16500,-1232,-41,-47,-40
18,951,1692332,334,-16533,-1252,-44,-39,-43
18,952,1692337,273,-16457,-1172,-46,-31,-45
18,953,1692342,152,-16429,-1242,-40,-27,-42
18,954,1692347,139,-16401,-1236,-43,-25,-45
18,955,1692352,222,-16371,-1235,-45,-17,-46
18,956,1692357,300,-16388,-1204,-45,-10,-43
18,957,1692362,293,-16406,-1070,-42,-12,-44
18,958,1692367,256,-16420,-1059,-44,-18,-44
18,959,1692372,262,-16421,-1164,-41,-29,-43
18,960,1692377,286,-16390,-1169,-42,-33,-42
18,961,1692382,283,-16387,-1229,-41,-36,-41
18,962,1692387,334,-16396,-1217,-42,-37,-43
18,963,1692392,326,-16327,-1238,-41,-37,-41
18,964,1692397,423,-16352,-1232,-42,-36,-41
18,965,1692402,464,-16386,-1168,-41,-34,-39
18,966,1692407,381,-16375,-1120,-37,-34,-39
18,967,1692412,309,-16378,-1146,-38,-41,-39
18,968,1692417,260,-16362,-1191,-37,-52,-38
18,969,1692422,244,-16338,-1220,-37,-56,-36
18,970,1692427,209,-16344,-1255,-38,-57,-36
18,971,1692432,238,-16411,-1249,-37,-55,-35
18,972,1692437,235,-16442,-1238,-37,-48,-35
18,973,1692442,221,-16439,-1274,-36,-39,-34
18,974,1692447,219,-16415,-1309,-35,-25,-37
18,975,1692452,145,-16410,-1281,-35,-15,-38
18,976,1692457,155,-16454,-1231,-39,-6,-38
18,977,1692462,243,-16482,-1158,-38,0,-37
18,978,1692467,222,-16481,-1101,-36,3,-39
18,979,1692472,243,-16530,-1066,-35,-4,-39
18,980,1692477,297,-16544,-1094,-35,-12,-36
18,981,1692482,317,-16558,-1149,-35,-14,-36
18,982,1692487,317,-16504,-1122,-36,-17,-36
18,983,1692492,259,-16466,-1151,-34,-24,-36
18,984,1692497,288,-16429,-1248,-32,-32,-33
18,985,1692502,285,-16377,-1252,-31,-33,-33
18,986,1692507,278,-16299,-1186,-34,-39,-32
18,987,1692512,238,-16344,-1114,-31,-49,-28
18,988,1692517,273,-16267,-1159,-24,-56,-29
18,989,1692522,300,-16219,-1258,-24,-60,-27
18,990,1692527,315,-16247,-1273,-23,-60,-26
18,991,1692532,338,-16267,-1315,-23,-52,-27
18,992,1692537,324,-16277,-1374,-22,-46,-24
18,993,1692542,346,-16349,-1424,-21,-34,-22
18,994,1692547,345,-16347,-1408,-19,-16,-22
18,995,1692552,294,-16285,-1373,-20,-4,-24
18,996,1692557,250,-16355,-1329,-21,1,-20
18,997,1692562,246,-16387,-1248,-20,6,-21
18,998,1692567,273,-16411,-1074,-18,5,-21
18,999,1692572,259,-16401,-1048,-19,-2,-20
19,0,1718297,1118,-16475,-436,-11,-8,-11
19,1,1718302,1066,-16473,-500,-12,-20,-11
19,2,1718307,1133,-16501,-648,-12,-22,-12
19,3,1718312,1164,-16461,-688,-13,-17,-10
19,4,1718317,1049,-16457,-592,-15,-10,-12
19,5,1718322,967,-16469,-509,-15,-4,-12
19,6,1718327,1010,-16403,-582,-12,-3,-11
19,7,1718332,1070,-16414,-610,-15,0,-12
19,8,1718337,1063,-16397,-499,-17,0,-13
19,9,1718342,1025,-16400,-380,-14,-8,-13
19,10,1718347,1054,-16423,-502,-15,-19,-14
19,11,1718352,1083,-16424,-603,-13,-25,-12
19,12,1718357,1031,-16412,-642,-14,-26,-14
19,13,1718362,1048,-16418,-613,-15,-25,-10
19,14,1718367,1105,-16389,-628,-13,-25,-11
19,15,1718372,1111,-16464,-722,-14,-19,-11
19,16,1718377,1173,-16453,-715,-16,-9,-14
19,17,1718382,1103,-16430,-672,-14,1,-15
19,18,1718387,1093,-16508,-642,-16,8,-15
19,19,1718392,1047,-16464,-614,-18,18,-16
19,20,1718397,1059,-16399,-541,-17,23,-15
19,21,1718402,1068,-16378,-468,-15,24,-16
19,22,1718407,1039,-16417,-509,-17,18,-17
19,23,1718412,1077,-16423,-458,-18,10,-17
19,24,1718417,1132,-16394,-491,-17,1,-15
19,25,1718422,1064,-16394,-574,-14,-5,-15
19,26,1718427,1046,-16427,-554,-15,-8,-17
19,27,1718432,1069,-16479,-585,-16,-11,-15
19,28,1718437,1051,-16459,-538,-17,-12,-15
19,29,1718442,1085,-16485,-573,-15,-10,-19
19,30,1718447,1141,-16443,-689,-16,-4,-18
19,31,1718452,1106,-16432,-658,-15,0,-20
19,32,1718457,1094,-16433,-663,-12,2,-17
19,33,1718462,1154,-16400,-632,-14,3,-18
19,34,1718467,1161,-16414,-654,-12,10,-18
19,35,1718472,1100,-16415,-601,-15,19,-19
19,36,1718477,974,-16369,-488,-18,15,-20
19,37,1718482,954,-16380,-471,-15,6,-20
19,38,1718487,979,-16420,-608,-10,3,-17
19,39,1718492,1067,-16419,-568,-11,3,-17
19,40,1718497,1132,-16463,-525,-9,-8,-18
19,41,1718502,1181,-16461,-510,-11,-11,-22
19,42,1718507,1214,-16487,-579,-11,-17,-19
19,43,1718512,1192,-16472,-652,-12,-15,-19
19,44,1718517,1068,-16471,-667,-11,-6,-21
19,45,1718522,1038,-16445,-705,-9,-1,-19
19,46,1718527,1066,-16448,-685,-10,7,-18
19,47,1718532,1166,-16462,-721,-12,19,-21
19,48,1718537,1173,-16492,-576,-12,26,-22
19,49,1718542,1127,-16446,-564,-12,29,-26
19,50,1718547,1089,-16441,-539,-9,22,-23
19,51,1718552,1081,-16489,-518,-8,18,-21
19,52,1718557,1049,-16460,-533,-7,15,-22
19,53,1718562,1067,-16444,-509,-7,10,-21
19,54,1718567,1114,-16468,-545,-8,8,-21
19,55,1718572,1177,-16439,-553,-8,3,-23
19,56,1718577,1199,-16415,-488,-8,-2,-24
19,57,1718582,1120,-16400,-522,-7,-10,-22
19,58,1718587,1046,-16382,-637,-4,-15,-22
19,59,1718592,1017,-16386,-738,-5,-13,-24
19,60,1718597,1091,-16399,-694,-2,-1,-23
19,61,1718602,1144,-16430,-622,-2,8,-25
19,62,1718607,1132,-16446,-518,-4,5,-23
19,63,1718612,1060,-16455,-557,-3,2,-24
19,64,1718617,1026,-16405,-596,-3,-1,-24
19,65,1718622,1060,-16449,-641,0,-1,-22
19,66,1718627,1099,-16435,-629,-2,3,-25
19,67,1718632,1121,-16421,-614,-2,2,-23
19,68,1718637,1168,-16427,-604,0,-1,-23
19,69,1718642,1107,-16419,-606,1,-4,-23
19,70,1718647,1116,-16426,-590,-1,-9,-26
19,71,1718652,1137,-16452,-649,3,-6,-23
19,72,1718657,1138,-16480,-658,3,-4,-21
19,73,1718662,1143,-16494,-596,1,0,-24
19,74,1718667,1154,-16496,-568,2,1,-25
19,75,1718672,1184,-16511,-620,3,1,-22
19,76,1718677,1166,-16498,-627,2,1,-22
19,77,1718682,1151,-16514,-608,4,2,-21
19,78,1718687,1154,-16459,-563,4,0,-21
19,79,1718692,1158,-16424,-529,0,2,-21
19,80,1718697,1113,-16415,-582,2,-2,-19
19,81,1718702,1073,-16420,-571,6,-6,-20
19,82,1718707,1071,-16383,-616,4,-7,-21
19,83,1718712,1102,-16383,-600,2,-11,-20
19,84,1718717,1149,-16413,-642,5,-14,-18
19,85,1718722,1138,-16391,-613,5,-10,-18
19,86,1718727,1143,-16366,-599,4,-12,-17
19,87,1718732,1118,-16350,-626,5,-11,-15
19,88,1718737,1143,-16383,-649,7,-7,-18
19,89,1718742,1196,-16421,-614,8,-4,-15
19,90,1718747,1210,-16387,-541,5,2,-16
19,91,1718752,1187,-16392,-589,10,3,-19
19,92,1718757,1133,-16417,-612,9,4,-15
19,93,1718762,1129,-16394,-619,6,2,-11
19,94,1718767,1137,-16411,-586,6,0,-12
19,95,1718772,1130,-16427,-589,8,2,-11
19,96,1718777,1173,-16420,-567,10,1,-12
19,97,1718782,1177,-16437,-593,12,0,-9
19,98,1718787,1181,-16493,-618,7,2,-9
19,99,1718792,1088,-16441,-643,7,-6,-7
19,100,1718797,1121,-16451,-651,9,-10,-9
19,101,1718802,1129,-16486,-621,10,-6,-9
19,102,1718807,1112,-16454,-644,7,-2,-7
19,103,1718812,1063,-16388,-570,7,-6,-4
19,104,1718817,1093,-16358,-582,6,-10,-5
19,105,1718822,1126,-16365,-599,11,-15,-3
19,106,1718827,1183,-16375,-591,10,-15,-2
19,107,1718832,1199,-16386,-584,10,-17,-3
19,108,1718837,1157,-16409,-613,9,-21,-1
19,109,1718842,1131,-16445,-651,8,-22,-1
19,110,1718847,1119,-16448,-690,10,-17,-1
19,111,1718852,1106,-16396,-650,10,-11,3
19,112,1718857,1103,-16365,-651,10,-8,2
19,113,1718862,1135,-16357,-640,9,-6,0
19,114,1718867,1102,-16414,-622,8,-9,0
19,115,1718872,1115,-16425,-557,9,-11,3
19,116,1718877,1105,-16450,-627,8,-15,3
19,117,1718882,1140,-16457,-658,8,-12,4
19,118,1718887,1130,-16474,-645,12,-8,4
19,119,1718892,1154,-16472,-639,10,-9,4
19,120,1718897,1176,-16492,-578,8,-6,5
19,121,1718902,1172,-16410,-568,7,-4,6
19,122,1718907,1158,-16406,-576,8,-2,6
19,123,1718912,1126,-16411,-659,8,0,7
19,124,1718917,1059,-16422,-613,9,0,6
19,125,1718922,1040,-16422,-527,10,-2,10
19,126,1718927,1124,-16431,-582,9,-8,11
19,127,1718932,1091,-16448,-601,7,-12,7
19,128,1718937,1087,-16432,-636,8,-18,8
19,129,1718942,1101,-16383,-594,10,-22,11
19,130,1718947,1137,-16397,-601,7,-23,12
19,131,1718952,1093,-16376,-690,7,-26,11
19,132,1718957,1106,-16400,-636,7,-24,13
19,133,1718962,1127,-16392,-576,4,-17,12
19,134,1718967,1150,-16414,-628,5,-14,12
19,135,1718972,1232,-16487,-670,8,-14,14
19,136,1718977,1158,-16415,-652,7,-14,17
19,137,1718982,1059,-16427,-586,4,-15,14
19,138,1718987,1092,-16409,-612,4,-15,16
19,139,1718992,1098,-16397,-655,4,-12,14
19,140,1718997,1111,-16387,-663,4,-11,18
19,141,1719002,1100,-16341,-549,3,-7,17
19,142,1719007,1146,-16388,-534,5,-9,18
19,143,1719012,1118,-16400,-572,3,-17,20
19,144,1719017,1091,-16434,-663,4,-23,16
19,145,1719022,1098,-16464,-642,2,-19,16
19,146,1719027,1132,-16448,-637,0,-19,15
19,147,1719032,1079,-16476,-622,4,-20,18
19,148,1719037,1091,-16450,-619,5,-16,21
19,149,1719042,1070,-16500,-616,-1,-13,19
19,150,1719047,1060,-16463,-560,1,-15,15
19,151,1719052,1133,-16411,-577,2,-12,22
19,152,1719057,1151,-16472,-557,-1,-11,22
19,153,1719062,1138,-16476,-579,-1,-11,20
19,154,1719067,1104,-16391,-591,-1,-15,21
19,155,1719072,1070,-16366,-669,-1,-18,20
19,156,1719077,1051,-16376,-672,-2,-13,22
19,157,1719082,1095,-16342,-684,0,-7,20
19,158,1719087,1059,-16344,-621,-1,-4,20
19,159,1719092,1010,-16412,-563,-2,-8,21
19,160,1719097,1015,-16425,-531,-1,-14,23
19,161,1719102,1035,-16443,-522,-3,-17,22
19,162,1719107,1070,-16448,-547,-1,-21,20
19,163,1719112,1071,-16476,-526,1,-29,19
19,164,1719117,1076,-16448,-551,0,-39,19
19,165,1719122,1114,-16490,-605,-1,-45,20
19,166,1719127,1143,-16500,-639,-3,-42,21
19,167,1719132,1183,-16484,-719,-3,-33,20
19,168,1719137,1124,-16460,-666,-2,-22,16
19,169,1719142,1161,-16411,-648,-4,-12,17
19,170,1719147,1125,-16404,-688,-6,-6,18
19,171,1719152,1092,-16421,-602,-3,2,18
19,172,1719157,1118,-16423,-539,-3,6,16
19,173,1719162,1095,-16434,-529,-8,5,15
19,174,1719167,1083,-16460,-566,-6,0,17
19,175,1719172,1100,-16439,-559,-4,-2,17
19,176,1719177,1074,-16419,-530,-5,-6,17
19,177,1719182,1076,-16433,-607,-4,-14,14
19,178,1719187,1055,-16435,-651,-3,-14,17
19,179,1719192,1065,-16397,-636,-3,-10,13
19,180,1719197,1036,-16387,-612,-3,-7,9
19,181,1719202,1081,-16405,-675,0,-9,10
19,182,1719207,1117,-16479,-675,-3,-5,12
19,183,1719212,1104,-16504,-498,-4,-4,13
19,184,1719217,1082,-16487,-393,-6,-6,9
19,185,1719222,1036,-16493,-477,-3,-17,9
19,186,1719227,1071,-16484,-574,1,-25,8
19,187,1719232,1053,-16456,-504,0,-29,7
19,188,1719237,1094,-16501,-512,2,-39,9
19,189,1719242,1142,-16442,-542,0,-49,7
19,190,1719247,1066,-16378,-552,0,-63,5
19,191,1719252,1087,-16368,-707,0,-60,7
19,192,1719257,1105,-16372,-779,2,-41,4
19,193,1719262,1054,-16397,-729,0,-23,1
19,194,1719267,1046,-16416,-718,0,-9,2
19,195,1719272,1020,-16435,-647,0,1,-1
19,196,1719277,1015,-16439,-634,1,6,-2
19,197,1719282,1066,-16403,-485,1,7,-1
19,198,1719287,1119,-16398,-455,1,6,-4
19,199,1719292,1056,-16428,-503,1,-7,-3
19,200,1719297,1013,-16465,-543,5,-26,-2
19,201,1719302,1029,-16445,-543,5,-39,-2
19,202,1719307,992,-16455,-609,6,-44,-3
19,203,1719312,1034,-16407,-625,7,-43,-5
19,204,1719317,1071,-16396,-681,4,-39,-5
19,205,1719322,1126,-16391,-660,5,-34,-6
19,206,1719327,1079,-16435,-629,4,-31,-7
19,207,1719332,992,-16423,-598,6,-28,-12
19,208,1719337,987,-16418,-651,9,-24,-10
19,209,1719342,1120,-16451,-641,6,-19,-9
19,210,1719347,1124,-16500,-586,5,-13,-12
19,211,1719352,1131,-16526,-539,3,-13,-14
19,212,1719357,1096,-16532,-534,3,-18,-13
19,213,1719362,1063,-16518,-597,6,-20,-11
19,214,1719367,1011,-16490,-617,8,-19,-15
19,215,1719372,989,-16461,-613,6,-16,-16
19,216,1719377,1063,-16455,-551,6,-16,-16
19,217,1719382,1117,-16427,-521,9,-21,-14
19,218,1719387,1061,-16408,-495,9,-28,-16
19,219,1719392,1041,-16378,-575,6,-30,-16
19,220,1719397,1062,-16365,-582,7,-33,-18
19,221,1719402,1070,-16349,-574,6,-35,-18
19,222,1719407,1164,-16382,-385,6,-35,-17
19,223,1719412,1036,-16530,-623,7,-44,-18
19,224,1719417,1041,-16565,-732,9,-58,-16
19,225,1719422,971,-16396,-560,7,-65,-17
19,226,1719427,1058,-16423,-647,6,-73,-20
19,227,1719432,1161,-16423,-767,6,-57,-19
19,228,1719437,1125,-16430,-782,9,-32,-19
19,229,1719442,1027,-16433,-795,8,-15,-20
19,230,1719447,1021,-16431,-694,7,-8,-21
19,231,1719452,1076,-16462,-656,4,-3,-23
19,232,1719457,1142,-16504,-608,4,5,-25
19,233,1719462,1075,-16531,-526,6,14,-28
19,234,1719467,1060,-16527,-538,6,10,-22
19,235,1719472,1092,-16459,-567,7,-2,-25
19,236,1719477,1125,-16437,-543,5,-12,-24
19,237,1719482,1053,-16411,-495,4,-16,-24
19,238,1719487,1048,-16400,-619,8,-21,-25
19,239,1719492,1011,-16396,-634,9,-23,-22
19,240,1719497,1029,-16392,-635,7,-24,-23
19,241,1719502,1018,-16427,-608,7,-26,-24
19,242,1719507,993,-16446,-632,6,-26,-29
19,243,1719512,1008,-16375,-621,8,-23,-30
19,244,1719517,1015,-16267,-604,8,-20,-25
19,245,1719522,1056,-16323,-639,7,-22,-25
19,246,1719527,1099,-16437,-603,5,-25,-25
19,247,1719532,1087,-16487,-526,5,-31,-25
19,248,1719537,1090,-16509,-566,9,-37,-24
19,249,1719542,1080,-16523,-598,9,-43,-28
19,250,1719547,1078,-16542,-654,7,-43,-25
19,251,1719552,1091,-16429,-669,6,-33,-29
19,252,1719557,1116,-16415,-627,8,-32,-26
19,253,1719562,1102,-16479,-584,4,-28,-26
19,254,1719567,1117,-16426,-408,5,-27,-29
19,255,1719572,1132,-16423,-331,6,-35,-30
19,256,1719577,1100,-16496,-619,6,-45,-28
19,257,1719582,1134,-16390,-571,5,-55,-28
19,258,1719587,1032,-16349,-466,4,-78,-28
19,259,1719592,1072,-16363,-639,5,-92,-25
19,260,1719597,1208,-16403,-566,4,-82,-25
19,261,1719602,1248,-16419,-705,5,-56,-28
19,262,1719607,1184,-16424,-756,8,-34,-29
19,263,1719612,1124,-16393,-681,3,-27,-30
19,264,1719617,1128,-16385,-647,-2,-29,-33
19,265,1719622,1176,-16412,-575,-1,-25,-31
19,266,1719627,1224,-16449,-604,3,-6,-31
19,267,1719632,1228,-16519,-565,5,7,-30
19,268,1719637,1149,-16553,-515,1,4,-28
19,269,1719642,1190,-16511,-400,-1,-4,-30
19,270,1719647,1230,-16479,-420,2,-14,-29
19,271,1719652,1190,-16436,-516,6,-17,-30
19,272,1719657,1070,-16385,-500,5,-20,-31
19,273,1719662,1030,-16407,-509,6,-34,-29
19,274,1719667,1060,-16381,-464,5,-50,-29
19,275,1719672,1069,-16335,-524,5,-56,-32
19,276,1719677,1070,-16352,-601,6,-58,-33
19,277,1719682,1085,-16376,-636,9,-57,-31
19,278,1719687,1122,-16396,-629,7,-59,-31
19,279,1719692,1159,-16460,-558,11,-63,-31
19,280,1719697,1157,-16426,-583,9,-65,-30
19,281,1719702,1171,-16441,-654,11,-56,-31
19,282,1719707,1154,-16436,-692,12,-44,-34
19,283,1719712,1192,-16441,-582,10,-36,-35
19,284,1719717,1178,-16424,-499,11,-32,-34
19,285,1719722,1104,-16392,-464,10,-37,-34
19,286,1719727,1091,-16297,-547,14,-39,-33
19,287,1719732,1149,-16294,-602,14,-35,-36
19,288,1719737,1267,-16363,-463,11,-34,-36
19,289,1719742,1327,-16432,-363,13,-43,-33
19,290,1719747,1293,-16450,-348,12,-55,-34
19,291,1719752,1197,-16463,-548,18,-63,-34
19,292,1719757,1138,-16503,-732,18,-68,-33
19,293,1719762,1137,-16425,-663,20,-61,-29
19,294,1719767,1183,-16375,-549,19,-55,-31
19,295,1719772,1171,-16406,-578,18,-54,-33
19,296,1719777,1236,-16385,-609,18,-50,-36
19,297,1719782,1220,-16393,-665,19,-45,-36
19,298,1719787,1192,-16397,-614,21,-42,-33
19,299,1719792,1133,-16438,-524,22,-40,-34
19,300,1719797,1188,-16449,-593,21,-44,-35
19,301,1719802,1219,-16433,-650,21,-40,-30
19,302,1719807,1174,-16425,-547,24,-34,-33
19,303,1719812,1101,-16364,-502,23,-34,-33
19,304,1719817,1137,-16408,-534,24,-38,-36
19,305,1719822,1174,-16426,-580,23,-39,-33
19,306,1719827,1251,-16423,-599,26,-36,-33
19,307,1719832,1187,-16441,-551,26,-36,-32
19,308,1719837,1123,-16451,-483,25,-41,-35
19,309,1719842,1142,-16472,-495,27,-49,-32
19,310,1719847,1187,-16442,-561,27,-51,-33
19,311,1719852,1249,-16402,-577,24,-45,-36
19,312,1719857,1238,-16418,-586,27,-42,-32
19,313,1719862,1250,-16373,-580,28,-43,-31
19,314,1719867,1223,-16408,-628,27,-44,-32
19,315,1719872,1179,-16392,-613,28,-41,-30
19,316,1719877,1222,-16359,-666,29,-28,-33
19,317,1719882,1181,-16350,-717,28,-21,-32
19,318,1719887,1213,-16419,-651,26,-13,-32
19,319,1719892,1271,-16479,-573,25,-8,-32
19,320,1719897,1330,-16475,-575,27,-6,-30
19,321,1719902,1371,-16492,-556,27,5,-29
19,322,1719907,1318,-16521,-586,24,12,-29
19,323,1719912,1253,-16456,-538,25,8,-29
19,324,1719917,1197,-16413,-530,27,7,-26
19,325,1719922,1328,-16383,-496,21,14,-26
19,326,1719927,1251,-16348,-442,21,11,-28
19,327,1719932,1144,-16327,-421,21,1,-26
19,328,1719937,1160,-16333,-438,20,-11,-27
19,329,1719942,1178,-16398,-556,21,-22,-25
19,330,1719947,1245,-16401,-531,20,-23,-24
19,331,1719952,1292,-16465,-542,19,-21,-23
19,332,1719957,1273,-16500,-544,19,-23,-25
19,333,1719962,1247,-16508,-621,18,-24,-23
19,334,1719967,1304,-16529,-700,19,-20,-21
19,335,1719972,1295,-16548,-751,17,-5,-21
19,336,1719977,1216,-16474,-634,14,8,-22
19,337,1719982,1235,-16461,-602,12,16,-20
19,338,1719987,1258,-16432,-554,14,23,-20
19,339,1719992,1301,-16408,-547,11,26,-20
19,340,1719997,1279,-16409,-475,11,26,-18
19,341,1720002,1184,-16418,-380,7,21,-19
19,342,1720007,1196,-16373,-424,7,9,-17
19,343,1720012,1271,-16332,-494,8,2,-15
19,344,1720017,1334,-16367,-438,4,-1,-16
19,345,1720022,1320,-16403,-456,5,-5,-14
19,346,1720027,1259,-16393,-482,2,-12,-11
19,347,1720032,1215,-16434,-538,2,-22,-9
19,348,1720037,1222,-16447,-580,4,-18,-9
19,349,1720042,1236,-16420,-596,1,-9,-9
19,350,1720047,1269,-16440,-559,-2,-2,-11
19,351,1720052,1232,-16468,-521,-4,-1,-8
19,352,1720057,1231,-16412,-564,-4,-6,-7
19,353,1720062,1229,-16425,-626,-6,-10,-7
19,354,1720067,1243,-16418,-592,-5,-8,-7
19,355,1720072,1303,-16418,-579,-7,-7,-6
19,356,1720077,1272,-16426,-543,-9,-8,-4
19,357,1720082,1179,-16366,-538,-9,-10,-3
19,358,1720087,1246,-16372,-603,-13,-11,-1
19,359,1720092,1292,-16385,-601,-13,-6,0
19,360,1720097,1279,-16405,-545,-12,-5,4
19,361,1720102,1301,-16432,-552,-14,-4,2
19,362,1720107,1280,-16509,-551,-14,-7,2
19,363,1720112,1257,-16502,-543,-16,-5,2
19,364,1720117,1263,-16508,-541,-18,-1,4
19,365,1720122,1271,-16475,-449,-18,0,5
19,366,1720127,1231,-16442,-430,-18,-7,6
19,367,1720132,1251,-16433,-484,-22,-18,6
19,368,1720137,1273,-16458,-529,-20,-19,9
19,369,1720142,1324,-16461,-488,-21,-23,9
19,370,1720147,1329,-16416,-503,-25,-24,7
19,371,1720152,1250,-16403,-562,-23,-25,8
19,372,1720157,1208,-16424,-651,-24,-25,9
19,373,1720162,1211,-16422,-653,-23,-22,10
19,374,1720167,1238,-16376,-604,-24,-14,11
19,375,1720172,1246,-16380,-589,-26,-7,12
19,376,1720177,1316,-16429,-650,-27,2,12
19,377,1720182,1366,-16454,-613,-30,4,16
19,378,1720187,1338,-16400,-483,-28,3,14
19,379,1720192,1260,-16373,-448,-30,1,9
19,380,1720197,1206,-16374,-477,-32,-4,10
19,381,1720202,1186,-16411,-527,-31,-9,13
19,382,1720207,1238,-16448,-557,-30,-10,15
19,383,1720212,1276,-16462,-499,-28,-14,14
19,384,1720217,1285,-16434,-500,-31,-20,14
19,385,1720222,1251,-16439,-512,-31,-26,14
19,386,1720227,1214,-16420,-588,-27,-27,18
19,387,1720232,1189,-16391,-657,-27,-20,15
19,388,1720237,1232,-16386,-632,-31,-15,14
19,389,1720242,1235,-16421,-620,-30,-9,14
19,390,1720247,1218,-16413,-636,-28,-4,13
19,391,1720252,1250,-16372,-629,-27,-1,14
19,392,1720257,1252,-16372,-605,-26,3,14
19,393,1720262,1264,-16391,-560,-30,6,10
19,394,1720267,1279,-16397,-594,-29,4,16
19,395,1720272,1271,-16407,-574,-26,7,13
19,396,1720277,1266,-16386,-600,-26,4,11
19,397,1720282,1300,-16367,-527,-26,6,15
19,398,1720287,1138,-16432,-385,-25,0,11
19,399,1720292,1158,-16371,-357,-23,-12,13
19,400,1720297,1132,-16470,-472,-22,-22,13
19,401,1720302,1155,-16513,-550,-22,-25,13
19,402,1720307,1179,-16513,-510,-21,-33,13
19,403,1720312,1281,-16469,-550,-20,-44,12
19,404,1720317,1174,-16405,-588,-17,-55,12
19,405,1720322,1085,-16529,-510,-13,-65,11
19,406,1720327,1118,-16483,-524,-12,-68,10
19,407,1720332,1204,-16422,-614,-11,-65,14
19,408,1720337,1240,-16457,-758,-10,-53,13
19,409,1720342,1255,-16488,-694,-11,-37,10
19,410,1720347,1164,-16501,-564,-12,-37,12
19,411,1720352,1100,-16513,-500,-10,-37,15
19,412,1720357,1209,-16404,-564,-9,-32,13
19,413,1720362,1246,-16371,-629,-8,-26,11
19,414,1720367,1079,-16405,-734,-6,-25,17
19,415,1720372,1084,-16462,-334,-9,-35,18
19,416,1720377,1126,-16417,-218,-11,-52,18
19,417,1720382,1006,-16474,-348,-3,-68,23
19,418,1720387,1042,-16469,-793,2,-73,24
19,419,1720392,1083,-16542,-778,-1,-68,26
19,420,1720397,1093,-16519,-437,-6,-78,28
19,421,1720402,1021,-16429,-435,-5,-95,28
19,422,1720407,910,-16436,-825,5,-101,33
19,423,1720412,880,-16503,-952,4,-87,36
19,424,1720417,841,-16557,-800,-1,-76,39
19,425,1720422,828,-16538,-592,-1,-79,47
19,426,1720427,911,-16548,-711,1,-81,48
19,427,1720432,888,-16498,-1027,1,-73,50
19,428,1720437,821,-16487,-929,3,-54,59
19,429,1720442,921,-16437,-826,1,-52,66
19,430,1720447,1050,-16396,-815,-2,-50,71
19,431,1720452,1077,-16381,-847,-3,-44,78
19,432,1720457,1091,-16446,-778,-4,-36,83
19,433,1720462,1056,-16517,-688,-8,-23,91
19,434,1720467,1024,-16611,-626,-11,-24,99
19,435,1720472,951,-16675,-560,-16,-22,109
19,436,1720477,969,-16672,-681,-21,-15,116
19,437,1720482,954,-16718,-816,-20,-11,126
19,438,1720487,810,-16719,-798,-24,-7,140
19,439,1720492,710,-16743,-737,-28,-12,147
19,440,1720497,691,-16702,-751,-30,-18,157
19,441,1720502,681,-16704,-839,-37,-14,167
19,442,1720507,630,-16649,-851,-38,-1,176
19,443,1720512,608,-16499,-880,-43,1,183
19,444,1720517,595,-16399,-781,-50,-8,197
19,445,1720522,611,-16341,-579,-57,-25,210
19,446,1720527,446,-16413,-558,-59,-53,218
19,447,1720532,294,-16493,-522,-57,-77,230
19,448,1720537,397,-16570,-707,-62,-98,245
19,449,1720542,563,-16708,-717,-69,-111,259
19,450,1720547,680,-16658,-593,-75,-117,263
19,451,1720552,463,-16567,-302,-83,-134,273
19,452,1720557,166,-16509,-784,-86,-166,288
19,453,1720562,443,-16627,-1348,-83,-172,302
19,454,1720567,560,-16737,-1472,-89,-148,312
19,455,1720572,672,-16819,-1257,-104,-124,322
19,456,1720577,426,-16760,-770,-110,-118,329
19,457,1720582,260,-16794,-1081,-112,-125,340
19,458,1720587,114,-16657,-1459,-116,-101,353
19,459,1720592,21,-16440,-1374,-124,-60,358
19,460,1720597,-55,-16326,-1237,-133,-37,366
19,461,1720602,-43,-16232,-972,-140,-31,378
19,462,1720607,98,-16122,-1073,-145,-41,388
19,463,1720612,154,-16180,-1156,-144,-36,397
19,464,1720617,-6,-16271,-867,-148,-40,403
19,465,1720622,-79,-16355,-856,-154,-64,413
19,466,1720627,12,-16291,-1016,-159,-78,421
19,467,1720632,39,-16267,-989,-163,-74,431
19,468,1720637,-8,-16267,-1041,-168,-61,438
19,469,1720642,-219,-16243,-902,-171,-49,441
19,470,1720647,-187,-16134,-999,-172,-64,452
19,471,1720652,-98,-16005,-1068,-177,-73,459
19,472,1720657,-334,-15941,-1120,-179,-71,465
19,473,1720662,-526,-15990,-1177,-180,-87,471
19,474,1720667,-458,-15954,-1305,-184,-94,478
19,475,1720672,-73,-16145,-1373,-183,-84,487
19,476,1720677,-32,-16099,-1377,-188,-53,486
19,477,1720682,-239,-16179,-1148,-188,-37,483
19,478,1720687,-412,-16259,-1204,-187,-41,486
19,479,1720692,-150,-16421,-1288,-191,-33,492
19,480,1720697,43,-16500,-1226,-194,-11,495
19,481,1720702,33,-16559,-876,-192,17,490
19,482,1720707,-230,-16708,-800,-191,18,492
19,483,1720712,-201,-16712,-776,-196,5,496
19,484,1720717,-68,-16619,-788,-197,1,503
19,485,1720722,-266,-16525,-919,-191,-2,500
19,486,1720727,-610,-16351,-868,-188,-9,498
19,487,1720732,-827,-16279,-1067,-186,-33,499
19,488,1720737,-572,-16359,-1327,-182,-53,503
19,489,1720742,-279,-16445,-1106,-182,-48,502
19,490,1720747,-472,-16470,-1061,-180,-48,494
19,491,1720752,-900,-16509,-1146,-173,-58,490
19,492,1720757,-752,-16332,-1399,-170,-69,491
19,493,1720762,-486,-16206,-1532,-169,-46,486
19,494,1720767,-682,-16105,-1349,-166,-8,476
19,495,1720772,-824,-15982,-1251,-165,3,468
19,496,1720777,-978,-15923,-1370,-160,2,466
19,497,1720782,-841,-15899,-1458,-153,-7,466
19,498,1720787,-737,-15968,-1292,-150,3,458
19,499,1720792,-814,-16058,-1107,-142,10,445
19,500,1720797,-856,-16129,-1146,-139,4,436
19,501,1720802,-786,-16219,-1249,-134,-8,434
19,502,1720807,-663,-16295,-1375,-126,-8,434
19,503,1720812,-495,-16299,-1094,-120,7,422
19,504,1720817,-823,-16409,-1015,-119,12,414
19,505,1720822,-869,-16530,-1278,-113,5,405
19,506,1720827,-796,-16474,-1309,-110,11,396
19,507,1720832,-822,-16509,-1204,-107,19,390
19,508,1720837,-819,-16434,-1022,-102,28,378
19,509,1720842,-941,-16420,-927,-94,29,367
19,510,1720847,-939,-16456,-1392,-84,20,359
19,511,1720852,-854,-16497,-1396,-76,28,350
19,512,1720857,-972,-16509,-1251,-74,28,336
19,513,1720862,-990,-16471,-1087,-70,22,324
19,514,1720867,-966,-16459,-1134,-63,19,316
19,515,1720872,-900,-16508,-1330,-51,20,302
19,516,1720877,-1066,-16547,-1123,-44,23,287
19,517,1720882,-1114,-16374,-1285,-35,9,273
19,518,1720887,-903,-16330,-1288,-30,6,258
19,519,1720892,-1063,-16372,-1219,-23,8,243
19,520,1720897,-1144,-16339,-1022,-15,5,233
19,521,1720902,-1299,-16393,-1332,-4,-7,219
19,522,1720907,-1157,-16484,-1387,7,-17,202
19,523,1720912,-1154,-16430,-1243,11,-25,187
19,524,1720917,-1152,-16373,-998,16,-39,170
19,525,1720922,-1077,-16320,-1173,31,-58,152
19,526,1720927,-1044,-16334,-1227,44,-65,135
19,527,1720932,-1020,-16386,-961,46,-67,117
19,528,1720937,-1090,-16466,-995,55,-79,100
19,529,1720942,-944,-16457,-1034,66,-89,86
19,530,1720947,-745,-16500,-1068,76,-85,67
19,531,1720952,-706,-16522,-1023,81,-79,49
19,532,1720957,-771,-16506,-748,85,-88,31
19,533,1720962,-884,-16461,-878,96,-111,12
19,534,1720967,-985,-16450,-1236,105,-124,-7
19,535,1720972,-1165,-16462,-1403,114,-116,-24
19,536,1720977,-1227,-16398,-1324,118,-108,-45
19,537,1720982,-967,-16248,-1304,125,-99,-61
19,538,1720987,-827,-16171,-1193,132,-88,-82
19,539,1720992,-835,-16124,-1158,142,-80,-101
19,540,1720997,-926,-16080,-1158,149,-70,-124
19,541,1721002,-989,-16086,-1292,159,-72,-140
19,542,1721007,-994,-16062,-1344,164,-64,-159
19,543,1721012,-855,-16105,-1304,171,-45,-179
19,544,1721017,-717,-16174,-1233,174,-18,-204
19,545,1721022,-738,-16284,-1121,182,6,-221
19,546,1721027,-625,-16492,-1270,194,31,-259
19,547,1721032,-488,-16538,-1059,199,49,-279
19,548,1721037,-441,-16584,-876,200,70,-295
19,549,1721042,-549,-16594,-1056,209,84,-315
19,550,1721047,-630,-16561,-1019,214,97,-332
19,551,1721052,-664,-16483,-932,217,106,-351
19,552,1721057,-601,-16386,-888,222,115,-370
19,553,1721062,-732,-16431,-1127,231,125,-386
19,554,1721067,-787,-16415,-1455,237,146,-405
19,555,1721072,-864,-16428,-1393,239,172,-427
19,556,1721077,-603,-16421,-1106,242,191,-443
19,557,1721082,-299,-16493,-640,245,211,-462
19,558,1721087,-107,-16792,-416,253,222,-479
19,559,1721092,-106,-16992,-234,260,211,-497
19,560,1721097,-255,-16992,99,263,175,-512
19,561,1721102,-244,-16958,-39,267,118,-521
19,562,1721107,-358,-16965,-377,274,68,-536
19,563,1721112,-526,-16911,-550,285,30,-555
19,564,1721117,-800,-16758,-725,290,-10,-570
19,565,1721122,-546,-16696,-700,292,-41,-584
19,566,1721127,-329,-16758,-787,293,-58,-600
19,567,1721132,-281,-16785,-730,306,-60,-621
19,568,1721137,-284,-16667,-921,313,-56,-640
19,569,1721142,-173,-16638,-1067,311,-46,-653
19,570,1721147,-16,-16656,-1126,313,-36,-665
19,571,1721152,93,-16692,-772,314,-10,-685
19,572,1721157,31,-16686,-443,315,15,-704
19,573,1721162,160,-16743,-664,323,24,-716
19,574,1721167,380,-16751,-855,326,40,-730
19,575,1721172,667,-16731,-624,324,61,-745
19,576,1721177,578,-16783,-149,321,65,-760
19,577,1721182,550,-16870,-24,324,48,-774
19,578,1721187,461,-17072,-183,330,27,-784
19,579,1721192,478,-17162,-357,335,17,-794
19,580,1721197,537,-17150,-314,332,9,-802
19,581,1721202,523,-17103,-250,332,-8,-816
19,582,1721207,448,-17100,-196,333,-32,-827
19,583,1721212,532,-17043,-279,338,-57,-834
19,584,1721217,576,-17032,-526,346,-70,-843
19,585,1721222,445,-16950,-509,345,-74,-857
19,586,1721227,379,-16863,-587,345,-85,-867
19,587,1721232,606,-16832,-551,341,-89,-878
19,588,1721237,834,-16832,-488,336,-78,-891
19,589,1721242,854,-16770,-192,335,-61,-901
19,590,1721247,856,-16734,-136,335,-63,-910
19,591,1721252,846,-16649,-244,337,-78,-914
19,592,1721257,840,-16674,-398,335,-98,-921
19,593,1721262,974,-16604,-250,328,-105,-930
19,594,1721267,1026,-16529,301,325,-118,-938
19,595,1721272,1058,-16475,153,326,-144,-942
19,596,1721277,1153,-16478,-139,330,-168,-942
19,597,1721282,1103,-16515,-198,328,-184,-946
19,598,1721287,970,-16447,-563,321,-200,-950
19,599,1721292,2511,-20060,-707,317,-193,-956
19,600,1721297,9201,-32768,3417,383,-65,-969
19,601,1721320,-2621,-7397,32767,-364,3684,-650
19,602,1721321,-2621,-7397,32767,-364,3684,-650
19,603,1721323,-2621,-7397,32767,-364,3684,-650
19,604,1721324,-32768,-10593,-6962,306,-1129,-46
19,605,1721325,-32768,-10593,-6962,306,-1129,-46
19,606,1721327,-32768,-10593,-6962,306,-1129,-46
19,607,1721332,-3788,-16170,-32112,132,-2240,1223
19,608,1721337,32767,-17832,-8443,-282,-315,1213
19,609,1721342,18451,-14719,19824,-420,1565,39
19,610,1721347,-32564,-10945,20561,-123,943,-344
19,611,1721352,-23980,-16426,-19406,40,-1196,668
19,612,1721357,23242,-19339,-16269,-84,-513,1176
19,613,1721362,27884,-16533,9416,-302,762,472
19,614,1721367,-11659,-13462,19551,-255,578,-142
19,615,1721372,-22421,-15675,-4384,-60,-722,296
19,616,1721377,8024,-19437,-17227,-18,-693,890
19,617,1721382,21337,-18743,-1242,-145,419,658
19,618,1721387,2413,-15521,11057,-268,754,102
19,619,1721392,-15376,-15502,7292,-197,90,134
19,620,1721397,14976,-18670,-9624,-94,30,650
19,621,1721402,7280,-16097,4690,-199,846,269
19,622,1721407,-8969,-15155,10316,-189,590,129
19,623,1721412,-6633,-16621,-2425,-97,-215,399
19,624,1721417,7409,-17955,-7920,-67,-180,556
19,625,1721422,8237,-16704,-772,-139,365,349
19,626,1721427,-3224,-15334,6573,-176,501,162
19,627,1721432,-5882,-16165,3097,-133,-6,271
19,628,1721437,2820,-17361,-5541,-70,-266,439
19,629,1721442,7093,-17082,-3296,-98,119,362
19,630,1721447,676,-15897,3082,-139,380,197
19,631,1721452,-4514,-15931,3485,-126,127,208
19,632,1721457,-260,-16731,-2207,-94,-153,327
19,633,1721462,4877,-17150,-4341,-89,8,333
19,634,1721467,2455,-16358,975,-116,334,216
19,635,1721472,-2089,-16020,3669,-118,266,174
19,636,1721477,-1257,-16471,-9,-99,-19,240
19,637,1721482,2651,-17054,-3371,-87,-52,274
19,638,1721487,2512,-16753,-677,-104,186,214
19,639,1721492,-523,-16323,3123,-107,236,161
19,640,1721497,-1311,-16546,1588,-87,-3,185
19,641,1721502,909,-16948,-2300,-71,-151,216
19,642,1721507,1917,-16866,-2091,-79,-40,190
19,643,1721512,89,-16334,1058,-88,65,141
19,644,1721517,-1130,-16375,1606,-71,-24,141
19,645,1721522,254,-16896,-1589,-55,-144,165
19,646,1721527,1469,-17013,-2334,-58,-70,153
19,647,1721532,861,-16653,-20,-68,49,117
19,648,1721537,-207,-16440,1288,-69,28,100
19,649,1721542,155,-16604,-440,-50,-60,110
19,650,1721547,1036,-16694,-2004,-41,-41,111
19,651,1721552,742,-16421,-812,-53,60,86
19,652,1721557,53,-16125,932,-54,69,66
19,653,1721562,140,-16185,301,-45,-11,67
19,654,1721567,947,-16396,-1157,-37,-32,64
19,655,1721572,894,-16377,-1020,-39,31,45
19,656,1721577,256,-16280,225,-46,54,29
19,657,1721582,95,-16321,361,-47,-2,27
19,658,1721587,623,-16510,-665,-39,-41,25
19,659,1721592,812,-16551,-945,-38,3,14
19,660,1721597,383,-16374,-77,-35,47,-3
19,661,1721602,83,-16335,102,-33,20,-8
19,662,1721607,311,-16424,-527,-30,-21,-7
19,663,1721612,528,-16440,-859,-26,-18,-18
19,664,1721617,238,-16356,-637,-23,14,-28
19,665,1721622,32,-16325,-135,-16,24,-36
19,666,1721627,274,-16311,-415,-12,-1,-40
19,667,1721632,596,-16347,-801,-12,-3,-47
19,668,1721637,489,-16284,-569,-12,25,-57
19,669,1721642,268,-16283,-460,-12,43,-64
19,670,1721647,329,-16375,-715,-10,42,-66
19,671,1721652,546,-16530,-831,-8,55,-71
19,672,1721657,543,-16601,-486,-13,74,-79
19,673,1721662,369,-16596,-177,-14,80,-85
19,674,1721667,326,-16697,-378,-9,74,-85
19,675,1721672,396,-16750,-660,-8,70,-84
19,676,1721677,410,-16717,-437,-8,73,-88
19,677,1721682,229,-16697,-72,-10,62,-91
19,678,1721687,46,-16607,-97,-10,35,-95
19,679,1721692,18,-16599,-454,-4,18,-95
19,680,1721697,15,-16571,-743,-4,22,-98
19,681,1721702,70,-16536,-551,-6,23,-97
19,682,1721707,-126,-16536,-428,-8,7,-101
19,683,1721712,-34,-16587,-728,-10,-11,-102
19,684,1721717,0,-16711,-954,-8,-5,-101
19,685,1721722,191,-16784,-941,-12,13,-106
19,686,1721727,136,-16725,-596,-18,31,-107
19,687,1721732,165,-16701,-607,-22,34,-109
19,688,1721737,88,-16687,-898,-22,42,-109
19,689,1721742,134,-16603,-987,-26,71,-107
19,690,1721747,176,-16502,-1030,-31,101,-106
19,691,1721752,278,-16395,-927,-40,128,-105
19,692,1721757,325,-16384,-714,-41,140,-103
19,693,1721762,299,-16399,-472,-45,143,-99
19,694,1721767,267,-16423,-416,-46,130,-92
19,695,1721772,323,-16519,-278,-51,117,-89
19,696,1721777,151,-16529,36,-55,87,-86
19,697,1721782,196,-16511,-35,-58,43,-80
19,698,1721787,164,-16482,-256,-60,8,-70
19,699,1721792,239,-16469,-418,-59,-28,-64
19,700,1721797,73,-16496,-265,-60,-62,-62
19,701,1721802,-44,-16475,-366,-65,-100,-58
19,702,1721807,-20,-16516,-726,-65,-120,-52
19,703,1721812,86,-16590,-1243,-59,-112,-45
19,704,1721817,117,-16545,-1295,-63,-81,-44
19,705,1721822,5,-16469,-983,-68,-54,-47
19,706,1721827,-55,-16489,-1016,-73,-46,-45
19,707,1721832,92,-16472,-1288,-72,-22,-41
19,708,1721837,208,-16498,-1219,-74,25,-37
19,709,1721842,242,-16410,-826,-80,56,-33
19,710,1721847,145,-16328,-407,-85,58,-30
19,711,1721852,124,-16235,-452,-87,40,-28
19,712,1721857,260,-16310,-677,-84,26,-24
19,713,1721862,333,-16315,-569,-83,29,-19
19,714,1721867,254,-16324,-198,-91,15,-13
19,715,1721872,111,-16310,-164,-94,-26,-11
19,716,1721877,112,-16323,-543,-93,-66,-7
19,717,1721882,126,-16372,-757,-93,-84,1
19,718,1721887,135,-16405,-622,-93,-89,7
19,719,1721892,83,-16403,-518,-93,-97,8
19,720,1721897,95,-16412,-744,-94,-112,10
19,721,1721902,156,-16409,-1157,-91,-114,10
19,722,1721907,124,-16420,-1190,-90,-94,13
19,723,1721912,60,-16449,-1032,-91,-72,16
19,724,1721917,88,-16506,-949,-91,-62,19
19,725,1721922,237,-16568,-1054,-88,-46,21
19,726,1721927,224,-16580,-971,-86,-23,23
19,727,1721932,200,-16568,-812,-85,-9,24
19,728,1721937,152,-16517,-682,-83,-12,23
19,729,1721942,327,-16377,-835,-85,-18,25
19,730,1721947,427,-16362,-752,-83,-17,28
19,731,1721952,285,-16355,-562,-85,-17,30
19,732,1721957,220,-16375,-566,-82,-28,32
19,733,1721962,248,-16391,-614,-79,-47,35
19,734,1721967,282,-16502,-703,-78,-54,38
19,735,1721972,221,-16519,-725,-78,-57,40
19,736,1721977,160,-16530,-740,-79,-55,39
19,737,1721982,244,-16528,-783,-78,-60,39
19,738,1721987,281,-16499,-910,-75,-60,45
19,739,1721992,192,-16457,-1035,-73,-51,44
19,740,1721997,210,-16454,-1004,-72,-38,42
19,741,1722002,259,-16443,-949,-70,-24,44
19,742,1722007,380,-16603,-892,-68,-7,44
19,743,1722012,413,-16629,-717,-69,6,43
19,744,1722017,268,-16554,-489,-65,4,43
19,745,1722022,162,-16475,-574,-63,-15,42
19,746,1722027,141,-16363,-682,-62,-30,44
19,747,1722032,227,-16303,-691,-57,-47,48
19,748,1722037,213,-16238,-582,-53,-67,48
19,749,1722042,203,-16245,-573,-51,-91,46
19,750,1722047,163,-16230,-803,-47,-112,48
19,751,1722052,194,-16278,-1028,-43,-113,51
19,752,1722057,216,-16272,-1002,-44,-104,49
19,753,1722062,194,-16293,-908,-39,-92,46
19,754,1722067,212,-16345,-999,-38,-80,45
19,755,1722072,280,-16433,-1113,-36,-61,44
19,756,1722077,368,-16519,-1057,-36,-38,43
19,757,1722082,364,-16575,-959,-33,-12,42
19,758,1722087,345,-16619,-872,-29,8,42
19,759,1722092,244,-16658,-880,-26,15,41
19,760,1722097,138,-16650,-858,-25,17,41
19,761,1722102,160,-16582,-883,-19,18,41
19,762,1722107,210,-16462,-831,-18,24,39
19,763,1722112,218,-16465,-823,-13,19,35
19,764,1722117,212,-16396,-846,-7,12,33
19,765,1722122,360,-16441,-834,-9,5,38
19,766,1722127,373,-16450,-737,-7,-2,38
19,767,1722132,66,-16416,-834,3,-5,29
19,768,1722137,51,-16392,-1039,8,-8,32
19,769,1722142,166,-16319,-997,10,0,30
19,770,1722147,195,-16290,-894,9,7,28
19,771,1722152,180,-16385,-836,13,7,23
19,772,1722157,218,-16415,-895,17,5,24
19,773,1722162,280,-16431,-802,18,8,23
19,774,1722167,260,-16441,-719,18,12,20
19,775,1722172,205,-16437,-726,23,12,17
19,776,1722177,161,-16486,-839,28,2,17
19,777,1722182,170,-16513,-917,27,3,16
19,778,1722187,239,-16485,-804,30,5,16
19,779,1722192,236,-16502,-700,33,3,14
19,780,1722197,227,-16508,-730,35,0,14
19,781,1722202,180,-16495,-837,39,-5,12
19,782,1722207,168,-16434,-923,43,-2,10
19,783,1722212,122,-16358,-895,46,-1,10
19,784,1722217,129,-16315,-822,49,1,6
19,785,1722222,235,-16334,-852,49,-2,4
19,786,1722227,234,-16310,-859,53,1,4
19,787,1722232,209,-16302,-845,57,6,-1
19,788,1722237,176,-16301,-810,58,7,-3
19,789,1722242,180,-16366,-794,60,5,-1
19,790,1722247,212,-16416,-827,61,2,-2
19,791,1722252,266,-16469,-855,63,4,-7
19,792,1722257,292,-16485,-753,64,8,-9
19,793,1722262,334,-16447,-675,67,8,-9
19,794,1722267,268,-16573,-751,69,9,-12
19,795,1722272,175,-16660,-782,71,8,-11
19,796,1722277,217,-16634,-830,71,9,-13
19,797,1722282,238,-16583,-792,73,10,-13
19,798,1722287,275,-16560,-724,70,15,-13
19,799,1722292,303,-16565,-741,72,16,-16
19,800,1722297,240,-16570,-781,77,12,-19
19,801,1722302,142,-16517,-829,78,9,-21
19,802,1722307,168,-16507,-866,78,7,-23
19,803,1722312,170,-16455,-854,79,9,-24
19,804,1722317,158,-16411,-826,79,15,-27
19,805,1722322,134,-16343,-836,78,17,-28
19,806,1722327,131,-16358,-896,83,16,-28
19,807,1722332,91,-16318,-949,82,19,-28
19,808,1722337,111,-16368,-895,82,25,-28
19,809,1722342,200,-16388,-863,84,31,-29
19,810,1722347,278,-16421,-759,84,36,-32
19,811,1722352,210,-16373,-696,85,36,-34
19,812,1722357,108,-16351,-734,85,36,-35
19,813,1722362,105,-16328,-792,85,30,-33
19,814,1722367,139,-16353,-833,85,30,-33
19,815,1722372,138,-16366,-769,86,31,-35
19,816,1722377,213,-16414,-719,84,28,-37
19,817,1722382,294,-16500,-737,84,31,-39
19,818,1722387,244,-16549,-697,83,30,-40
19,819,1722392,196,-16607,-613,81,29,-38
19,820,1722397,195,-16581,-563,79,24,-39
19,821,1722402,215,-16539,-700,78,17,-38
19,822,1722407,206,-16558,-819,79,15,-40
19,823,1722412,145,-16566,-750,77,12,-40
19,824,1722417,204,-16539,-693,75,5,-41
19,825,1722422,264,-16505,-765,74,-2,-37
19,826,1722427,214,-16487,-875,73,3,-38
19,827,1722432,146,-16483,-967,72,10,-39
19,828,1722437,118,-16458,-911,71,19,-39
19,829,1722442,151,-16405,-780,66,24,-41
19,830,1722447,194,-16363,-717,65,34,-40
19,831,1722452,285,-16384,-715,63,43,-42
19,832,1722457,292,-16442,-714,59,50,-40
19,833,1722462,267,-16473,-540,57,48,-37
19,834,1722467,240,-16496,-510,54,36,-40
19,835,1722472,180,-16478,-528,52,24,-40
19,836,1722477,194,-16451,-607,53,17,-37
19,837,1722482,130,-16464,-707,48,8,-33
19,838,1722487,213,-16512,-661,46,-2,-34
19,839,1722492,260,-16566,-619,43,-12,-33
19,840,1722497,283,-16545,-615,43,-18,-31
19,841,1722502,169,-16533,-876,39,0,-30
19,842,1722507,153,-16463,-855,35,7,-28
19,843,1722512,158,-16415,-876,31,14,-32
19,844,1722517,142,-16425,-794,29,24,-29
19,845,1722522,201,-16393,-759,26,28,-28
19,846,1722527,205,-16381,-693,25,32,-27
19,847,1722532,193,-16419,-656,22,30,-25
19,848,1722537,189,-16415,-667,21,24,-26
19,849,1722542,194,-16392,-657,18,16,-24
19,850,1722547,216,-16346,-590,14,12,-23
19,851,1722552,217,-16318,-601,11,8,-21
19,852,1722557,254,-16351,-650,10,6,-17
19,853,1722562,244,-16410,-691,5,4,-18
19,854,1722567,256,-16431,-640,2,-1,-17
19,855,1722572,234,-16439,-637,3,-2,-13
19,856,1722577,251,-16445,-675,0,1,-12
19,857,1722582,251,-16464,-754,-4,6,-14
19,858,1722587,178,-16484,-713,-6,8,-12
19,859,1722592,118,-16494,-712,-9,7,-8
19,860,1722597,180,-16509,-668,-9,9,-6
19,861,1722602,271,-16530,-709,-13,14,-5
19,862,1722607,291,-16531,-681,-16,18,-6
19,863,1722612,302,-16527,-601,-18,16,-7
19,864,1722617,233,-16511,-609,-22,6,-8
19,865,1722622,181,-16493,-654,-23,-3,-3
19,866,1722627,183,-16434,-722,-23,-5,-2
19,867,1722632,279,-16433,-663,-23,-1,-1
19,868,1722637,265,-16420,-638,-28,4,1
19,869,1722642,264,-16449,-657,-30,2,1
19,870,1722647,273,-16487,-631,-31,-4,3
19,871,1722652,225,-16503,-661,-33,-5,3
19,872,1722657,161,-16462,-683,-35,-2,3
19,873,1722662,181,-16430,-703,-34,-2,2
19,874,1722667,217,-16410,-729,-36,-1,3
19,875,1722672,245,-16460,-672,-40,-2,2
19,876,1722677,270,-16474,-595,-39,-7,6
19,877,1722682,258,-16457,-589,-40,-9,6
19,878,1722687,207,-16500,-652,-42,-12,6
19,879,1722692,159,-16456,-647,-43,-14,7
19,880,1722697,160,-16425,-663,-46,-20,8
19,881,1722702,211,-16477,-736,-47,-26,7
19,882,1722707,284,-16472,-752,-48,-22,7
19,883,1722712,336,-16423,-746,-49,-15,7
19,884,1722717,333,-16440,-678,-49,-12,7
19,885,1722722,290,-16461,-689,-49,-15,11
19,886,1722727,276,-16434,-737,-49,-14,10
19,887,1722732,241,-16433,-788,-50,-6,7
19,888,1722737,181,-16461,-757,-50,5,10
19,889,1722742,214,-16480,-723,-52,10,9
19,890,1722747,232,-16460,-739,-53,17,12
19,891,1722752,272,-16456,-674,-52,24,11
19,892,1722757,260,-16358,-610,-54,25,8
19,893,1722762,228,-16427,-621,-52,18,8
19,894,1722767,186,-16431,-633,-50,13,10
19,895,1722772,110,-16411,-674,-51,6,9
19,896,1722777,165,-16415,-674,-52,-3,6
19,897,1722782,196,-16422,-697,-53,-10,11
19,898,1722787,203,-16421,-710,-52,-11,13
19,899,1722792,226,-16412,-620,-54,-9,10
19,900,1722797,265,-16405,-595,-50,-14,8
19,901,1722802,244,-16438,-654,-46,-17,8
19,902,1722807,245,-16503,-740,-48,-19,10
19,903,1722812,206,-16507,-760,-48,-19,9
19,904,1722817,213,-16535,-712,-48,-20,10
19,905,1722822,287,-16547,-741,-50,-19,9
19,906,1722827,355,-16556,-885,-46,-11,6
19,907,1722832,314,-16526,-829,-43,-3,8
19,908,1722837,269,-16501,-706,-44,3,8
19,909,1722842,269,-16479,-752,-46,4,9
19,910,1722847,328,-16475,-770,-47,10,8
19,911,1722852,367,-16487,-791,-45,22,8
19,912,1722857,334,-16446,-771,-45,30,7
19,913,1722862,299,-16430,-656,-43,28,4
19,914,1722867,238,-16387,-646,-43,21,5
19,915,1722872,210,-16314,-578,-41,16,4
19,916,1722877,131,-16360,-632,-39,8,4
19,917,1722882,183,-16423,-664,-38,-4,4
19,918,1722887,241,-16465,-698,-33,-20,6
19,919,1722892,233,-16483,-721,-33,-26,4
19,920,1722897,275,-16527,-698,-33,-28,3
19,921,1722902,308,-16504,-820,-32,-23,5
19,922,1722907,356,-16519,-777,-31,-18,2
19,923,1722912,339,-16471,-774,-30,-12,1
19,924,1722917,289,-16412,-743,-27,-6,3
19,925,1722922,210,-16409,-792,-25,-3,2
19,926,1722927,204,-16407,-838,-25,4,-1
19,927,1722932,201,-16358,-840,-24,8,-4
19,928,1722937,155,-16313,-810,-23,7,-5
19,929,1722942,252,-16301,-764,-20,6,-5
19,930,1722947,246,-16337,-816,-17,11,-5
19,931,1722952,210,-16373,-826,-18,12,-5
19,932,1722957,245,-16341,-741,-16,13,-6
19,933,1722962,264,-16354,-643,-15,12,-5
19,934,1722967,291,-16446,-719,-12,10,-5
19,935,1722972,317,-16548,-838,-11,12,-6
19,936,1722977,311,-16570,-815,-9,13,-5
19,937,1722982,278,-16613,-710,-6,11,-5
19,938,1722987,225,-16584,-758,-6,10,-9
19,939,1722992,241,-16576,-814,-8,12,-9
19,940,1722997,244,-16573,-809,-4,18,-10
19,941,1723002,250,-16578,-641,-3,16,-9
19,942,1723007,202,-16545,-631,0,7,-9
19,943,1723012,146,-16506,-721,3,-3,-9
19,944,1723017,182,-16513,-783,3,-11,-10
19,945,1723022,181,-16465,-775,6,-16,-12
19,946,1723027,227,-16412,-792,9,-18,-12
19,947,1723032,265,-16384,-892,8,-22,-12
19,948,1723037,274,-16360,-967,13,-19,-15
19,949,1723042,276,-16321,-990,13,-7,-13
19,950,1723047,225,-16271,-962,12,5,-15
19,951,1723052,229,-16322,-875,14,12,-10
19,952,1723057,239,-16334,-853,15,26,-11
19,953,1723062,256,-16375,-841,14,36,-14
19,954,1723067,284,-16397,-817,18,43,-14
19,955,1723072,326,-16380,-717,17,51,-16
19,956,1723077,332,-16401,-669,15,43,-16
19,957,1723082,252,-16447,-656,18,37,-15
19,958,1723087,221,-16433,-718,20,32,-14
19,959,1723092,166,-16423,-753,22,23,-14
19,960,1723097,160,-16443,-779,22,21,-15
19,961,1723102,191,-16492,-758,21,22,-15
19,962,1723107,219,-16440,-672,20,21,-16
19,963,1723112,161,-16441,-703,22,19,-18
19,964,1723117,166,-16488,-801,22,20,-18
19,965,1723122,209,-16493,-780,23,18,-16
19,966,1723127,198,-16503,-747,24,14,-15
19,967,1723132,184,-16525,-728,26,2,-14
19,968,1723137,160,-16528,-806,30,-6,-12
19,969,1723142,142,-16554,-894,32,-11,-14
19,970,1723147,220,-16534,-861,31,-11,-15
19,971,1723152,235,-16477,-866,32,-11,-13
19,972,1723157,280,-16458,-890,32,-8,-14
19,973,1723162,302,-16448,-870,31,-6,-15
19,974,1723167,252,-16437,-841,33,1,-16
19,975,1723172,216,-16443,-834,34,7,-15
19,976,1723177,251,-16476,-869,31,16,-11
19,977,1723182,269,-16475,-870,31,27,-14
19,978,1723187,291,-16464,-794,30,33,-13
19,979,1723192,312,-16462,-737,29,37,-12
19,980,1723197,310,-16461,-736,28,34,-11
19,981,1723202,301,-16441,-771,27,34,-9
19,982,1723207,269,-16388,-789,26,36,-9
19,983,1723212,255,-16383,-797,28,39,-11
19,984,1723217,240,-16426,-794,30,37,-8
19,985,1723222,225,-16411,-777,25,40,-9
19,986,1723227,214,-16409,-721,27,44,-9
19,987,1723232,218,-16392,-719,28,42,-7
19,988,1723237,236,-16479,-664,27,30,-3
19,989,1723242,269,-16547,-639,24,23,-6
19,990,1723247,236,-16560,-648,24,14,-4
19,991,1723252,181,-16565,-756,25,2,0
19,992,1723257,195,-16540,-836,27,-5,-1
19,993,1723262,194,-16510,-868,26,-7,-2
19,994,1723267,249,-16470,-828,26,-7,-3
19,995,1723272,210,-16484,-820,28,-5,0
19,996,1723277,303,-16481,-873,29,4,-1
19,997,1723282,334,-16421,-809,24,12,1
19,998,1723287,336,-16406,-722,23,19,1
19,999,1723292,286,-16383,-706,22,22,3
20,0,1742847,933,-16377,-295,1,0,25
20,1,1742852,945,-16428,-304,3,-3,25
20,2,1742857,876,-16434,-316,0,-5,25
20,3,1742862,801,-16395,-341,0,-4,23
20,4,1742867,771,-16416,-354,0,-6,19
20,5,1742872,827,-16426,-347,2,-7,21
20,6,1742877,917,-16439,-296,0,-5,22
20,7,1742882,946,-16428,-253,-1,-9,23
20,8,1742887,954,-16440,-252,2,-20,28
20,9,1742892,885,-16461,-323,2,-26,26
20,10,1742897,881,-16453,-393,1,-28,23
20,11,1742902,934,-16513,-410,-1,-24,26
20,12,1742907,1004,-16504,-406,-4,-15,24
20,13,1742912,1007,-16525,-345,-2,-5,24
20,14,1742917,962,-16492,-339,0,4,23
20,15,1742922,909,-16446,-406,-3,7,23
20,16,1742927,859,-16399,-433,-3,11,24
20,17,1742932,885,-16367,-415,-3,16,24
20,18,1742937,907,-16391,-345,-4,17,23
20,19,1742942,994,-16416,-238,-5,14,24
20,20,1742947,889,-16457,-218,-2,3,26
20,21,1742952,807,-16469,-262,-2,-7,24
20,22,1742957,799,-16439,-347,-3,-13,24
20,23,1742962,804,-16445,-377,1,-16,23
20,24,1742967,874,-16442,-313,-1,-21,25
20,25,1742972,926,-16424,-288,-3,-25,22
20,26,1742977,918,-16455,-357,-1,-31,22
20,27,1742982,890,-16491,-374,-2,-29,25
20,28,1742987,851,-16496,-388,-1,-22,24
20,29,1742992,842,-16447,-374,1,-21,27
20,30,1742997,891,-16444,-374,-1,-16,23
20,31,1743002,929,-16426,-318,-1,-14,21
20,32,1743007,909,-16464,-311,0,-16,21
20,33,1743012,851,-16483,-333,0,-15,22
20,34,1743017,919,-16483,-309,-1,-15,24
20,35,1743022,954,-16488,-297,-3,-16,20
20,36,1743027,919,-16487,-353,-1,-16,24
20,37,1743032,929,-16465,-353,-2,-14,19
20,38,1743037,859,-16446,-342,-2,-12,18
20,39,1743042,876,-16438,-298,-2,-14,21
20,40,1743047,884,-16417,-340,-2,-14,22
20,41,1743052,879,-16418,-344,-2,-14,19
20,42,1743057,913,-16441,-297,-6,-8,19
20,43,1743062,905,-16438,-321,-4,-8,19
20,44,1743067,871,-16485,-279,-5,-14,15
20,45,1743072,846,-16479,-285,-3,-20,15
20,46,1743077,849,-16503,-320,-1,-22,14
20,47,1743082,897,-16440,-337,0,-20,16
20,48,1743087,933,-16424,-308,-3,-21,15
20,49,1743092,919,-16424,-375,-1,-19,14
20,50,1743097,874,-16457,-320,-1,-18,14
20,51,1743102,855,-16460,-336,-5,-17,13
20,52,1743107,855,-16456,-394,-5,-9,12
20,53,1743112,871,-16502,-397,0,-4,12
20,54,1743117,849,-16485,-322,-6,-2,9
20,55,1743122,856,-16495,-310,-4,-2,7
20,56,1743127,900,-16545,-273,-3,-10,9
20,57,1743132,915,-16531,-229,-2,-12,9
20,58,1743137,819,-16497,-263,-1,-12,9
20,59,1743142,836,-16507,-352,-3,-17,6
20,60,1743147,874,-16424,-375,-2,-22,6
20,61,1743152,893,-16422,-340,-4,-22,6
20,62,1743157,899,-16432,-387,-3,-22,5
20,63,1743162,838,-16499,-372,-1,-21,1
20,64,1743167,834,-16445,-405,-3,-20,1
20,65,1743172,842,-16421,-399,0,-16,2
20,66,1743177,853,-16439,-358,-1,-14,1
20,67,1743182,854,-16433,-372,-2,-11,0
20,68,1743187,874,-16474,-350,-2,-9,0
20,69,1743192,875,-16480,-306,1,-9,-1
20,70,1743197,817,-16482,-305,0,-12,-2
20,71,1743202,817,-16446,-323,0,-19,-2
20,72,1743207,836,-16447,-322,-1,-18,-4
20,73,1743212,874,-16459,-263,1,-19,-5
20,74,1743217,891,-16448,-289,3,-18,-5
20,75,1743222,897,-16462,-340,1,-23,-6
20,76,1743227,916,-16448,-324,0,-22,-7
20,77,1743232,814,-16451,-330,1,-23,-9
20,78,1743237,818,-16464,-317,2,-22,-13
20,79,1743242,866,-16472,-406,1,-20,-9
20,80,1743247,842,-16475,-359,2,-16,-10
20,81,1743252,904,-16482,-336,3,-13,-12
20,82,1743257,880,-16506,-307,1,-15,-15
20,83,1743262,889,-16502,-347,4,-17,-12
20,84,1743267,824,-16450,-362,5,-14,-12
20,85,1743272,807,-16426,-349,5,-12,-14
20,86,1743277,840,-16481,-376,4,-15,-15
20,87,1743282,891,-16460,-327,4,-11,-15
20,88,1743287,874,-16470,-320,5,-11,-17
20,89,1743292,814,-16498,-324,6,-16,-17
20,90,1743297,866,-16456,-331,4,-16,-17
20,91,1743302,861,-16435,-361,6,-17,-17
20,92,1743307,856,-16429,-369,7,-13,-17
20,93,1743312,869,-16396,-336,5,-11,-18
20,94,1743317,872,-16446,-339,4,-14,-18
20,95,1743322,815,-16425,-322,5,-13,-21
20,96,1743327,828,-16405,-335,6,-11,-19
20,97,1743332,863,-16432,-336,4,-12,-21
20,98,1743337,852,-16481,-349,5,-10,-21
20,99,1743342,820,-16458,-331,6,-14,-20
20,100,1743347,875,-16473,-322,3,-14,-22
20,101,1743352,841,-16444,-308,3,-16,-22
20,102,1743357,842,-16410,-342,6,-14,-25
20,103,1743362,843,-16450,-372,7,-16,-23
20,104,1743367,870,-16439,-371,5,-16,-24
20,105,1743372,875,-16489,-299,6,-17,-24
20,106,1743377,873,-16503,-277,6,-21,-22
20,107,1743382,877,-16520,-328,8,-22,-24
20,108,1743387,913,-16460,-394,7,-20,-24
20,109,1743392,894,-16454,-279,5,-15,-22
20,110,1743397,884,-16434,-304,5,-20,-23
20,111,1743402,885,-16410,-316,8,-22,-25
20,112,1743407,896,-16407,-353,7,-18,-24
20,113,1743412,852,-16446,-328,5,-15,-24
20,114,1743417,857,-16428,-280,5,-20,-26
20,115,1743422,862,-16428,-273,5,-26,-28
20,116,1743427,915,-16441,-310,4,-27,-29
20,117,1743432,922,-16471,-326,5,-23,-25
20,118,1743437,897,-16488,-327,5,-21,-25
20,119,1743442,906,-16470,-277,3,-27,-26
20,120,1743447,972,-16508,-399,4,-30,-26
20,121,1743452,801,-16632,-541,9,-19,-27
20,122,1743457,835,-16410,-438,6,-13,-28
20,123,1743462,758,-16358,-233,5,-11,-26
20,124,1743467,862,-16441,-486,6,-12,-23
20,125,1743472,958,-16502,-346,5,-1,-26
20,126,1743477,901,-16451,-265,6,-7,-29
20,127,1743482,839,-16409,-324,6,-16,-27
20,128,1743487,895,-16390,-352,3,-18,-26
20,129,1743492,953,-16412,-462,5,-15,-25
20,130,1743497,980,-16395,-328,6,-2,-25
20,131,1743502,957,-16393,-236,5,-1,-27
20,132,1743507,929,-16424,-361,5,-7,-24
20,133,1743512,955,-16462,-362,4,1,-23
20,134,1743517,881,-16455,-210,0,10,-25
20,135,1743522,879,-16421,-251,3,2,-25
20,136,1743527,919,-16415,-382,6,-3,-22
20,137,1743532,888,-16417,-389,3,-3,-25
20,138,1743537,858,-16476,-279,3,-5,-28
20,139,1743542,894,-16458,-266,2,-11,-26
20,140,1743547,921,-16459,-391,5,-14,-22
20,141,1743552,888,-16489,-431,5,-8,-24
20,142,1743557,866,-16486,-369,2,-5,-23
20,143,1743562,879,-16464,-374,5,-4,-23
20,144,1743567,880,-16496,-459,5,-1,-24
20,145,1743572,945,-16460,-412,1,5,-24
20,146,1743577,918,-16463,-329,2,8,-26
20,147,1743582,886,-16425,-330,0,6,-26
20,148,1743587,913,-16407,-297,1,1,-23
20,149,1743592,955,-16439,-316,6,-1,-22
20,150,1743597,924,-16482,-264,5,1,-25
20,151,1743602,894,-16466,-228,1,1,-23
20,152,1743607,926,-16470,-312,0,-4,-23
20,153,1743612,955,-16465,-389,3,-8,-22
20,154,1743617,979,-16444,-392,0,-12,-20
20,155,1743622,943,-16435,-315,0,-11,-22
20,156,1743627,863,-16438,-295,2,-9,-20
20,157,1743632,876,-16384,-405,2,-11,-20
20,158,1743637,914,-16398,-466,-2,-8,-20
20,159,1743642,910,-16424,-384,2,0,-17
20,160,1743647,917,-16465,-327,1,1,-18
20,161,1743652,915,-16451,-371,-1,-2,-19
20,162,1743657,897,-16484,-395,0,-3,-19
20,163,1743662,872,-16535,-360,-2,-5,-18
20,164,1743667,863,-16512,-353,0,-6,-16
20,165,1743672,913,-16485,-383,-1,-10,-16
20,166,1743677,920,-16472,-378,-1,-10,-18
20,167,1743682,871,-16466,-390,-1,-13,-17
20,168,1743687,876,-16448,-381,0,-11,-16
20,169,1743692,883,-16461,-326,-2,-14,-14
20,170,1743697,933,-16483,-327,-3,-14,-15
20,171,1743702,950,-16479,-301,-3,-13,-13
20,172,1743707,942,-16435,-269,-2,-17,-12
20,173,1743712,963,-16464,-256,-3,-18,-13
20,174,1743717,950,-16462,-276,-6,-22,-10
20,175,1743722,962,-16477,-334,-6,-21,-9
20,176,1743727,978,-16429,-344,-6,-20,-8
20,177,1743732,898,-16401,-356,-4,-22,-8
20,178,1743737,932,-16416,-347,-3,-23,-6
20,179,1743742,932,-16422,-350,-7,-23,-4
20,180,1743747,960,-16404,-347,-6,-20,-5
20,181,1743752,987,-16411,-308,-8,-13,-3
20,182,1743757,943,-16418,-320,-9,-10,-1
20,183,1743762,895,-16383,-337,-5,-10,-2
20,184,1743767,970,-16384,-338,-6,-10,-3
20,185,1743772,992,-16392,-310,-8,-10,1
20,186,1743777,1010,-16440,-273,-8,-11,1
20,187,1743782,953,-16448,-233,-11,-16,0
20,188,1743787,894,-16505,-332,-9,-19,5
20,189,1743792,912,-16487,-416,-9,-17,7
20,190,1743797,884,-16424,-347,-9,-16,5
20,191,1743802,962,-16404,-328,-9,-13,4
20,192,1743807,951,-16459,-354,-11,-8,6
20,193,1743812,918,-16430,-355,-8,-8,6
20,194,1743817,940,-16423,-339,-7,-11,3
20,195,1743822,884,-16447,-254,-8,-13,6
20,196,1743827,932,-16460,-295,-8,-14,8
20,197,1743832,953,-16469,-310,-5,-14,9
20,198,1743837,930,-16462,-312,-7,-16,9
20,199,1743842,933,-16473,-295,-6,-19,12
20,200,1743847,905,-16433,-332,-4,-23,12
20,201,1743852,930,-16430,-386,-3,-22,10
20,202,1743857,923,-16487,-382,-6,-20,12
20,203,1743862,935,-16458,-327,-3,-15,11
20,204,1743867,940,-16457,-327,-3,-11,12
20,205,1743872,924,-16442,-323,-3,-10,13
20,206,1743877,929,-16435,-336,-4,-8,12
20,207,1743882,922,-16415,-364,-3,-6,13
20,208,1743887,967,-16427,-342,-3,-7,14
20,209,1743892,952,-16424,-339,-1,-11,14
20,210,1743897,961,-16430,-282,-1,-13,16
20,211,1743902,957,-16452,-287,0,-13,17
20,212,1743907,981,-16461,-347,1,-16,18
20,213,1743912,988,-16442,-420,3,-16,17
20,214,1743917,956,-16421,-394,4,-11,17
20,215,1743922,947,-16474,-380,7,-7,16
20,216,1743927,932,-16468,-354,6,-4,16
20,217,1743932,917,-16504,-324,7,-1,17
20,218,1743937,917,-16512,-367,9,4,16
20,219,1743942,906,-16452,-331,7,11,15
20,220,1743947,870,-16464,-228,8,7,16
20,221,1743952,831,-16447,-275,8,5,13
20,222,1743957,844,-16462,-316,12,4,14
20,223,1743962,888,-16433,-262,9,2,14
20,224,1743967,928,-16407,-226,11,-7,14
20,225,1743972,925,-16417,-256,12,-15,16
20,226,1743977,946,-16436,-307,14,-22,12
20,227,1743982,893,-16449,-302,15,-24,12
20,228,1743987,910,-16456,-302,16,-23,15
20,229,1743992,973,-16436,-345,18,-23,10
20,230,1743997,913,-16452,-390,16,-17,10
20,231,1744002,943,-16442,-419,16,-11,12
20,232,1744007,935,-16416,-339,14,-7,10
20,233,1744012,934,-16434,-348,14,-7,8
20,234,1744017,949,-16472,-354,17,-4,8
20,235,1744022,921,-16487,-329,21,-1,9
20,236,1744027,930,-16460,-352,20,0,7
20,237,1744032,914,-16489,-297,21,-4,5
20,238,1744037,864,-16465,-294,19,-5,5
20,239,1744042,888,-16414,-304,20,-2,8
20,240,1744047,936,-16439,-323,21,-3,6
20,241,1744052,906,-16465,-237,19,-6,6
20,242,1744057,941,-16472,-273,20,-7,6
20,243,1744062,943,-16454,-283,18,-13,6
20,244,1744067,917,-16451,-317,19,-12,5
20,245,1744072,904,-16415,-362,21,-13,4
20,246,1744077,891,-16414,-336,21,-13,3
20,247,1744082,833,-16440,-329,19,-14,3
20,248,1744087,887,-16476,-345,21,-17,-1
20,249,1744092,887,-16510,-399,18,-13,0
20,250,1744097,977,-16528,-358,17,-8,1
20,251,1744102,958,-16480,-350,20,-5,-1
20,252,1744107,951,-16464,-289,21,-4,-3
20,253,1744112,942,-16452,-295,20,-7,-3
20,254,1744117,945,-16483,-346,19,-3,-2
20,255,1744122,940,-16453,-403,20,0,-3
20,256,1744127,909,-16428,-360,18,7,-4
20,257,1744132,918,-16408,-317,18,11,-3
20,258,1744137,925,-16450,-295,14,12,-7
20,259,1744142,949,-16465,-257,16,13,-7
20,260,1744147,871,-16409,-247,14,14,-8
20,261,1744152,841,-16449,-309,15,10,-8
20,262,1744157,848,-16419,-332,18,7,-7
20,263,1744162,916,-16466,-326,14,6,-7
20,264,1744167,945,-16491,-232,15,2,-10
20,265,1744172,868,-16508,-263,14,-2,-11
20,266,1744177,859,-16544,-364,15,-10,-9
20,267,1744182,872,-16521,-400,12,-7,-10
20,268,1744187,898,-16503,-337,11,-5,-12
20,269,1744192,908,-16462,-352,11,-1,-14
20,270,1744197,938,-16412,-413,12,4,-13
20,271,1744202,970,-16392,-487,13,10,-15
20,272,1744207,950,-16399,-411,8,18,-15
20,273,1744212,918,-16417,-297,8,21,-17
20,274,1744217,927,-16427,-349,8,20,-17
20,275,1744222,918,-16447,-388,8,24,-18
20,276,1744227,918,-16447,-326,7,28,-16
20,277,1744232,908,-16464,-243,5,23,-17
20,278,1744237,965,-16518,-244,2,18,-17
20,279,1744242,944,-16531,-218,3,15,-17
20,280,1744247,902,-16486,-241,2,14,-18
20,281,1744252,847,-16426,-293,5,5,-17
20,282,1744257,894,-16407,-360,0,-1,-17
20,283,1744262,948,-16448,-313,1,0,-20
20,284,1744267,900,-16513,-251,0,1,-21
20,285,1744272,871,-16510,-222,-2,-3,-21
20,286,1744277,884,-16538,-319,-3,-9,-24
20,287,1744282,903,-16510,-395,0,-12,-24
20,288,1744287,928,-16475,-397,-3,-9,-23
20,289,1744292,880,-16455,-374,-5,-6,-25
20,290,1744297,914,-16418,-305,-2,-4,-26
20,291,1744302,934,-16427,-343,-5,1,-26
20,292,1744307,947,-16451,-353,-5,3,-25
20,293,1744312,963,-16427,-319,-6,9,-26
20,294,1744317,937,-16418,-276,-7,12,-29
20,295,1744322,951,-16434,-245,-8,10,-29
20,296,1744327,974,-16434,-218,-7,9,-27
20,297,1744332,961,-16410,-297,-9,5,-26
20,298,1744337,965,-16443,-302,-10,1,-27
20,299,1744342,968,-16468,-275,-9,0,-24
20,300,1744347,982,-16457,-317,-9,-1,-26
20,301,1744352,942,-16426,-283,-10,-5,-26
20,302,1744357,942,-16455,-320,-11,-6,-25
20,303,1744362,905,-16459,-387,-12,-1,-26
20,304,1744367,870,-16449,-407,-13,-1,-26
20,305,1744372,872,-16465,-337,-13,1,-27
20,306,1744377,905,-16448,-364,-13,1,-27
20,307,1744382,931,-16487,-327,-11,-4,-26
20,308,1744387,953,-16449,-273,-12,-7,-26
20,309,1744392,960,-16403,-226,-12,-12,-22
20,310,1744397,961,-16422,-251,-13,-13,-25
20,311,1744402,928,-16396,-321,-13,-16,-26
20,312,1744407,945,-16388,-302,-12,-18,-22
20,313,1744412,996,-16466,-231,-13,-20,-24
20,314,1744417,881,-16438,-289,-14,-23,-21
20,315,1744422,910,-16423,-385,-13,-23,-26
20,316,1744427,914,-16503,-381,-15,-19,-26
20,317,1744432,989,-16539,-451,-15,-18,-19
20,318,1744437,995,-16532,-303,-15,-12,-21
20,319,1744442,894,-16514,-306,-14,-16,-22
20,320,1744447,807,-16519,-422,-16,-13,-23
20,321,1744452,910,-16507,-475,-15,0,-18
20,322,1744457,1019,-16460,-401,-14,8,-18
20,323,1744462,963,-16382,-216,-16,12,-20
20,324,1744467,954,-16347,-282,-18,8,-19
20,325,1744472,959,-16389,-333,-18,4,-19
20,326,1744477,943,-16403,-336,-17,7,-20
20,327,1744482,873,-16416,-303,-16,6,-16
20,328,1744487,853,-16458,-294,-18,1,-18
20,329,1744492,969,-16502,-364,-15,-2,-15
20,330,1744497,964,-16469,-392,-16,3,-12
20,331,1744502,880,-16458,-378,-15,5,-13
20,332,1744507,834,-16484,-323,-16,1,-15
20,333,1744512,853,-16533,-360,-18,0,-14
20,334,1744517,951,-16522,-367,-17,2,-12
20,335,1744522,1003,-16469,-351,-17,7,-12
20,336,1744527,955,-16429,-264,-17,8,-14
20,337,1744532,882,-16478,-374,-17,0,-12
20,338,1744537,897,-16468,-379,-17,0,-10
20,339,1744542,939,-16443,-405,-18,5,-11
20,340,1744547,976,-16426,-368,-18,9,-12
20,341,1744552,1015,-16458,-376,-18,10,-7
20,342,1744557,959,-16489,-361,-16,8,-7
20,343,1744562,967,-16449,-384,-16,0,-6
20,344,1744567,927,-16425,-332,-15,0,-5
20,345,1744572,907,-16417,-351,-18,5,-3
20,346,1744577,999,-16441,-345,-17,8,-3
20,347,1744582,990,-16455,-307,-19,9,-3
20,348,1744587,930,-16420,-330,-17,2,-2
20,349,1744592,869,-16389,-386,-17,-3,0
20,350,1744597,868,-16425,-462,-16,-1,0
20,351,1744602,936,-16445,-414,-17,5,-1
20,352,1744607,919,-16422,-219,-19,6,-2
20,353,1744612,957,-16418,-250,-18,-1,0
20,354,1744617,978,-16408,-315,-18,-6,3
20,355,1744622,914,-16488,-407,-15,-8,5
20,356,1744627,942,-16503,-314,-20,-10,4
20,357,1744632,971,-16505,-346,-17,-14,5
20,358,1744637,1026,-16535,-327,-19,-14,6
20,359,1744642,1001,-16535,-323,-18,-8,7
20,360,1744647,931,-16440,-334,-15,-7,10
20,361,1744652,909,-16419,-376,-14,-13,7
20,362,1744657,918,-16397,-359,-16,-13,6
20,363,1744662,952,-16383,-345,-15,-12,8
20,364,1744667,933,-16362,-288,-12,-16,10
20,365,1744672,931,-16375,-330,-10,-23,11
20,366,1744677,864,-16405,-322,-10,-31,8
20,367,1744682,852,-16405,-389,-11,-43,11
20,368,1744687,890,-16468,-296,-9,-49,12
20,369,1744692,933,-16541,-269,-7,-54,14
20,370,1744697,1089,-16515,-331,-6,-56,14
20,371,1744702,978,-16521,-407,-5,-58,12
20,372,1744707,927,-16538,-451,-5,-60,14
20,373,1744712,958,-16500,-413,-5,-55,12
20,374,1744717,939,-16516,-312,-6,-49,14
20,375,1744722,1072,-16425,-422,-8,-40,17
20,376,1744727,979,-16404,-370,-5,-27,15
20,377,1744732,902,-16404,-416,0,-27,14
20,378,1744737,860,-16372,-427,-3,-28,14
20,379,1744742,1008,-16410,-312,-3,-26,15
20,380,1744747,1111,-16348,-263,-1,-22,16
20,381,1744752,1008,-16419,-288,-1,-20,14
20,382,1744757,936,-16418,-370,-1,-23,13
20,383,1744762,1009,-16440,-430,-1,-28,18
20,384,1744767,1113,-16462,-402,-3,-24,19
20,385,1744772,1086,-16421,-238,-3,-11,16
20,386,1744777,998,-16432,-271,0,-5,16
20,387,1744782,955,-16450,-386,2,-12,19
20,388,1744787,919,-16442,-436,1,-15,16
20,389,1744792,880,-16447,-380,0,-13,17
20,390,1744797,884,-16451,-320,2,-12,17
20,391,1744802,856,-16459,-357,4,-14,17
20,392,1744807,945,-16505,-369,5,-16,15
20,393,1744812,955,-16466,-360,7,-21,18
20,394,1744817,891,-16491,-315,9,-28,16
20,395,1744822,921,-16468,-377,10,-25,14
20,396,1744827,935,-16433,-399,11,-19,15
20,397,1744832,964,-16407,-378,13,-15,14
20,398,1744837,980,-16407,-356,12,-12,13
20,399,1744842,969,-16449,-340,10,-10,12
20,400,1744847,965,-16473,-325,16,-11,15
20,401,1744852,923,-16488,-358,16,-9,16
20,402,1744857,824,-16465,-391,16,-8,14
20,403,1744862,819,-16425,-403,14,-8,11
20,404,1744867,909,-16380,-395,16,-9,12
20,405,1744872,916,-16426,-397,16,-6,9
20,406,1744877,939,-16442,-406,17,-6,8
20,407,1744882,918,-16444,-351,18,-10,10
20,408,1744887,895,-16446,-356,21,-15,10
20,409,1744892,948,-16448,-409,21,-12,9
20,410,1744897,942,-16481,-420,24,-13,9
20,411,1744902,873,-16519,-393,25,-14,7
20,412,1744907,909,-16513,-405,24,-9,6
20,413,1744912,926,-16484,-460,24,-2,6
20,414,1744917,961,-16430,-395,23,1,5
20,415,1744922,963,-16341,-355,25,6,7
20,416,1744927,887,-16342,-423,24,8,5
20,417,1744932,869,-16382,-467,24,10,3
20,418,1744937,802,-16412,-476,25,14,1
20,419,1744942,765,-16443,-496,23,19,2
20,420,1744947,861,-16474,-442,23,22,2
20,421,1744952,950,-16469,-432,21,25,2
20,422,1744957,995,-16441,-358,22,34,0
20,423,1744962,915,-16434,-384,22,34,1
20,424,1744967,796,-16505,-398,24,33,4
20,425,1744972,934,-16458,-460,22,39,5
20,426,1744977,1044,-16450,-312,18,50,6
20,427,1744982,887,-16508,-385,16,54,8
20,428,1744987,629,-16490,-419,18,54,7
20,429,1744992,495,-16370,-117,13,27,11
20,430,1744997,960,-16367,-244,15,21,16
20,431,1745002,1064,-16454,-220,16,24,19
20,432,1745007,898,-16466,-111,16,-2,16
20,433,1745012,654,-16460,-79,11,-37,17
20,434,1745017,709,-16567,-644,13,-59,27
20,435,1745022,765,-16637,-754,12,-34,31
20,436,1745027,749,-16646,-434,7,4,30
20,437,1745032,530,-16648,-489,8,11,36
20,438,1745037,787,-16606,-702,8,15,42
20,439,1745042,634,-16496,-786,6,27,40
20,440,1745047,633,-16334,-206,-1,47,42
20,441,1745052,596,-16253,19,-8,48,51
20,442,1745057,777,-16465,-311,-2,40,62
20,443,1745062,850,-16444,-424,-4,41,61
20,444,1745067,620,-16327,-153,-5,30,66
20,445,1745072,423,-16399,-326,-5,0,77
20,446,1745077,389,-16581,-581,-6,-12,85
20,447,1745082,380,-16582,-211,-11,-4,86
20,448,1745087,429,-16544,-180,-16,-9,95
20,449,1745092,491,-16496,-283,-15,-16,104
20,450,1745097,697,-16433,-383,-16,-23,108
20,451,1745102,418,-16487,-278,-17,-35,115
20,452,1745107,243,-16196,-213,-20,-55,122
20,453,1745112,162,-16288,-484,-16,-65,131
20,454,1745117,265,-16394,-988,-19,-60,138
20,455,1745122,536,-16272,-437,-23,-46,149
20,456,1745127,522,-16362,-400,-27,-60,159
20,457,1745132,410,-16510,-327,-28,-74,163
20,458,1745137,286,-16647,-263,-29,-72,170
20,459,1745142,305,-16736,-896,-26,-69,187
20,460,1745147,460,-16807,-883,-31,-27,195
20,461,1745152,484,-16719,-542,-45,4,195
20,462,1745157,330,-16629,-449,-45,1,206
20,463,1745162,171,-16686,-407,-46,4,219
20,464,1745167,393,-16600,-939,-44,18,231
20,465,1745172,345,-16542,-899,-46,64,235
20,466,1745177,-26,-16494,-576,-53,86,243
20,467,1745182,-159,-16365,-489,-62,78,257
20,468,1745187,5,-16359,-703,-62,73,266
20,469,1745192,204,-16276,-756,-62,100,271
20,470,1745197,-3,-16153,-281,-66,128,281
20,471,1745202,-41,-16124,-429,-67,105,293
20,472,1745207,26,-16152,-445,-72,79,307
20,473,1745212,-28,-16272,-527,-71,56,312
20,474,1745217,-82,-16290,-486,-75,46,320
20,475,1745222,-36,-16391,-480,-74,50,332
20,476,1745227,113,-16520,-769,-77,59,342
20,477,1745232,274,-16609,-735,-83,84,346
20,478,1745237,-10,-16591,-467,-88,103,355
20,479,1745242,33,-16579,-422,-94,105,366
20,480,1745247,40,-16648,-465,-96,109,376
20,481,1745252,46,-16666,-449,-96,113,383
20,482,1745257,-190,-16634,-323,-100,108,388
20,483,1745262,-524,-16532,-361,-102,79,395
20,484,1745267,-551,-16490,-483,-97,45,407
20,485,1745272,-434,-16410,-678,-99,30,409
20,486,1745277,-349,-16389,-620,-102,31,412
20,487,1745282,-375,-16385,-405,-99,17,419
20,488,1745287,-521,-16460,-775,-98,-7,424
20,489,1745292,-641,-16474,-604,-101,-22,423
20,490,1745297,-720,-16487,-647,-100,-34,426
20,491,1745302,-562,-16513,-869,-98,-31,432
20,492,1745307,-408,-16554,-745,-100,-10,436
20,493,1745312,-280,-16561,-735,-102,0,436
20,494,1745317,-197,-16482,-414,-106,1,438
20,495,1745322,-235,-16342,-483,-104,-8,440
20,496,1745327,-414,-16249,-623,-102,-5,440
20,497,1745332,-529,-16192,-731,-100,3,441
20,498,1745337,-523,-16168,-753,-103,11,443
20,499,1745342,-529,-16160,-560,-104,8,442
20,500,1745347,-567,-16116,-488,-104,-3,439
20,501,1745352,-667,-16273,-576,-101,-15,438
20,502,1745357,-662,-16339,-683,-99,-21,435
20,503,1745362,-321,-16714,-517,-96,-19,438
20,504,1745367,-310,-16557,-359,-97,-20,436
20,505,1745372,-541,-16573,-546,-95,-25,433
20,506,1745377,-723,-16823,-889,-87,-27,428
20,507,1745382,-678,-16868,-860,-92,-16,427
20,508,1745387,-443,-16787,-584,-93,4,426
20,509,1745392,-477,-16751,-584,-93,23,417
20,510,1745397,-727,-16675,-842,-90,41,409
20,511,1745402,-900,-16619,-739,-83,47,403
20,512,1745407,-791,-16566,-773,-86,42,399
20,513,1745412,-720,-16439,-456,-88,43,390
20,514,1745417,-796,-16274,-453,-82,37,383
20,515,1745422,-985,-16302,-678,-76,22,376
20,516,1745427,-1219,-16279,-669,-72,-2,371
20,517,1745432,-1064,-16212,-445,-70,-27,367
20,518,1745437,-863,-16198,-534,-67,-49,355
20,519,1745442,-876,-16195,-591,-58,-53,345
20,520,1745447,-1004,-16250,-743,-52,-56,335
20,521,1745452,-1229,-16240,-834,-52,-70,327
20,522,1745457,-916,-16182,-714,-51,-85,320
20,523,1745462,-731,-16280,-683,-46,-84,308
20,524,1745467,-913,-16441,-793,-39,-68,297
20,525,1745472,-1129,-16516,-853,-35,-52,286
20,526,1745477,-1051,-16482,-913,-34,-44,277
20,527,1745482,-797,-16364,-799,-33,-32,264
20,528,1745487,-752,-16459,-766,-28,-10,250
20,529,1745492,-876,-16444,-699,-26,5,237
20,530,1745497,-922,-16510,-755,-21,11,226
20,531,1745502,-917,-16482,-746,-17,18,215
20,532,1745507,-802,-16460,-636,-14,26,200
20,533,1745512,-853,-16500,-534,-12,30,187
20,534,1745517,-998,-16514,-373,-8,26,175
20,535,1745522,-1035,-16526,-594,-1,6,161
20,536,1745527,-1032,-16524,-627,6,-3,149
20,537,1745532,-998,-16442,-686,9,-13,137
20,538,1745537,-1126,-16478,-471,12,-27,124
20,539,1745542,-1135,-16577,-492,20,-50,108
20,540,1745547,-988,-16557,-679,24,-61,91
20,541,1745552,-1016,-16434,-620,29,-61,78
20,542,1745557,-1022,-16374,-624,35,-63,64
20,543,1745562,-955,-16360,-703,38,-66,48
20,544,1745567,-994,-16350,-594,39,-67,32
20,545,1745572,-964,-16294,-752,45,-67,16
20,546,1745577,-1190,-16306,-684,51,-61,0
20,547,1745582,-925,-16226,-937,54,-58,-18
20,548,1745587,-890,-16277,-631,56,-42,-33
20,549,1745592,-865,-16321,-607,57,-45,-49
20,550,1745597,-1034,-16370,-502,63,-45,-67
20,551,1745602,-963,-16412,-702,66,-45,-85
20,552,1745607,-800,-16461,-825,69,-39,-100
20,553,1745612,-727,-16504,-468,72,-24,-115
20,554,1745617,-761,-16491,-350,76,-31,-132
20,555,1745622,-788,-16411,-437,79,-41,-149
20,556,1745627,-811,-16391,-516,85,-48,-164
20,557,1745632,-886,-16310,-695,88,-51,-181
20,558,1745637,-894,-16249,-519,92,-49,-197
20,559,1745642,-846,-16226,-556,96,-60,-211
20,560,1745647,-792,-16249,-485,98,-66,-230
20,561,1745652,-788,-16244,-688,105,-74,-249
20,562,1745657,-908,-16339,-391,111,-82,-265
20,563,1745662,-795,-16308,-505,111,-93,-282
20,564,1745667,-713,-16368,-431,112,-94,-299
20,565,1745672,-569,-16464,-574,119,-91,-310
20,566,1745677,-482,-16565,-719,120,-81,-330
20,567,1745682,-361,-16706,-651,124,-66,-347
20,568,1745687,-453,-16769,-619,122,-48,-360
20,569,1745692,-566,-16764,-618,126,-34,-380
20,570,1745697,-519,-16614,-738,129,-19,-397
20,571,1745702,-517,-16524,-862,128,6,-408
20,572,1745707,-481,-16548,-707,130,32,-420
20,573,1745712,-339,-16536,-423,130,46,-441
20,574,1745717,-382,-16460,-196,131,49,-454
20,575,1745722,-352,-16551,-382,134,43,-466
20,576,1745727,-645,-16713,-617,146,47,-494
20,577,1745732,-493,-16540,-359,143,30,-510
20,578,1745737,-328,-16295,-45,137,6,-521
20,579,1745742,-217,-16444,-198,144,-14,-531
20,580,1745747,-487,-16574,-284,152,-21,-551
20,581,1745752,-781,-16534,-280,152,-37,-560
20,582,1745757,-575,-16578,-474,155,-64,-565
20,583,1745762,-322,-16630,-432,151,-69,-575
20,584,1745767,-140,-16708,-342,152,-65,-591
20,585,1745772,-388,-16788,-422,160,-68,-604
20,586,1745777,-255,-16708,-715,160,-73,-614
20,587,1745782,-11,-16673,-647,157,-70,-616
20,588,1745787,205,-16761,-463,152,-54,-628
20,589,1745792,44,-16763,-256,154,-32,-641
20,590,1745797,-124,-16750,-342,159,-29,-649
20,591,1745802,-25,-16637,-523,158,-22,-655
20,592,1745807,234,-16695,-590,155,-9,-658
20,593,1745812,318,-16686,-209,153,4,-669
20,594,1745817,193,-16653,58,153,5,-680
20,595,1745822,-54,-16790,14,152,-15,-683
20,596,1745827,137,-16793,-329,159,-40,-687
20,597,1745832,428,-16682,-36,153,-43,-693
20,598,1745837,408,-16587,136,148,-62,-695
20,599,1745842,357,-16584,168,149,-91,-698
20,600,1745847,152,-16685,-88,152,-126,-702
20,601,1745852,241,-16713,-306,150,-151,-704
20,602,1745857,374,-16726,-207,145,-154,-705
20,603,1745862,591,-16829,-385,145,-155,-712
20,604,1745867,378,-16940,-466,144,-157,-715
20,605,1745872,463,-16891,-556,143,-153,-719
20,606,1745877,392,-16880,-175,139,-138,-722
20,607,1745882,515,-16824,-500,137,-132,-723
20,608,1745887,801,-16763,-497,138,-108,-725
20,609,1745892,823,-16694,-322,133,-89,-728
20,610,1745897,854,-16676,-141,125,-93,-729
20,611,1745902,835,-16764,6,125,-108,-725
20,612,1745907,956,-16789,-73,124,-122,-722
20,613,1745912,1061,-16660,-119,126,-122,-721
20,614,1745917,1025,-16645,-134,121,-116,-720
20,615,1745922,1005,-16529,-161,114,-119,-716
20,616,1745927,1017,-16421,-53,114,-124,-715
20,617,1745932,1135,-16324,-283,109,-127,-713
20,618,1745937,1108,-16301,-337,107,-112,-707
20,619,1745942,971,-16317,-299,104,-102,-705
20,620,1745947,1055,-16279,-329,99,-97,-701
20,621,1745952,7926,-21687,891,95,-104,-707
20,622,1745975,23907,-12922,11118,-578,250,62
20,623,1745976,23907,-12922,11118,-578,250,62
20,624,1745979,23907,-12922,11118,-578,250,62
20,625,1745979,-18924,-8861,17971,-285,1702,-548
20,626,1745980,-18924,-8861,17971,-285,1702,-548
20,627,1745982,-18924,-8861,17971,-285,1702,-548
20,628,1745987,-22297,-15758,-25899,71,815,253
20,629,1745992,16620,-19902,-27769,-245,2224,799
20,630,1745997,27062,-16879,1543,-509,3863,282
20,631,1746002,-7233,-13387,27039,-544,3898,-367
20,632,1746007,-22468,-15209,9625,-328,2213,-77
20,633,1746012,2702,-19077,-14035,-169,1284,599
20,634,1746017,21319,-19253,1122,-316,1859,502
20,635,1746022,3406,-16017,18680,-409,1604,-4
20,636,1746027,-16877,-15410,17357,-300,124,3
20,637,1746032,-5270,-17316,-880,-162,-1342,470
20,638,1746037,13155,-18629,-7825,-114,-1474,611
20,639,1746042,8748,-16516,215,-195,-924,270
20,640,1746047,-8053,-14488,7941,-224,-856,107
20,641,1746052,-7380,-15692,-1000,-176,-1459,357
20,642,1746057,7165,-17784,-12396,-134,-1418,541
20,643,1746062,8966,-17207,-6387,-172,-429,347
20,644,1746067,-1690,-15628,1537,-222,188,137
20,645,1746072,-5672,-16137,-286,-206,139,233
20,646,1746077,2402,-17512,-5840,-192,195,390
20,647,1746082,7357,-17622,-4986,-205,635,329
20,648,1746087,1292,-16361,2207,-223,1009,171
20,649,1746092,-3596,-16207,4719,-230,802,178
20,650,1746097,4285,-17227,-2443,-188,382,323
20,651,1746102,2242,-16386,2534,-195,506,228
20,652,1746107,-1673,-15946,5198,-177,251,206
20,653,1746112,-897,-16390,1181,-153,-190,281
20,654,1746117,2536,-16838,-2727,-138,-340,326
20,655,1746122,2687,-16460,-706,-147,-182,272
20,656,1746127,-209,-15991,2416,-139,-143,233
20,657,1746132,-743,-16212,529,-118,-329,265
20,658,1746137,1374,-16721,-3461,-111,-378,296
20,659,1746142,2207,-16687,-2713,-126,-155,265
20,660,1746147,666,-16282,254,-130,25,223
20,661,1746152,-447,-16260,862,-116,8,227
20,662,1746157,639,-16754,-2007,-102,-57,249
20,663,1746162,1585,-16741,-2271,-106,44,240
20,664,1746167,930,-16490,127,-111,148,210
20,665,1746172,21,-16424,1358,-100,102,205
20,666,1746177,490,-16654,-275,-79,-6,219
20,667,1746182,1386,-16789,-1545,-70,-20,219
20,668,1746187,1071,-16563,-480,-72,32,205
20,669,1746192,497,-16312,919,-72,9,195
20,670,1746197,393,-16404,147,-58,-85,199
20,671,1746202,925,-16518,-1239,-41,-112,200
20,672,1746207,799,-16431,-1142,-37,-51,188
20,673,1746212,430,-16309,-251,-42,-13,178
20,674,1746217,500,-16239,-60,-39,-30,174
20,675,1746222,665,-16338,-828,-30,-41,170
20,676,1746227,743,-16334,-1204,-22,-7,161
20,677,1746232,477,-16290,-518,-14,38,155
20,678,1746237,380,-16304,-51,-10,34,153
20,679,1746242,648,-16347,-408,-2,8,146
20,680,1746247,652,-16436,-708,7,8,141
20,681,1746252,450,-16529,-679,14,19,134
20,682,1746257,332,-16503,-426,19,18,126
20,683,1746262,545,-16413,-482,27,0,123
20,684,1746267,834,-16358,-745,36,-4,125
20,685,1746272,756,-16363,-471,39,10,117
20,686,1746277,334,-16430,-188,45,7,106
20,687,1746282,234,-16411,-371,52,-12,103
20,688,1746287,496,-16524,-654,61,-11,104
20,689,1746292,710,-16613,-954,65,15,99
20,690,1746297,549,-16453,-663,70,37,91
20,691,1746302,337,-16402,-112,74,22,87
20,692,1746307,315,-16422,-325,76,-13,87
20,693,1746312,292,-16543,-404,83,-25,86
20,694,1746317,213,-16605,-527,90,-18,78
20,695,1746322,95,-16609,-415,90,-20,70
20,696,1746327,160,-16618,-565,93,-47,67
20,697,1746332,316,-16649,-501,96,-61,65
20,698,1746337,440,-16677,-381,98,-65,58
20,699,1746342,286,-16713,-490,102,-62,53
20,700,1746347,201,-16723,-607,108,-60,53
20,701,1746352,181,-16709,-949,106,-58,45
20,702,1746357,201,-16605,-938,108,-45,42
20,703,1746362,304,-16515,-659,109,-25,41
20,704,1746367,342,-16550,-872,113,-5,35
20,705,1746372,264,-16590,-838,112,19,28
20,706,1746377,274,-16543,-812,112,36,29
20,707,1746382,380,-16494,-694,110,54,25
20,708,1746387,420,-16461,-607,107,74,22
20,709,1746392,241,-16432,-504,109,92,20
20,710,1746397,293,-16428,-659,110,103,19
20,711,1746402,340,-16403,-591,111,111,16
20,712,1746407,276,-16424,-250,108,111,11
20,713,1746412,125,-16392,-214,109,96,9
20,714,1746417,75,-16325,-347,113,83,12
20,715,1746422,144,-16425,-390,116,72,16
20,716,1746427,65,-16436,-287,117,50,12
20,717,1746432,-155,-16423,-142,116,14,10
20,718,1746437,-174,-16410,-373,118,-19,10
20,719,1746442,40,-16501,-728,122,-29,13
20,720,1746447,227,-16561,-781,123,-21,9
20,721,1746452,95,-16495,-370,120,-23,5
20,722,1746457,-13,-16503,-696,121,-41,6
20,723,1746462,159,-16559,-1028,124,-28,7
20,724,1746467,192,-16566,-643,115,53,0
20,725,1746472,49,-16524,-462,114,65,0
20,726,1746477,220,-16502,-711,112,75,3
20,727,1746482,384,-16451,-697,110,95,1
20,728,1746487,236,-16366,-270,107,118,-2
20,729,1746492,96,-16357,-71,103,111,-3
20,730,1746497,47,-16414,-292,101,84,-1
20,731,1746502,72,-16404,-401,95,65,1
20,732,1746507,-45,-16428,-300,94,55,-1
20,733,1746512,-63,-16396,-238,94,38,-3
20,734,1746517,-55,-16405,-385,93,17,2
20,735,1746522,106,-16491,-550,90,6,6
20,736,1746527,131,-16491,-502,89,6,1
20,737,1746532,151,-16498,-356,84,4,0
20,738,1746537,132,-16491,-461,81,8,3
20,739,1746542,128,-16566,-587,80,19,3
20,740,1746547,68,-16542,-624,77,35,1
20,741,1746552,42,-16524,-506,72,46,1
20,742,1746557,93,-16482,-381,69,48,-1
20,743,1746562,92,-16485,-347,68,45,1
20,744,1746567,20,-16487,-418,67,43,1
20,745,1746572,-47,-16435,-341,66,37,2
20,746,1746577,16,-16435,-277,63,19,4
20,747,1746582,162,-16488,-212,60,0,7
20,748,1746587,130,-16462,-232,56,-10,5
20,749,1746592,-23,-16472,-335,54,-19,5
20,750,1746597,-22,-16464,-499,52,-31,7
20,751,1746602,36,-16436,-484,49,-35,7
20,752,1746607,183,-16413,-402,45,-31,7
20,753,1746612,152,-16452,-407,40,-27,8
20,754,1746617,59,-16469,-567,36,-20,6
20,755,1746622,38,-16475,-592,32,-10,3
20,756,1746627,105,-16431,-501,27,-2,2
20,757,1746632,194,-16459,-429,23,11,1
20,758,1746637,220,-16499,-329,21,17,4
20,759,1746642,153,-16501,-284,19,21,3
20,760,1746647,1,-16497,-280,11,18,1
20,761,1746652,-45,-16488,-293,6,7,2
20,762,1746657,26,-16435,-310,4,-4,2
20,763,1746662,84,-16405,-307,-1,-8,1
20,764,1746667,101,-16442,-227,-1,-17,2
20,765,1746672,80,-16432,-255,-2,-32,6
20,766,1746677,54,-16471,-311,-5,-43,3
20,767,1746682,19,-16454,-471,-8,-48,0
20,768,1746687,34,-16467,-472,-11,-45,1
20,769,1746692,58,-16460,-480,-13,-34,3
20,770,1746697,54,-16480,-423,-16,-29,-2
20,771,1746702,80,-16473,-433,-19,-26,-3
20,772,1746707,115,-16499,-508,-22,-20,-3
20,773,1746712,102,-16460,-463,-24,-11,-2
20,774,1746717,140,-16491,-360,-27,1,-5
20,775,1746722,136,-16498,-223,-29,0,-4
20,776,1746727,132,-16461,-162,-32,-7,-2
20,777,1746732,120,-16412,-230,-34,-12,-5
20,778,1746737,104,-16396,-289,-36,-17,-8
20,779,1746742,65,-16408,-287,-38,-24,-6
20,780,1746747,115,-16480,-255,-40,-37,-2
20,781,1746752,192,-16502,-347,-43,-42,-3
20,782,1746757,202,-16502,-389,-45,-40,-6
20,783,1746762,104,-16496,-424,-48,-34,-10
20,784,1746767,-1,-16499,-471,-49,-31,-11
20,785,1746772,38,-16464,-573,-51,-25,-9
20,786,1746777,130,-16480,-539,-53,-12,-9
20,787,1746782,138,-16442,-366,-58,-1,-13
20,788,1746787,113,-16434,-286,-57,-5,-14
20,789,1746792,57,-16481,-313,-57,-10,-16
20,790,1746797,112,-16542,-367,-60,-17,-16
20,791,1746802,182,-16514,-307,-62,-21,-16
20,792,1746807,145,-16497,-190,-63,-26,-19
20,793,1746812,57,-16525,-262,-62,-36,-21
20,794,1746817,38,-16540,-455,-62,-46,-19
20,795,1746822,95,-16536,-432,-63,-45,-21
20,796,1746827,184,-16499,-368,-67,-39,-22
20,797,1746832,189,-16510,-408,-65,-31,-20
20,798,1746837,196,-16493,-476,-66,-17,-25
20,799,1746842,134,-16448,-414,-66,-10,-26
20,800,1746847,55,-16407,-349,-68,-5,-28
20,801,1746852,75,-16384,-372,-69,1,-30
20,802,1746857,118,-16380,-411,-66,3,-29
20,803,1746862,182,-16419,-293,-68,0,-31
20,804,1746867,191,-16414,-199,-70,-13,-32
20,805,1746872,170,-16451,-229,-69,-28,-29
20,806,1746877,173,-16520,-288,-65,-36,-30
20,807,1746882,134,-16495,-329,-64,-40,-35
20,808,1746887,71,-16478,-378,-64,-43,-33
20,809,1746892,37,-16453,-461,-61,-51,-33
20,810,1746897,96,-16485,-504,-62,-50,-33
20,811,1746902,151,-16514,-480,-63,-41,-34
20,812,1746907,176,-16597,-484,-63,-33,-38
20,813,1746912,178,-16602,-463,-63,-28,-40
20,814,1746917,214,-16605,-541,-63,-22,-38
20,815,1746922,212,-16533,-623,-61,-12,-38
20,816,1746927,140,-16530,-533,-60,-5,-38
20,817,1746932,140,-16498,-511,-57,5,-41
20,818,1746937,138,-16501,-485,-56,13,-46
20,819,1746942,163,-16436,-346,-58,18,-45
20,820,1746947,168,-16395,-338,-57,19,-43
20,821,1746952,147,-16343,-320,-56,12,-47
20,822,1746957,126,-16318,-358,-52,-1,-49
20,823,1746962,135,-16344,-376,-53,-13,-49
20,824,1746967,127,-16338,-330,-52,-24,-46
20,825,1746972,189,-16375,-349,-49,-31,-47
20,826,1746977,244,-16483,-446,-45,-32,-45
20,827,1746982,228,-16484,-493,-46,-32,-44
20,828,1746987,252,-16479,-472,-44,-31,-44
20,829,1746992,208,-16470,-454,-40,-30,-45
20,830,1746997,130,-16562,-481,-40,-24,-44
20,831,1747002,101,-16521,-482,-38,-18,-46
20,832,1747007,112,-16469,-419,-36,-16,-48
20,833,1747012,117,-16480,-432,-33,-13,-46
20,834,1747017,152,-16443,-489,-31,-18,-49
20,835,1747022,188,-16394,-470,-31,-23,-48
20,836,1747027,171,-16451,-440,-29,-29,-47
20,837,1747032,155,-16447,-416,-27,-34,-51
20,838,1747037,191,-16470,-472,-25,-36,-50
20,839,1747042,204,-16478,-499,-24,-35,-46
20,840,1747047,255,-16462,-492,-24,-34,-45
20,841,1747052,197,-16467,-466,-22,-32,-47
20,842,1747057,152,-16443,-498,-19,-29,-47
20,843,1747062,156,-16441,-530,-19,-24,-47
20,844,1747067,222,-16413,-466,-20,-19,-48
20,845,1747072,272,-16420,-430,-17,-16,-45
20,846,1747077,265,-16421,-492,-12,-15,-45
20,847,1747082,217,-16479,-547,-11,-14,-46
20,848,1747087,171,-16468,-495,-11,-15,-42
20,849,1747092,196,-16438,-502,-10,-12,-43
20,850,1747097,283,-16438,-525,-9,-7,-43
20,851,1747102,262,-16451,-523,-6,-4,-41
20,852,1747107,227,-16476,-534,-4,-3,-42
20,853,1747112,209,-16493,-534,-2,-3,-43
20,854,1747117,246,-16472,-492,-3,-2,-39
20,855,1747122,220,-16438,-546,1,-3,-38
20,856,1747127,202,-16425,-485,4,1,-40
20,857,1747132,213,-16334,-469,9,-2,-37
20,858,1747137,228,-16333,-368,7,-10,-36
20,859,1747142,251,-16416,-404,8,-16,-33
20,860,1747147,237,-16449,-456,11,-21,-33
20,861,1747152,194,-16477,-527,14,-28,-33
20,862,1747157,120,-16461,-536,13,-31,-30
20,863,1747162,124,-16370,-572,14,-35,-30
20,864,1747167,231,-16436,-571,14,-31,-28
20,865,1747172,290,-16465,-600,15,-23,-27
20,866,1747177,322,-16528,-447,18,-15,-27
20,867,1747182,205,-16509,-428,17,-18,-29
20,868,1747187,147,-16463,-534,18,-19,-30
20,869,1747192,231,-16480,-578,19,-16,-28
20,870,1747197,334,-16503,-618,22,-11,-26
20,871,1747202,230,-16481,-328,22,-22,-23
20,872,1747207,164,-16452,-507,26,-35,-21
20,873,1747212,199,-16471,-559,27,-37,-20
20,874,1747217,288,-16488,-558,23,-32,-20
20,875,1747222,313,-16454,-451,24,-32,-17
20,876,1747227,305,-16432,-416,26,-37,-12
20,877,1747232,207,-16438,-562,30,-45,-13
20,878,1747237,195,-16494,-640,30,-40,-15
20,879,1747242,267,-16477,-690,27,-29,-12
20,880,1747247,302,-16400,-564,26,-17,-13
20,881,1747252,312,-16409,-450,28,-11,-13
20,882,1747257,271,-16438,-568,28,-12,-9
20,883,1747262,204,-16513,-653,29,-7,-11
20,884,1747267,238,-16492,-680,27,-1,-8
20,885,1747272,267,-16489,-612,28,9,-6
20,886,1747277,351,-16469,-531,32,19,-7
20,887,1747282,368,-16414,-563,29,23,-7
20,888,1747287,376,-16473,-519,27,27,-2
20,889,1747292,304,-16505,-512,27,27,-1
20,890,1747297,236,-16497,-461,27,31,-4
20,891,1747302,233,-16488,-383,27,35,-2
20,892,1747307,266,-16495,-463,27,31,0
20,893,1747312,261,-16504,-499,27,29,3
20,894,1747317,221,-16513,-455,28,21,0
20,895,1747322,258,-16462,-398,26,9,4
20,896,1747327,382,-16426,-402,25,2,11
20,897,1747332,346,-16503,-404,26,-2,10
20,898,1747337,198,-16496,-437,25,-9,8
20,899,1747342,160,-16483,-523,24,-18,11
20,900,1747347,253,-16468,-565,25,-18,10
20,901,1747352,342,-16446,-608,23,-8,10
20,902,1747357,262,-16476,-588,21,2,11
20,903,1747362,205,-16495,-578,22,5,10
20,904,1747367,230,-16467,-533,23,2,15
20,905,1747372,285,-16499,-509,21,3,17
20,906,1747377,281,-16453,-455,20,5,15
20,907,1747382,256,-16411,-482,19,9,16
20,908,1747387,227,-16447,-501,17,10,19
20,909,1747392,234,-16438,-511,18,0,20
20,910,1747397,283,-16453,-511,18,-4,20
20,911,1747402,327,-16463,-481,17,-3,19
20,912,1747407,309,-16474,-558,16,3,20
20,913,1747412,273,-16536,-509,15,7,20
20,914,1747417,271,-16507,-450,12,7,20
20,915,1747422,235,-16436,-468,12,4,24
20,916,1747427,252,-16421,-536,10,7,24
20,917,1747432,220,-16367,-559,8,13,23
20,918,1747437,204,-16433,-489,7,17,23
20,919,1747442,224,-16473,-446,8,11,23
20,920,1747447,319,-16530,-391,7,3,25
20,921,1747452,335,-16538,-414,6,3,25
20,922,1747457,232,-16518,-431,5,1,25
20,923,1747462,186,-16414,-425,5,-3,25
20,924,1747467,173,-16408,-507,7,-10,24
20,925,1747472,172,-16420,-553,3,-19,26
20,926,1747477,234,-16451,-417,1,-19,25
20,927,1747482,227,-16497,-447,8,-19,25
20,928,1747487,200,-16524,-538,5,-24,25
20,929,1747492,251,-16470,-663,4,-23,27
20,930,1747497,294,-16454,-619,2,-14,26
20,931,1747502,312,-16418,-574,0,-4,24
20,932,1747507,335,-16420,-571,1,5,24
20,933,1747512,327,-16387,-666,2,14,24
20,934,1747517,292,-16389,-663,0,25,21
20,935,1747522,309,-16400,-595,-2,34,23
20,936,1747527,200,-16408,-527,-2,41,22
20,937,1747532,181,-16429,-482,-4,44,20
20,938,1747537,364,-16428,-499,-3,47,20
20,939,1747542,482,-16451,-442,-5,54,22
20,940,1747547,464,-16498,-272,-8,57,20
20,941,1747552,300,-16458,-315,-6,49,16
20,942,1747557,213,-16503,-385,-4,37,18
20,943,1747562,153,-16526,-441,-6,33,19
20,944,1747567,166,-16503,-329,-6,34,16
20,945,1747572,111,-16478,-353,-5,4,14
20,946,1747577,181,-16471,-495,-6,-11,15
20,947,1747582,212,-16515,-494,-4,-21,15
20,948,1747587,140,-16526,-404,-2,-26,11
20,949,1747592,140,-16505,-470,-2,-33,9
20,950,1747597,168,-16509,-661,-1,-38,9
20,951,1747602,300,-16533,-690,-1,-27,10
20,952,1747607,305,-16529,-507,-2,-13,6
20,953,1747612,283,-16429,-431,-2,-5,3
20,954,1747617,209,-16411,-487,-2,-1,1
20,955,1747622,239,-16488,-680,-1,8,-1
20,956,1747627,253,-16467,-535,-1,20,-1
20,957,1747632,285,-16420,-313,-1,24,-7
20,958,1747637,268,-16414,-310,-1,15,-6
20,959,1747642,256,-16452,-481,-2,9,-3
20,960,1747647,332,-16472,-515,-3,10,-4
20,961,1747652,342,-16472,-395,1,11,-6
20,962,1747657,252,-16503,-385,0,5,-8
20,963,1747662,293,-16516,-491,-3,1,-9
20,964,1747667,272,-16516,-587,-3,1,-10
20,965,1747672,268,-16512,-521,0,13,-11
20,966,1747677,282,-16482,-422,0,18,-12
20,967,1747682,283,-16495,-380,-3,21,-16
20,968,1747687,201,-16509,-470,-2,21,-16
20,969,1747692,195,-16508,-461,-3,19,-17
20,970,1747697,219,-16472,-384,-2,16,-19
20,971,1747702,269,-16463,-307,0,5,-18
20,972,1747707,234,-16431,-365,1,-5,-20
20,973,1747712,188,-16431,-383,-2,-17,-20
20,974,1747717,196,-16427,-490,1,-25,-19
20,975,1747722,268,-16430,-521,1,-29,-21
20,976,1747727,264,-16431,-526,0,-28,-22
20,977,1747732,291,-16461,-521,1,-25,-27
20,978,1747737,294,-16472,-554,0,-19,-28
20,979,1747742,208,-16482,-591,1,-13,-25
20,980,1747747,272,-16466,-554,2,-1,-28
20,981,1747752,340,-16468,-497,3,11,-29
20,982,1747757,312,-16509,-541,2,18,-33
20,983,1747762,294,-16465,-525,2,22,-34
20,984,1747767,327,-16470,-495,5,19,-32
20,985,1747772,342,-16498,-472,2,21,-37
20,986,1747777,377,-16465,-424,1,27,-36
20,987,1747782,305,-16491,-378,2,23,-36
20,988,1747787,275,-16481,-377,2,18,-37
20,989,1747792,319,-16496,-395,-1,12,-37
20,990,1747797,304,-16501,-400,0,7,-37
20,991,1747802,200,-16513,-442,1,5,-38
20,992,1747807,203,-16438,-532,4,2,-39
20,993,1747812,199,-16417,-519,4,-4,-41
20,994,1747817,223,-16420,-540,3,-5,-41
20,995,1747822,279,-16425,-490,3,-6,-42
20,996,1747827,305,-16492,-500,7,-9,-41
20,997,1747832,322,-16500,-508,6,-5,-46
20,998,1747837,318,-16537,-505,4,-4,-45
20,999,1747842,295,-16534,-442,3,-5,-43
21,0,1908117,1676,-16076,-466,-96,21,-37
21,1,1908122,1927,-15955,6,-83,14,-39
21,2,1908127,1684,-15940,-272,-56,15,-38
21,3,1908132,1391,-15992,-1345,-36,-8,-32
21,4,1908137,1560,-15930,-2307,-42,-34,-23
21,5,1908142,2088,-15810,-2448,-61,-34,-19
21,6,1908147,2236,-15864,-1937,-72,4,-19
21,7,1908152,1857,-16038,-1610,-61,68,-22
21,8,1908157,1432,-16153,-2118,-40,141,-26
21,9,1908162,1340,-16267,-2911,-33,223,-26
21,10,1908167,1481,-16370,-2940,-42,324,-26
21,11,1908172,1644,-16371,-2130,-60,403,-31
21,12,1908177,1565,-16383,-1075,-65,437,-32
21,13,1908182,1538,-16395,-774,-56,435,-32
21,14,1908187,1673,-16412,-1168,-38,434,-27
21,15,1908192,1954,-16372,-1163,-33,448,-21
21,16,1908197,2110,-16374,-589,-38,423,-17
21,17,1908202,2107,-16390,218,-42,335,-11
21,18,1908207,2078,-16457,491,-39,206,1
21,19,1908212,2108,-16507,42,-23,98,11
21,20,1908217,2128,-16444,-441,-11,38,15
21,21,1908222,2110,-16512,-736,-8,-1,25
21,22,1908227,2173,-16664,-728,-13,-34,33
21,23,1908232,2151,-16793,-655,-21,-73,37
21,24,1908237,1991,-16970,-714,-23,-95,40
21,25,1908242,1696,-17102,-923,-13,-87,42
21,26,1908247,1546,-17102,-1518,-5,-69,43
21,27,1908252,1713,-17050,-1884,-6,-32,45
21,28,1908257,2096,-16960,-1787,-17,-2,47
21,29,1908262,2396,-16915,-1425,-23,13,49
21,30,1908267,2449,-16850,-990,-21,19,52
21,31,1908272,2222,-16728,-1006,-11,10,54
21,32,1908277,2155,-16587,-1279,-7,12,57
21,33,1908282,2172,-16528,-1344,-6,18,65
21,34,1908287,2303,-16464,-1289,-11,6,72
21,35,1908292,2442,-16427,-1045,-14,-15,75
21,36,1908297,2537,-16427,-1375,2,-67,85
21,37,1908302,2493,-16366,-1585,2,-55,89
21,38,1908307,2408,-16362,-1689,-1,-32,93
21,39,1908312,2328,-16297,-1261,-8,-4,94
21,40,1908317,2401,-16315,-878,-9,3,99
21,41,1908322,2397,-16302,-683,-5,-7,104
21,42,1908327,2241,-16300,-435,-1,-32,109
21,43,1908332,2083,-16271,-635,5,-78,112
21,44,1908337,1880,-16322,-795,2,-127,116
21,45,1908342,1757,-16382,-1159,0,-170,120
21,46,1908347,1724,-16425,-1641,2,-185,119
21,47,1908352,1775,-16397,-2028,0,-154,114
21,48,1908357,1874,-16390,-2292,-1,-86,111
21,49,1908362,1969,-16417,-2391,-4,-3,109
21,50,1908367,1998,-16332,-2207,-10,77,104
21,51,1908372,1993,-16154,-1875,-14,138,96
21,52,1908377,2035,-16085,-1440,-18,171,95
21,53,1908382,2112,-16088,-1001,-18,181,100
21,54,1908387,2119,-16132,-537,-16,161,99
21,55,1908392,2086,-16106,-143,-12,111,100
21,56,1908397,1953,-16082,-1,-11,19,103
21,57,1908402,1907,-16142,-129,-11,-81,108
21,58,1908407,2047,-16241,-326,-7,-171,115
21,59,1908412,2135,-16278,-457,-8,-233,120
21,60,1908417,2142,-16337,-696,-7,-275,119
21,61,1908422,2073,-16448,-1174,-5,-300,121
21,62,1908427,2002,-16433,-1610,-7,-299,119
21,63,1908432,1897,-16335,-1952,-13,-266,115
21,64,1908437,1970,-16279,-2126,-21,-207,113
21,65,1908442,2115,-16263,-2155,-28,-140,111
21,66,1908447,2071,-16382,-1993,-31,-77,107
21,67,1908452,1857,-16393,-1805,-35,-30,95
21,68,1908457,1664,-16390,-1758,-38,-5,88
21,69,1908462,1599,-16321,-1772,-38,12,89
21,70,1908467,1890,-16296,-1843,-43,31,89
21,71,1908472,2130,-16235,-1638,-44,53,87
21,72,1908477,2131,-16223,-1319,-47,53,83
21,73,1908482,1948,-16266,-1220,-47,26,79
21,74,1908487,1803,-16247,-1427,-46,-7,77
21,75,1908492,1710,-16129,-1566,-46,-25,77
21,76,1908497,1788,-16062,-1451,-48,-27,77
21,77,1908502,1910,-16056,-1317,-52,-35,77
21,78,1908507,2031,-16065,-1229,-51,-59,73
21,79,1908512,2003,-16075,-1294,-55,-94,68
21,80,1908517,1960,-16015,-1539,-58,-116,67
21,81,1908522,1885,-15999,-1762,-59,-117,67
21,82,1908527,1854,-16010,-1893,-61,-102,65
21,83,1908532,1862,-16039,-1975,-64,-81,61
21,84,1908537,1976,-16024,-2069,-68,-59,56
21,85,1908542,2002,-15929,-2099,-69,-35,51
21,86,1908547,1993,-15780,-2085,-71,-8,49
21,87,1908552,1988,-15746,-1925,-75,19,46
21,88,1908557,1957,-15809,-1711,-80,31,38
21,89,1908562,1895,-15844,-1442,-84,23,32
21,90,1908567,1835,-15792,-1291,-84,-7,32
21,91,1908572,1758,-15789,-1363,-82,-47,33
21,92,1908577,1701,-15781,-1581,-82,-84,30
21,93,1908582,1720,-15832,-1719,-82,-112,30
21,94,1908587,1775,-15813,-1814,-84,-133,28
21,95,1908592,1881,-15866,-1887,-87,-143,28
21,96,1908597,1917,-15928,-2007,-86,-135,26
21,97,1908602,1854,-16008,-2215,-84,-123,19
21,98,1908607,1786,-16033,-2315,-85,-109,14
21,99,1908612,1793,-16061,-2405,-87,-95,13
21,100,1908617,1896,-16076,-2376,-88,-83,9
21,101,1908622,1982,-16089,-2279,-88,-65,4
21,102,1908627,1958,-16078,-2234,-88,-47,1
21,103,1908632,1835,-16070,-2193,-88,-35,-1
21,104,1908637,1757,-16099,-2247,-85,-32,-5
21,105,1908642,1776,-16066,-2279,-87,-31,-11
21,106,1908647,1876,-16035,-2193,-93,-28,-9
21,107,1908652,1985,-16065,-2118,-92,-27,-11
21,108,1908657,2059,-16004,-2131,-83,-24,-13
21,109,1908662,2070,-16013,-2238,-81,-23,-15
21,110,1908667,1942,-16094,-2376,-82,-14,-17
21,111,1908672,1887,-16156,-2396,-81,0,-19
21,112,1908677,1911,-16103,-2306,-85,18,-24
21,113,1908682,1923,-16123,-2236,-83,41,-26
21,114,1908687,1938,-16136,-2133,-82,65,-29
21,115,1908692,2016,-16119,-1981,-81,75,-30
21,116,1908697,1977,-16092,-1786,-83,68,-28
21,117,1908702,1998,-16099,-1684,-78,43,-25
21,118,1908707,2048,-16156,-1591,-78,18,-24
21,119,1908712,2092,-16118,-1592,-76,-13,-24
21,120,1908717,2104,-16115,-1527,-73,-45,-23
21,121,1908722,2013,-16142,-1575,-72,-75,-23
21,122,1908727,1942,-16182,-1669,-68,-103,-20
21,123,1908732,1956,-16119,-1819,-65,-127,-18
21,124,1908737,1961,-16133,-1975,-65,-133,-18
21,125,1908742,1993,-16171,-2122,-64,-124,-14
21,126,1908747,2033,-16175,-2212,-63,-109,-15
21,127,1908752,1977,-16215,-2204,-63,-89,-16
21,128,1908757,1954,-16227,-2160,-62,-67,-17
21,129,1908762,1804,-16235,-2153,-63,-46,-18
21,130,1908767,1701,-16211,-2148,-61,-33,-23
21,131,1908772,1715,-16161,-2093,-60,-19,-21
21,132,1908777,1809,-16119,-1994,-59,-15,-19
21,133,1908782,1861,-16118,-1947,-58,-13,-23
21,134,1908787,1839,-16160,-1840,-54,-15,-21
21,135,1908792,1736,-16202,-1922,-52,-24,-23
21,136,1908797,1623,-16225,-2024,-51,-34,-26
21,137,1908802,1552,-16222,-2115,-49,-32,-26
21,138,1908807,1615,-16177,-2111,-51,-20,-27
21,139,1908812,1739,-16239,-1917,-50,-10,-25
21,140,1908817,1850,-16218,-1809,-48,-6,-25
21,141,1908822,1833,-16230,-1658,-46,-14,-25
21,142,1908827,1771,-16251,-1689,-46,-37,-23
21,143,1908832,1646,-16267,-1724,-42,-65,-24
21,144,1908837,1609,-16285,-1805,-40,-89,-25
21,145,1908842,1637,-16317,-1937,-34,-108,-24
21,146,1908847,1730,-16319,-2021,-33,-109,-24
21,147,1908852,1782,-16302,-2089,-33,-106,-23
21,148,1908857,1775,-16267,-2137,-31,-102,-24
21,149,1908862,1683,-16241,-2205,-34,-98,-26
21,150,1908867,1651,-16155,-2220,-31,-92,-25
21,151,1908872,1697,-16151,-2226,-28,-81,-23
21,152,1908877,1696,-16172,-2179,-24,-77,-26
21,153,1908882,1649,-16207,-2259,-21,-77,-30
21,154,1908887,1626,-16136,-2430,-22,-77,-30
21,155,1908892,1659,-16080,-2543,-22,-70,-28
21,156,1908897,1735,-16046,-2513,-20,-54,-29
21,157,1908902,1840,-16019,-2357,-18,-36,-31
21,158,1908907,1883,-15983,-2253,-15,-28,-29
21,159,1908912,1833,-16010,-2106,-15,-31,-31
21,160,1908917,1721,-16032,-1973,-11,-50,-29
21,161,1908922,1647,-16072,-1956,-8,-82,-29
21,162,1908927,1671,-16102,-2020,-6,-116,-28
21,163,1908932,1700,-16044,-2084,-4,-139,-28
21,164,1908937,1761,-15964,-2162,-2,-157,-24
21,165,1908942,1849,-15969,-2262,4,-170,-25
21,166,1908947,1840,-16019,-2437,5,-173,-23
21,167,1908952,1764,-16090,-2487,4,-164,-21
21,168,1908957,1656,-16136,-2478,9,-149,-22
21,169,1908962,1625,-16162,-2661,8,-133,-27
21,170,1908967,1623,-16196,-2776,9,-104,-28
21,171,1908972,1607,-16240,-2858,8,-74,-28
21,172,1908977,1626,-16215,-2819,9,-40,-31
21,173,1908982,1642,-16242,-2704,10,-9,-36
21,174,1908987,1605,-16282,-2556,11,18,-35
21,175,1908992,1692,-16284,-2391,10,40,-35
21,176,1908997,1669,-16263,-2159,12,51,-37
21,177,1909002,1659,-16247,-1895,14,43,-37
21,178,1909007,1585,-16277,-1826,16,15,-34
21,179,1909012,1635,-16323,-1846,17,-22,-34
21,180,1909017,1713,-16298,-1918,21,-52,-35
21,181,1909022,1700,-16244,-1925,25,-72,-33
21,182,1909027,1750,-16269,-1976,23,-89,-31
21,183,1909032,1675,-16268,-2034,22,-98,-30
21,184,1909037,1652,-16266,-2176,24,-112,-27
21,185,1909042,1685,-16261,-2157,22,-107,-25
21,186,1909047,1800,-16279,-2214,23,-100,-27
21,187,1909052,1748,-16288,-2319,24,-95,-29
21,188,1909057,1661,-16267,-2337,25,-91,-29
21,189,1909062,1684,-16176,-2381,24,-89,-30
21,190,1909067,1717,-16099,-2361,22,-76,-28
21,191,1909072,1745,-16083,-2316,22,-62,-29
21,192,1909077,1731,-16164,-2171,25,-53,-29
21,193,1909082,1709,-16208,-2145,26,-56,-28
21,194,1909087,1634,-16282,-2190,25,-68,-31
21,195,1909092,1587,-16256,-2260,30,-76,-30
21,196,1909097,1629,-16281,-2265,29,-73,-30
21,197,1909102,1625,-16279,-2213,27,-64,-31
21,198,1909107,1664,-16271,-2154,28,-55,-32
21,199,1909112,1667,-16245,-2064,28,-51,-32
21,200,1909117,1644,-16188,-2072,25,-54,-32
21,201,1909122,1629,-16173,-2038,27,-60,-32
21,202,1909127,1675,-16156,-1987,26,-66,-28
21,203,1909132,1704,-16136,-1977,26,-78,-27
21,204,1909137,1735,-16119,-1975,28,-89,-28
21,205,1909142,1676,-16099,-2105,31,-103,-27
21,206,1909147,1650,-16100,-2237,32,-116,-25
21,207,1909152,1653,-16101,-2282,28,-120,-24
21,208,1909157,1722,-16132,-2273,29,-120,-24
21,209,1909162,1708,-16191,-2314,28,-111,-27
21,210,1909167,1665,-16173,-2414,31,-102,-28
21,211,1909172,1590,-16160,-2472,32,-90,-29
21,212,1909177,1596,-16133,-2471,31,-72,-26
21,213,1909182,1652,-16149,-2428,29,-54,-29
21,214,1909187,1640,-16179,-2332,29,-42,-29
21,215,1909192,1641,-16194,-2222,30,-35,-26
21,216,1909197,1629,-16185,-2252,33,-37,-27
21,217,1909202,1556,-16156,-2239,31,-37,-30
21,218,1909207,1516,-16114,-2239,31,-39,-30
21,219,1909212,1551,-16094,-2128,32,-47,-27
21,220,1909217,1514,-16124,-2068,32,-57,-27
21,221,1909222,1545,-16087,-2079,34,-66,-28
21,222,1909227,1609,-16109,-2111,33,-71,-29
21,223,1909232,1645,-16100,-2158,35,-72,-28
21,224,1909237,1675,-16115,-2127,35,-78,-25
21,225,1909242,1685,-16130,-2067,36,-86,-25
21,226,1909247,1587,-16181,-2100,36,-99,-25
21,227,1909252,1558,-16188,-2205,39,-107,-24
21,228,1909257,1520,-16204,-2292,42,-110,-23
21,229,1909262,1541,-16247,-2393,38,-107,-27
21,230,1909267,1581,-16263,-2353,37,-95,-26
21,231,1909272,1606,-16272,-2334,37,-85,-24
21,232,1909277,1620,-16235,-2348,37,-77,-25
21,233,1909282,1567,-16248,-2333,39,-64,-26
21,234,1909287,1493,-16274,-2374,39,-45,-23
21,235,1909292,1481,-16294,-2334,37,-33,-25
21,236,1909297,1532,-16362,-2168,34,-22,-26
21,237,1909302,1576,-16377,-2012,33,-19,-24
21,238,1909307,1604,-16393,-1902,34,-20,-24
21,239,1909312,1542,-16390,-1813,34,-27,-23
21,240,1909317,1519,-16403,-1847,36,-39,-23
21,241,1909322,1525,-16439,-1850,34,-56,-22
21,242,1909327,1571,-16396,-1925,32,-66,-18
21,243,1909332,1568,-16369,-1982,32,-75,-20
21,244,1909337,1571,-16363,-2016,32,-75,-17
21,245,1909342,1607,-16350,-2108,30,-67,-16
21,246,1909347,1628,-16324,-2053,28,-60,-15
21,247,1909352,1650,-16271,-1953,26,-59,-14
21,248,1909357,1611,-16300,-1945,29,-67,-14
21,249,1909362,1533,-16277,-1965,28,-78,-13
21,250,1909367,1520,-16243,-2070,30,-89,-14
21,251,1909372,1521,-16220,-2104,27,-97,-14
21,252,1909377,1594,-16158,-2130,28,-97,-12
21,253,1909382,1609,-16141,-2077,28,-97,-13
21,254,1909387,1589,-16122,-2166,27,-94,-11
21,255,1909392,1589,-16130,-2211,23,-89,-12
21,256,1909397,1589,-16126,-2206,27,-83,-9
21,257,1909402,1513,-16206,-2210,23,-73,-8
21,258,1909407,1565,-16182,-2263,19,-72,-8
21,259,1909412,1592,-16175,-2312,22,-65,-8
21,260,1909417,1606,-16206,-2353,22,-47,-8
21,261,1909422,1619,-16234,-2370,21,-35,-8
21,262,1909427,1596,-16226,-2371,20,-19,-9
21,263,1909432,1583,-16226,-2466,18,-5,-7
21,264,1909437,1577,-16302,-2458,16,16,-10
21,265,1909442,1553,-16317,-2430,15,39,-13
21,266,1909447,1515,-16369,-2429,15,58,-11
21,267,1909452,1460,-16384,-2451,16,77,-16
21,268,1909457,1505,-16338,-2564,14,97,-18
21,269,1909462,1606,-16245,-2535,11,121,-19
21,270,1909467,1670,-16206,-2325,8,142,-23
21,271,1909472,1739,-16189,-2137,10,153,-20
21,272,1909477,1766,-16169,-1905,8,144,-20
21,273,1909482,1751,-16184,-1816,9,123,-18
21,274,1909487,1686,-16198,-1781,10,85,-18
21,275,1909492,1689,-16207,-1806,10,52,-15
21,276,1909497,1728,-16160,-1862,12,19,-12
21,277,1909502,1817,-16184,-1938,13,-5,-9
21,278,1909507,1851,-16220,-2077,11,-23,-8
21,279,1909512,1832,-16310,-2196,10,-35,-6
21,280,1909517,1749,-16372,-2296,12,-33,-6
21,281,1909522,1761,-16396,-2311,11,-24,-7
21,282,1909527,1702,-16383,-2372,9,-9,-9
21,283,1909532,1641,-16413,-2442,8,2,-8
21,284,1909537,1678,-16423,-2457,4,14,-10
21,285,1909542,1748,-16383,-2389,2,28,-7
21,286,1909547,1790,-16447,-2293,4,37,-11
21,287,1909552,1711,-16468,-2155,4,45,-10
21,288,1909557,1613,-16563,-2148,3,46,-9
21,289,1909562,1573,-16588,-2205,2,44,-14
21,290,1909567,1595,-16543,-2203,1,32,-13
21,291,1909572,1661,-16498,-2129,0,22,-11
21,292,1909577,1744,-16467,-2104,-1,19,-13
21,293,1909582,1764,-16478,-2086,1,14,-12
21,294,1909587,1763,-16453,-2087,3,0,-9
21,295,1909592,1731,-16475,-2123,3,-14,-8
21,296,1909597,1714,-16449,-2168,1,-26,-12
21,297,1909602,1695,-16397,-2195,1,-33,-12
21,298,1909607,1729,-16338,-2201,0,-34,-10
21,299,1909612,1749,-16334,-2221,2,-29,-9
21,300,1909617,1761,-16380,-2306,-1,-24,-7
21,301,1909622,1787,-16368,-2273,-3,-13,-10
21,302,1909627,1765,-16348,-2228,-6,-9,-9
21,303,1909632,1674,-16354,-2187,-9,-4,-11
21,304,1909637,1680,-16341,-2163,-7,0,-10
21,305,1909642,1705,-16355,-2189,-6,6,-10
21,306,1909647,1685,-16368,-2213,-7,7,-12
21,307,1909652,1652,-16340,-2170,-9,3,-13
21,308,1909657,1716,-16287,-2186,-12,1,-13
21,309,1909662,1795,-16241,-2152,-12,2,-15
21,310,1909667,1791,-16241,-2174,-12,1,-15
21,311,1909672,1785,-16216,-2126,-13,-1,-13
21,312,1909677,1822,-16235,-2056,-14,1,-16
21,313,1909682,1748,-16204,-1963,-14,-9,-14
21,314,1909687,1635,-16226,-1994,-14,-24,-14
21,315,1909692,1683,-16254,-2020,-18,-36,-15
21,316,1909697,1778,-16146,-2019,-17,-42,-13
21,317,1909702,1854,-16165,-2035,-16,-50,-12
21,318,1909707,1866,-16210,-2076,-16,-55,-10
21,319,1909712,1834,-16276,-2169,-19,-64,-12
21,320,1909717,1766,-16220,-2209,-19,-64,-15
21,321,1909722,1757,-16165,-2288,-17,-55,-14
21,322,1909727,1718,-16213,-2277,-21,-43,-15
21,323,1909732,1661,-16205,-2282,-24,-26,-17
21,324,1909737,1688,-16199,-2283,-24,-17,-16
21,325,1909742,1724,-16176,-2266,-24,-11,-19
21,326,1909747,1749,-16120,-2204,-25,-9,-19
21,327,1909752,1714,-16121,-2165,-25,-6,-17
21,328,1909757,1742,-16094,-2084,-23,-7,-20
21,329,1909762,1759,-16092,-2021,-24,-16,-18
21,330,1909767,1743,-16165,-2030,-22,-34,-14
21,331,1909772,1712,-16155,-2222,-22,-60,-18
21,332,1909777,1655,-16133,-2271,-22,-61,-19
21,333,1909782,1692,-16151,-2347,-21,-52,-16
21,334,1909787,1788,-16107,-2402,-20,-41,-17
21,335,1909792,1782,-16191,-2358,-22,-24,-18
21,336,1909797,1742,-16202,-2342,-24,-11,-23
21,337,1909802,1703,-16114,-2302,-25,2,-24
21,338,1909807,1712,-16084,-2240,-21,14,-22
21,339,1909812,1687,-16070,-2160,-23,22,-20
21,340,1909817,1714,-16134,-2114,-25,18,-20
21,341,1909822,1724,-16170,-2086,-21,9,-22
21,342,1909827,1729,-16154,-2159,-22,0,-22
21,343,1909832,1756,-16148,-2245,-21,-2,-23
21,344,1909837,1838,-16123,-2253,-20,6,-20
21,345,1909842,1841,-16096,-2151,-21,13,-19
21,346,1909847,1811,-16140,-2103,-19,12,-19
21,347,1909852,1754,-16201,-2052,-22,6,-18
21,348,1909857,1699,-16274,-2091,-20,-3,-18
21,349,1909862,1618,-16299,-2153,-18,-12,-18
21,350,1909867,1650,-16294,-2181,-19,-11,-18
21,351,1909872,1657,-16287,-2183,-20,-7,-18
21,352,1909877,1694,-16319,-2189,-19,-2,-18
21,353,1909882,1669,-16405,-2166,-20,4,-20
21,354,1909887,1657,-16428,-2174,-21,12,-23
21,355,1909892,1567,-16419,-2138,-21,18,-25
21,356,1909897,1590,-16386,-2173,-18,21,-23
21,357,1909902,1709,-16328,-2174,-18,33,-26
21,358,1909907,1781,-16280,-2129,-19,39,-23
21,359,1909912,1795,-16220,-2059,-16,33,-22
21,360,1909917,1794,-16175,-2017,-15,22,-21
21,361,1909922,1845,-16178,-2022,-14,9,-20
21,362,1909927,1880,-16190,-2069,-12,-1,-19
21,363,1909932,1902,-16192,-2082,-12,-2,-17
21,364,1909937,1887,-16163,-2030,-10,-10,-16
21,365,1909942,1854,-16216,-2021,-9,-23,-16
21,366,1909947,1777,-16241,-2086,-9,-33,-12
21,367,1909952,1762,-16251,-2135,-8,-41,-12
21,368,1909957,1754,-16272,-2133,-7,-40,-10
21,369,1909962,1812,-16313,-2149,-7,-36,-8
21,370,1909967,1820,-16378,-2186,-8,-32,-10
21,371,1909972,1758,-16389,-2163,-4,-31,-9
21,372,1909977,1645,-16427,-2231,-6,-32,-11
21,373,1909982,1616,-16429,-2308,-2,-23,-10
21,374,1909987,1628,-16410,-2433,-2,-13,-10
21,375,1909992,1732,-16441,-2477,-2,6,-10
21,376,1909997,1772,-16429,-2415,-3,25,-11
21,377,1910002,1769,-16415,-2340,-2,38,-11
21,378,1910007,1741,-16361,-2282,-4,49,-13
21,379,1910012,1694,-16337,-2279,0,56,-13
21,380,1910017,1732,-16325,-2143,2,62,-11
21,381,1910022,1773,-16270,-1976,0,63,-11
21,382,1910027,1772,-16271,-1848,2,52,-11
21,383,1910032,1716,-16265,-1811,2,25,-7
21,384,1910037,1762,-16239,-1829,5,-1,-6
21,385,1910042,1812,-16196,-1879,7,-20,-6
21,386,1910047,1777,-16224,-1952,7,-38,-6
21,387,1910052,1817,-16189,-2057,9,-48,-4
21,388,1910057,1853,-16137,-2135,10,-54,-3
21,389,1910062,1821,-16158,-2143,10,-57,-2
21,390,1910067,1827,-16150,-2184,11,-58,-2
21,391,1910072,1802,-16130,-2232,13,-56,-4
21,392,1910077,1810,-16083,-2264,13,-48,1
21,393,1910082,1790,-16082,-2278,11,-38,0
21,394,1910087,1801,-16049,-2300,13,-29,-3
21,395,1910092,1786,-16043,-2337,14,-18,-4
21,396,1910097,1770,-16015,-2345,15,-12,-6
21,397,1910102,1797,-16039,-2365,16,4,-6
21,398,1910107,1823,-16030,-2367,15,22,-5
21,399,1910112,1773,-16051,-2291,15,36,-4
21,400,1910117,1744,-16042,-2236,15,47,-7
21,401,1910122,1757,-16009,-2097,15,51,-7
21,402,1910127,1778,-16001,-1877,13,48,-7
21,403,1910132,1793,-16029,-1765,13,39,-6
21,404,1910137,1763,-16035,-1665,14,16,-6
21,405,1910142,1756,-16101,-1840,16,-46,-5
21,406,1910147,1810,-16120,-1946,14,-67,-7
21,407,1910152,1832,-16165,-2067,14,-70,-5
21,408,1910157,1825,-16157,-2180,15,-64,-5
21,409,1910162,1828,-16125,-2286,15,-52,-8
21,410,1910167,1779,-16123,-2302,14,-37,-9
21,411,1910172,1764,-16157,-2271,12,-26,-9
21,412,1910177,1776,-16115,-2270,15,-19,-12
21,413,1910182,1818,-16147,-2229,15,-14,-12
21,414,1910187,1775,-16096,-2265,13,-10,-13
21,415,1910192,1728,-16078,-2330,18,-8,-15
21,416,1910197,1780,-16086,-2311,18,-1,-16
21,417,1910202,1768,-16111,-2288,17,9,-13
21,418,1910207,1760,-16133,-2214,17,13,-15
21,419,1910212,1786,-16126,-2140,19,13,-19
21,420,1910217,1782,-16127,-2130,17,5,-19
21,421,1910222,1775,-16169,-2146,21,-5,-14
21,422,1910227,1829,-16196,-2144,20,-13,-19
21,423,1910232,1846,-16191,-2162,18,-21,-20
21,424,1910237,1859,-16165,-2146,20,-28,-15
21,425,1910242,1850,-16207,-2222,21,-30,-16
21,426,1910247,1847,-16223,-2315,20,-28,-19
21,427,1910252,1806,-16215,-2307,20,-29,-19
21,428,1910257,1850,-16172,-2310,18,-22,-19
21,429,1910262,1911,-16233,-2266,18,-14,-20
21,430,1910267,1943,-16215,-2261,20,-14,-21
21,431,1910272,1861,-16246,-2251,21,-8,-19
21,432,1910277,1799,-16248,-2298,21,-4,-17
21,433,1910282,1816,-16252,-2341,20,0,-17
21,434,1910287,1827,-16367,-2342,19,8,-16
21,435,1910292,1901,-16378,-2291,19,17,-18
21,436,1910297,1880,-16343,-2240,19,22,-18
21,437,1910302,1887,-16338,-2223,16,31,-19
21,438,1910307,1887,-16365,-2244,21,40,-17
21,439,1910312,1889,-16388,-2121,20,44,-15
21,440,1910317,1874,-16378,-1939,13,42,-13
21,441,1910322,1918,-16335,-1794,14,25,-15
21,442,1910327,1913,-16321,-1841,15,2,-15
21,443,1910332,1904,-16356,-1894,17,-22,-10
21,444,1910337,1937,-16328,-1970,17,-40,-7
21,445,1910342,1961,-16268,-2064,15,-53,-9
21,446,1910347,1950,-16239,-2171,15,-62,-9
21,447,1910352,1916,-16175,-2344,15,-67,-4
21,448,1910357,1893,-16148,-2572,16,-62,-2
21,449,1910362,1889,-16114,-2713,13,-40,-5
21,450,1910367,1941,-16075,-2710,10,-11,-5
21,451,1910372,1843,-16015,-2916,11,21,-4
21,452,1910377,1812,-15964,-3129,8,62,-3
21,453,1910382,1883,-15905,-3094,2,109,-3
21,454,1910387,1944,-15824,-3124,-1,159,-5
21,455,1910392,1948,-15788,-2970,0,211,-3
21,456,1910397,1987,-15805,-2656,-2,250,-3
21,457,1910402,1872,-15792,-2431,-3,262,-3
21,458,1910407,1685,-15825,-2147,-2,248,-2
21,459,1910412,1647,-15804,-1986,-5,210,2
21,460,1910417,1676,-15746,-1787,-7,168,7
21,461,1910422,1849,-15702,-1715,-10,128,13
21,462,1910427,1840,-15718,-1690,-12,85,18
21,463,1910432,1641,-15859,-2020,-12,38,20
21,464,1910437,1407,-15959,-2350,-17,-12,27
21,465,1910442,1451,-16046,-2664,-25,-29,32
21,466,1910447,1552,-16193,-2844,-35,-7,33
21,467,1910452,1601,-16299,-2990,-43,53,31
21,468,1910457,1590,-16248,-3048,-49,133,27
21,469,1910462,1488,-16233,-3110,-60,209,27
21,470,1910467,1381,-16235,-3167,-71,274,29
21,471,1910472,1431,-16177,-3029,-82,332,28
21,472,1910477,1583,-16063,-2601,-93,379,32
21,473,1910482,1761,-16043,-2080,-105,405,36
21,474,1910487,1866,-16050,-1707,-111,395,40
21,475,1910492,1741,-16016,-1480,-114,349,44
21,476,1910497,1618,-15922,-1315,-124,261,54
21,477,1910502,1450,-15917,-1293,-135,164,60
21,478,1910507,1429,-15894,-1289,-145,61,76
21,479,1910512,1798,-15902,-1622,-160,-97,100
21,480,1910517,1728,-15963,-1937,-171,-165,111
21,481,1910522,1579,-16027,-2283,-182,-219,120
21,482,1910527,1513,-16057,-2524,-195,-250,128
21,483,1910532,1526,-16135,-2796,-208,-252,137
21,484,1910537,1452,-16301,-3128,-222,-219,143
21,485,1910542,1379,-16408,-3427,-233,-177,146
21,486,1910547,1346,-16316,-3480,-247,-133,149
21,487,1910552,1467,-16288,-3434,-269,-91,157
21,488,1910557,1511,-16299,-3211,-287,-41,164
21,489,1910562,1467,-16217,-2833,-300,-2,169
21,490,1910567,1349,-16184,-2611,-309,11,175
21,491,1910572,1299,-16187,-2416,-322,-12,184
21,492,1910577,1341,-16108,-2300,-337,-62,196
21,493,1910582,1266,-16174,-1968,-348,-120,211
21,494,1910587,1147,-16242,-1993,-361,-194,219
21,495,1910592,1097,-16289,-2196,-368,-262,230
21,496,1910597,1172,-16242,-2506,-382,-314,241
21,497,1910602,1293,-16203,-2830,-395,-343,253
21,498,1910607,1314,-16239,-2915,-405,-349,263
21,499,1910612,1223,-16265,-2943,-421,-354,271
21,500,1910617,1137,-16257,-2982,-435,-362,281
21,501,1910622,1094,-16256,-3189,-445,-365,291
21,502,1910627,1106,-16231,-3230,-461,-355,298
21,503,1910632,1078,-16241,-3114,-472,-348,309
21,504,1910637,1018,-16251,-2956,-486,-352,319
21,505,1910642,856,-16327,-3014,-497,-374,327
21,506,1910647,666,-16297,-3273,-504,-402,336
21,507,1910652,734,-16218,-3446,-516,-413,344
21,508,1910657,966,-16123,-3601,-529,-402,354
21,509,1910662,1104,-16093,-3448,-539,-378,362
21,510,1910667,1001,-16075,-3345,-548,-368,367
21,511,1910672,792,-16103,-3346,-558,-381,375
21,512,1910677,588,-16123,-3462,-564,-406,384
21,513,1910682,534,-16093,-3607,-572,-428,392
21,514,1910687,674,-15963,-3668,-581,-428,396
21,515,1910692,759,-15905,-3583,-585,-420,404
21,516,1910697,710,-15864,-3586,-591,-425,410
21,517,1910702,602,-15951,-3626,-598,-448,419
21,518,1910707,574,-15942,-3714,-604,-474,427
21,519,1910712,632,-15881,-3644,-612,-489,433
21,520,1910717,644,-15824,-3673,-614,-501,441
21,521,1910722,550,-15858,-3791,-611,-504,445
21,522,1910727,411,-15897,-4039,-613,-520,450
21,523,1910732,316,-15848,-4236,-617,-543,454
21,524,1910737,254,-15834,-4310,-620,-556,461
21,525,1910742,289,-15823,-4353,-623,-548,464
21,526,1910747,288,-15798,-4322,-619,-525,463
21,527,1910752,212,-15809,-4392,-614,-506,465
21,528,1910757,163,-15849,-4463,-616,-504,469
21,529,1910762,205,-15865,-4489,-616,-515,472
21,530,1910767,246,-15816,-4416,-617,-526,475
21,531,1910772,174,-15854,-4364,-612,-527,475
21,532,1910777,-39,-16021,-4522,-610,-527,469
21,533,1910782,-204,-16127,-4831,-603,-522,467
21,534,1910787,-144,-16100,-5067,-603,-506,464
21,535,1910792,-25,-16043,-5022,-601,-469,462
21,536,1910797,34,-16023,-4916,-599,-424,457
21,537,1910802,-83,-15980,-4809,-595,-390,450
21,538,1910807,-207,-15929,-4904,-586,-370,447
21,539,1910812,-243,-15880,-4908,-581,-363,445
21,540,1910817,-172,-15837,-4726,-575,-366,437
21,541,1910822,-122,-15861,-4427,-568,-380,433
21,542,1910827,-161,-15878,-4273,-559,-408,432
21,543,1910832,-265,-15917,-4417,-543,-442,427
21,544,1910837,-336,-15935,-4661,-531,-473,419
21,545,1910842,-411,-15940,-4961,-520,-496,416
21,546,1910847,-379,-16001,-5101,-509,-503,413
21,547,1910852,-354,-15938,-5148,-503,-491,405
21,548,1910857,-388,-15830,-5268,-495,-465,393
21,549,1910862,-422,-15805,-5381,-485,-431,381
21,550,1910867,-503,-15885,-5575,-473,-390,373
21,551,1910872,-627,-16015,-5842,-463,-347,363
21,552,1910877,-480,-15768,-5556,-450,-234,339
21,553,1910882,-298,-15673,-5297,-441,-172,326
21,554,1910887,-388,-15742,-5060,-425,-124,310
21,555,1910892,-642,-15759,-4850,-410,-111,299
21,556,1910897,-685,-15738,-4834,-399,-143,289
21,557,1910902,-568,-15662,-4740,-388,-190,284
21,558,1910907,-359,-15663,-4543,-377,-226,274
21,559,1910912,-348,-15719,-4473,-357,-251,266
21,560,1910917,-485,-15744,-4580,-341,-277,252
21,561,1910922,-594,-15807,-4840,-327,-304,241
21,562,1910927,-628,-15746,-5187,-314,-327,232
21,563,1910932,-547,-15703,-5318,-302,-327,223
21,564,1910937,-464,-15646,-5133,-293,-306,210
21,565,1910942,-397,-15640,-5162,-277,-284,198
21,566,1910947,-532,-15583,-5346,-261,-264,183
21,567,1910952,-606,-15524,-5539,-245,-247,170
21,568,1910957,-612,-15394,-5579,-232,-234,159
21,569,1910962,-485,-15391,-5346,-223,-215,146
21,570,1910967,-344,-15361,-5209,-207,-198,132
21,571,1910972,-388,-15402,-5121,-188,-187,116
21,572,1910977,-502,-15389,-5236,-174,-181,105
21,573,1910982,-563,-15394,-5399,-155,-173,92
21,574,1910987,-531,-15352,-5316,-143,-168,79
21,575,1910992,-448,-15329,-5181,-134,-157,68
21,576,1910997,-401,-15333,-5131,-117,-144,53
21,577,1911002,-391,-15366,-5105,-99,-134,39
21,578,1911007,-403,-15267,-4801,-76,-129,28
21,579,1911012,-316,-15339,-5147,-55,-151,22
21,580,1911017,-241,-15203,-4933,-45,-157,10
21,581,1911022,-280,-15293,-4716,-26,-164,1
21,582,1911027,-285,-15306,-5071,-20,-180,-15
21,583,1911032,-367,-15275,-4864,-6,-181,-31
21,584,1911037,-305,-15242,-5043,6,-193,-47
21,585,1911042,-315,-15285,-4947,19,-197,-62
21,586,1911047,-203,-15224,-4827,35,-202,-74
21,587,1911052,-220,-15291,-4692,52,-204,-84
21,588,1911057,-293,-15347,-4958,73,-213,-94
21,589,1911062,-337,-15387,-4956,92,-208,-106
21,590,1911067,-238,-15404,-5068,105,-207,-118
21,591,1911072,-113,-15319,-5030,118,-197,-135
21,592,1911077,-71,-15252,-4815,134,-180,-149
21,593,1911082,-126,-15245,-4674,149,-177,-162
21,594,1911087,-112,-15155,-4554,166,-183,-172
21,595,1911092,-42,-15073,-4432,179,-203,-182
21,596,1911097,97,-14989,-4326,198,-237,-193
21,597,1911102,280,-14983,-4064,214,-280,-206
21,598,1911107,338,-14956,-3854,231,-336,-216
21,599,1911112,363,-14884,-3909,254,-400,-224
21,600,1911117,400,-14829,-4088,271,-460,-234
21,601,1911122,467,-14726,-4281,288,-510,-246
21,602,1911127,551,-14637,-4313,301,-551,-254
21,603,1911132,415,-14583,-4351,316,-581,-267
21,604,1911137,177,-14621,-4883,336,-605,-281
21,605,1911142,314,-14535,-5648,344,-596,-296
21,606,1911147,686,-14233,-5991,352,-523,-313
21,607,1911152,965,-14002,-5885,357,-408,-332
21,608,1911157,853,-13939,-5389,366,-291,-355
21,609,1911162,580,-13961,-5062,385,-222,-373
21,610,1911167,310,-14018,-4764,397,-206,-385
21,611,1911172,237,-14226,-4341,404,-220,-396
21,612,1911177,284,-14548,-3660,412,-246,-409
21,613,1911182,364,-14945,-3136,425,-298,-422
21,614,1911187,135,-15348,-3175,445,-360,-440
21,615,1911210,-217,-16663,-4480,488,-470,-535
21,616,1911211,-217,-16663,-4480,488,-470,-535
21,617,1911214,-134,-16754,-4805,499,-425,-559
21,618,1911214,-134,-16754,-4805,499,-425,-559
21,619,1911215,-134,-16754,-4805,499,-425,-559
21,620,1911217,-134,-16754,-4805,499,-425,-559
21,621,1911222,24,-16787,-5069,504,-365,-582
21,622,1911227,99,-16831,-4997,510,-292,-605
21,623,1911232,-122,-16868,-4568,512,-231,-627
21,624,1911237,-340,-16958,-4497,524,-209,-649
21,625,1911242,-424,-17014,-4652,535,-200,-667
21,626,1911247,-125,-17100,-4644,553,-160,-702
21,627,1911252,-145,-17173,-4534,560,-132,-723
21,628,1911257,-345,-17230,-4398,572,-111,-739
21,629,1911262,-477,-17403,-4725,585,-102,-757
21,630,1911267,-386,-17491,-5125,594,-82,-777
21,631,1911272,-345,-17463,-5338,599,-40,-793
21,632,1911277,-571,-17510,-5123,600,21,-816
21,633,1911282,-776,-17761,-5430,602,68,-830
21,634,1911287,-815,-17975,-5192,605,139,-847
21,635,1911292,-603,-18080,-5064,604,207,-857
21,636,1911297,-213,-18190,-4758,609,285,-870
21,637,1911302,-29,-18238,-4394,611,342,-885
21,638,1911307,-100,-18317,-4059,620,374,-895
21,639,1911312,-108,-18339,-3900,626,368,-908
21,640,1911317,-101,-18240,-3881,634,343,-916
21,641,1911322,-44,-18132,-3578,640,317,-916
21,642,1911327,54,-18005,-3595,640,276,-917
21,643,1911332,210,-17851,-3707,648,238,-916
21,644,1911337,349,-17708,-3732,657,197,-914
21,645,1911342,438,-17623,-3958,661,157,-915
21,646,1911347,493,-17546,-4101,664,135,-909
21,647,1911352,565,-17401,-4106,669,128,-906
21,648,1911357,607,-17293,-4238,673,131,-905
21,649,1911362,691,-17221,-4281,669,153,-896
21,650,1911367,725,-17110,-4220,669,182,-887
21,651,1911372,692,-17084,-4112,668,203,-882
21,652,1911377,469,-17158,-4043,666,224,-875
21,653,1911382,302,-17261,-4251,662,254,-869
21,654,1911387,273,-17374,-4352,654,314,-862
21,655,1911392,463,-17478,-4407,646,403,-856
21,656,1911397,576,-17466,-4269,641,518,-854
21,657,1911402,526,-17401,-3966,634,634,-852
21,658,1911407,444,-17321,-3852,631,719,-844
21,659,1911412,522,-17185,-3440,628,783,-829
21,660,1911417,-1297,-18703,-3921,622,821,-814
21,661,1911422,-299,-28970,-10992,737,1252,-771
21,662,1911427,9912,-22141,-32768,687,3558,-713
21,663,1911432,-26518,-16339,-21630,-9,8379,-735
21,664,1911437,-32768,-7249,23850,-347,8528,-315
21,665,1911442,-23889,-8473,32767,-392,4337,548
21,666,1911447,10685,-13488,32376,-116,601,732
21,667,1911452,32767,-17826,20263,255,-2132,500
21,668,1911457,11131,-16858,-6836,337,-4489,288
21,669,1911462,-18825,-13088,-4880,231,-6011,399
21,670,1911467,-18441,-11621,-5503,33,-6919,722
21,671,1911472,9809,-13452,-20494,-37,-5819,736
21,672,1911477,22635,-17057,-26448,4,-2193,565
21,673,1911482,11256,-16815,-22348,34,890,310
21,674,1911487,-8805,-15452,-13026,9,1614,220
21,675,1911492,-12555,-13592,-7032,-51,1197,310
21,676,1911497,-416,-12987,-5078,-116,1210,418
21,677,1911502,10839,-14802,-237,-179,1908,397
21,678,1911507,7107,-15020,3683,-163,2268,275
21,679,1911512,-3167,-14862,7983,-72,1618,230
21,680,1911517,-7303,-14187,6575,26,288,322
21,681,1911522,-1375,-14735,-542,52,-788,440
21,682,1911527,4699,-15627,-4796,-26,-927,465
21,683,1911532,5540,-16189,-3338,-76,-536,405
21,684,1911537,1724,-16114,330,-52,-296,356
21,685,1911542,-583,-16207,-1894,15,-428,353
21,686,1911547,688,-16251,-8066,42,-454,375
21,687,1911552,2893,-16471,-9454,-9,-91,380
21,688,1911557,3297,-16358,-4371,-93,351,349
21,689,1911562,1884,-16434,1848,-121,498,321
21,690,1911567,608,-16650,2365,-85,311,310
21,691,1911572,694,-16748,-1286,-22,101,315
21,692,1911577,1227,-16652,-3257,4,47,324
21,693,1911582,1482,-16267,-1201,-30,32,328
21,694,1911587,1636,-16112,2113,-69,-117,325
21,695,1911592,1912,-16137,2146,-69,-391,327
21,696,1911597,2215,-16366,-150,-24,-582,333
21,697,1911602,1898,-16433,-2317,18,-612,333
21,698,1911607,1303,-16462,-2679,21,-580,333
21,699,1911612,1088,-16501,-2183,-8,-595,332
21,700,1911617,2021,-16802,-2919,-24,-632,320
21,701,1911622,1596,-16984,-3909,8,-525,301
21,702,1911627,879,-16932,-4838,30,-380,287
21,703,1911632,756,-16675,-5588,24,-243,277
21,704,1911637,1312,-16427,-5706,11,-97,272
21,705,1911642,1899,-16310,-5056,-4,70,256
21,706,1911647,1842,-16325,-4110,6,244,238
21,707,1911652,1399,-16365,-3679,26,376,225
21,708,1911657,950,-16292,-3909,42,452,217
21,709,1911662,966,-16201,-4067,46,504,209
21,710,1911667,1135,-15942,-3350,37,552,203
21,711,1911672,1382,-15769,-1906,34,575,198
21,712,1911677,1480,-15616,-1440,46,547,192
21,713,1911682,1381,-15626,-1196,68,492,190
21,714,1911687,1537,-15347,-1596,79,413,187
21,715,1911692,1731,-15175,-1393,82,333,192
21,716,1911697,2018,-14939,-537,83,232,198
21,717,1911702,2362,-14844,-224,94,98,204
21,718,1911707,2338,-14794,-226,112,-34,211
21,719,1911712,1883,-14860,-1005,133,-148,215
21,720,1911717,1563,-15042,-1666,144,-232,219
21,721,1911722,1239,-15180,-1942,143,-281,220
21,722,1911727,1066,-15494,-1849,139,-292,216
21,723,1911732,768,-15807,-1930,138,-275,208
21,724,1911737,384,-15973,-2256,144,-228,194
21,725,1911742,-102,-15859,-2936,155,-157,182
21,726,1911747,37,-15152,-3289,156,-46,168
21,727,1911752,-12,-15555,-4178,154,91,159
21,728,1911757,703,-15883,-4614,151,236,148
21,729,1911762,1096,-15725,-3128,143,377,137
21,730,1911767,1497,-15547,-2236,151,424,128
21,731,1911772,1120,-15315,-1761,166,416,124
21,732,1911777,414,-15149,-1756,183,354,118
21,733,1911782,-224,-15365,-2301,197,279,117
21,734,1911787,-271,-15552,-1866,197,217,123
21,735,1911792,260,-15481,-1113,198,156,127
21,736,1911797,706,-15927,-933,204,99,118
21,737,1911802,1062,-16158,-1037,216,38,113
21,738,1911807,1026,-15930,-784,225,-38,114
21,739,1911812,784,-15601,-573,230,-146,113
21,740,1911817,568,-15409,-683,236,-276,117
21,741,1911822,430,-15321,-907,238,-364,121
21,742,1911827,96,-15446,-1534,243,-407,123
21,743,1911832,-617,-15729,-2481,250,-424,124
21,744,1911837,-657,-15982,-3370,254,-407,115
21,745,1911842,-55,-16027,-3911,249,-345,104
21,746,1911847,433,-16064,-3825,246,-240,89
21,747,1911852,364,-16012,-3457,249,-134,74
21,748,1911857,-234,-15823,-2958,252,-56,66
21,749,1911862,-582,-15310,-2983,252,8,58
21,750,1911867,-572,-16306,-4191,261,106,54
21,751,1911872,682,-16851,-4484,252,273,47
21,752,1911877,417,-16812,-2992,240,434,38
21,753,1911882,111,-16681,-2713,239,460,31
21,754,1911887,12,-16494,-2805,244,416,24
21,755,1911892,206,-16453,-3172,258,393,21
21,756,1911897,457,-16591,-2691,261,411,21
21,757,1911902,146,-16557,-1755,257,422,21
21,758,1911907,-152,-16612,-1155,256,370,21
21,759,1911912,-462,-16589,-1503,255,286,23
21,760,1911917,-78,-16652,-1825,256,232,29
21,761,1911922,110,-16624,-1103,254,191,32
21,762,1911927,471,-16660,-255,261,98,37
21,763,1911932,506,-16612,346,270,-59,38
21,764,1911937,225,-16691,-51,280,-251,40
21,765,1911942,21,-16723,-738,290,-404,47
21,766,1911947,73,-16744,-1196,291,-478,56
21,767,1911952,342,-16717,-1158,282,-485,56
21,768,1911957,792,-16801,-1235,269,-453,56
21,769,1911962,1459,-16967,-948,257,-389,56
21,770,1911967,1627,-17085,-684,254,-325,52
21,771,1911972,1501,-17039,-501,245,-277,52
21,772,1911977,1214,-16516,-428,229,-238,60
21,773,1911982,1555,-16021,-18,206,-176,64
21,774,1911987,1859,-16736,-184,171,40,80
21,775,1911992,1399,-16883,1061,152,126,77
21,776,1911997,902,-17000,1341,138,116,78
21,777,1912002,259,-16782,1098,129,57,82
21,778,1912007,-266,-16495,608,127,-16,86
21,779,1912012,-658,-16380,-211,123,-99,95
21,780,1912017,-989,-16512,-1153,124,-203,98
21,781,1912022,-1071,-16518,-2413,131,-308,97
21,782,1912027,-1071,-16624,-3994,143,-390,101
21,783,1912032,-1248,-16755,-5692,158,-417,93
21,784,1912037,-1317,-16784,-7171,173,-386,81
21,785,1912042,-1425,-16727,-7846,186,-313,70
21,786,1912047,-1224,-16585,-8067,199,-212,57
21,787,1912052,-912,-16552,-7830,210,-62,45
21,788,1912057,-693,-16482,-6437,216,136,28
21,789,1912062,-647,-16398,-5025,218,317,13
21,790,1912067,-409,-16217,-3795,222,466,0
21,791,1912072,128,-16132,-2850,224,572,-3
21,792,1912077,672,-16110,-1875,219,630,-3
21,793,1912082,1109,-15858,-573,207,632,-1
21,794,1912087,1064,-15666,315,193,566,3
21,795,1912092,857,-15610,541,191,469,5
21,796,1912097,447,-15857,4,191,395,14
21,797,1912102,450,-16007,-391,192,352,22
21,798,1912107,391,-16168,-304,189,324,28
21,799,1912112,385,-16362,223,177,256,31
21,800,1912117,112,-16466,477,168,140,32
21,801,1912122,70,-16563,-579,173,20,37
21,802,1912127,-184,-16559,-1623,177,-11,34
21,803,1912132,-991,-17050,-1799,176,30,28
21,804,1912137,-1309,-16988,-2028,154,98,17
21,805,1912142,-1125,-16582,-1286,130,212,8
21,806,1912147,-552,-16522,-1500,119,341,3
21,807,1912152,857,-16613,-1374,111,493,-11
21,808,1912157,1511,-16694,-554,99,610,-19
21,809,1912162,1386,-16860,-16,91,617,-22
21,810,1912167,1741,-16638,-227,77,534,-20
21,811,1912172,1290,-16383,81,68,472,-7
21,812,1912177,977,-16056,30,64,433,-7
21,813,1912182,1009,-16230,-234,68,425,-1
21,814,1912187,-156,-16455,855,68,401,9
21,815,1912192,-3987,-15385,5453,48,280,-5
21,816,1912197,-1983,-13720,3408,28,-98,-20
21,817,1912202,-1658,-15550,7586,38,-344,48
21,818,1912207,1280,-14852,7670,13,-801,42
21,819,1912212,2599,-15485,7930,47,-1278,71
21,820,1912217,1607,-16743,3813,97,-1887,109
21,821,1912222,1457,-17985,921,98,-2400,81
21,822,1912227,-1918,-16585,3529,52,-2684,100
21,823,1912232,-2048,-14758,2369,37,-2929,114
21,824,1912237,-1566,-12526,1116,84,-2983,120
21,825,1912242,-3723,-15887,-2204,145,-2989,113
21,826,1912247,-2034,-17691,-4127,117,-3079,136
21,827,1912252,-1144,-17613,152,53,-3074,150
21,828,1912257,1657,-17938,1923,30,-3154,132
21,829,1912262,1539,-18359,735,61,-3181,115
21,830,1912267,-17,-18796,-325,105,-3168,101
21,831,1912272,-1494,-18883,-2222,128,-3175,106
21,832,1912277,-3503,-19195,-1178,95,-3183,111
21,833,1912282,-1599,-18348,-960,42,-3182,106
21,834,1912287,-534,-17779,-356,20,-3034,110
21,835,1912292,515,-18029,275,34,-2794,84
21,836,1912297,-115,-17756,468,29,-2578,65
21,837,1912302,-352,-18033,-353,23,-2467,69
21,838,1912307,-169,-18532,-3052,12,-2364,76
21,839,1912312,-710,-18969,-5378,-14,-2164,60
21,840,1912317,-2781,-19299,-6771,-20,-1881,35
21,841,1912322,-4606,-19898,-9264,1,-1613,14
21,842,1912327,-4777,-19937,-11764,16,-1276,-9
21,843,1912332,-2709,-19410,-12115,15,-808,-44
21,844,1912337,-295,-19358,-11218,4,-256,-73
21,845,1912342,2076,-18576,-8717,5,279,-111
21,846,1912347,2943,-17875,-7013,35,703,-142
21,847,1912352,1066,-16535,-6076,50,1219,-161
21,848,1912357,542,-15782,-5528,31,1483,-153
21,849,1912362,765,-15339,-4634,21,1821,-148
21,850,1912367,1054,-14887,-3377,19,2176,-148
21,851,1912372,820,-13709,-3235,46,2421,-162
21,852,1912377,78,-15337,-2398,50,2565,-163
21,853,1912382,-442,-14960,-1758,19,2575,-144
21,854,1912387,1094,-15598,-1197,35,2588,-125
21,855,1912392,1707,-15887,-853,38,2631,-124
21,856,1912397,727,-15946,147,61,2630,-131
21,857,1912402,-753,-15666,918,72,2488,-132
21,858,1912407,-1265,-15477,344,88,2248,-114
21,859,1912412,-973,-15173,606,97,2045,-96
21,860,1912417,-1160,-14880,2207,97,1879,-95
21,861,1912422,-2049,-14779,3713,109,1648,-99
21,862,1912427,-2027,-15137,3738,144,1328,-85
21,863,1912432,-1137,-15716,3700,160,1013,-67
21,864,1912437,-1686,-15999,5083,148,741,-69
21,865,1912442,-3248,-16090,6282,149,428,-89
21,866,1912447,-4545,-16648,5774,169,98,-102
21,867,1912452,-4270,-16841,3163,176,-172,-96
21,868,1912457,-2562,-16860,1355,190,-321,-94
21,869,1912462,-1187,-16970,640,200,-432,-105
21,870,1912467,366,-15556,-244,193,-610,-108
21,871,1912472,2588,-15552,-1054,167,-716,-66
21,872,1912477,3161,-14979,-3638,159,-666,-93
21,873,1912482,1146,-15490,-727,166,-396,-163
21,874,1912487,-2401,-15128,-1116,144,-249,-160
21,875,1912492,-1658,-15500,-3998,153,-92,-120
21,876,1912497,2038,-15944,-4342,135,251,-128
21,877,1912502,2094,-16024,-2377,115,592,-168
21,878,1912507,147,-16262,1576,93,694,-196
21,879,1912512,-846,-16458,1081,110,488,-180
21,880,1912517,534,-16537,-1685,131,319,-150
21,881,1912522,1811,-16154,-1549,121,359,-140
21,882,1912527,1065,-15596,631,93,391,-150
21,883,1912532,-418,-15402,2655,70,264,-160
21,884,1912537,-1208,-15781,1154,83,89,-158
21,885,1912542,-503,-16169,-1564,106,117,-150
21,886,1912547,377,-16406,-2520,107,358,-144
21,887,1912552,590,-16258,-289,72,553,-155
21,888,1912557,236,-16019,1929,32,512,-167
21,889,1912562,162,-15902,1231,18,343,-169
21,890,1912567,358,-15920,-567,29,304,-161
21,891,1912572,580,-15997,-1477,36,419,-161
21,892,1912577,489,-16064,-454,19,552,-163
21,893,1912582,510,-16131,540,-4,539,-163
21,894,1912587,938,-16146,234,-20,437,-161
21,895,1912592,1181,-16389,-117,-20,388,-154
21,896,1912597,882,-16553,-304,-9,387,-152
21,897,1912602,943,-16604,-137,-6,381,-144
21,898,1912607,1477,-16553,-419,-12,327,-134
21,899,1912612,2041,-16514,-843,-18,246,-125
21,900,1912617,2092,-16510,-880,-15,190,-123
21,901,1912622,1569,-16552,-753,-7,141,-115
21,902,1912627,1589,-16656,-910,7,82,-99
21,903,1912632,1872,-16819,-922,7,27,-82
21,904,1912637,1926,-16964,-696,8,-34,-76
21,905,1912642,1800,-17013,-112,11,-109,-76
21,906,1912647,1359,-16889,-299,19,-202,-60
21,907,1912652,1674,-16986,-1326,37,-270,-46
21,908,1912657,1376,-16979,-1207,40,-280,-43
21,909,1912662,873,-17009,-818,35,-303,-41
21,910,1912667,670,-17027,-556,33,-336,-35
21,911,1912672,930,-17087,-706,36,-343,-28
21,912,1912677,1103,-17121,-1071,37,-309,-31
21,913,1912682,900,-17078,-1076,37,-262,-34
21,914,1912687,505,-17151,-800,36,-248,-41
21,915,1912692,430,-17153,-938,34,-262,-35
21,916,1912697,736,-17020,-1251,38,-258,-31
21,917,1912702,733,-16946,-638,33,-227,-36
21,918,1912707,233,-17138,-594,37,-239,-40
21,919,1912712,-88,-17292,-715,46,-289,-41
21,920,1912717,114,-17511,-1457,57,-355,-32
21,921,1912722,380,-17201,-938,63,-417,-32
21,922,1912727,20,-16608,-69,70,-497,-37
21,923,1912732,-101,-16173,-193,80,-606,-34
21,924,1912737,162,-16007,-940,91,-684,-29
21,925,1912742,130,-15864,-811,100,-726,-26
21,926,1912747,70,-15712,-838,104,-785,-28
21,927,1912752,28,-15656,-420,107,-841,-26
21,928,1912757,337,-15642,-503,110,-894,-25
21,929,1912762,683,-15541,-614,115,-905,-25
21,930,1912767,767,-15331,-34,120,-892,-25
21,931,1912772,718,-15217,364,121,-915,-18
21,932,1912777,831,-14693,1098,119,-955,-18
21,933,1912782,425,-13715,2753,109,-1002,-16
21,934,1912787,-111,-14083,2227,102,-1100,-13
21,935,1912792,-133,-15391,1397,113,-1177,-4
21,936,1912797,-281,-16256,1381,113,-1230,0
21,937,1912802,-262,-16808,1770,98,-1295,-6
21,938,1912807,-722,-17034,1504,91,-1377,-6
21,939,1912812,-349,-17427,262,106,-1444,-6
21,940,1912817,-304,-17426,-511,112,-1452,-6
21,941,1912822,-366,-17219,-408,99,-1455,-10
21,942,1912827,-314,-16861,-54,87,-1480,-13
21,943,1912832,-196,-16511,-209,87,-1498,-14
21,944,1912837,198,-16122,-184,88,-1464,-16
21,945,1912842,96,-15700,-215,81,-1390,-19
21,946,1912847,-120,-15224,371,72,-1321,-25
21,947,1912852,-357,-14819,-38,61,-1252,-32
21,948,1912857,-235,-14802,-1999,56,-1155,-35
21,949,1912862,645,-14732,-2925,51,-959,-43
21,950,1912867,1309,-14785,-2169,29,-732,-48
21,951,1912872,1541,-15052,-1036,0,-565,-57
21,952,1912877,1666,-15681,-1042,-5,-435,-56
21,953,1912882,1375,-16555,-2717,-2,-267,-52
21,954,1912887,973,-17386,-5264,-2,-6,-64
21,955,1912892,177,-17794,-6084,-14,350,-85
21,956,1912897,-284,-17563,-4913,-43,694,-95
21,957,1912902,-150,-17019,-3019,-75,999,-110
21,958,1912907,262,-16579,-1829,-91,1296,-123
21,959,1912912,218,-16299,-1261,-91,1572,-138
21,960,1912917,-484,-16340,-1220,-85,1766,-152
21,961,1912922,-1111,-16208,-717,-97,1861,-161
21,962,1912927,-916,-15944,-399,-117,1861,-162
21,963,1912932,-388,-15459,313,-126,1854,-164
21,964,1912937,171,-15341,814,-121,1833,-167
21,965,1912942,-74,-15608,999,-109,1773,-167
21,966,1912947,-13,-15529,1797,-108,1641,-162
21,967,1912952,358,-15180,1674,-113,1438,-151
21,968,1912957,851,-14912,962,-99,1240,-141
21,969,1912962,988,-14830,353,-81,1079,-132
21,970,1912967,1127,-14518,78,-71,918,-120
21,971,1912972,1202,-14344,399,-66,748,-103
21,972,1912977,1752,-14126,-244,-59,570,-96
21,973,1912982,1426,-14045,-85,-44,449,-88
21,974,1912987,1221,-14079,-639,-38,356,-80
21,975,1912992,874,-14358,-1038,-36,309,-73
21,976,1912997,1175,-14765,-1560,-32,295,-67
21,977,1913002,1446,-15052,-1780,-31,323,-70
21,978,1913007,1461,-15328,-1850,-37,376,-72
21,979,1913012,1346,-15558,-1367,-49,447,-70
21,980,1913017,1112,-15913,-1373,-48,512,-68
21,981,1913022,1043,-16331,-1293,-45,599,-75
21,982,1913027,776,-16599,-871,-50,684,-79
21,983,1913032,707,-16821,-431,-60,747,-82
21,984,1913037,563,-17004,29,-68,790,-86
21,985,1913042,420,-17207,296,-73,814,-94
21,986,1913047,82,-17318,637,-75,819,-98
21,987,1913052,-261,-17432,1040,-80,796,-100
21,988,1913057,-238,-17587,1033,-79,742,-99
21,989,1913062,90,-17760,871,-84,693,-100
21,990,1913067,331,-17978,815,-87,653,-106
21,991,1913072,408,-18146,1019,-87,594,-108
21,992,1913077,316,-18134,1146,-94,505,-109
21,993,1913082,427,-18054,953,-89,418,-108
21,994,1913087,625,-17949,491,-79,360,-109
21,995,1913092,501,-17865,234,-81,286,-109
21,996,1913097,428,-17932,180,-80,226,-111
21,997,1913102,612,-18005,-120,-80,174,-106
21,998,1913107,931,-18000,-357,-75,164,-105
21,999,1913112,1007,-17983,-275,-74,178,-110
22,0,1919177,1308,-16376,-932,-76,-61,-62
22,1,1919182,1414,-16367,-686,-77,-39,-64
22,2,1919187,1462,-16341,-556,-73,-23,-64
22,3,1919192,1406,-16365,-628,-66,-5,-65
22,4,1919197,1398,-16379,-670,-61,14,-64
22,5,1919202,1425,-16458,-696,-58,23,-64
22,6,1919207,1480,-16418,-691,-57,32,-63
22,7,1919212,1561,-16433,-526,-53,39,-60
22,8,1919217,1608,-16484,-470,-46,48,-59
22,9,1919222,1537,-16515,-434,-44,54,-60
22,10,1919227,1498,-16530,-451,-35,48,-55
22,11,1919232,1575,-16547,-484,-30,34,-53
22,12,1919237,1573,-16502,-429,-28,20,-49
22,13,1919242,1435,-16453,-444,-23,8,-49
22,14,1919247,1321,-16396,-494,-14,-7,-49
22,15,1919252,1316,-16333,-638,-10,-13,-42
22,16,1919257,1322,-16260,-682,-6,-15,-42
22,17,1919262,1415,-16267,-649,-1,-16,-42
22,18,1919267,1411,-16306,-642,3,-12,-39
22,19,1919272,1393,-16360,-721,8,-3,-40
22,20,1919277,1406,-16352,-834,13,10,-43
22,21,1919282,1431,-16328,-857,16,23,-39
22,22,1919287,1383,-16258,-781,21,33,-38
22,23,1919292,1270,-16106,-792,23,41,-38
22,24,1919297,1291,-16104,-884,27,55,-37
22,25,1919302,1399,-16180,-907,29,71,-36
22,26,1919307,1456,-16267,-685,32,85,-38
22,27,1919312,1440,-16307,-601,37,83,-37
22,28,1919317,1425,-16406,-571,38,79,-38
22,29,1919322,1486,-16426,-720,42,78,-35
22,30,1919327,1460,-16446,-684,48,81,-33
22,31,1919332,1479,-16434,-620,50,75,-32
22,32,1919337,1447,-16393,-535,53,57,-30
22,33,1919342,1431,-16397,-546,60,35,-29
22,34,1919347,1428,-16410,-602,64,19,-28
22,35,1919352,1405,-16421,-583,69,-1,-23
22,36,1919357,1342,-16406,-539,82,-55,-24
22,37,1919362,1370,-16420,-565,86,-76,-24
22,38,1919367,1418,-16448,-551,92,-89,-21
22,39,1919372,1461,-16553,-523,97,-97,-19
22,40,1919377,1507,-16633,-515,101,-100,-18
22,41,1919382,1613,-16689,-485,103,-106,-18
22,42,1919387,1599,-16657,-443,105,-102,-17
22,43,1919392,1640,-16596,-476,104,-94,-16
22,44,1919397,1650,-16565,-575,110,-82,-19
22,45,1919402,1586,-16521,-647,114,-69,-16
22,46,1919407,1609,-16445,-624,114,-52,-15
22,47,1919412,1609,-16361,-506,115,-37,-18
22,48,1919417,1540,-16307,-437,117,-27,-16
22,49,1919422,1471,-16297,-498,120,-24,-16
22,50,1919427,1507,-16264,-460,122,-23,-16
22,51,1919432,1461,-16224,-152,123,-28,-16
22,52,1919437,1047,-16233,396,126,-74,-13
22,53,1919442,781,-16248,378,131,-194,1
22,54,1919447,818,-16295,-138,137,-346,20
22,55,1919452,1081,-16407,-860,140,-471,38
22,56,1919457,1307,-16353,-1379,136,-515,48
22,57,1919462,1423,-16410,-1502,127,-464,53
22,58,1919467,1261,-16573,-1546,119,-359,50
22,59,1919472,1202,-16624,-1437,112,-234,49
22,60,1919477,1137,-16483,-1610,106,-117,50
22,61,1919482,1473,-16318,-1401,97,-3,50
22,62,1919487,1502,-16192,-871,87,101,45
22,63,1919492,1399,-16187,-442,83,161,40
22,64,1919497,1170,-16251,-275,81,182,41
22,65,1919502,1318,-16394,-489,83,163,49
22,66,1919507,1613,-16436,-581,81,159,52
22,67,1919512,1781,-16551,-148,78,167,53
22,68,1919517,1786,-16588,28,79,161,54
22,69,1919522,1697,-16711,-30,85,147,54
22,70,1919527,1607,-16751,-263,89,128,57
22,71,1919532,1641,-16674,-284,89,114,62
22,72,1919537,1565,-16559,-126,90,99,62
22,73,1919542,1427,-16343,-63,92,79,63
22,74,1919547,1321,-16229,-306,96,62,64
22,75,1919552,1299,-16210,-468,100,49,63
22,76,1919557,1305,-16203,-410,103,43,65
22,77,1919562,1289,-16238,-269,102,32,63
22,78,1919567,1342,-16380,-196,104,18,59
22,79,1919572,1313,-16523,-236,107,7,61
22,80,1919577,1280,-16661,-270,109,-1,60
22,81,1919582,1332,-16697,-164,110,-8,59
22,82,1919587,1441,-16609,-131,111,-19,58
22,83,1919592,1517,-16518,-200,114,-25,61
22,84,1919597,1411,-16458,-312,114,-19,60
22,85,1919602,1322,-16436,-363,113,-13,57
22,86,1919607,1319,-16406,-409,109,-8,56
22,87,1919612,1392,-16372,-431,107,-1,54
22,88,1919617,1388,-16350,-381,105,14,53
22,89,1919622,1342,-16373,-398,108,29,49
22,90,1919627,1325,-16398,-335,107,37,47
22,91,1919632,1345,-16457,-290,105,39,48
22,92,1919637,1434,-16472,-177,104,33,48
22,93,1919642,1483,-16469,-152,106,26,48
22,94,1919647,1355,-16423,-92,107,12,47
22,95,1919652,1303,-16404,-155,105,-3,47
22,96,1919657,1256,-16386,-202,105,-21,46
22,97,1919662,1268,-16342,-200,106,-38,45
22,98,1919667,1223,-16399,-137,107,-50,43
22,99,1919672,1241,-16537,-98,105,-57,45
22,100,1919677,1346,-16628,-112,107,-63,45
22,101,1919682,1419,-16608,-97,102,-67,41
22,102,1919687,1419,-16570,-147,103,-64,40
22,103,1919692,1351,-16468,-209,101,-61,38
22,104,1919697,1249,-16389,-248,98,-59,35
22,105,1919702,1288,-16335,-290,96,-56,37
22,106,1919707,1306,-16291,-171,93,-49,33
22,107,1919712,1275,-16339,-9,94,-52,32
22,108,1919717,1217,-16397,32,94,-64,30
22,109,1919722,1212,-16447,-53,94,-84,31
22,110,1919727,1273,-16465,-108,87,-117,29
22,111,1919732,1240,-16440,-72,88,-131,27
22,112,1919737,1239,-16478,-57,85,-147,26
22,113,1919742,1259,-16524,-235,84,-153,25
22,114,1919747,1354,-16522,-348,82,-140,25
22,115,1919752,1387,-16481,-364,76,-117,22
22,116,1919757,1368,-16433,-288,73,-95,21
22,117,1919762,1312,-16407,-275,69,-77,20
22,118,1919767,1317,-16380,-313,66,-58,17
22,119,1919772,1281,-16371,-277,64,-33,16
22,120,1919777,1190,-16365,-166,59,-12,14
22,121,1919782,1214,-16376,-141,56,4,11
22,122,1919787,1276,-16393,-164,50,10,8
22,123,1919792,1318,-16370,-199,47,16,9
22,124,1919797,1277,-16382,-105,45,16,8
22,125,1919802,1270,-16397,9,42,10,6
22,126,1919807,1285,-16423,57,39,-4,5
22,127,1919812,1269,-16424,68,37,-15,5
22,128,1919817,1215,-16451,38,33,-22,3
22,129,1919822,1219,-16424,7,32,-35,4
22,130,1919827,1212,-16471,-99,29,-43,3
22,131,1919832,1202,-16492,-183,25,-48,2
22,132,1919837,1241,-16502,-210,21,-42,1
22,133,1919842,1209,-16484,-193,17,-33,-1
22,134,1919847,1219,-16518,-298,15,-24,-2
22,135,1919852,1260,-16454,-350,11,-13,-2
22,136,1919857,1197,-16467,-288,6,2,-5
22,137,1919862,1223,-16437,-173,3,12,-8
22,138,1919867,1233,-16386,-178,1,21,-11
22,139,1919872,1272,-16392,-119,-4,29,-10
22,140,1919877,1235,-16382,-36,-6,32,-10
22,141,1919882,1246,-16399,1,-6,19,-9
22,142,1919887,1259,-16421,48,-10,6,-11
22,143,1919892,1246,-16434,61,-16,-4,-11
22,144,1919897,1242,-16451,39,-14,-15,-13
22,145,1919902,1241,-16397,5,-15,-28,-15
22,146,1919907,1199,-16347,-63,-17,-35,-14
22,147,1919912,1264,-16339,-129,-23,-41,-15
22,148,1919917,1280,-16388,-75,-23,-49,-16
22,149,1919922,1276,-16418,-30,-27,-49,-19
22,150,1919927,1292,-16439,-6,-31,-51,-20
22,151,1919932,1201,-16449,-19,-30,-55,-19
22,152,1919937,1133,-16461,-119,-30,-56,-21
22,153,1919942,1195,-16466,-119,-31,-59,-24
22,154,1919947,1308,-16389,-67,-34,-59,-24
22,155,1919952,1294,-16376,6,-39,-57,-24
22,156,1919957,1238,-16305,-33,-39,-61,-25
22,157,1919962,1192,-16299,-72,-40,-65,-26
22,158,1919967,1229,-16330,-197,-39,-73,-26
22,159,1919972,1252,-16316,-140,-42,-75,-27
22,160,1919977,1303,-16356,-30,-45,-74,-29
22,161,1919982,1283,-16424,49,-46,-85,-30
22,162,1919987,1222,-16522,-38,-46,-97,-30
22,163,1919992,1303,-16594,-139,-44,-105,-30
22,164,1919997,1302,-16599,-82,-44,-107,-30
22,165,1920002,1303,-16625,-5,-48,-109,-33
22,166,1920007,1280,-16682,-23,-48,-113,-33
22,167,1920012,1290,-16725,-127,-46,-119,-32
22,168,1920017,1320,-16664,-107,-48,-117,-35
22,169,1920022,1251,-16538,-37,-47,-114,-35
22,170,1920027,1247,-16390,-70,-49,-113,-37
22,171,1920032,1298,-16338,-184,-47,-112,-34
22,172,1920037,1302,-16301,-164,-47,-110,-37
22,173,1920042,1258,-16325,17,-49,-111,-38
22,174,1920047,1187,-16342,98,-47,-123,-42
22,175,1920052,1232,-16421,7,-45,-135,-41
22,176,1920057,1322,-16509,-158,-45,-136,-41
22,177,1920062,1331,-16534,-212,-46,-131,-42
22,178,1920067,1326,-16472,-60,-46,-130,-41
22,179,1920072,1351,-16434,-105,-47,-135,-42
22,180,1920077,1362,-16377,-213,-45,-130,-42
22,181,1920082,1336,-16369,-248,-47,-121,-46
22,182,1920087,1290,-16405,-197,-44,-112,-45
22,183,1920092,1343,-16427,-130,-45,-110,-49
22,184,1920097,1349,-16462,-156,-47,-105,-48
22,185,1920102,1397,-16487,-212,-46,-94,-50
22,186,1920107,1390,-16474,-255,-45,-81,-48
22,187,1920112,1366,-16485,-202,-42,-71,-48
22,188,1920117,1342,-16495,-163,-43,-63,-48
22,189,1920122,1366,-16459,-105,-43,-57,-49
22,190,1920127,1337,-16474,-50,-44,-50,-51
22,191,1920132,1339,-16427,-121,-41,-46,-51
22,192,1920137,1325,-16383,-204,-41,-39,-52
22,193,1920142,1360,-16365,-204,-40,-33,-47
22,194,1920147,1396,-16368,-134,-38,-30,-49
22,195,1920152,1388,-16426,-139,-41,-22,-51
22,196,1920157,1366,-16458,-245,-41,-14,-51
22,197,1920162,1340,-16471,-284,-35,-5,-50
22,198,1920167,1343,-16469,-220,-37,2,-53
22,199,1920172,1342,-16429,-169,-34,4,-52
22,200,1920177,1347,-16418,-193,-34,7,-51
22,201,1920182,1342,-16403,-257,-31,10,-52
22,202,1920187,1364,-16399,-216,-27,11,-53
22,203,1920192,1333,-16371,-63,-28,7,-49
22,204,1920197,1333,-16382,7,-27,-7,-49
22,205,1920202,1360,-16410,-84,-23,-21,-48
22,206,1920207,1380,-16433,-129,-21,-30,-45
22,207,1920212,1352,-16468,-149,-18,-36,-45
22,208,1920217,1355,-16459,-139,-16,-45,-43
22,209,1920222,1330,-16431,-97,-15,-54,-45
22,210,1920227,1335,-16410,-145,-14,-59,-44
22,211,1920232,1324,-16417,-205,-11,-57,-43
22,212,1920237,1306,-16459,-247,-8,-56,-42
22,213,1920242,1375,-16417,-200,-8,-56,-42
22,214,1920247,1392,-16377,-155,-5,-58,-38
22,215,1920252,1392,-16437,-73,-1,-63,-39
22,216,1920257,1360,-16415,-91,1,-68,-37
22,217,1920262,1353,-16412,-180,0,-73,-38
22,218,1920267,1365,-16423,-197,8,-75,-34
22,219,1920272,1395,-16396,-221,3,-71,-33
22,220,1920277,1416,-16412,-288,2,-63,-33
22,221,1920282,1423,-16377,-352,6,-51,-34
22,222,1920287,1419,-16370,-329,7,-40,-32
22,223,1920292,1408,-16387,-197,10,-31,-31
22,224,1920297,1433,-16394,-101,9,-29,-30
22,225,1920302,1409,-16402,-73,12,-30,-31
22,226,1920307,1410,-16373,-46,15,-37,-28
22,227,1920312,1407,-16352,-40,16,-53,-23
22,228,1920317,1398,-16420,-79,17,-66,-21
22,229,1920322,1368,-16432,-137,20,-81,-19
22,230,1920327,1397,-16395,-92,20,-95,-17
22,231,1920332,1397,-16375,21,22,-107,-15
22,232,1920337,1366,-16352,62,29,-125,-14
22,233,1920342,1331,-16341,-55,27,-149,-8
22,234,1920347,1338,-16260,-185,28,-159,-9
22,235,1920352,1439,-16074,-197,30,-162,-10
22,236,1920357,1253,-16254,-392,35,-161,-6
22,237,1920362,1341,-16359,-400,35,-156,-5
22,238,1920367,1347,-16483,-364,35,-142,-4
22,239,1920372,1486,-16611,-349,35,-134,-5
22,240,1920377,1521,-16676,-274,35,-115,-2
22,241,1920382,1466,-16754,-375,37,-91,-3
22,242,1920387,1447,-16716,-460,33,-63,-2
22,243,1920392,1469,-16622,-379,33,-39,-1
22,244,1920397,1451,-16431,-247,28,-21,-1
22,245,1920402,1378,-16312,-217,31,-9,3
22,246,1920407,1330,-16279,-313,31,4,0
22,247,1920412,1283,-16273,-290,33,12,3
22,248,1920417,1351,-16315,-229,32,11,5
22,249,1920422,1419,-16362,-82,32,4,4
22,250,1920427,1502,-16435,-17,34,-3,8
22,251,1920432,1443,-16454,-110,33,-7,9
22,252,1920437,1337,-16473,-207,35,-7,10
22,253,1920442,1320,-16457,-253,35,-8,14
22,254,1920447,1412,-16417,-234,36,-6,15
22,255,1920452,1416,-16392,-198,33,2,17
22,256,1920457,1388,-16399,-180,33,17,19
22,257,1920462,1303,-16408,-234,35,20,17
22,258,1920467,1448,-16414,-171,33,25,20
22,259,1920472,1447,-16412,-129,33,28,20
22,260,1920477,1429,-16431,-155,34,33,19
22,261,1920482,1356,-16450,-214,37,36,24
22,262,1920487,1354,-16436,-254,36,38,25
22,263,1920492,1402,-16469,-226,36,47,23
22,264,1920497,1400,-16427,-137,34,52,27
22,265,1920502,1421,-16393,-118,32,53,23
22,266,1920507,1420,-16430,-220,31,55,23
22,267,1920512,1423,-16428,-249,29,59,28
22,268,1920517,1410,-16421,-164,29,58,27
22,269,1920522,1392,-16417,-76,28,59,30
22,270,1920527,1448,-16433,-79,30,56,31
22,271,1920532,1424,-16376,-131,34,59,29
22,272,1920537,1291,-16345,-120,32,55,32
22,273,1920542,1373,-16196,65,29,42,30
22,274,1920547,1321,-16221,-6,29,29,31
22,275,1920552,1153,-16481,-265,33,11,35
22,276,1920557,1365,-16418,-2,28,4,35
22,277,1920562,1316,-16587,26,28,-13,37
22,278,1920567,1386,-16580,-3,27,-30,37
22,279,1920572,1416,-16488,63,24,-31,35
22,280,1920577,1247,-16596,-342,30,-38,38
22,281,1920582,1238,-16614,-373,31,-30,40
22,282,1920587,1380,-16518,-134,27,-22,39
22,283,1920592,1466,-16403,-166,26,-17,40
22,284,1920597,1394,-16326,-23,24,0,36
22,285,1920602,1263,-16278,-129,26,-3,37
22,286,1920607,1243,-16310,-289,25,-8,39
22,287,1920612,1322,-16353,-102,21,-6,41
22,288,1920617,1428,-16394,47,18,-14,40
22,289,1920622,1369,-16457,122,18,-23,42
22,290,1920627,1332,-16533,39,19,-32,40
22,291,1920632,1285,-16544,-148,21,-43,41
22,292,1920637,1259,-16535,-188,19,-51,40
22,293,1920642,1309,-16496,-109,19,-56,43
22,294,1920647,1354,-16441,-72,18,-57,43
22,295,1920652,1320,-16380,-107,17,-57,45
22,296,1920657,1240,-16405,-181,18,-60,43
22,297,1920662,1224,-16398,-202,16,-60,39
22,298,1920667,1259,-16396,-125,14,-58,41
22,299,1920672,1304,-16412,-71,11,-54,41
22,300,1920677,1305,-16421,-125,11,-50,41
22,301,1920682,1311,-16418,-238,14,-43,39
22,302,1920687,1319,-16429,-256,14,-40,40
22,303,1920692,1303,-16495,-206,10,-36,41
22,304,1920697,1317,-16421,-10,8,-30,42
22,305,1920702,1285,-16423,12,7,-26,39
22,306,1920707,1261,-16450,-63,8,-27,37
22,307,1920712,1251,-16452,-165,7,-28,39
22,308,1920717,1270,-16441,-186,4,-28,41
22,309,1920722,1307,-16433,-158,4,-22,39
22,310,1920727,1283,-16443,-132,0,-17,38
22,311,1920732,1246,-16457,-97,3,-15,36
22,312,1920737,1221,-16496,-74,1,-13,37
22,313,1920742,1246,-16500,-57,-2,-16,37
22,314,1920747,1250,-16444,-63,-1,-18,37
22,315,1920752,1207,-16387,-69,0,-23,35
22,316,1920757,1217,-16355,-93,-1,-28,35
22,317,1920762,1173,-16377,-161,-3,-33,37
22,318,1920767,1179,-16396,-70,-2,-42,37
22,319,1920772,1226,-16416,18,0,-48,31
22,320,1920777,1207,-16444,-13,-2,-55,34
22,321,1920782,1194,-16482,-33,-2,-63,36
22,322,1920787,1250,-16482,-72,-1,-63,35
22,323,1920792,1276,-16452,-102,-1,-63,33
22,324,1920797,1260,-16394,-89,-3,-60,34
22,325,1920802,1231,-16368,-122,-5,-58,29
22,326,1920807,1186,-16387,-212,-5,-59,29
22,327,1920812,1234,-16426,-247,-3,-55,29
22,328,1920817,1248,-16478,-153,-5,-47,28
22,329,1920822,1209,-16521,-32,-6,-37,26
22,330,1920827,1268,-16557,-6,-6,-31,26
22,331,1920832,1196,-16427,-120,-8,-30,24
22,332,1920837,1186,-16391,-124,-7,-29,26
22,333,1920842,1211,-16402,-86,-8,-28,26
22,334,1920847,1209,-16432,-6,-7,-25,21
22,335,1920852,1165,-16405,-16,-5,-26,20
22,336,1920857,1144,-16433,-85,-7,-30,18
22,337,1920862,1158,-16459,-142,-9,-28,18
22,338,1920867,1166,-16423,-63,-11,-28,19
22,339,1920872,1200,-16412,-41,-13,-26,16
22,340,1920877,1224,-16460,-87,-10,-29,18
22,341,1920882,1212,-16494,-171,-8,-25,15
22,342,1920887,1216,-16497,-209,-8,-22,12
22,343,1920892,1180,-16493,-102,-11,-17,10
22,344,1920897,1191,-16450,-89,-11,-17,10
22,345,1920902,1209,-16470,-142,-11,-12,9
22,346,1920907,1242,-16463,-150,-8,-9,10
22,347,1920912,1138,-16472,-84,-6,-7,10
22,348,1920917,1131,-16472,-28,-10,-8,5
22,349,1920922,1184,-16441,-64,-8,-17,7
22,350,1920927,1223,-16425,-67,-8,-19,8
22,351,1920932,1233,-16443,-10,-7,-20,6
22,352,1920937,1188,-16396,20,-7,-32,6
22,353,1920942,1183,-16393,-22,-7,-52,5
22,354,1920947,1136,-16413,-65,-10,-58,4
22,355,1920952,1208,-16460,-123,-6,-55,2
22,356,1920957,1197,-16444,-111,-6,-53,4
22,357,1920962,1143,-16478,-118,-5,-51,0
22,358,1920967,1157,-16461,-149,-6,-52,-2
22,359,1920972,1204,-16443,-223,-7,-39,-2
22,360,1920977,1182,-16458,-180,-7,-29,-4
22,361,1920982,1152,-16406,-147,-7,-15,-4
22,362,1920987,1174,-16398,-172,-6,-5,-4
22,363,1920992,1204,-16450,-121,-7,-2,-7
22,364,1920997,1238,-16442,-92,-7,-1,-7
22,365,1921002,1193,-16481,-87,-10,4,-9
22,366,1921007,1217,-16535,-55,-6,8,-9
22,367,1921012,1218,-16460,-126,-6,12,-8
22,368,1921017,1190,-16423,-191,-10,20,-11
22,369,1921022,1170,-16415,-166,-11,25,-11
22,370,1921027,1178,-16372,-97,-11,27,-11
22,371,1921032,1182,-16409,-75,-8,25,-10
22,372,1921037,1155,-16473,-74,-6,23,-11
22,373,1921042,1118,-16470,-19,-7,17,-13
22,374,1921047,1088,-16476,-22,-8,1,-11
22,375,1921052,1087,-16474,25,-7,-13,-12
22,376,1921057,1162,-16511,-73,-5,-26,-11
22,377,1921062,1170,-16486,-82,-5,-31,-14
22,378,1921067,1140,-16436,-72,-3,-38,-14
22,379,1921072,1138,-16416,-120,-1,-51,-14
22,380,1921077,1151,-16437,-174,0,-56,-12
22,381,1921082,1179,-16447,-152,0,-57,-13
22,382,1921087,1195,-16437,-84,2,-55,-11
22,383,1921092,1145,-16436,-86,2,-54,-11
22,384,1921097,1154,-16420,-139,1,-55,-14
22,385,1921102,1243,-16441,-253,3,-51,-11
22,386,1921107,1198,-16428,-287,-1,-35,-13
22,387,1921112,1246,-16461,-166,-2,-21,-14
22,388,1921117,1180,-16472,-148,-1,-11,-13
22,389,1921122,1174,-16477,-158,-2,0,-14
22,390,1921127,1201,-16428,-154,-1,8,-16
22,391,1921132,1214,-16414,-136,-1,14,-17
22,392,1921137,1192,-16428,-131,-3,19,-16
22,393,1921142,1166,-16425,-100,-3,19,-16
22,394,1921147,1139,-16416,-96,-3,17,-16
22,395,1921152,1090,-16381,-38,-5,9,-14
22,396,1921157,1100,-16416,-15,-2,-3,-15
22,397,1921162,1113,-16436,-60,0,-14,-16
22,398,1921167,1170,-16482,-75,-4,-18,-13
22,399,1921172,1187,-16462,-90,-1,-20,-12
22,400,1921177,1188,-16484,-59,1,-23,-11
22,401,1921182,1177,-16454,-138,-2,-27,-10
22,402,1921187,1149,-16398,-196,0,-24,-10
22,403,1921192,1127,-16438,-266,-2,-13,-14
22,404,1921197,1119,-16420,-245,-3,1,-14
22,405,1921202,1209,-16474,-119,-3,16,-8
22,406,1921207,1141,-16502,-122,-3,22,-9
22,407,1921212,1144,-16466,-146,-4,28,-9
22,408,1921217,1147,-16434,-168,-3,29,-5
22,409,1921222,1175,-16445,-196,-2,29,-6
22,410,1921227,1169,-16450,-158,-7,32,-6
22,411,1921232,1186,-16534,-109,-6,34,0
22,412,1921237,1203,-16530,-81,-6,37,3
22,413,1921242,1223,-16506,-80,-7,40,6
22,414,1921247,1228,-16547,-86,-9,44,8
22,415,1921252,1150,-16599,-103,-10,43,9
22,416,1921257,1174,-16571,-158,-7,45,13
22,417,1921262,1246,-16550,-90,-8,48,20
22,418,1921267,1227,-16489,39,-9,51,22
22,419,1921272,1302,-16356,291,-12,40,26
22,420,1921277,992,-16284,329,-13,10,29
22,421,1921282,935,-16354,78,-9,-30,34
22,422,1921287,957,-16347,24,-11,-65,41
22,423,1921292,1001,-16345,177,-8,-100,45
22,424,1921297,949,-16332,237,-11,-142,49
22,425,1921302,937,-16373,139,-7,-182,55
22,426,1921307,964,-16442,-277,-3,-210,61
22,427,1921312,949,-16506,-340,-3,-213,69
22,428,1921317,923,-16503,-277,-6,-211,75
22,429,1921322,980,-16470,-242,-7,-209,80
22,430,1921327,1057,-16495,-326,-9,-191,82
22,431,1921332,1092,-16468,-387,-10,-163,84
22,432,1921337,995,-16474,-366,-13,-129,89
22,433,1921342,938,-16510,-327,-18,-105,95
22,434,1921347,1003,-16514,-205,-23,-84,98
22,435,1921352,1201,-16538,-111,-27,-66,107
22,436,1921357,1397,-16543,150,-28,-45,115
22,437,1921362,1424,-16604,335,-31,-45,121
22,438,1921367,1328,-16667,422,-34,-63,128
22,439,1921372,1248,-16625,422,-38,-93,139
22,440,1921377,1121,-16553,402,-41,-126,150
22,441,1921382,875,-16507,310,-43,-163,157
22,442,1921387,802,-16409,138,-43,-212,165
22,443,1921392,766,-16303,18,-42,-260,175
22,444,1921397,711,-16235,25,-40,-303,182
22,445,1921402,545,-16196,-115,-42,-344,189
22,446,1921407,405,-16279,-331,-40,-377,200
22,447,1921412,321,-16408,-519,-42,-389,206
22,448,1921417,447,-16414,-745,-44,-380,212
22,449,1921422,581,-16534,-861,-46,-345,208
22,450,1921427,502,-16592,-835,-47,-299,213
22,451,1921432,414,-16574,-997,-52,-254,217
22,452,1921437,364,-16632,-1138,-59,-200,222
22,453,1921442,322,-16578,-1064,-64,-141,222
22,454,1921447,298,-16482,-869,-72,-94,221
22,455,1921452,347,-16373,-697,-76,-61,223
22,456,1921457,467,-16354,-569,-75,-37,229
22,457,1921462,434,-16396,-559,-78,-28,232
22,458,1921467,341,-16354,-395,-83,-25,239
22,459,1921472,220,-16338,-191,-86,-39,245
22,460,1921477,262,-16334,-120,-86,-76,251
22,461,1921482,277,-16398,-142,-87,-116,259
22,462,1921487,271,-16422,-213,-89,-156,263
22,463,1921492,278,-16369,-156,-89,-191,265
22,464,1921497,242,-16424,-506,-84,-229,273
22,465,1921502,167,-16425,-576,-89,-247,279
22,466,1921507,84,-16353,-537,-90,-264,285
22,467,1921512,102,-16349,-655,-89,-269,286
22,468,1921517,53,-16351,-695,-89,-263,289
22,469,1921522,-13,-16420,-794,-90,-258,290
22,470,1921527,80,-16471,-1035,-94,-241,295
22,471,1921532,210,-16559,-1013,-97,-199,294
22,472,1921537,313,-16725,-901,-98,-151,294
22,473,1921542,339,-16798,-775,-104,-102,296
22,474,1921547,323,-16832,-778,-104,-61,295
22,475,1921552,250,-16747,-722,-107,-30,295
22,476,1921557,173,-16617,-635,-114,-9,294
22,477,1921562,126,-16400,-371,-115,7,298
22,478,1921567,183,-16213,-232,-114,-8,304
22,479,1921572,132,-16198,-275,-115,-33,303
22,480,1921577,-24,-16229,-183,-114,-71,308
22,481,1921582,-63,-16274,-212,-112,-109,312
22,482,1921587,-95,-16301,-253,-110,-136,309
22,483,1921592,-84,-16355,-371,-110,-158,309
22,484,1921597,-122,-16479,-544,-108,-177,309
22,485,1921602,-152,-16532,-619,-105,-195,307
22,486,1921607,-120,-16642,-694,-103,-203,306
22,487,1921612,-128,-16724,-771,-101,-194,305
22,488,1921617,-166,-16783,-786,-98,-173,303
22,489,1921622,-139,-16872,-841,-96,-154,300
22,490,1921627,-32,-16788,-781,-97,-131,301
22,491,1921632,-11,-16569,-660,-101,-113,296
22,492,1921637,-139,-16438,-574,-99,-103,292
22,493,1921642,-292,-16403,-594,-96,-96,290
22,494,1921647,-246,-16358,-816,-88,-85,288
22,495,1921652,-130,-16300,-693,-89,-78,284
22,496,1921657,-216,-16218,-384,-88,-78,277
22,497,1921662,-373,-16270,-402,-87,-87,273
22,498,1921667,-323,-16352,-700,-79,-96,270
22,499,1921672,-134,-16381,-798,-77,-82,266
22,500,1921677,-123,-16380,-506,-78,-64,261
22,501,1921682,-152,-16412,-269,-75,-60,258
22,502,1921687,-215,-16452,-406,-71,-70,253
22,503,1921692,-243,-16472,-643,-70,-72,249
22,504,1921697,-246,-16437,-617,-69,-65,244
22,505,1921702,-289,-16411,-360,-68,-66,239
22,506,1921707,-345,-16426,-331,-65,-74,236
22,507,1921712,-339,-16532,-525,-60,-83,231
22,508,1921717,-360,-16508,-663,-56,-87,224
22,509,1921722,-345,-16453,-586,-56,-88,219
22,510,1921727,-419,-16443,-539,-52,-95,214
22,511,1921732,-446,-16460,-657,-44,-98,210
22,512,1921737,-402,-16422,-755,-40,-90,201
22,513,1921742,-507,-16388,-761,-38,-84,194
22,514,1921747,-576,-16380,-690,-33,-87,187
22,515,1921752,-553,-16355,-710,-30,-85,178
22,516,1921757,-460,-16356,-838,-25,-76,170
22,517,1921762,-480,-16358,-865,-24,-56,163
22,518,1921767,-569,-16386,-726,-20,-35,156
22,519,1921772,-559,-16393,-659,-20,-33,150
22,520,1921777,-495,-16392,-881,-19,-25,141
22,521,1921782,-424,-16395,-812,-18,1,129
22,522,1921787,-427,-16400,-721,-16,19,120
22,523,1921792,-418,-16417,-614,-13,37,113
22,524,1921797,-370,-16461,-651,-9,48,102
22,525,1921802,-350,-16504,-587,-6,60,94
22,526,1921807,-403,-16518,-415,-3,69,87
22,527,1921812,-420,-16472,-321,3,55,79
22,528,1921817,-413,-16399,-344,4,33,72
22,529,1921822,-380,-16421,-389,8,7,64
22,530,1921827,-394,-16431,-363,13,-14,55
22,531,1921832,-410,-16397,-347,16,-37,48
22,532,1921837,-568,-16391,-390,24,-62,41
22,533,1921842,-669,-16456,-553,26,-85,31
22,534,1921847,-609,-16465,-788,32,-93,21
22,535,1921852,-442,-16390,-806,40,-92,9
22,536,1921857,-412,-16394,-651,40,-77,-7
22,537,1921862,-553,-16437,-556,44,-75,-17
22,538,1921867,-618,-16443,-575,53,-85,-28
22,539,1921872,-545,-16426,-704,55,-91,-38
22,540,1921877,-429,-16387,-587,58,-90,-49
22,541,1921882,-373,-16387,-415,61,-94,-61
22,542,1921887,-336,-16448,-431,61,-105,-73
22,543,1921892,-355,-16425,-601,67,-109,-87
22,544,1921897,-338,-16367,-652,72,-105,-94
22,545,1921902,-425,-16408,-538,75,-99,-108
22,546,1921907,-386,-16509,-502,73,-94,-123
22,547,1921912,-282,-16411,-617,79,-89,-133
22,548,1921917,-228,-16347,-623,82,-81,-144
22,549,1921922,-315,-16351,-554,82,-71,-163
22,550,1921927,-389,-16335,-546,87,-61,-175
22,551,1921932,-320,-16308,-623,88,-52,-185
22,552,1921937,-331,-16232,-528,95,-27,-218
22,553,1921942,-298,-16209,-428,97,-26,-229
22,554,1921947,-245,-16072,-445,102,-29,-241
22,555,1921952,-212,-15783,-484,102,-35,-256
22,556,1921957,-261,-15616,-424,107,-44,-270
22,557,1921962,-526,-15521,-303,111,-58,-285
22,558,1921967,-571,-15533,-372,115,-81,-301
22,559,1921972,-321,-15560,-721,119,-91,-317
22,560,1921977,-177,-15582,-833,125,-78,-332
22,561,1921982,-149,-15731,-562,126,-67,-347
22,562,1921987,-235,-15925,-399,123,-66,-365
22,563,1921992,-118,-16156,-371,124,-67,-383
22,564,1921997,38,-16342,-416,127,-61,-400
22,565,1922002,-23,-16509,-253,127,-35,-416
22,566,1922007,-55,-16700,-350,136,-28,-432
22,567,1922012,5,-16922,-477,134,-23,-446
22,568,1922017,280,-17267,-173,129,-5,-461
22,569,1922022,692,-17441,-335,134,6,-474
22,570,1922027,978,-17534,-440,135,25,-489
22,571,1922032,1249,-17445,-802,136,32,-505
22,572,1922037,1526,-17261,-474,131,35,-517
22,573,1922042,1582,-17171,-179,132,31,-526
22,574,1922047,1537,-17297,-21,137,20,-536
22,575,1922052,1258,-17374,24,143,9,-547
22,576,1922057,1107,-17373,56,147,-14,-554
22,577,1922062,1041,-17356,218,143,-51,-563
22,578,1922067,729,-17211,781,137,-84,-572
22,579,1922072,713,-16853,720,139,-128,-580
22,580,1922077,1002,-16417,31,140,-135,-596
22,581,1922082,1151,-16135,-373,137,-108,-613
22,582,1922087,887,-16138,-506,134,-84,-629
22,583,1922092,764,-16205,-570,133,-68,-639
22,584,1922097,780,-16325,-664,129,-43,-653
22,585,1922102,911,-16406,-582,130,1,-665
22,586,1922107,916,-16491,-195,131,36,-676
22,587,1922112,944,-16592,134,129,39,-690
22,588,1922117,922,-16686,233,126,7,-700
22,589,1922122,991,-16846,-154,133,-29,-706
22,590,1922127,1206,-16854,-232,134,-41,-719
22,591,1922132,1289,-16799,-67,134,-48,-727
22,592,1922137,1235,-16767,55,137,-69,-732
22,593,1922142,1213,-16709,-94,141,-91,-738
22,594,1922147,1168,-16602,-413,143,-99,-748
22,595,1922152,1160,-16587,-564,145,-83,-757
22,596,1922157,1153,-16556,-559,146,-52,-760
22,597,1922162,715,-16046,-1260,143,-21,-772
22,598,1922167,3745,-17254,-12625,154,218,-797
22,599,1922172,6003,-19536,-23650,96,1686,-853
22,600,1922177,-23586,-18988,19705,-52,3902,-776
22,601,1922200,-27358,-12525,29342,-60,-1202,126
22,602,1922201,-27358,-12525,29342,-60,-1202,126
22,603,1922203,-27358,-12525,29342,-60,-1202,126
22,604,1922204,-23298,-18200,-14041,448,-4713,440
22,605,1922205,-23298,-18200,-14041,448,-4713,440
22,606,1922207,-23298,-18200,-14041,448,-4713,440
22,607,1922212,11759,-19504,-32768,482,-4548,732
22,608,1922217,22364,-18552,-9796,51,-1604,591
22,609,1922222,777,-16922,25996,-122,-164,270
22,610,1922227,-10729,-17884,15814,-25,-1311,211
22,611,1922232,-593,-18012,-17287,255,-2250,435
22,612,1922237,9646,-18100,-23132,303,-1345,511
22,613,1922242,5760,-15940,-3964,28,153,327
22,614,1922247,-4338,-14825,10665,-93,892,212
22,615,1922252,-2936,-15933,6042,-54,673,234
22,616,1922257,5272,-17108,-8679,160,360,332
22,617,1922262,5667,-17011,-3367,137,693,286
22,618,1922267,-576,-15859,5181,4,724,213
22,619,1922272,-2944,-15915,6017,-25,426,229
22,620,1922277,668,-16655,1311,67,177,291
22,621,1922282,4076,-17156,-3412,139,92,307
22,622,1922287,2275,-16363,1073,103,160,250
22,623,1922292,-789,-15721,3592,70,-79,221
22,624,1922297,-816,-16154,1831,106,-359,249
22,625,1922302,1926,-16719,-2816,150,-352,267
22,626,1922307,617,-16663,1080,117,196,199
22,627,1922312,-468,-16420,2537,102,26,190
22,628,1922317,657,-16500,-114,115,-160,200
22,629,1922322,2182,-16710,-2427,135,-52,197
22,630,1922327,1554,-16552,-906,135,242,173
22,631,1922332,166,-16474,2069,127,338,154
22,632,1922337,204,-16544,1313,127,159,159
22,633,1922342,1459,-16554,-524,125,50,159
22,634,1922347,1717,-16470,-412,124,130,148
22,635,1922352,874,-16416,960,125,238,129
22,636,1922357,257,-16340,1556,130,230,125
22,637,1922362,781,-16430,123,135,145,133
22,638,1922367,1333,-16330,-810,127,148,125
22,639,1922372,1110,-16279,-73,121,229,107
22,640,1922377,482,-16202,910,117,282,96
22,641,1922382,364,-16321,597,125,276,96
22,642,1922387,810,-16526,-393,129,282,95
22,643,1922392,1041,-16649,-364,124,327,84
22,644,1922397,895,-16540,568,114,348,72
22,645,1922402,758,-16537,1139,113,317,68
22,646,1922407,894,-16678,801,119,271,68
22,647,1922412,1022,-16715,504,123,251,66
22,648,1922417,834,-16755,726,125,232,58
22,649,1922422,580,-16655,1079,121,178,56
22,650,1922427,621,-16559,840,117,107,55
22,651,1922432,758,-16559,394,118,66,54
22,652,1922437,765,-16516,295,118,64,50
22,653,1922442,533,-16467,402,117,62,43
22,654,1922447,390,-16403,299,116,44,38
22,655,1922452,515,-16368,38,116,35,32
22,656,1922457,608,-16342,-65,112,53,26
22,657,1922462,538,-16306,86,110,92,18
22,658,1922467,460,-16310,186,109,119,11
22,659,1922472,457,-16345,214,109,130,7
22,660,1922477,564,-16388,59,102,141,4
22,661,1922482,601,-16374,117,98,159,-4
22,662,1922487,593,-16387,359,97,181,-12
22,663,1922492,561,-16385,429,96,185,-15
22,664,1922497,587,-16451,445,92,186,-17
22,665,1922502,715,-16513,382,87,185,-17
22,666,1922507,857,-16542,537,85,182,-24
22,667,1922512,825,-16596,577,83,180,-26
22,668,1922517,775,-16680,553,84,156,-30
22,669,1922522,729,-16752,562,80,128,-30
22,670,1922527,718,-16846,520,77,102,-27
22,671,1922532,861,-16904,574,74,85,-30
22,672,1922537,911,-16881,691,70,73,-32
22,673,1922542,775,-16794,577,70,59,-35
22,674,1922547,648,-16734,393,68,44,-37
22,675,1922552,592,-16605,238,65,34,-40
22,676,1922557,545,-16453,200,62,31,-42
22,677,1922562,414,-16311,213,56,38,-46
22,678,1922567,356,-16219,202,50,42,-50
22,679,1922572,279,-16091,108,48,50,-54
22,680,1922577,294,-16052,20,43,61,-60
22,681,1922582,250,-16036,27,33,79,-68
22,682,1922587,262,-16072,70,29,92,-72
22,683,1922592,354,-16161,96,25,106,-76
22,684,1922597,423,-16317,173,21,125,-79
22,685,1922602,543,-16437,332,16,139,-82
22,686,1922607,580,-16534,491,9,144,-87
22,687,1922612,606,-16557,588,4,138,-90
22,688,1922617,609,-16570,543,1,126,-92
22,689,1922622,625,-16609,457,-1,115,-92
22,690,1922627,724,-16614,460,-6,105,-91
22,691,1922632,803,-16572,586,-12,94,-92
22,692,1922637,804,-16506,594,-13,83,-94
22,693,1922642,677,-16455,528,-17,67,-98
22,694,1922647,529,-16398,482,-20,52,-99
22,695,1922652,467,-16371,340,-24,47,-96
22,696,1922657,590,-16329,354,-28,48,-97
22,697,1922662,675,-16367,395,-36,52,-97
22,698,1922667,633,-16357,381,-40,63,-98
22,699,1922672,557,-16342,356,-46,68,-103
22,700,1922677,636,-16373,245,-56,76,-103
22,701,1922682,703,-16413,227,-63,89,-108
22,702,1922687,726,-16438,360,-65,101,-110
22,703,1922692,660,-16423,430,-70,101,-109
22,704,1922697,617,-16529,450,-74,91,-108
22,705,1922702,706,-16568,392,-80,83,-108
22,706,1922707,816,-16601,381,-84,79,-110
22,707,1922712,854,-16594,522,-89,68,-109
22,708,1922717,818,-16616,597,-90,48,-107
22,709,1922722,838,-16576,500,-96,21,-102
22,710,1922727,876,-16574,376,-100,2,-102
22,711,1922732,867,-16579,476,-103,-10,-103
22,712,1922737,816,-16582,444,-106,-27,-100
22,713,1922742,690,-16534,340,-108,-49,-98
22,714,1922747,645,-16500,210,-112,-62,-97
22,715,1922752,594,-16450,108,-113,-64,-100
22,716,1922757,618,-16352,137,-115,-58,-97
22,717,1922762,651,-16328,136,-119,-55,-97
22,718,1922767,682,-16337,45,-123,-51,-97
22,719,1922772,648,-16388,34,-122,-44,-100
22,720,1922777,578,-16419,-42,-127,-32,-101
22,721,1922782,622,-16450,2,-131,-17,-99
22,722,1922787,756,-16463,58,-136,1,-99
22,723,1922792,888,-16507,160,-140,21,-101
22,724,1922797,861,-16522,200,-143,37,-100
22,725,1922802,838,-16538,174,-143,37,-96
22,726,1922807,908,-16558,112,-147,29,-97
22,727,1922812,930,-16540,269,-149,21,-93
22,728,1922817,978,-16560,470,-153,7,-91
22,729,1922822,929,-16541,567,-159,-14,-90
22,730,1922827,813,-16535,460,-158,-39,-87
22,731,1922832,767,-16550,307,-154,-67,-84
22,732,1922837,843,-16561,245,-157,-82,-81
22,733,1922842,909,-16499,259,-162,-95,-78
22,734,1922847,848,-16413,285,-164,-103,-77
22,735,1922852,711,-16410,200,-164,-109,-77
22,736,1922857,661,-16443,-86,-165,-104,-75
22,737,1922862,648,-16409,-271,-166,-94,-71
22,738,1922867,714,-16415,-343,-169,-75,-71
22,739,1922872,777,-16432,-290,-169,-55,-73
22,740,1922877,842,-16444,-205,-171,-36,-74
22,741,1922882,873,-16497,-142,-169,-20,-73
22,742,1922887,931,-16513,-75,-172,-9,-67
22,743,1922892,946,-16558,63,-171,-12,-67
22,744,1922897,837,-16573,231,-172,-25,-65
22,745,1922902,822,-16540,207,-170,-43,-63
22,746,1922907,836,-16478,97,-170,-59,-57
22,747,1922912,923,-16418,18,-168,-71,-56
22,748,1922917,903,-16335,36,-165,-79,-51
22,749,1922922,889,-16315,52,-166,-90,-50
22,750,1922927,830,-16329,72,-163,-105,-46
22,751,1922932,793,-16355,77,-164,-115,-46
22,752,1922937,756,-16382,-116,-163,-108,-45
22,753,1922942,733,-16459,-263,-160,-92,-43
22,754,1922947,842,-16496,186,-161,-69,-43
22,755,1922952,1055,-16491,566,-166,-54,-44
22,756,1922957,1213,-16579,506,-162,-50,-41
22,757,1922962,1152,-16626,262,-157,-49,-35
22,758,1922967,1060,-16506,96,-159,-58,-35
22,759,1922972,964,-16383,87,-162,-78,-29
22,760,1922977,1019,-16338,176,-162,-84,-24
22,761,1922982,1031,-16328,25,-157,-73,-21
22,762,1922987,924,-16382,-182,-152,-56,-23
22,763,1922992,858,-16423,-344,-150,-39,-19
22,764,1922997,954,-16465,-362,-150,-26,-15
22,765,1923002,1083,-16453,-155,-150,-15,-16
22,766,1923007,1072,-16515,64,-145,-3,-13
22,767,1923012,967,-16526,42,-138,0,-12
22,768,1923017,840,-16493,-110,-132,-1,-10
22,769,1923022,836,-16418,-220,-128,-16,-5
22,770,1923027,913,-16374,-66,-126,-34,-3
22,771,1923032,855,-16364,52,-125,-51,-5
22,772,1923037,859,-16361,-44,-118,-65,0
22,773,1923042,909,-16489,-195,-105,-89,4
22,774,1923047,986,-16517,-62,-99,-102,8
22,775,1923052,994,-16505,-18,-98,-110,13
22,776,1923057,1031,-16493,-156,-92,-105,13
22,777,1923062,948,-16450,-423,-84,-88,16
22,778,1923067,864,-16420,-477,-81,-66,17
22,779,1923072,933,-16458,-422,-79,-47,19
22,780,1923077,1016,-16450,-336,-75,-27,22
22,781,1923082,984,-16466,-168,-72,-4,20
22,782,1923087,885,-16497,-187,-66,7,20
22,783,1923092,935,-16486,-252,-59,9,23
22,784,1923097,956,-16433,-260,-56,7,26
22,785,1923102,960,-16383,-176,-51,5,32
22,786,1923107,955,-16394,-138,-47,5,33
22,787,1923112,858,-16423,-194,-40,-1,35
22,788,1923117,842,-16435,-277,-34,-9,37
22,789,1923122,878,-16427,-351,-31,-12,38
22,790,1923127,923,-16428,-318,-29,-11,38
22,791,1923132,938,-16440,-229,-20,-10,42
22,792,1923137,891,-16452,-216,-12,-9,45
22,793,1923142,805,-16485,-291,-7,-11,46
22,794,1923147,831,-16471,-359,-4,-14,46
22,795,1923152,916,-16463,-330,2,-15,49
22,796,1923157,905,-16454,-215,10,-15,50
22,797,1923162,893,-16415,-180,15,-19,50
22,798,1923167,881,-16400,-178,17,-25,55
22,799,1923172,861,-16377,-261,24,-37,56
22,800,1923177,829,-16427,-281,30,-46,56
22,801,1923182,746,-16475,-337,34,-49,58
22,802,1923187,527,-16497,-552,38,-48,57
22,803,1923192,902,-16447,-543,41,-30,59
22,804,1923197,1122,-16345,-443,42,3,58
22,805,1923202,1004,-16431,-280,43,35,56
22,806,1923207,803,-16491,-213,49,45,58
22,807,1923212,687,-16512,-341,53,44,60
22,808,1923217,821,-16469,-474,56,49,64
22,809,1923222,870,-16423,-223,58,67,65
22,810,1923227,858,-16374,-100,63,64,63
22,811,1923232,751,-16380,-137,68,51,64
22,812,1923237,698,-16405,-315,72,40,66
22,813,1923242,790,-16459,-418,76,37,69
22,814,1923247,749,-16416,-331,77,40,67
22,815,1923252,753,-16411,-200,80,43,69
22,816,1923257,787,-16456,-235,83,41,70
22,817,1923262,808,-16457,-389,87,43,70
22,818,1923267,824,-16500,-424,90,54,72
22,819,1923272,848,-16505,-308,88,70,74
22,820,1923277,842,-16467,-231,90,85,71
22,821,1923282,846,-16497,-276,91,98,70
22,822,1923287,894,-16603,-309,91,119,72
22,823,1923292,886,-16660,-232,91,138,74
22,824,1923297,944,-16653,-70,92,148,76
22,825,1923302,948,-16544,18,92,152,76
22,826,1923307,937,-16479,72,91,147,75
22,827,1923312,867,-16435,103,93,135,79
22,828,1923317,887,-16439,25,98,120,83
22,829,1923322,827,-16461,65,98,104,84
22,830,1923327,793,-16436,55,99,86,85
22,831,1923332,757,-16397,-13,99,65,87
22,832,1923337,666,-16385,-26,103,49,86
22,833,1923342,622,-16381,-93,105,37,89
22,834,1923347,602,-16393,-87,102,31,89
22,835,1923352,573,-16389,-190,103,28,89
22,836,1923357,575,-16362,-240,104,30,91
22,837,1923362,593,-16427,-253,103,38,87
22,838,1923367,583,-16417,-267,107,46,87
22,839,1923372,604,-16411,-299,106,57,87
22,840,1923377,648,-16464,-249,104,68,87
22,841,1923382,661,-16473,-111,105,75,85
22,842,1923387,648,-16489,-195,106,73,86
22,843,1923392,632,-16539,-157,104,74,83
22,844,1923397,712,-16541,-185,105,72,86
22,845,1923402,786,-16549,-204,106,73,88
22,846,1923407,750,-16512,-217,106,73,87
22,847,1923412,675,-16514,-51,103,53,88
22,848,1923417,671,-16544,-52,102,40,88
22,849,1923422,669,-16559,-39,106,35,88
22,850,1923427,640,-16577,-81,104,29,90
22,851,1923432,652,-16533,-65,102,22,90
22,852,1923437,646,-16499,7,102,16,90
22,853,1923442,624,-16456,39,100,9,91
22,854,1923447,592,-16436,-24,99,6,90
22,855,1923452,534,-16419,-103,100,12,89
22,856,1923457,444,-16393,-88,97,13,86
22,857,1923462,382,-16356,-56,95,11,86
22,858,1923467,431,-16355,-20,94,16,85
22,859,1923472,465,-16344,-49,91,21,82
22,860,1923477,486,-16369,-63,93,24,82
22,861,1923482,434,-16389,-17,89,21,82
22,862,1923487,427,-16415,18,86,10,83
22,863,1923492,402,-16403,36,84,0,79
22,864,1923497,442,-16426,-6,87,-5,80
22,865,1923502,452,-16530,-92,86,-6,80
22,866,1923507,562,-16556,-103,80,-2,80
22,867,1923512,598,-16553,-21,80,-1,79
22,868,1923517,543,-16554,59,79,-4,75
22,869,1923522,487,-16561,35,75,-5,73
22,870,1923527,472,-16575,-30,77,-3,75
22,871,1923532,488,-16563,-73,74,7,77
22,872,1923537,495,-16555,12,69,20,74
22,873,1923542,467,-16506,72,68,24,73
22,874,1923547,451,-16462,113,63,28,71
22,875,1923552,428,-16436,47,59,34,69
22,876,1923557,399,-16414,-11,57,43,67
22,877,1923562,412,-16458,-68,55,50,66
22,878,1923567,426,-16448,-2,51,56,64
22,879,1923572,560,-16466,-64,52,60,62
22,880,1923577,612,-16525,184,47,64,62
22,881,1923582,593,-16574,278,44,51,64
22,882,1923587,490,-16567,315,45,35,64
22,883,1923592,433,-16575,256,48,12,64
22,884,1923597,350,-16565,111,47,-6,65
22,885,1923602,365,-16542,120,41,-20,65
22,886,1923607,488,-16456,46,40,-30,64
22,887,1923612,445,-16425,81,38,-33,62
22,888,1923617,382,-16364,65,38,-37,60
22,889,1923622,311,-16406,-37,37,-38,59
22,890,1923627,257,-16401,-50,35,-31,59
22,891,1923632,248,-16420,-43,33,-26,57
22,892,1923637,256,-16431,1,29,-13,54
22,893,1923642,283,-16442,57,23,2,51
22,894,1923647,343,-16437,44,22,12,49
22,895,1923652,353,-16452,77,22,19,46
22,896,1923657,365,-16437,101,19,26,46
22,897,1923662,362,-16452,151,16,26,44
22,898,1923667,457,-16468,143,12,27,42
22,899,1923672,490,-16497,156,8,30,42
22,900,1923677,462,-16479,207,11,26,40
22,901,1923682,387,-16501,234,10,17,40
22,902,1923687,371,-16509,184,8,9,38
22,903,1923692,438,-16564,59,4,11,39
22,904,1923697,481,-16555,107,3,14,38
22,905,1923702,476,-16489,242,0,16,35
22,906,1923707,327,-16500,257,-1,7,32
22,907,1923712,216,-16491,143,-2,-4,33
22,908,1923717,205,-16528,-17,-6,-7,33
22,909,1923722,223,-16519,-59,-4,-4,33
22,910,1923727,278,-16486,22,-6,6,31
22,911,1923732,337,-16462,136,-8,9,26
22,912,1923737,248,-16458,40,-12,9,22
22,913,1923742,245,-16483,-66,-11,9,23
22,914,1923747,257,-16466,-46,-13,14,20
22,915,1923752,320,-16466,128,-17,21,19
22,916,1923757,295,-16471,183,-17,12,18
22,917,1923762,298,-16486,127,-18,10,15
22,918,1923767,359,-16461,96,-14,8,16
22,919,1923772,359,-16481,169,-15,3,16
22,920,1923777,327,-16505,318,-18,-6,13
22,921,1923782,359,-16547,209,-21,-25,9
22,922,1923787,321,-16544,140,-21,-23,8
22,923,1923792,317,-16538,65,-23,-15,9
22,924,1923797,407,-16530,72,-27,-7,7
22,925,1923802,407,-16526,11,-27,1,5
22,926,1923807,352,-16510,35,-32,12,3
22,927,1923812,267,-16487,-20,-29,22,-1
22,928,1923817,272,-16438,13,-32,35,-2
22,929,1923822,247,-16440,90,-36,49,-6
22,930,1923827,255,-16474,108,-36,60,-8
22,931,1923832,232,-16436,161,-37,65,-9
22,932,1923837,214,-16413,176,-37,69,-14
22,933,1923842,220,-16421,190,-36,65,-15
22,934,1923847,239,-16430,145,-41,64,-17
22,935,1923852,327,-16434,107,-41,70,-15
22,936,1923857,375,-16490,108,-40,73,-22
22,937,1923862,357,-16552,159,-42,69,-22
22,938,1923867,414,-16582,248,-42,60,-19
22,939,1923872,465,-16528,326,-42,48,-20
22,940,1923877,421,-16518,346,-42,32,-22
22,941,1923882,296,-16501,340,-39,11,-23
22,942,1923887,227,-16467,292,-38,-15,-21
22,943,1923892,245,-16473,156,-38,-36,-21
22,944,1923897,306,-16451,91,-37,-53,-23
22,945,1923902,329,-16404,115,-38,-64,-23
22,946,1923907,261,-16492,36,-34,-72,-22
22,947,1923912,205,-16548,-62,-33,-72,-26
22,948,1923917,147,-16518,-175,-34,-69,-28
22,949,1923922,172,-16464,-215,-37,-58,-29
22,950,1923927,239,-16412,-183,-38,-42,-33
22,951,1923932,356,-16439,-93,-35,-25,-33
22,952,1923937,352,-16475,-31,-37,-5,-39
22,953,1923942,324,-16444,45,-37,1,-40
22,954,1923947,349,-16482,73,-41,0,-38
22,955,1923952,358,-16515,124,-37,-3,-37
22,956,1923957,373,-16527,173,-36,-3,-41
22,957,1923962,306,-16499,232,-37,-7,-42
22,958,1923967,228,-16488,229,-34,-18,-42
22,959,1923972,259,-16457,273,-35,-30,-40
22,960,1923977,322,-16398,241,-35,-39,-43
22,961,1923982,291,-16406,203,-32,-43,-43
22,962,1923987,264,-16422,134,-33,-49,-45
22,963,1923992,296,-16431,47,-37,-50,-49
22,964,1923997,407,-16482,-22,-36,-43,-45
22,965,1924002,435,-16446,5,-34,-38,-45
22,966,1924007,404,-16504,143,-34,-34,-47
22,967,1924012,273,-16481,184,-34,-37,-48
22,968,1924017,259,-16484,51,-35,-41,-51
22,969,1924022,293,-16490,-73,-33,-34,-51
22,970,1924027,368,-16499,-53,-31,-21,-49
22,971,1924032,342,-16477,112,-33,-16,-50
22,972,1924037,340,-16440,130,-35,-17,-52
22,973,1924042,334,-16444,52,-32,-19,-53
22,974,1924047,332,-16474,-61,-27,-14,-51
22,975,1924052,356,-16420,-12,-27,-6,-53
22,976,1924057,381,-16479,72,-30,-3,-55
22,977,1924062,381,-16483,148,-33,-2,-54
22,978,1924067,384,-16470,102,-29,-1,-54
22,979,1924072,358,-16498,93,-28,-2,-52
22,980,1924077,348,-16504,58,-27,-3,-53
22,981,1924082,364,-16465,49,-30,-7,-55
22,982,1924087,371,-16438,36,-28,-17,-55
22,983,1924092,402,-16432,-7,-27,-20,-58
22,984,1924097,453,-16476,-18,-27,-16,-59
22,985,1924102,467,-16496,12,-23,-12,-55
22,986,1924107,448,-16529,93,-23,-17,-55
22,987,1924112,433,-16536,90,-25,-23,-57
22,988,1924117,398,-16531,70,-23,-31,-57
22,989,1924122,338,-16490,13,-19,-32,-56
22,990,1924127,405,-16477,19,-20,-34,-54
22,991,1924132,465,-16463,25,-20,-34,-55
22,992,1924137,426,-16422,30,-20,-33,-56
22,993,1924142,368,-16404,24,-19,-30,-57
22,994,1924147,318,-16429,-147,-17,-21,-59
22,995,1924152,389,-16535,-210,-19,-6,-59
22,996,1924157,561,-16528,-110,-20,12,-61
22,997,1924162,664,-16513,126,-19,21,-60
22,998,1924167,543,-16469,294,-15,11,-59
22,999,1924172,452,-16527,309,-13,-6,-58
23,0,1927797,417,-16491,80,-9,-5,-11
23,1,1927802,376,-16459,47,-11,-5,-12
23,2,1927807,414,-16459,-20,-10,-2,-13
23,3,1927812,473,-16475,-3,-10,3,-9
23,4,1927817,441,-16446,-13,-13,7,-10
23,5,1927822,470,-16429,6,-12,5,-13
23,6,1927827,477,-16399,16,-11,2,-10
23,7,1927832,481,-16486,36,-11,0,-9
23,8,1927837,383,-16519,111,-8,-2,-10
23,9,1927842,435,-16572,12,-8,-4,-6
23,10,1927847,502,-16562,-13,-10,-1,-4
23,11,1927852,485,-16461,42,-8,1,-5
23,12,1927857,448,-16434,103,-7,1,-5
23,13,1927862,405,-16428,36,-7,-6,-3
23,14,1927867,386,-16445,-21,-7,-10,-3
23,15,1927872,367,-16438,-92,-8,-7,-4
23,16,1927877,430,-16427,-15,-6,-5,-4
23,17,1927882,458,-16450,117,-6,-6,-7
23,18,1927887,410,-16468,94,-7,-10,-2
23,19,1927892,441,-16515,65,-5,-12,-5
23,20,1927897,462,-16532,12,-5,-9,-5
23,21,1927902,459,-16505,14,-5,-9,0
23,22,1927907,492,-16475,71,-5,-11,-1
23,23,1927912,473,-16469,30,-6,-13,0
23,24,1927917,470,-16428,-10,-5,-11,0
23,25,1927922,455,-16445,-5,-1,-6,-2
23,26,1927927,458,-16463,0,-3,0,-3
23,27,1927932,448,-16433,21,-3,-1,1
23,28,1927937,435,-16459,-7,-5,-2,3
23,29,1927942,454,-16462,30,-4,2,1
23,30,1927947,481,-16465,96,-4,4,3
23,31,1927952,444,-16492,63,-4,7,3
23,32,1927957,429,-16457,-10,-1,3,3
23,33,1927962,391,-16450,20,-4,-2,4
23,34,1927967,423,-16430,53,-6,-7,4
23,35,1927972,453,-16481,88,-2,-8,6
23,36,1927977,451,-16491,60,0,-7,6
23,37,1927982,499,-16490,29,2,-5,5
23,38,1927987,494,-16508,26,1,-5,7
23,39,1927992,440,-16503,87,1,-9,7
23,40,1927997,401,-16478,132,0,-14,6
23,41,1928002,418,-16469,27,0,-14,5
23,42,1928007,412,-16461,-3,1,-10,5
23,43,1928012,360,-16460,-73,4,-10,6
23,44,1928017,391,-16446,-19,2,-10,6
23,45,1928022,459,-16435,-15,1,-10,5
23,46,1928027,469,-16430,-58,2,-6,6
23,47,1928034,463,-16460,-27,4,2,6
23,48,1928070,458,-16496,61,7,-22,10
23,49,1928070,458,-16496,61,7,-22,10
23,50,1928071,458,-16496,61,7,-22,10
23,51,1928072,458,-16496,61,7,-22,10
23,52,1928073,458,-16496,61,7,-22,10
23,53,1928073,447,-16464,30,8,-26,10
23,54,1928074,447,-16464,30,8,-26,10
23,55,1928075,447,-16464,30,8,-26,10
23,56,1928077,447,-16464,30,8,-26,10
23,57,1928082,403,-16476,32,8,-22,11
23,58,1928087,434,-16447,18,9,-14,11
23,59,1928092,440,-16456,35,7,-10,9
23,60,1928097,447,-16491,80,7,-7,7
23,61,1928102,403,-16446,79,10,-9,8
23,62,1928107,362,-16439,77,9,-5,9
23,63,1928112,389,-16453,5,8,-4,8
23,64,1928117,432,-16468,-36,8,-2,8
23,65,1928122,447,-16441,3,10,1,7
23,66,1928127,424,-16411,32,10,-2,8
23,67,1928132,409,-16444,39,9,-6,5
23,68,1928137,427,-16481,13,11,-9,7
23,69,1928142,480,-16519,19,12,-11,9
23,70,1928147,500,-16533,56,12,-11,7
23,71,1928152,489,-16532,115,11,-16,8
23,72,1928157,483,-16541,59,13,-17,8
23,73,1928162,488,-16523,10,12,-15,7
23,74,1928167,501,-16504,22,13,-12,10
23,75,1928172,501,-16486,118,13,-14,9
23,76,1928177,441,-16459,166,10,-18,10
23,77,1928182,421,-16446,122,15,-25,9
23,78,1928187,392,-16502,27,17,-29,8
23,79,1928192,391,-16474,-18,15,-25,10
23,80,1928197,405,-16445,19,13,-19,9
23,81,1928202,418,-16431,28,12,-13,8
23,82,1928207,386,-16429,59,12,-13,7
23,83,1928212,354,-16482,26,13,-9,6
23,84,1928217,365,-16476,25,12,-5,4
23,85,1928222,406,-16474,96,12,-3,4
23,86,1928227,448,-16451,31,13,-8,7
23,87,1928232,455,-16457,42,11,-12,6
23,88,1928237,479,-16479,-14,13,-9,3
23,89,1928242,472,-16475,-52,12,-2,4
23,90,1928247,451,-16508,-45,13,4,5
23,91,1928252,432,-16538,36,14,8,2
23,92,1928257,451,-16551,41,12,8,5
23,93,1928262,432,-16531,122,14,5,2
23,94,1928267,381,-16511,107,13,7,-1
23,95,1928272,419,-16523,112,10,8,3
23,96,1928277,508,-16541,107,12,4,6
23,97,1928282,450,-16508,78,12,0,4
23,98,1928287,420,-16469,98,12,-1,4
23,99,1928292,411,-16466,107,11,-6,4
23,100,1928297,390,-16445,72,11,-12,4
23,101,1928302,368,-16415,85,15,-12,2
23,102,1928307,326,-16418,98,11,-17,0
23,103,1928312,326,-16409,88,12,-22,1
23,104,1928317,361,-16407,31,14,-26,1
23,105,1928322,368,-16437,-28,12,-21,1
23,106,1928327,430,-16459,-48,13,-16,-1
23,107,1928332,424,-16468,-17,10,-12,-1
23,108,1928337,440,-16471,8,11,-9,-2
23,109,1928342,419,-16446,-28,13,-8,-4
23,110,1928347,439,-16470,-42,11,1,-7
23,111,1928352,444,-16525,-59,12,7,-2
23,112,1928357,472,-16537,-6,8,12,-4
23,113,1928362,491,-16498,93,11,9,-5
23,114,1928367,528,-16512,109,11,10,-6
23,115,1928372,480,-16542,156,8,10,-4
23,116,1928377,435,-16525,92,10,9,-3
23,117,1928382,425,-16544,112,10,5,-5
23,118,1928387,378,-16475,102,9,0,-6
23,119,1928392,390,-16479,44,7,-1,-5
23,120,1928397,428,-16463,73,9,1,-4
23,121,1928402,442,-16430,70,10,5,-5
23,122,1928407,420,-16428,28,9,6,-5
23,123,1928412,389,-16452,48,9,5,-4
23,124,1928417,377,-16462,189,8,2,-7
23,125,1928422,347,-16484,183,8,0,-9
23,126,1928427,352,-16506,161,8,-1,-5
23,127,1928432,375,-16460,64,8,2,-7
23,128,1928437,384,-16460,-22,7,-1,-8
23,129,1928442,425,-16412,33,3,-3,-10
23,130,1928447,424,-16395,85,2,-5,-11
23,131,1928452,405,-16408,86,5,-9,-10
23,132,1928457,346,-16452,9,4,-6,-9
23,133,1928462,383,-16504,-81,6,-2,-10
23,134,1928467,415,-16509,-11,4,3,-11
23,135,1928472,420,-16479,98,4,6,-12
23,136,1928477,480,-16455,111,3,5,-10
23,137,1928482,454,-16498,38,2,10,-12
23,138,1928487,445,-16492,-27,4,13,-12
23,139,1928492,456,-16483,-57,3,18,-11
23,140,1928497,456,-16474,45,2,17,-12
23,141,1928502,472,-16487,126,1,16,-14
23,142,1928507,403,-16496,160,0,14,-13
23,143,1928512,389,-16512,131,1,11,-13
23,144,1928517,426,-16508,118,3,4,-14
23,145,1928522,452,-16526,84,2,0,-12
23,146,1928527,449,-16463,38,0,-7,-10
23,147,1928532,430,-16443,136,-1,-6,-13
23,148,1928537,404,-16453,85,1,-6,-13
23,149,1928542,367,-16469,37,1,-5,-13
23,150,1928547,390,-16499,14,-1,-7,-12
23,151,1928552,386,-16485,20,-2,-5,-14
23,152,1928557,404,-16430,54,-4,-4,-14
23,153,1928562,433,-16452,28,-1,-1,-16
23,154,1928567,452,-16502,-7,1,4,-17
23,155,1928572,397,-16501,41,-5,5,-17
23,156,1928577,413,-16508,39,-3,1,-14
23,157,1928582,508,-16534,39,-4,3,-17
23,158,1928587,524,-16539,45,-5,9,-20
23,159,1928592,465,-16513,111,-3,10,-15
23,160,1928597,410,-16530,117,-6,6,-18
23,161,1928602,412,-16509,40,-6,-5,-18
23,162,1928607,446,-16410,4,-5,-5,-17
23,163,1928612,443,-16411,31,-5,-1,-18
23,164,1928617,387,-16409,47,-4,-1,-18
23,165,1928622,416,-16434,66,-5,-6,-17
23,166,1928627,446,-16445,115,-7,-8,-17
23,167,1928632,420,-16504,92,-7,-11,-15
23,168,1928637,441,-16535,70,-6,-12,-18
23,169,1928642,444,-16520,53,-5,-13,-20
23,170,1928647,444,-16505,29,-6,-14,-17
23,171,1928652,442,-16487,53,-9,-12,-19
23,172,1928657,426,-16450,-23,-7,-10,-16
23,173,1928662,397,-16468,-65,-4,-11,-18
23,174,1928667,501,-16469,-39,-6,-5,-18
23,175,1928672,475,-16446,-21,-8,1,-18
23,176,1928677,502,-16485,26,-9,3,-17
23,177,1928682,431,-16491,61,-11,6,-18
23,178,1928687,439,-16531,78,-11,10,-19
23,179,1928692,422,-16518,48,-10,12,-18
23,180,1928697,500,-16472,20,-11,17,-19
23,181,1928702,482,-16456,64,-10,17,-20
23,182,1928707,417,-16453,86,-13,16,-20
23,183,1928712,430,-16415,7,-10,11,-20
23,184,1928717,447,-16461,11,-9,6,-20
23,185,1928722,478,-16460,129,-12,3,-22
23,186,1928727,464,-16449,145,-12,-2,-20
23,187,1928732,446,-16454,180,-10,-9,-19
23,188,1928737,397,-16513,149,-9,-21,-19
23,189,1928742,382,-16491,42,-11,-30,-18
23,190,1928747,409,-16492,23,-8,-33,-17
23,191,1928752,457,-16477,7,-8,-34,-16
23,192,1928757,555,-16480,25,-12,-28,-18
23,193,1928762,540,-16469,-62,-11,-22,-17
23,194,1928767,487,-16467,-64,-7,-14,-16
23,195,1928772,499,-16465,-64,-10,-7,-18
23,196,1928777,499,-16456,-58,-11,-1,-18
23,197,1928782,501,-16494,22,-10,6,-20
23,198,1928787,497,-16476,114,-12,9,-21
23,199,1928792,439,-16502,89,-10,3,-18
23,200,1928797,416,-16513,51,-10,-1,-20
23,201,1928802,435,-16494,112,-9,-5,-18
23,202,1928807,464,-16423,113,-12,-10,-14
23,203,1928812,488,-16419,140,-11,-13,-16
23,204,1928817,488,-16489,54,-10,-12,-18
23,205,1928822,392,-16513,-4,-10,-11,-18
23,206,1928827,358,-16499,-7,-14,-9,-15
23,207,1928832,420,-16456,-4,-11,-5,-14
23,208,1928837,536,-16466,43,-12,4,-17
23,209,1928842,511,-16461,58,-13,15,-18
23,210,1928847,470,-16493,113,-13,20,-17
23,211,1928852,444,-16462,80,-13,21,-16
23,212,1928857,455,-16478,3,-16,17,-17
23,213,1928862,473,-16460,1,-15,13,-15
23,214,1928867,506,-16412,32,-13,17,-16
23,215,1928872,502,-16464,36,-14,20,-16
23,216,1928877,471,-16496,-35,-12,19,-13
23,217,1928882,492,-16475,-41,-12,17,-15
23,218,1928887,481,-16472,-50,-14,21,-15
23,219,1928892,510,-16462,49,-14,23,-13
23,220,1928897,485,-16476,11,-11,26,-13
23,221,1928902,475,-16492,-56,-7,30,-11
23,222,1928907,420,-16517,41,-10,34,-13
23,223,1928912,439,-16546,17,-11,33,-12
23,224,1928917,498,-16441,-19,-14,33,-15
23,225,1928922,573,-16446,0,-12,38,-14
23,226,1928927,514,-16430,31,-11,35,-10
23,227,1928932,462,-16434,115,-12,29,-9
23,228,1928937,372,-16466,133,-8,15,-9
23,229,1928942,447,-16514,107,-10,4,-10
23,230,1928947,437,-16479,93,-8,3,-11
23,231,1928952,449,-16463,1,-8,-3,-9
23,232,1928957,518,-16450,-64,-8,-6,-8
23,233,1928962,559,-16504,-86,-7,-2,-7
23,234,1928967,553,-16465,-70,-4,3,-9
23,235,1928972,479,-16469,52,-7,9,-6
23,236,1928977,461,-16489,78,-6,9,-4
23,237,1928982,473,-16500,-11,-9,5,-6
23,238,1928987,525,-16508,-40,-6,8,-5
23,239,1928992,504,-16483,-30,-9,11,-6
23,240,1928997,451,-16452,21,-7,8,-5
23,241,1929002,453,-16419,-59,-5,3,-4
23,242,1929007,491,-16467,-64,-4,2,-2
23,243,1929012,495,-16476,-18,-5,5,-1
23,244,1929017,428,-16487,77,-7,3,-3
23,245,1929022,348,-16498,134,-3,-3,-2
23,246,1929027,381,-16497,54,-2,-11,0
23,247,1929032,484,-16474,-34,-3,-10,-3
23,248,1929037,481,-16420,-20,-2,-6,-1
23,249,1929042,453,-16404,27,-4,-7,-2
23,250,1929047,453,-16412,6,-3,-16,-1
23,251,1929052,481,-16444,-41,-2,-21,-2
23,252,1929057,531,-16476,3,-2,-17,0
23,253,1929062,477,-16509,62,-1,-13,-2
23,254,1929067,466,-16502,49,3,-11,1
23,255,1929072,441,-16497,30,2,-15,2
23,256,1929077,486,-16490,-37,0,-18,-1
23,257,1929082,471,-16442,-99,3,-14,2
23,258,1929087,463,-16439,-134,4,-9,5
23,259,1929092,453,-16425,-128,2,1,1
23,260,1929097,468,-16399,-89,2,3,0
23,261,1929102,463,-16424,-16,3,-1,2
23,262,1929107,477,-16507,53,2,-3,3
23,263,1929112,468,-16549,76,3,-7,2
23,264,1929117,486,-16542,28,7,-12,5
23,265,1929122,477,-16550,5,8,-10,3
23,266,1929127,512,-16516,-28,5,-13,3
23,267,1929132,539,-16455,19,5,-14,3
23,268,1929137,564,-16426,62,4,-14,4
23,269,1929142,537,-16432,61,4,-14,3
23,270,1929147,460,-16464,-14,5,-16,5
23,271,1929152,441,-16450,-6,6,-17,9
23,272,1929157,465,-16448,20,5,-18,6
23,273,1929162,494,-16473,72,4,-15,6
23,274,1929167,515,-16464,115,4,-14,8
23,275,1929172,458,-16463,126,5,-18,7
23,276,1929177,394,-16467,56,9,-24,8
23,277,1929182,378,-16405,9,7,-23,5
23,278,1929187,424,-16433,-24,5,-23,4
23,279,1929192,483,-16401,-86,5,-19,4
23,280,1929197,477,-16407,-53,10,-8,5
23,281,1929202,498,-16453,-68,6,-4,7
23,282,1929207,510,-16500,-36,5,-2,5
23,283,1929212,526,-16545,22,8,0,4
23,284,1929217,543,-16539,35,9,2,5
23,285,1929222,522,-16531,-14,7,0,4
23,286,1929227,529,-16528,16,6,-5,7
23,287,1929232,513,-16502,40,10,-8,5
23,288,1929237,478,-16503,29,11,-15,5
23,289,1929242,464,-16483,18,8,-19,6
23,290,1929247,461,-16466,-30,8,-21,8
23,291,1929252,418,-16453,-25,10,-24,6
23,292,1929257,441,-16438,28,11,-28,8
23,293,1929262,465,-16439,67,11,-27,7
23,294,1929267,433,-16462,54,10,-27,7
23,295,1929272,453,-16460,27,11,-27,7
23,296,1929277,439,-16494,31,13,-22,7
23,297,1929282,453,-16486,-20,11,-17,4
23,298,1929287,461,-16507,15,11,-14,6
23,299,1929292,513,-16493,77,11,-12,7
23,300,1929297,507,-16466,7,8,-5,6
23,301,1929302,504,-16453,34,8,-6,5
23,302,1929307,371,-16500,15,11,-10,4
23,303,1929312,412,-16462,-13,11,-17,3
23,304,1929317,460,-16502,16,13,-15,3
23,305,1929322,468,-16519,36,15,-11,5
23,306,1929327,505,-16505,19,12,-9,8
23,307,1929332,481,-16520,-13,10,-7,8
23,308,1929337,443,-16509,-57,12,-7,4
23,309,1929342,475,-16468,-18,14,0,4
23,310,1929347,512,-16455,13,11,4,3
23,311,1929352,475,-16426,19,11,2,4
23,312,1929357,422,-16460,40,13,0,4
23,313,1929362,395,-16486,1,15,-2,1
23,314,1929367,384,-16499,10,14,-6,3
23,315,1929372,466,-16493,29,15,-1,1
23,316,1929377,539,-16493,57,14,4,2
23,317,1929382,527,-16522,85,13,5,1
23,318,1929387,453,-16508,91,14,4,0
23,319,1929392,388,-16520,115,13,-4,0
23,320,1929397,410,-16500,90,13,-11,2
23,321,1929402,394,-16425,22,14,-12,3
23,322,1929407,448,-16383,8,15,-6,3
23,323,1929412,461,-16395,14,15,-7,3
23,324,1929417,449,-16418,42,13,-8,4
23,325,1929422,454,-16426,23,15,-8,2
23,326,1929427,430,-16459,50,15,-4,1
23,327,1929432,414,-16498,53,12,4,0
23,328,1929437,436,-16519,28,12,8,-2
23,329,1929442,442,-16500,34,13,17,-3
23,330,1929447,473,-16482,47,11,20,-3
23,331,1929452,434,-16485,-22,15,22,-3
23,332,1929457,411,-16459,-46,13,23,-5
23,333,1929462,486,-16483,-33,14,25,-3
23,334,1929467,566,-16491,39,16,28,-3
23,335,1929472,526,-16508,93,10,29,-5
23,336,1929477,505,-16544,131,15,26,-5
23,337,1929482,431,-16533,108,17,21,-5
23,338,1929487,424,-16523,90,14,16,-6
23,339,1929492,433,-16495,134,13,8,-4
23,340,1929497,415,-16443,79,14,-1,-2
23,341,1929502,399,-16445,43,15,-7,-3
23,342,1929507,364,-16443,65,15,-12,-3
23,343,1929512,367,-16430,14,18,-10,-4
23,344,1929517,413,-16429,38,14,-5,-6
23,345,1929522,437,-16460,-16,15,-2,-5
23,346,1929527,443,-16464,-20,17,5,-6
23,347,1929532,507,-16519,-5,13,10,-9
23,348,1929537,555,-16539,70,12,17,-8
23,349,1929542,503,-16514,116,15,22,-7
23,350,1929547,485,-16466,120,15,25,-8
23,351,1929552,481,-16454,84,14,19,-6
23,352,1929557,502,-16440,63,15,18,-11
23,353,1929562,452,-16425,77,14,17,-11
23,354,1929567,446,-16408,63,13,9,-8
23,355,1929572,417,-16415,41,15,-2,-7
23,356,1929577,436,-16478,37,16,-3,-7
23,357,1929582,494,-16563,34,17,-1,-10
23,358,1929587,488,-16607,82,15,-1,-8
23,359,1929592,469,-16567,108,12,-1,-7
23,360,1929597,459,-16506,108,14,4,-9
23,361,1929602,458,-16437,79,14,6,-9
23,362,1929607,446,-16399,65,14,10,-10
23,363,1929612,459,-16424,36,14,10,-11
23,364,1929617,472,-16447,75,13,11,-9
23,365,1929622,473,-16501,78,15,9,-9
23,366,1929627,468,-16454,111,15,12,-14
23,367,1929632,410,-16479,164,10,12,-16
23,368,1929637,420,-16494,110,11,13,-13
23,369,1929642,470,-16496,33,12,13,-12
23,370,1929647,466,-16471,27,12,13,-11
23,371,1929652,467,-16457,92,10,15,-18
23,372,1929657,422,-16434,81,13,15,-15
23,373,1929662,465,-16470,102,14,15,-11
23,374,1929667,484,-16492,68,12,17,-12
23,375,1929672,489,-16509,58,11,16,-12
23,376,1929677,476,-16482,112,12,3,-15
23,377,1929682,511,-16461,127,10,-2,-15
23,378,1929687,457,-16483,123,14,-6,-15
23,379,1929692,490,-16530,112,13,-9,-14
23,380,1929697,512,-16481,82,12,-11,-15
23,381,1929702,449,-16453,36,11,-14,-15
23,382,1929707,435,-16474,41,11,-14,-15
23,383,1929712,452,-16464,78,10,-8,-17
23,384,1929717,477,-16490,14,12,-3,-17
23,385,1929722,494,-16498,4,11,7,-16
23,386,1929727,482,-16511,16,9,14,-18
23,387,1929732,486,-16462,30,4,15,-16
23,388,1929737,507,-16483,79,4,20,-16
23,389,1929742,498,-16460,171,7,28,-17
23,390,1929747,438,-16462,225,5,27,-17
23,391,1929752,343,-16442,158,5,17,-17
23,392,1929757,365,-16434,104,6,7,-18
23,393,1929762,453,-16421,81,4,4,-17
23,394,1929767,512,-16422,93,5,6,-15
23,395,1929772,512,-16467,134,4,7,-15
23,396,1929777,502,-16529,81,4,4,-17
23,397,1929782,490,-16547,32,5,-2,-18
23,398,1929787,474,-16517,-32,4,-2,-18
23,399,1929792,516,-16511,49,2,2,-17
23,400,1929797,563,-16489,137,1,5,-18
23,401,1929802,516,-16451,204,0,2,-18
23,402,1929807,388,-16442,163,1,-8,-18
23,403,1929812,368,-16423,81,2,-18,-18
23,404,1929817,446,-16415,-4,1,-23,-16
23,405,1929822,517,-16425,40,1,-20,-15
23,406,1929827,452,-16437,55,0,-15,-16
23,407,1929832,423,-16437,-9,3,-17,-16
23,408,1929837,349,-16457,-37,-1,-15,-16
23,409,1929842,482,-16499,-42,-2,-7,-17
23,410,1929847,600,-16526,-8,-1,8,-17
23,411,1929852,572,-16497,83,-3,17,-18
23,412,1929857,524,-16517,80,-6,18,-20
23,413,1929862,464,-16524,51,-5,14,-21
23,414,1929867,525,-16464,63,-4,10,-18
23,415,1929872,605,-16435,39,-5,15,-18
23,416,1929877,604,-16444,166,-8,18,-16
23,417,1929882,538,-16435,258,-8,9,-16
23,418,1929887,465,-16450,170,-6,-11,-16
23,419,1929892,405,-16456,95,-7,-26,-19
23,420,1929897,410,-16502,49,-6,-27,-18
23,421,1929902,488,-16493,57,-7,-28,-12
23,422,1929907,572,-16470,150,-8,-26,-14
23,423,1929912,539,-16449,164,-9,-29,-16
23,424,1929917,495,-16468,106,-6,-41,-17
23,425,1929922,465,-16468,4,-5,-49,-15
23,426,1929927,449,-16439,72,-9,-47,-15
23,427,1929932,456,-16453,29,-11,-45,-13
23,428,1929937,562,-16442,56,-11,-37,-15
23,429,1929942,552,-16468,14,-8,-28,-15
23,430,1929947,485,-16485,-11,-10,-21,-16
23,431,1929952,488,-16522,19,-12,-15,-16
23,432,1929957,546,-16521,20,-16,-7,-13
23,433,1929962,598,-16484,45,-13,4,-15
23,434,1929967,599,-16492,17,-13,19,-15
23,435,1929972,585,-16451,40,-14,27,-18
23,436,1929977,513,-16421,70,-16,24,-18
23,437,1929982,524,-16454,89,-20,19,-16
23,438,1929987,566,-16466,113,-16,15,-14
23,439,1929992,558,-16461,132,-17,11,-14
23,440,1929997,490,-16498,197,-18,1,-12
23,441,1930002,429,-16548,177,-16,-13,-13
23,442,1930007,423,-16552,121,-16,-29,-12
23,443,1930012,473,-16460,117,-15,-37,-12
23,444,1930017,527,-16433,90,-14,-37,-10
23,445,1930022,538,-16442,7,-15,-38,-9
23,446,1930027,482,-16453,-14,-14,-38,-10
23,447,1930032,466,-16485,-25,-14,-35,-10
23,448,1930037,488,-16470,-29,-17,-27,-13
23,449,1930042,471,-16472,12,-18,-18,-10
23,450,1930047,486,-16468,52,-16,-4,-13
23,451,1930052,558,-16461,-15,-14,0,-12
23,452,1930057,524,-16470,25,-17,-2,-13
23,453,1930062,512,-16449,70,-21,-4,-13
23,454,1930067,519,-16453,106,-19,-13,-10
23,455,1930072,517,-16467,77,-16,-16,-10
23,456,1930077,513,-16484,16,-16,-14,-11
23,457,1930082,617,-16516,4,-19,-11,-9
23,458,1930087,620,-16563,27,-19,-8,-10
23,459,1930092,613,-16508,93,-18,-12,-8
23,460,1930097,561,-16445,132,-19,-17,-7
23,461,1930102,474,-16475,106,-18,-21,-7
23,462,1930107,440,-16453,29,-18,-26,-8
23,463,1930112,464,-16422,-24,-16,-25,-5
23,464,1930117,482,-16409,3,-19,-22,-4
23,465,1930122,506,-16412,61,-19,-24,-4
23,466,1930127,516,-16449,122,-17,-25,-5
23,467,1930132,487,-16498,30,-14,-25,-4
23,468,1930137,445,-16481,-67,-14,-22,-4
23,469,1930142,433,-16443,-63,-17,-16,-3
23,470,1930147,452,-16468,26,-20,-11,-3
23,471,1930152,475,-16457,31,-20,-6,-4
23,472,1930157,529,-16488,-31,-18,-4,-5
23,473,1930162,583,-16491,-45,-16,0,-3
23,474,1930167,562,-16484,10,-16,1,-5
23,475,1930172,450,-16461,50,-18,-2,-6
23,476,1930177,499,-16477,1,-20,-6,-5
23,477,1930182,544,-16491,-24,-19,-5,-6
23,478,1930187,591,-16467,-24,-18,1,-2
23,479,1930192,580,-16469,-40,-15,1,-1
23,480,1930197,517,-16466,16,-14,-8,-3
23,481,1930202,502,-16508,37,-15,-22,-2
23,482,1930207,506,-16512,8,-16,-26,-2
23,483,1930212,509,-16498,8,-16,-24,-2
23,484,1930217,551,-16453,6,-16,-20,1
23,485,1930222,583,-16464,27,-15,-17,-1
23,486,1930227,551,-16494,19,-13,-24,-1
23,487,1930232,526,-16466,56,-10,-24,0
23,488,1930237,479,-16460,26,-12,-22,0
23,489,1930242,482,-16471,26,-12,-20,1
23,490,1930247,454,-16438,48,-12,-18,1
23,491,1930252,449,-16427,-16,-10,-16,-1
23,492,1930257,517,-16411,-34,-10,-15,0
23,493,1930262,560,-16421,-68,-9,-8,0
23,494,1930267,553,-16438,-10,-12,-1,-2
23,495,1930272,518,-16478,53,-10,-1,0
23,496,1930277,488,-16502,60,-9,-5,2
23,497,1930282,506,-16513,-5,-12,-5,1
23,498,1930287,549,-16534,-59,-12,1,0
23,499,1930292,615,-16545,-15,-10,1,2
23,500,1930297,634,-16497,46,-8,-1,5
23,501,1930302,614,-16501,57,-10,-5,4
23,502,1930307,604,-16535,43,-8,-10,3
23,503,1930312,560,-16526,18,-8,-16,7
23,504,1930317,500,-16522,41,-9,-21,5
23,505,1930322,519,-16476,69,-11,-27,8
23,506,1930327,533,-16447,66,-8,-31,9
23,507,1930332,506,-16529,115,-5,-37,7
23,508,1930337,451,-16512,113,-8,-40,10
23,509,1930342,410,-16524,31,-3,-45,11
23,510,1930347,542,-16549,-93,-4,-45,14
23,511,1930352,744,-16624,-128,-5,-39,16
23,512,1930357,879,-16724,117,-8,-35,15
23,513,1930362,767,-16827,306,-8,-45,21
23,514,1930367,654,-17066,125,-4,-61,25
23,515,1930372,665,-17158,-193,-3,-65,28
23,516,1930377,858,-17143,-150,-8,-53,38
23,517,1930382,881,-17087,-8,-11,-42,43
23,518,1930387,1011,-17118,196,-10,-39,46
23,519,1930392,840,-16920,91,-12,-48,52
23,520,1930397,587,-16753,161,-5,-62,58
23,521,1930402,173,-16517,162,-6,-82,63
23,522,1930407,-19,-16323,169,-10,-109,68
23,523,1930412,-105,-16075,82,-12,-127,73
23,524,1930417,-105,-15765,-34,-10,-130,77
23,525,1930422,-238,-15899,-146,-12,-142,86
23,526,1930427,-125,-16069,-165,-17,-148,93
23,527,1930432,36,-16227,-34,-20,-134,97
23,528,1930437,-10,-16444,-27,-22,-117,103
23,529,1930442,-28,-16634,210,-27,-100,105
23,530,1930447,-40,-16710,83,-32,-91,112
23,531,1930452,96,-16708,-157,-36,-85,119
23,532,1930457,247,-16682,-146,-41,-65,125
23,533,1930462,359,-16648,-188,-44,-44,133
23,534,1930467,275,-16596,-282,-45,-30,142
23,535,1930472,188,-16580,-365,-45,-23,153
23,536,1930477,155,-16589,-429,-51,-24,162
23,537,1930482,66,-16437,-21,-57,-27,172
23,538,1930487,-14,-16344,79,-56,-44,179
23,539,1930492,-182,-16310,167,-56,-67,191
23,540,1930497,-160,-16391,-106,-56,-104,206
23,541,1930502,-149,-16285,-91,-60,-129,213
23,542,1930507,-385,-16127,92,-64,-164,219
23,543,1930512,-587,-16073,-71,-62,-214,230
23,544,1930517,-577,-16022,-329,-67,-249,241
23,545,1930522,-465,-16094,-691,-69,-261,250
23,546,1930527,-487,-16184,-816,-69,-257,256
23,547,1930532,-686,-16173,-442,-74,-257,263
23,548,1930537,-759,-16284,-628,-75,-280,274
23,549,1930542,-768,-16476,-717,-74,-276,280
23,550,1930547,-529,-16659,-1060,-76,-245,290
23,551,1930552,-336,-16686,-1031,-81,-193,294
23,552,1930557,-250,-16586,-772,-87,-153,299
23,553,1930562,-372,-16556,-628,-95,-139,305
23,554,1930567,-410,-16542,-640,-98,-131,314
23,555,1930572,-363,-16502,-533,-102,-120,321
23,556,1930577,-444,-16423,-363,-105,-109,330
23,557,1930582,-570,-16357,-294,-110,-116,337
23,558,1930587,-602,-16342,-322,-112,-136,346
23,559,1930592,-551,-16298,-388,-116,-151,354
23,560,1930597,-609,-16246,-333,-119,-160,360
23,561,1930602,-725,-16234,-334,-119,-163,366
23,562,1930607,-796,-16276,-482,-121,-160,372
23,563,1930612,-698,-16397,-733,-126,-152,378
23,564,1930617,-547,-16456,-915,-132,-134,381
23,565,1930622,-545,-16475,-268,-141,-101,386
23,566,1930627,-714,-16558,-113,-141,-101,394
23,567,1930632,-775,-16538,-301,-139,-113,397
23,568,1930637,-869,-16487,-345,-140,-120,403
23,569,1930642,-867,-16588,-575,-142,-129,410
23,570,1930647,-698,-16676,-569,-147,-131,419
23,571,1930652,-438,-16573,-445,-149,-130,424
23,572,1930657,-394,-16595,-191,-154,-127,425
23,573,1930662,-802,-16675,-199,-154,-145,428
23,574,1930667,-1026,-16663,-435,-150,-166,433
23,575,1930672,-925,-16572,-648,-152,-175,441
23,576,1930677,-797,-16481,-630,-156,-168,446
23,577,1930682,-903,-16374,-380,-157,-157,445
23,578,1930687,-1165,-16359,-534,-156,-165,445
23,579,1930692,-1311,-16335,-808,-154,-176,445
23,580,1930697,-1247,-16324,-978,-156,-174,451
23,581,1930702,-1098,-16323,-869,-160,-153,453
23,582,1930707,-1032,-16385,-507,-165,-127,450
23,583,1930712,-1167,-16456,-378,-161,-120,448
23,584,1930717,-1345,-16429,-443,-156,-128,448
23,585,1930722,-1471,-16393,-571,-158,-137,450
23,586,1930727,-1474,-16307,-732,-158,-142,451
23,587,1930732,-1340,-16242,-693,-158,-136,448
23,588,1930737,-1302,-16204,-715,-158,-127,443
23,589,1930742,-1344,-16191,-779,-158,-121,439
23,590,1930747,-1513,-16193,-714,-156,-124,438
23,591,1930752,-1584,-16296,-766,-153,-136,438
23,592,1930757,-1953,-16563,-755,-145,-133,437
23,593,1930762,-675,-17084,-967,-141,-150,442
23,594,1930767,13780,-19097,263,-134,-95,330
23,595,1930772,20064,-17125,8100,-119,129,4
23,596,1930777,5735,-15009,11562,-38,-192,-293
23,597,1930782,-11590,-17434,-15738,104,-1254,-139
23,598,1930787,-144,-17513,-17001,6,-260,-32
23,599,1930792,5707,-15886,-375,-169,1136,-151
23,600,1930797,-421,-14737,15950,-201,1435,-305
23,601,1930820,1268,-15437,-851,-81,228,-191
23,602,1930821,1268,-15437,-851,-81,228,-191
23,603,1930821,-1523,-14684,8999,-120,319,-240
23,604,1930823,-1523,-14684,8999,-120,319,-240
23,605,1930824,-1523,-14684,8999,-120,319,-240
23,606,1930827,-2798,-15787,4202,-39,-200,-218
23,607,1930832,-1858,-17242,-5404,38,-453,-186
23,608,1930837,-1057,-17640,-7488,29,-212,-183
23,609,1930842,-1450,-16798,-1532,-49,118,-208
23,610,1930847,-1475,-16004,3829,-97,162,-224
23,611,1930852,-86,-16201,714,-57,-17,-210
23,612,1930857,303,-16774,-3712,-6,11,-207
23,613,1930862,-1157,-16839,-3103,5,184,-216
23,614,1930867,-2440,-16401,-292,-24,188,-212
23,615,1930872,-1521,-16157,900,-51,58,-201
23,616,1930877,-2,-16230,36,-45,-15,-195
23,617,1930882,-93,-16417,-682,-17,21,-205
23,618,1930887,-1707,-16379,-25,5,10,-210
23,619,1930892,-2338,-16289,-217,14,-158,-197
23,620,1930897,-1214,-16191,-1434,3,-306,-183
23,621,1930902,-194,-16100,-1724,-5,-270,-191
23,622,1930907,-785,-16056,-610,-1,-146,-206
23,623,1930912,-2004,-16192,250,18,-130,-210
23,624,1930917,-2128,-16330,-686,32,-238,-203
23,625,1930922,-1282,-16328,-1793,32,-300,-200
23,626,1930927,-854,-16124,-1525,19,-242,-211
23,627,1930932,-1267,-15928,-476,17,-160,-230
23,628,1930937,-1647,-15880,-542,31,-138,-233
23,629,1930942,-1282,-16122,-1684,47,-138,-225
23,630,1930947,-899,-16303,-1813,48,-96,-231
23,631,1930952,-807,-16430,-1081,37,-50,-243
23,632,1930957,-899,-16455,-229,35,-12,-251
23,633,1930962,-707,-16544,-285,39,8,-258
23,634,1930967,-432,-16773,-894,51,46,-260
23,635,1930972,-329,-16931,-705,56,101,-263
23,636,1930977,-259,-16818,-267,50,109,-271
23,637,1930982,-265,-16636,129,48,72,-275
23,638,1930987,-160,-16635,43,56,30,-276
23,639,1930992,-39,-16790,-191,72,5,-271
23,640,1930997,9,-16879,-67,85,-23,-271
23,641,1931002,4,-16857,184,86,-80,-272
23,642,1931007,-9,-16793,252,89,-154,-277
23,643,1931012,-153,-16681,139,94,-214,-279
23,644,1931017,-261,-16624,-47,104,-242,-280
23,645,1931022,-410,-16560,-293,115,-253,-285
23,646,1931027,-431,-16450,-437,119,-260,-291
23,647,1931032,-785,-16326,-112,117,-261,-297
23,648,1931037,-956,-16141,-22,121,-273,-308
23,649,1931042,-782,-15851,-540,125,-250,-319
23,650,1931047,-485,-15517,-1256,130,-186,-332
23,651,1931052,-485,-15517,-1590,136,-105,-344
23,652,1931057,-498,-15837,-1527,134,-27,-355
23,653,1931062,-262,-16360,-1205,131,55,-359
23,654,1931067,281,-16838,-835,131,155,-369
23,655,1931072,795,-17107,-440,132,271,-382
23,656,1931077,896,-17321,-35,137,358,-388
23,657,1931082,781,-17392,245,134,385,-395
23,658,1931087,712,-17353,343,139,362,-394
23,659,1931092,674,-17158,455,142,324,-396
23,660,1931097,531,-16864,694,152,277,-395
23,661,1931102,348,-16552,747,162,214,-396
23,662,1931107,190,-16385,431,175,136,-396
23,663,1931112,150,-16335,174,183,56,-397
23,664,1931117,188,-16367,89,188,-3,-398
23,665,1931122,252,-16389,311,194,-43,-401
23,666,1931127,442,-16329,259,200,-68,-409
23,667,1931132,543,-16302,7,204,-77,-417
23,668,1931137,374,-16378,-331,207,-70,-424
23,669,1931142,142,-16472,-429,212,-61,-431
23,670,1931147,123,-16455,-509,214,-38,-438
23,671,1931152,547,-16560,-654,220,53,-449
23,672,1931157,505,-16775,-562,225,107,-458
23,673,1931162,494,-16923,-434,226,145,-464
23,674,1931167,775,-16894,-251,223,174,-467
23,675,1931172,971,-16814,-181,227,210,-473
23,676,1931177,844,-16814,-81,232,251,-481
23,677,1931182,707,-16825,-50,236,279,-482
23,678,1931187,950,-16719,-157,238,290,-483
23,679,1931192,1140,-16600,198,238,298,-483
23,680,1931197,1025,-16449,718,240,291,-491
23,681,1931202,862,-16386,773,248,247,-496
23,682,1931207,778,-16344,574,255,204,-495
23,683,1931212,888,-16398,334,258,164,-493
23,684,1931217,1033,-16401,376,261,130,-493
23,685,1931222,1078,-16478,611,266,105,-494
23,686,1931227,1142,-16536,593,270,75,-494
23,687,1931232,1232,-16599,435,275,53,-496
23,688,1931237,1137,-16649,203,281,43,-498
23,689,1931242,1158,-16700,80,282,39,-498
23,690,1931247,1212,-16594,342,275,48,-501
23,691,1931252,1271,-16504,475,275,38,-502
23,692,1931257,1244,-16383,322,276,36,-507
23,693,1931262,1128,-15865,335,279,40,-510
23,694,1931267,3937,-14338,2150,273,35,-522
23,695,1931272,-6244,-18827,3270,290,-50,-506
23,696,1931277,-28109,-24027,-17582,272,-533,-187
23,697,1931282,-23151,-18023,-19374,-17,-781,403
23,698,1931287,12208,-11509,-10843,-270,-173,703
23,699,1931292,29595,-12078,15143,-376,1139,421
23,700,1931297,3360,-11570,30978,-220,937,0
23,701,1931302,-19810,-16312,2544,176,-1183,78
23,702,1931307,-11516,-18264,-23036,230,-2014,386
23,703,1931312,10183,-17602,-20336,-2,-926,518
23,704,1931317,14503,-16061,5859,-240,802,322
23,705,1931322,1339,-16063,26400,-290,1076,94
23,706,1931327,-7350,-17009,5483,-28,-457,155
23,707,1931332,-2043,-18388,-15160,161,-1020,322
23,708,1931337,5885,-17663,-12292,16,-352,347
23,709,1931342,6174,-16275,-711,-178,407,252
23,710,1931347,-529,-15691,15806,-208,737,157
23,711,1931352,-2926,-16294,7251,-38,31,201
23,712,1931357,2465,-17772,-9230,129,-359,280
23,713,1931362,4309,-17269,-7023,31,33,247
23,714,1931367,1260,-16057,2068,-119,245,196
23,715,1931372,-1313,-15357,9439,-140,164,179
23,716,1931377,450,-15997,3583,-8,-138,222
23,717,1931382,3097,-17128,-5827,88,-134,237
23,718,1931387,2104,-16842,-3734,24,123,196
23,719,1931392,-373,-15982,3015,-60,96,174
23,720,1931397,-300,-15745,5317,-62,-139,185
23,721,1931402,2016,-16348,53,10,-221,196
23,722,1931407,2500,-16909,-4112,60,39,182
23,723,1931412,368,-16755,-868,27,300,152
23,724,1931417,-738,-16391,2452,-14,154,154
23,725,1931422,868,-16255,1980,-25,-98,162
23,726,1931427,2590,-16374,-568,1,-78,155
23,727,1931432,1692,-16424,-558,33,177,133
23,728,1931437,-327,-16437,1189,43,273,125
23,729,1931442,-573,-16457,934,30,80,129
23,730,1931447,1107,-16397,-343,16,-91,136
23,731,1931452,1991,-16316,-236,11,-36,123
23,732,1931457,1048,-16318,1390,27,101,104
23,733,1931462,-37,-16570,1509,54,93,100
23,734,1931467,268,-16737,-116,63,-14,109
23,735,1931472,1334,-16787,-1231,49,-58,113
23,736,1931477,1548,-16670,-191,32,18,94
23,737,1931482,942,-16446,1642,32,82,80
23,738,1931487,446,-16461,1420,56,63,81
23,739,1931492,701,-16698,-188,73,28,84
23,740,1931497,959,-16745,-699,69,45,78
23,741,1931502,864,-16503,348,56,66,66
23,742,1931507,584,-16279,1342,50,44,62
23,743,1931512,591,-16283,1085,63,-3,62
23,744,1931517,791,-16416,164,78,-4,60
23,745,1931522,642,-16526,378,75,24,47
23,746,1931527,652,-16449,784,66,-13,42
23,747,1931532,832,-16338,701,65,-39,38
23,748,1931537,793,-16426,371,73,-18,35
23,749,1931542,674,-16566,141,85,18,30
23,750,1931547,599,-16558,141,84,33,25
23,751,1931552,652,-16459,245,76,24,23
23,752,1931557,782,-16469,286,75,20,18
23,753,1931562,753,-16445,518,81,46,14
23,754,1931567,649,-16506,452,88,70,7
23,755,1931572,573,-16517,268,96,84,6
23,756,1931577,630,-16524,187,95,79,5
23,757,1931582,686,-16469,381,89,75,0
23,758,1931587,717,-16427,647,89,80,-4
23,759,1931592,684,-16468,710,94,88,-6
23,760,1931597,747,-16570,483,101,97,-7
23,761,1931602,670,-16603,326,101,102,-10
23,762,1931607,660,-16539,484,98,98,-13
23,763,1931612,639,-16415,635,99,84,-16
23,764,1931617,604,-16321,659,99,84,-20
23,765,1931622,640,-16362,524,102,90,-21
23,766,1931627,606,-16384,456,105,93,-21
23,767,1931632,567,-16405,511,100,88,-27
23,768,1931637,477,-16415,594,94,70,-28
23,769,1931642,479,-16410,508,94,58,-30
23,770,1931647,548,-16452,328,97,62,-36
23,771,1931652,652,-16519,328,98,81,-37
23,772,1931657,620,-16547,406,96,93,-36
23,773,1931662,626,-16570,498,89,92,-40
23,774,1931667,634,-16501,521,86,82,-44
23,775,1931672,716,-16497,440,88,83,-43
23,776,1931677,720,-16468,464,88,94,-44
23,777,1931682,663,-16522,545,88,95,-44
23,778,1931687,576,-16594,616,88,79,-45
23,779,1931692,534,-16604,560,86,58,-51
23,780,1931697,541,-16589,498,84,47,-47
23,781,1931702,733,-16529,529,84,51,-43
23,782,1931707,731,-16526,563,83,56,-48
23,783,1931712,624,-16615,440,84,51,-50
23,784,1931717,489,-16610,310,82,45,-49
23,785,1931722,477,-16562,256,80,42,-51
23,786,1931727,568,-16454,377,76,52,-49
23,787,1931732,615,-16467,548,74,68,-49
23,788,1931737,629,-16478,612,74,73,-52
23,789,1931742,540,-16433,545,74,71,-51
23,790,1931747,495,-16425,447,74,63,-53
23,791,1931752,505,-16418,341,70,61,-50
23,792,1931757,520,-16423,482,68,65,-51
23,793,1931762,524,-16450,696,63,65,-53
23,794,1931767,541,-16440,742,62,54,-52
23,795,1931772,526,-16456,667,60,46,-54
23,796,1931777,550,-16481,628,58,41,-52
23,797,1931782,592,-16471,607,56,37,-48
23,798,1931787,643,-16476,607,53,33,-48
23,799,1931792,664,-16555,576,51,27,-47
23,800,1931797,646,-16546,470,51,25,-46
23,801,1931802,624,-16422,470,46,30,-43
23,802,1931807,614,-16381,516,39,33,-43
23,803,1931812,556,-16446,576,38,39,-43
23,804,1931817,464,-16459,546,33,43,-44
23,805,1931822,462,-16402,465,29,48,-45
23,806,1931827,504,-16304,423,28,57,-40
23,807,1931832,603,-16289,401,22,67,-43
23,808,1931837,677,-16340,377,22,80,-39
23,809,1931842,659,-16402,427,21,86,-40
23,810,1931847,615,-16462,475,16,87,-41
23,811,1931852,570,-16543,619,13,79,-40
23,812,1931857,551,-16622,652,9,68,-33
23,813,1931862,615,-16675,629,6,57,-36
23,814,1931867,680,-16652,619,3,46,-32
23,815,1931872,668,-16586,648,2,34,-29
23,816,1931877,595,-16484,677,1,15,-27
23,817,1931882,489,-16473,652,-4,-5,-24
23,818,1931887,589,-16482,573,-7,-19,-17
23,819,1931892,559,-16416,587,-11,-17,-21
23,820,1931897,479,-16370,529,-14,-19,-21
23,821,1931902,469,-16412,458,-14,-25,-16
23,822,1931907,544,-16400,324,-18,-16,-14
23,823,1931912,588,-16428,357,-24,-1,-14
23,824,1931917,582,-16446,431,-27,7,-13
23,825,1931922,562,-16463,473,-27,10,-13
23,826,1931927,592,-16507,442,-32,11,-8
23,827,1931932,568,-16507,483,-36,10,-6
23,828,1931937,573,-16472,494,-37,11,-6
23,829,1931942,553,-16549,472,-40,13,-5
23,830,1931947,585,-16521,358,-42,6,-4
23,831,1931952,663,-16451,432,-47,0,-3
23,832,1931957,674,-16389,573,-52,-7,0
23,833,1931962,654,-16402,658,-50,-18,1
23,834,1931967,528,-16440,671,-50,-32,2
23,835,1931972,496,-16454,535,-54,-46,6
23,836,1931977,525,-16481,545,-57,-51,6
23,837,1931982,585,-16449,599,-59,-58,9
23,838,1931987,657,-16448,627,-62,-58,12
23,839,1931992,671,-16450,580,-63,-61,14
23,840,1931997,605,-16452,512,-66,-61,13
23,841,1932002,529,-16504,494,-68,-58,18
23,842,1932007,540,-16469,414,-71,-56,17
23,843,1932012,552,-16486,383,-73,-49,18
23,844,1932017,597,-16469,409,-76,-37,17
23,845,1932022,642,-16510,426,-77,-25,19
23,846,1932027,600,-16503,416,-78,-17,23
23,847,1932032,569,-16511,368,-81,-13,25
23,848,1932037,570,-16477,355,-85,-8,27
23,849,1932042,637,-16447,445,-85,-5,23
23,850,1932047,595,-16470,548,-84,-3,24
23,851,1932052,508,-16490,439,-87,0,28
23,852,1932057,590,-16448,375,-86,-3,32
23,853,1932062,617,-16417,389,-89,2,30
23,854,1932067,615,-16398,504,-91,4,31
23,855,1932072,585,-16435,539,-93,1,33
23,856,1932077,523,-16504,599,-92,-8,33
23,857,1932082,538,-16547,550,-93,-16,35
23,858,1932087,552,-16565,497,-95,-26,37
23,859,1932092,576,-16480,554,-93,-30,40
23,860,1932097,593,-16471,582,-98,-37,39
23,861,1932102,599,-16494,551,-99,-45,44
23,862,1932107,636,-16482,561,-97,-51,45
23,863,1932112,656,-16507,540,-98,-51,45
23,864,1932117,623,-16515,420,-100,-50,46
23,865,1932122,536,-16506,303,-99,-48,49
23,866,1932127,561,-16511,245,-101,-40,50
23,867,1932132,592,-16505,263,-103,-23,46
23,868,1932137,546,-16472,369,-104,-12,45
23,869,1932142,515,-16458,364,-103,-1,46
23,870,1932147,492,-16485,241,-102,10,48
23,871,1932152,561,-16482,147,-104,21,50
23,872,1932157,627,-16460,227,-102,29,49
23,873,1932162,576,-16423,388,-103,36,50
23,874,1932167,542,-16425,560,-103,29,54
23,875,1932172,438,-16438,556,-102,11,55
23,876,1932177,393,-16482,466,-100,-3,54
23,877,1932182,436,-16443,412,-98,-11,56
23,878,1932187,458,-16417,393,-99,-23,55
23,879,1932192,468,-16447,314,-98,-32,55
23,880,1932197,546,-16476,231,-93,-36,56
23,881,1932202,545,-16531,198,-92,-36,57
23,882,1932207,517,-16568,270,-91,-29,58
23,883,1932212,465,-16548,309,-90,-30,59
23,884,1932217,462,-16529,304,-93,-24,56
23,885,1932222,482,-16468,193,-88,-17,57
23,886,1932227,511,-16433,153,-85,-7,59
23,887,1932232,453,-16385,219,-86,-1,56
23,888,1932237,448,-16375,255,-87,-1,55
23,889,1932242,452,-16348,249,-84,-2,56
23,890,1932247,373,-16405,301,-81,-5,55
23,891,1932252,333,-16453,252,-78,-4,51
23,892,1932257,539,-16545,174,-75,3,51
23,893,1932262,776,-16597,219,-74,16,55
23,894,1932267,793,-16632,348,-73,26,55
23,895,1932272,613,-16639,528,-74,23,52
23,896,1932277,465,-16652,591,-69,4,54
23,897,1932282,364,-16518,443,-66,-14,58
23,898,1932287,448,-16464,298,-65,-22,55
23,899,1932292,506,-16418,341,-61,-19,55
23,900,1932297,503,-16358,385,-60,-28,53
23,901,1932302,428,-16355,281,-56,-41,53
23,902,1932307,370,-16393,274,-55,-51,53
23,903,1932312,303,-16405,258,-51,-56,52
23,904,1932317,338,-16426,258,-50,-48,52
23,905,1932322,345,-16479,187,-48,-41,50
23,906,1932327,386,-16449,35,-45,-39,49
23,907,1932332,367,-16461,15,-43,-29,46
23,908,1932337,392,-16456,29,-41,-20,45
23,909,1932342,401,-16496,119,-39,-9,47
23,910,1932347,463,-16539,176,-40,-1,46
23,911,1932352,501,-16521,211,-38,4,42
23,912,1932357,435,-16495,214,-32,8,41
23,913,1932362,411,-16486,137,-30,11,38
23,914,1932367,417,-16489,164,-26,16,39
23,915,1932372,452,-16476,196,-26,23,37
23,916,1932377,401,-16450,253,-26,31,35
23,917,1932382,429,-16460,278,-22,37,34
23,918,1932387,377,-16446,253,-20,39,32
23,919,1932392,417,-16460,222,-15,36,31
23,920,1932397,451,-16467,217,-16,39,32
23,921,1932402,450,-16478,324,-18,44,29
23,922,1932407,425,-16471,364,-11,44,27
23,923,1932412,340,-16489,285,-9,36,28
23,924,1932417,312,-16454,148,-6,30,28
23,925,1932422,371,-16436,126,-4,30,24
23,926,1932427,384,-16406,124,-2,33,25
23,927,1932432,356,-16439,111,2,40,25
23,928,1932437,356,-16493,52,4,45,21
23,929,1932442,317,-16513,-11,5,56,18
23,930,1932447,326,-16543,-44,6,66,15
23,931,1932452,301,-16509,-112,9,77,14
23,932,1932457,373,-16517,-12,15,92,10
23,933,1932462,408,-16509,36,18,107,12
23,934,1932467,471,-16536,55,20,117,10
23,935,1932472,514,-16513,88,20,131,7
23,936,1932477,556,-16526,141,22,139,7
23,937,1932482,494,-16571,354,21,136,6
23,938,1932487,455,-16566,493,22,119,5
23,939,1932492,373,-16509,621,27,96,5
23,940,1932497,402,-16529,545,30,68,7
23,941,1932502,403,-16483,537,34,43,8
23,942,1932507,413,-16406,534,37,14,8
23,943,1932512,434,-16451,537,39,-16,11
23,944,1932517,350,-16465,438,44,-43,9
23,945,1932522,256,-16467,277,46,-60,6
23,946,1932527,189,-16416,186,46,-64,4
23,947,1932532,233,-16431,88,49,-63,6
23,948,1932537,297,-16436,0,48,-54,2
23,949,1932542,300,-16417,3,51,-37,-2
23,950,1932547,325,-16507,-4,53,-19,-3
23,951,1932552,347,-16534,-48,53,0,-2
23,952,1932557,348,-16556,19,51,22,-4
23,953,1932562,367,-16589,121,54,38,-8
23,954,1932567,373,-16546,160,54,46,-9
23,955,1932572,371,-16524,169,54,54,-9
23,956,1932577,435,-16520,158,57,56,-9
23,957,1932582,453,-16450,306,56,55,-9
23,958,1932587,442,-16465,472,55,42,-8
23,959,1932592,362,-16499,564,55,22,-10
23,960,1932597,336,-16520,484,60,1,-10
23,961,1932602,408,-16504,391,62,-13,-7
23,962,1932607,430,-16470,452,60,-27,-3
23,963,1932612,388,-16472,507,60,-44,-4
23,964,1932617,252,-16381,475,57,-63,-5
23,965,1932622,175,-16394,204,62,-77,-5
23,966,1932627,299,-16474,13,61,-51,-6
23,967,1932632,300,-16459,90,57,-38,-9
23,968,1932637,304,-16474,105,60,-20,-11
23,969,1932642,276,-16506,-14,60,3,-14
23,970,1932647,254,-16570,-55,59,26,-12
23,971,1932652,265,-16531,13,59,49,-11
23,972,1932657,343,-16493,142,54,60,-12
23,973,1932662,395,-16513,206,55,62,-12
23,974,1932667,387,-16527,286,56,58,-12
23,975,1932672,319,-16535,304,55,50,-12
23,976,1932677,281,-16556,320,54,39,-14
23,977,1932682,311,-16543,281,56,30,-12
23,978,1932687,411,-16510,270,55,25,-10
23,979,1932692,346,-16473,312,53,21,-10
23,980,1932697,223,-16481,278,51,10,-10
23,981,1932702,146,-16456,141,51,2,-10
23,982,1932707,260,-16426,153,52,-3,-7
23,983,1932712,281,-16404,253,51,-6,-5
23,984,1932717,264,-16412,354,49,-10,-8
23,985,1932722,245,-16411,290,50,-19,-6
23,986,1932727,204,-16416,68,47,-21,-6
23,987,1932732,284,-16470,9,47,-14,-8
23,988,1932737,287,-16447,133,44,0,-6
23,989,1932742,266,-16463,314,40,9,-7
23,990,1932747,210,-16435,346,39,6,-12
23,991,1932752,228,-16468,191,37,4,-10
23,992,1932757,249,-16466,84,38,8,-7
23,993,1932762,303,-16450,214,35,13,-6
23,994,1932767,358,-16440,320,33,14,-7
23,995,1932772,346,-16435,374,30,8,-7
23,996,1932777,277,-16486,264,29,2,-6
23,997,1932782,196,-16514,158,30,-1,-7
23,998,1932787,237,-16500,140,28,-4,-3
23,999,1932792,339,-16465,195,25,-5,-5
24,0,1946652,985,-16367,224,1,-27,-1
24,1,1946657,950,-16395,280,3,-26,-3
24,2,1946662,923,-16405,276,0,-26,-3
24,3,1946667,917,-16440,228,0,-23,0
24,4,1946672,954,-16490,178,4,-15,-1
24,5,1946677,1059,-16490,139,2,1,-3
24,6,1946682,1103,-16464,241,-1,13,1
24,7,1946687,1062,-16459,361,-1,13,-1
24,8,1946692,1045,-16506,349,0,7,0
24,9,1946697,1038,-16482,267,4,5,3
24,10,1946702,1006,-16514,374,1,4,1
24,11,1946707,997,-16510,472,1,1,3
24,12,1946712,968,-16490,447,2,-10,4
24,13,1946717,992,-16462,339,1,-19,3
24,14,1946722,1048,-16426,265,2,-22,2
24,15,1946727,1008,-16431,230,3,-20,6
24,16,1946732,964,-16414,250,4,-25,8
24,17,1946737,970,-16420,202,3,-26,7
24,18,1946742,1005,-16437,204,3,-24,6
24,19,1946747,1001,-16433,319,2,-19,7
24,20,1946752,978,-16459,337,2,-14,7
24,21,1946757,984,-16460,256,3,-13,9
24,22,1946762,1030,-16454,274,4,-12,8
24,23,1946767,1037,-16484,250,1,-12,7
24,24,1946772,1079,-16464,272,4,-13,8
24,25,1946777,1092,-16461,343,4,-16,10
24,26,1946782,1014,-16478,350,4,-22,8
24,27,1946787,933,-16473,294,3,-25,8
24,28,1946792,948,-16477,239,6,-31,12
24,29,1946797,990,-16437,233,3,-30,14
24,30,1946802,1011,-16444,282,4,-23,12
24,31,1946807,1062,-16426,289,6,-20,11
24,32,1946812,1033,-16396,288,4,-17,12
24,33,1946817,894,-16432,320,3,-17,10
24,34,1946822,892,-16417,308,4,-13,12
24,35,1946827,979,-16400,294,2,-6,12
24,36,1946832,1035,-16409,314,3,0,11
24,37,1946837,1037,-16412,368,2,1,10
24,38,1946842,984,-16471,404,0,-5,10
24,39,1946847,975,-16482,341,1,-9,14
24,40,1946852,995,-16453,319,3,-7,13
24,41,1946857,1039,-16459,285,1,-4,13
24,42,1946862,1051,-16484,291,1,-8,16
24,43,1946867,996,-16441,277,4,-15,14
24,44,1946872,980,-16465,190,2,-16,12
24,45,1946877,932,-16461,160,5,-19,15
24,46,1946882,900,-16435,164,5,-14,15
24,47,1946887,989,-16450,191,4,-11,14
24,48,1946892,988,-16483,205,3,-10,14
24,49,1946897,996,-16478,226,3,-9,14
24,50,1946902,999,-16524,283,4,-8,13
24,51,1946907,969,-16481,324,2,-11,12
24,52,1946912,941,-16474,346,3,-14,15
24,53,1946917,952,-16488,349,4,-16,15
24,54,1946922,974,-16483,370,1,-22,13
24,55,1946927,944,-16419,373,0,-26,16
24,56,1946932,975,-16420,337,4,-28,13
24,57,1946937,946,-16435,286,1,-25,13
24,58,1946942,892,-16463,231,4,-23,12
24,59,1946947,936,-16475,225,2,-19,13
24,60,1946952,991,-16474,206,-2,-5,12
24,61,1946957,1045,-16464,221,0,2,11
24,62,1946962,1073,-16495,211,-1,7,13
24,63,1946967,1092,-16545,249,0,11,12
24,64,1946972,1035,-16498,339,-3,13,13
24,65,1946977,964,-16479,382,-1,8,12
24,66,1946982,919,-16493,368,2,4,10
24,67,1946987,914,-16470,277,0,-2,11
24,68,1946992,943,-16430,272,1,-11,12
24,69,1946997,977,-16397,310,-1,-12,11
24,70,1947002,1027,-16426,292,0,-14,10
24,71,1947007,977,-16466,277,2,-16,8
24,72,1947012,875,-16500,229,3,-17,10
24,73,1947017,929,-16460,178,0,-14,13
24,74,1947022,937,-16499,200,-2,-10,12
24,75,1947027,967,-16506,296,-2,-7,12
24,76,1947032,1013,-16457,342,0,-6,9
24,77,1947037,980,-16502,250,-1,-5,7
24,78,1947042,925,-16460,138,0,-8,8
24,79,1947047,929,-16462,220,1,-4,9
24,80,1947052,944,-16400,270,0,-1,7
24,81,1947057,952,-16426,345,0,-3,8
24,82,1947062,936,-16461,347,-2,-4,5
24,83,1947067,957,-16458,279,0,-4,5
24,84,1947072,980,-16470,226,0,-1,5
24,85,1947077,949,-16469,270,-1,-2,4
24,86,1947082,930,-16425,353,-2,-8,3
24,87,1947087,939,-16468,294,-1,-13,3
24,88,1947092,960,-16447,262,-1,-12,4
24,89,1947097,949,-16454,260,0,-11,4
24,90,1947102,961,-16465,250,0,-11,6
24,91,1947107,944,-16430,288,-4,-17,1
24,92,1947112,949,-16442,218,-2,-18,0
24,93,1947117,963,-16487,181,-1,-10,0
24,94,1947122,1019,-16472,173,-2,-5,-2
24,95,1947127,1020,-16490,212,0,-2,-1
24,96,1947132,1024,-16468,272,-2,0,0
24,97,1947137,973,-16481,359,-3,2,-2
24,98,1947142,883,-16488,407,-1,5,-5
24,99,1947147,862,-16440,306,-2,1,-3
24,100,1947152,904,-16403,244,-2,0,-2
24,101,1947157,930,-16374,206,-3,1,-3
24,102,1947162,950,-16373,301,-7,0,-5
24,103,1947167,957,-16391,358,-7,-4,-8
24,104,1947172,961,-16465,386,-5,-9,-6
24,105,1947177,973,-16519,342,-3,-8,-5
24,106,1947182,967,-16517,270,-6,-5,-5
24,107,1947187,1020,-16529,270,-8,0,-7
24,108,1947192,1001,-16492,278,-6,-2,-7
24,109,1947197,984,-16453,305,-5,-2,-7
24,110,1947202,969,-16422,310,-3,0,-10
24,111,1947207,916,-16429,238,-4,4,-8
24,112,1947212,926,-16475,251,-5,8,-9
24,113,1947217,946,-16443,304,-7,9,-11
24,114,1947222,959,-16458,321,-8,14,-12
24,115,1947227,991,-16475,338,-6,17,-11
24,116,1947232,992,-16468,278,-7,26,-13
24,117,1947237,974,-16471,216,-6,32,-12
24,118,1947242,971,-16421,170,-7,36,-14
24,119,1947247,1066,-16449,152,-7,40,-13
24,120,1947252,1081,-16433,108,-7,42,-13
24,121,1947257,1016,-16448,200,-5,42,-16
24,122,1947262,1005,-16529,355,-5,32,-15
24,123,1947267,935,-16532,391,-9,24,-16
24,124,1947272,999,-16538,363,-6,15,-15
24,125,1947277,1009,-16513,372,-3,6,-13
24,126,1947282,1035,-16531,395,-4,-5,-15
24,127,1947287,981,-16471,398,-2,-20,-12
24,128,1947292,952,-16421,334,-3,-31,-10
24,129,1947297,920,-16406,233,0,-39,-11
24,130,1947302,904,-16407,244,0,-36,-14
24,131,1947307,865,-16397,218,0,-30,-14
24,132,1947312,903,-16400,197,-1,-26,-16
24,133,1947317,919,-16452,132,-2,-15,-16
24,134,1947322,941,-16481,132,-2,-2,-17
24,135,1947327,980,-16528,131,-4,14,-19
24,136,1947332,982,-16525,205,-4,24,-20
24,137,1947337,936,-16527,265,-3,27,-19
24,138,1947342,955,-16493,294,-5,29,-18
24,139,1947347,966,-16499,319,-4,29,-19
24,140,1947352,1004,-16496,292,-4,32,-21
24,141,1947357,1063,-16481,289,-1,30,-17
24,142,1947362,1039,-16491,278,-4,26,-19
24,143,1947367,1022,-16465,300,-5,20,-21
24,144,1947372,964,-16480,326,-6,14,-18
24,145,1947377,907,-16431,305,-4,14,-19
24,146,1947382,855,-16420,265,-2,14,-18
24,147,1947387,869,-16403,210,-4,8,-20
24,148,1947392,917,-16377,212,-6,5,-20
24,149,1947397,929,-16393,253,-5,10,-20
24,150,1947402,885,-16457,260,-8,12,-20
24,151,1947407,882,-16487,181,-3,15,-22
24,152,1947412,906,-16517,136,-2,16,-25
24,153,1947417,980,-16487,101,-1,17,-20
24,154,1947422,1028,-16463,181,-2,21,-21
24,155,1947427,1067,-16499,189,-3,24,-22
24,156,1947432,990,-16534,120,1,26,-22
24,157,1947437,1006,-16514,103,0,26,-23
24,158,1947442,999,-16470,212,-3,25,-21
24,159,1947447,1009,-16455,329,-4,23,-21
24,160,1947452,1006,-16488,311,-3,25,-22
24,161,1947457,934,-16471,302,-1,23,-19
24,162,1947462,938,-16475,294,0,23,-20
24,163,1947467,922,-16454,306,-4,17,-20
24,164,1947472,944,-16379,315,-4,10,-19
24,165,1947477,939,-16395,288,-3,9,-22
24,166,1947482,916,-16403,218,-2,10,-23
24,167,1947487,917,-16383,223,0,13,-22
24,168,1947492,988,-16429,231,-1,17,-22
24,169,1947497,1012,-16491,214,-2,18,-21
24,170,1947502,1061,-16509,291,-2,18,-21
24,171,1947507,1059,-16532,287,-4,17,-21
24,172,1947512,1040,-16539,298,-1,14,-21
24,173,1947517,1047,-16524,287,-1,10,-21
24,174,1947522,1023,-16498,267,-1,4,-18
24,175,1947527,1026,-16453,283,-2,0,-17
24,176,1947532,1002,-16420,259,-1,0,-16
24,177,1947537,1008,-16428,240,0,-3,-18
24,178,1947542,986,-16424,199,1,-4,-17
24,179,1947547,978,-16463,110,0,-1,-18
24,180,1947552,970,-16462,137,2,2,-17
24,181,1947557,1002,-16465,204,2,6,-16
24,182,1947562,981,-16498,237,-1,10,-18
24,183,1947567,1014,-16530,294,-1,15,-19
24,184,1947572,949,-16491,280,2,16,-16
24,185,1947577,935,-16495,222,2,13,-18
24,186,1947582,987,-16468,215,-3,9,-18
24,187,1947587,1057,-16428,231,-3,6,-15
24,188,1947592,1112,-16427,302,0,7,-14
24,189,1947597,1055,-16436,294,2,4,-16
24,190,1947602,1045,-16464,265,1,-3,-12
24,191,1947607,984,-16472,285,-1,-5,-14
24,192,1947612,1012,-16463,296,0,-5,-15
24,193,1947617,1042,-16481,268,-1,-5,-12
24,194,1947622,1052,-16471,341,0,3,-12
24,195,1947627,988,-16424,296,0,-3,-14
24,196,1947632,939,-16418,261,-2,-9,-13
24,197,1947637,948,-16388,231,0,-14,-11
24,198,1947642,935,-16375,199,1,-12,-10
24,199,1947647,944,-16416,183,1,-8,-13
24,200,1947652,1003,-16458,203,-1,-7,-12
24,201,1947657,1059,-16507,187,1,-5,-12
24,202,1947662,1057,-16493,187,-1,-1,-11
24,203,1947667,1033,-16480,177,0,9,-10
24,204,1947672,1008,-16515,181,0,12,-10
24,205,1947677,1006,-16516,248,-3,13,-12
24,206,1947682,1003,-16499,218,-2,12,-9
24,207,1947687,1057,-16466,282,0,10,-10
24,208,1947692,1010,-16464,319,-2,4,-9
24,209,1947697,946,-16423,317,-2,-8,-7
24,210,1947702,969,-16422,279,1,-19,-7
24,211,1947707,997,-16428,224,1,-23,-6
24,212,1947712,1043,-16409,209,0,-22,-3
24,213,1947717,1081,-16417,295,1,-27,-3
24,214,1947722,1055,-16457,328,1,-33,-3
24,215,1947727,1001,-16484,249,0,-38,-3
24,216,1947732,989,-16519,163,-1,-37,-4
24,217,1947737,1068,-16469,130,0,-31,-1
24,218,1947742,1082,-16433,230,-5,-19,-3
24,219,1947747,1085,-16432,231,-1,-17,-4
24,220,1947752,1045,-16418,208,-2,-10,-3
24,221,1947757,1006,-16428,173,-2,-4,0
24,222,1947762,1018,-16438,261,-2,-4,0
24,223,1947767,995,-16433,287,-6,-4,1
24,224,1947772,952,-16463,274,-4,-6,-2
24,225,1947777,924,-16427,228,-2,-10,-3
24,226,1947782,929,-16424,169,-2,-11,1
24,227,1947787,943,-16416,160,-3,-15,0
24,228,1947792,995,-16464,221,-1,-20,0
24,229,1947797,1092,-16517,220,-1,-20,-2
24,230,1947802,1127,-16546,244,-1,-18,1
24,231,1947807,1127,-16504,330,-1,-22,1
24,232,1947812,1049,-16514,387,1,-24,-2
24,233,1947817,957,-16470,339,-2,-28,0
24,234,1947822,999,-16423,278,-3,-31,-1
24,235,1947827,1071,-16382,252,0,-31,5
24,236,1947832,1068,-16369,313,1,-30,4
24,237,1947837,1030,-16390,325,-2,-33,3
24,238,1947842,952,-16410,263,0,-43,5
24,239,1947847,944,-16495,175,0,-46,6
24,240,1947852,978,-16499,84,3,-42,4
24,241,1947857,1070,-16490,165,0,-31,3
24,242,1947862,1010,-16471,284,0,-26,2
24,243,1947867,917,-16411,184,0,-32,1
24,244,1947872,942,-16415,143,0,-28,2
24,245,1947877,960,-16415,137,-1,-19,1
24,246,1947882,1039,-16450,169,-2,-8,2
24,247,1947887,1075,-16456,290,-1,-2,1
24,248,1947892,1045,-16481,361,1,-8,-1
24,249,1947897,960,-16494,322,-2,-18,0
24,250,1947902,965,-16510,260,0,-20,3
24,251,1947907,1011,-16436,314,0,-17,1
24,252,1947912,975,-16416,382,0,-20,3
24,253,1947917,1012,-16401,352,-1,-29,1
24,254,1947922,1002,-16405,294,4,-40,-1
24,255,1947927,969,-16437,261,5,-46,0
24,256,1947932,978,-16438,231,1,-37,2
24,257,1947937,1061,-16437,288,2,-30,1
24,258,1947942,1052,-16438,278,2,-29,-2
24,259,1947947,996,-16459,195,3,-29,-2
24,260,1947952,991,-16464,48,6,-22,-3
24,261,1947957,1034,-16465,41,6,-13,-2
24,262,1947962,1103,-16437,155,3,1,-4
24,263,1947967,1121,-16429,320,0,6,-5
24,264,1947972,1112,-16513,350,2,4,-4
24,265,1947977,1110,-16575,309,5,5,-3
24,266,1947982,1083,-16548,330,6,5,-3
24,267,1947987,1069,-16508,425,5,0,-2
24,268,1947992,1065,-16462,444,6,-9,-5
24,269,1947997,1040,-16422,329,7,-15,-4
24,270,1948002,1058,-16352,282,9,-20,-2
24,271,1948007,1065,-16380,230,7,-25,-5
24,272,1948012,987,-16386,233,6,-26,-5
24,273,1948017,961,-16384,186,6,-29,-7
24,274,1948022,986,-16420,121,6,-24,-6
24,275,1948027,1017,-16517,112,8,-15,-8
24,276,1948032,1059,-16500,230,6,-3,-7
24,277,1948037,1061,-16496,215,6,3,-11
24,278,1948042,1062,-16515,236,6,6,-11
24,279,1948047,1046,-16541,197,7,3,-8
24,280,1948052,1114,-16533,150,7,4,-13
24,281,1948057,1118,-16460,181,13,5,-12
24,282,1948062,1118,-16447,291,14,2,-10
24,283,1948067,1047,-16464,339,15,-8,-9
24,284,1948072,976,-16444,316,13,-20,-10
24,285,1948077,991,-16506,208,16,-30,-8
24,286,1948082,1039,-16523,217,17,-28,-10
24,287,1948087,990,-16520,254,15,-27,-10
24,288,1948092,1021,-16492,194,19,-33,-10
24,289,1948097,1067,-16488,140,19,-32,-12
24,290,1948102,1102,-16458,109,19,-23,-13
24,291,1948107,1101,-16472,315,19,-2,-17
24,292,1948112,1072,-16449,331,18,0,-16
24,293,1948117,1021,-16450,253,18,1,-16
24,294,1948122,1004,-16416,303,18,3,-15
24,295,1948127,1002,-16417,359,13,10,-15
24,296,1948132,1003,-16382,348,14,10,-16
24,297,1948137,1036,-16371,323,18,7,-16
24,298,1948142,1093,-16388,212,18,7,-16
24,299,1948147,1101,-16375,222,15,10,-17
24,300,1948152,1085,-16434,268,14,9,-17
24,301,1948157,1061,-16465,283,17,9,-15
24,302,1948162,1008,-16532,337,19,10,-15
24,303,1948167,1098,-16545,333,18,14,-19
24,304,1948172,1037,-16512,312,17,17,-19
24,305,1948177,1021,-16484,248,14,22,-18
24,306,1948182,1126,-16460,201,15,31,-18
24,307,1948187,1187,-16432,203,15,40,-17
24,308,1948192,1155,-16442,265,15,43,-19
24,309,1948197,1057,-16436,350,13,43,-18
24,310,1948202,1030,-16411,300,15,39,-16
24,311,1948207,979,-16414,341,17,34,-17
24,312,1948212,994,-16455,418,17,33,-18
24,313,1948217,948,-16505,385,14,28,-17
24,314,1948222,993,-16527,323,14,25,-16
24,315,1948227,1041,-16489,195,18,27,-17
24,316,1948232,1084,-16433,177,15,33,-18
24,317,1948237,1066,-16401,163,14,40,-17
24,318,1948242,999,-16431,236,16,46,-18
24,319,1948247,1006,-16467,238,16,49,-17
24,320,1948252,989,-16485,267,15,53,-16
24,321,1948257,1007,-16494,294,15,56,-17
24,322,1948262,990,-16483,300,15,55,-15
24,323,1948267,1032,-16432,319,14,54,-15
24,324,1948272,1053,-16445,265,13,51,-16
24,325,1948277,993,-16430,269,13,49,-18
24,326,1948282,1006,-16442,249,14,47,-17
24,327,1948287,939,-16398,242,14,45,-16
24,328,1948292,927,-16405,259,13,43,-13
24,329,1948297,945,-16370,269,11,44,-16
24,330,1948302,851,-16423,346,12,41,-17
24,331,1948307,854,-16471,282,13,36,-16
24,332,1948312,985,-16432,193,15,36,-15
24,333,1948317,1054,-16443,227,13,35,-16
24,334,1948322,1014,-16482,252,12,35,-13
24,335,1948327,1083,-16541,217,12,33,-15
24,336,1948332,1115,-16534,143,13,33,-13
24,337,1948337,1094,-16541,169,13,43,-13
24,338,1948342,1042,-16484,257,13,47,-15
24,339,1948347,1032,-16498,327,12,43,-14
24,340,1948352,1099,-16476,119,13,45,-10
24,341,1948357,1160,-16491,117,15,58,-14
24,342,1948362,1018,-16462,186,12,68,-13
24,343,1948367,961,-16450,250,10,68,-13
24,344,1948372,1004,-16387,302,6,68,-13
24,345,1948377,1048,-16405,316,8,73,-10
24,346,1948382,1030,-16424,322,10,77,-12
24,347,1948387,991,-16471,386,10,74,-13
24,348,1948392,946,-16474,375,10,60,-13
24,349,1948397,1010,-16463,307,8,50,-12
24,350,1948402,1088,-16430,340,10,52,-10
24,351,1948407,1098,-16453,373,6,56,-13
24,352,1948412,1071,-16467,347,10,52,-11
24,353,1948417,1016,-16450,315,11,42,-11
24,354,1948422,1032,-16401,346,9,33,-12
24,355,1948427,990,-16378,360,7,35,-13
24,356,1948432,1062,-16397,376,11,37,-13
24,357,1948437,1114,-16367,415,9,40,-12
24,358,1948442,1132,-16390,380,8,37,-11
24,359,1948447,1137,-16397,363,6,32,-11
24,360,1948452,1170,-16433,338,4,34,-13
24,361,1948457,1160,-16406,336,6,34,-14
24,362,1948462,1119,-16444,364,6,37,-12
24,363,1948467,1156,-16471,291,5,40,-12
24,364,1948472,1168,-16468,232,6,43,-12
24,365,1948477,1206,-16463,395,2,53,-12
24,366,1948482,1137,-16482,550,1,49,-12
24,367,1948487,1063,-16495,564,0,36,-13
24,368,1948492,1034,-16493,511,4,25,-12
24,369,1948497,1083,-16437,454,5,20,-12
24,370,1948502,1053,-16379,475,1,15,-13
24,371,1948507,1075,-16279,444,-2,5,-15
24,372,1948512,1029,-16306,335,1,-7,-16
24,373,1948517,1036,-16374,222,-2,-13,-16
24,374,1948522,1067,-16440,263,-1,-12,-16
24,375,1948527,1100,-16492,346,-2,-12,-19
24,376,1948532,1146,-16568,349,-4,-13,-19
24,377,1948537,1205,-16605,244,-1,-7,-18
24,378,1948542,1283,-16629,175,-1,5,-19
24,379,1948547,1325,-16635,138,-4,15,-20
24,380,1948552,1313,-16558,220,-7,17,-21
24,381,1948557,1231,-16474,272,-6,16,-24
24,382,1948562,1140,-16447,252,-4,10,-24
24,383,1948567,1121,-16455,237,-4,9,-21
24,384,1948572,1081,-16485,295,-6,8,-23
24,385,1948577,1044,-16427,386,-5,-5,-23
24,386,1948582,1013,-16407,395,-7,-20,-23
24,387,1948587,1047,-16402,319,-7,-31,-23
24,388,1948592,1158,-16406,279,-7,-35,-25
24,389,1948597,1176,-16453,383,-8,-39,-26
24,390,1948602,1100,-16418,385,-8,-47,-25
24,391,1948607,1112,-16413,316,-6,-58,-26
24,392,1948612,1137,-16329,213,-5,-59,-26
24,393,1948617,1197,-16351,140,-8,-51,-28
24,394,1948622,1171,-16436,239,-10,-43,-31
24,395,1948627,1243,-16477,314,-13,-42,-30
24,396,1948632,1293,-16533,282,-12,-38,-30
24,397,1948637,1291,-16528,295,-14,-31,-29
24,398,1948642,1235,-16541,336,-16,-20,-29
24,399,1948647,1218,-16559,251,-16,-17,-29
24,400,1948652,1229,-16531,215,-18,-17,-27
24,401,1948657,1230,-16486,229,-20,-13,-29
24,402,1948662,1215,-16447,305,-19,-10,-31
24,403,1948667,1174,-16412,300,-18,-11,-30
24,404,1948672,1154,-16407,268,-20,-12,-32
24,405,1948677,1164,-16415,215,-17,-13,-31
24,406,1948682,1205,-16391,290,-18,-14,-33
24,407,1948687,1180,-16420,431,-20,-19,-33
24,408,1948692,1051,-16454,444,-18,-32,-33
24,409,1948697,1073,-16430,390,-19,-45,-33
24,410,1948702,1034,-16378,322,-20,-51,-32
24,411,1948707,1102,-16316,293,-20,-52,-30
24,412,1948712,1104,-16337,365,-21,-55,-32
24,413,1948717,1082,-16363,310,-20,-63,-34
24,414,1948722,1112,-16392,260,-20,-63,-34
24,415,1948727,1225,-16428,219,-20,-56,-39
24,416,1948732,1248,-16485,253,-17,-50,-37
24,417,1948737,1263,-16510,385,-20,-46,-39
24,418,1948742,1214,-16548,399,-20,-49,-40
24,419,1948747,1208,-16489,407,-19,-53,-37
24,420,1948752,1225,-16442,274,-19,-52,-35
24,421,1948757,1286,-16433,276,-18,-43,-41
24,422,1948762,1347,-16439,342,-17,-35,-39
24,423,1948767,1289,-16441,358,-19,-38,-37
24,424,1948772,1331,-16405,367,-22,-39,-39
24,425,1948777,1313,-16465,311,-19,-38,-38
24,426,1948782,1376,-16546,247,-16,-31,-38
24,427,1948787,1355,-16553,314,-17,-21,-38
24,428,1948792,1351,-16513,380,-18,-23,-38
24,429,1948797,1363,-16529,380,-20,-25,-38
24,430,1948802,1310,-16509,335,-19,-24,-39
24,431,1948807,1335,-16448,228,-15,-21,-38
24,432,1948812,1279,-16425,225,-16,-18,-41
24,433,1948817,1255,-16411,376,-18,-23,-35
24,434,1948822,1283,-16405,386,-19,-31,-33
24,435,1948827,1241,-16387,451,-14,-34,-32
24,436,1948832,1054,-16412,929,-12,-51,-34
24,437,1948837,621,-16365,1140,-11,-117,-29
24,438,1948842,720,-16352,736,-6,-214,-13
24,439,1948847,1160,-16372,-100,-4,-285,0
24,440,1948852,1074,-16400,-317,-4,-258,1
24,441,1948857,961,-16485,-467,-4,-204,1
24,442,1948862,993,-16546,-703,-7,-133,-2
24,443,1948867,1066,-16517,-578,-10,-36,-3
24,444,1948872,1047,-16524,-160,-18,53,-6
24,445,1948877,993,-16479,226,-20,102,-10
24,446,1948882,1096,-16453,233,-19,118,-12
24,447,1948887,1261,-16389,246,-20,123,-10
24,448,1948892,1351,-16355,371,-18,119,-9
24,449,1948897,1316,-16405,569,-17,99,-7
24,450,1948902,1334,-16454,671,-15,63,-4
24,451,1948907,1335,-16563,547,-11,32,1
24,452,1948912,1487,-16609,385,-10,13,1
24,453,1948917,1409,-16596,468,-10,4,5
24,454,1948922,1264,-16625,410,-9,-14,8
24,455,1948927,1312,-16635,201,-5,-25,7
24,456,1948932,1282,-16468,144,-5,-25,8
24,457,1948937,1213,-16368,127,-5,-21,10
24,458,1948942,1056,-16413,279,-3,-16,8
24,459,1948947,1035,-16397,187,-3,-18,10
24,460,1948952,955,-16311,164,-1,-24,10
24,461,1948957,1044,-16327,115,-1,-30,9
24,462,1948962,1082,-16277,290,-2,-36,10
24,463,1948967,1107,-16397,340,2,-52,12
24,464,1948972,1169,-16575,161,6,-68,16
24,465,1948977,1315,-16639,172,6,-72,17
24,466,1948982,1291,-16613,179,6,-74,15
24,467,1948987,1272,-16597,291,6,-80,16
24,468,1948992,1277,-16560,283,7,-91,18
24,469,1948997,1246,-16528,229,9,-97,20
24,470,1949002,1215,-16437,153,12,-92,22
24,471,1949007,1150,-16433,171,9,-86,21
24,472,1949012,1112,-16406,175,7,-85,22
24,473,1949017,1160,-16413,204,10,-83,23
24,474,1949022,1234,-16478,107,10,-74,26
24,475,1949027,1229,-16514,119,9,-58,27
24,476,1949032,1283,-16513,296,8,-48,29
24,477,1949037,1307,-16521,377,6,-48,31
24,478,1949042,1326,-16549,467,2,-48,32
24,479,1949047,1317,-16535,480,3,-50,33
24,480,1949052,1310,-16533,400,5,-52,37
24,481,1949057,1239,-16583,261,4,-55,41
24,482,1949062,1261,-16638,231,5,-67,46
24,483,1949067,1407,-16616,17,5,-71,47
24,484,1949072,1220,-16544,219,2,-66,49
24,485,1949077,1255,-16471,666,-2,-73,52
24,486,1949082,1188,-16469,626,-5,-87,54
24,487,1949087,1398,-16811,276,3,-88,64
24,488,1949092,1411,-16934,101,7,-80,67
24,489,1949097,1338,-17024,361,0,-89,70
24,490,1949102,1383,-17061,639,-5,-121,78
24,491,1949107,1506,-17011,788,-4,-152,87
24,492,1949112,1557,-16977,746,1,-173,95
24,493,1949117,1023,-16739,929,0,-183,95
24,494,1949122,750,-16568,808,-4,-233,99
24,495,1949127,659,-16409,293,-5,-286,109
24,496,1949132,1093,-16334,0,-6,-303,121
24,497,1949137,1004,-16110,405,-7,-300,127
24,498,1949142,707,-15977,734,-8,-331,123
24,499,1949147,185,-15994,556,-6,-382,127
24,500,1949152,172,-16165,-376,-1,-421,139
24,501,1949157,330,-16225,-675,-7,-398,140
24,502,1949162,394,-16151,-212,-14,-363,142
24,503,1949167,579,-16071,-109,-17,-354,144
24,504,1949172,560,-16187,-167,-16,-350,147
24,505,1949177,624,-16339,-402,-17,-336,153
24,506,1949182,600,-16444,-241,-26,-299,159
24,507,1949187,408,-16508,74,-27,-277,161
24,508,1949192,540,-16603,183,-32,-271,169
24,509,1949197,622,-16608,-7,-34,-271,175
24,510,1949202,571,-16695,-177,-35,-262,180
24,511,1949207,713,-16699,-206,-39,-253,189
24,512,1949212,949,-16457,280,-52,-255,210
24,513,1949217,555,-16410,437,-54,-294,215
24,514,1949222,307,-16409,345,-52,-335,227
24,515,1949227,360,-16415,16,-52,-352,239
24,516,1949232,331,-16345,-171,-57,-348,245
24,517,1949237,165,-16227,-43,-65,-338,248
24,518,1949242,23,-16113,-192,-70,-344,256
24,519,1949247,74,-16050,-613,-70,-342,265
24,520,1949252,116,-16094,-644,-73,-315,271
24,521,1949257,116,-16187,-765,-80,-276,277
24,522,1949262,255,-16248,-469,-86,-231,281
24,523,1949267,216,-16247,-357,-91,-198,288
24,524,1949272,148,-16444,-496,-99,-168,292
24,525,1949277,-34,-16499,-320,-106,-134,295
24,526,1949282,-35,-16488,-381,-111,-116,305
24,527,1949287,288,-16474,-212,-119,-97,314
24,528,1949292,425,-16404,-34,-128,-83,321
24,529,1949297,465,-16472,27,-132,-83,328
24,530,1949302,183,-16500,90,-135,-88,338
24,531,1949307,46,-16497,-65,-137,-109,348
24,532,1949312,104,-16481,-88,-143,-121,357
24,533,1949317,275,-16533,-126,-149,-125,366
24,534,1949322,182,-16539,44,-155,-129,374
24,535,1949327,-131,-16510,61,-156,-153,383
24,536,1949332,-354,-16350,-235,-159,-179,388
24,537,1949337,-413,-16300,-483,-161,-193,392
24,538,1949342,-334,-16386,-660,-169,-185,401
24,539,1949347,-188,-16465,-746,-176,-156,408
24,540,1949352,-35,-16536,-501,-181,-126,414
24,541,1949357,-280,-16451,-450,-188,-100,413
24,542,1949362,-335,-16586,-773,-188,-81,415
24,543,1949367,-475,-16528,-829,-191,-55,421
24,544,1949372,-362,-16393,-747,-203,-20,428
24,545,1949377,-262,-16302,-583,-210,3,430
24,546,1949382,-266,-16308,-438,-211,17,433
24,547,1949387,-417,-16385,-558,-211,13,436
24,548,1949392,-353,-16491,-592,-215,1,444
24,549,1949397,-392,-16513,-494,-222,-5,451
24,550,1949402,-289,-16549,-4,-218,-19,456
24,551,1949407,-473,-16543,-118,-218,-69,459
24,552,1949412,-629,-16499,151,-219,-116,463
24,553,1949417,-706,-16430,-207,-219,-173,470
24,554,1949422,-661,-16492,-382,-216,-203,474
24,555,1949427,-709,-16355,-611,-216,-212,475
24,556,1949432,-885,-16277,-855,-216,-220,475
24,557,1949437,-955,-16195,-812,-219,-222,474
24,558,1949442,-1005,-16180,-1183,-215,-219,476
24,559,1949447,-845,-16333,-1294,-213,-180,472
24,560,1949452,-886,-16372,-1215,-215,-133,470
24,561,1949457,-901,-16511,-1096,-215,-91,466
24,562,1949462,-1016,-16548,-1048,-219,-64,461
24,563,1949467,-912,-16578,-1022,-219,-45,456
24,564,1949472,-837,-16540,-872,-221,-19,454
24,565,1949477,-718,-16542,-660,-220,2,453
24,566,1949482,-699,-16562,-523,-218,2,447
24,567,1949487,-773,-16501,-417,-215,-15,447
24,568,1949492,-814,-16505,-495,-213,-42,446
24,569,1949497,-867,-16519,-562,-208,-69,444
24,570,1949502,-804,-16556,-561,-203,-99,442
24,571,1949507,-909,-16586,-337,-198,-125,438
24,572,1949512,-832,-16670,-175,-195,-160,433
24,573,1949517,-1005,-16684,-234,-194,-199,431
24,574,1949522,-891,-16724,-437,-184,-228,430
24,575,1949527,-1037,-16590,-890,-176,-239,423
24,576,1949532,-1188,-16501,-807,-172,-241,413
24,577,1949537,-1124,-16378,-742,-176,-245,406
24,578,1949542,-1138,-16364,-848,-171,-233,400
24,579,1949547,-959,-16359,-1153,-162,-205,390
24,580,1949552,-1193,-16239,-1162,-160,-153,378
24,581,1949557,-1395,-16149,-1095,-159,-115,367
24,582,1949562,-1556,-16087,-1024,-159,-92,356
24,583,1949567,-1235,-16206,-1136,-154,-64,343
24,584,1949572,-1250,-16269,-1231,-151,-14,330
24,585,1949577,-1268,-16515,-580,-144,28,316
24,586,1949582,4627,-17268,2387,-142,-105,239
24,587,1949587,7834,-17067,4032,-122,-330,114
24,588,1949592,4682,-16068,2623,-97,-690,-25
24,589,1949597,-1180,-15805,-1851,-63,-975,-90
24,590,1949602,-4023,-16038,-7662,-44,-895,-73
24,591,1949607,-2265,-16321,-9257,-70,-306,-58
24,592,1949612,25,-16414,-4105,-134,465,-104
24,593,1949617,-881,-16329,4388,-176,863,-179
24,594,1949622,-3135,-16413,5192,-151,645,-218
24,595,1949627,-3353,-16321,-720,-86,275,-211
24,596,1949632,-1632,-15787,-4346,-72,179,-194
24,597,1949637,-131,-15251,-1862,-105,296,-199
24,598,1949642,29,-15123,2456,-125,308,-225
24,599,1949647,-713,-15461,2777,-93,95,-248
24,600,1949652,-1266,-16372,-552,-34,-111,-250
24,601,1949675,367,-17114,989,-50,-206,-284
24,602,1949676,83,-17131,-970,-22,-253,-301
24,603,1949676,83,-17131,-970,-22,-253,-301
24,604,1949678,83,-17131,-970,-22,-253,-301
24,605,1949679,83,-17131,-970,-22,-253,-301
24,606,1949682,-804,-17188,-2021,0,-205,-309
24,607,1949687,-1333,-16930,-1691,-6,-121,-313
24,608,1949692,-828,-16455,-874,-20,-48,-323
24,609,1949697,-219,-16056,-722,-25,14,-347
24,610,1949702,-343,-15863,-850,-12,63,-375
24,611,1949707,-842,-15692,-647,5,62,-392
24,612,1949712,-1046,-15796,-707,18,16,-397
24,613,1949717,-572,-16056,-836,22,-11,-402
24,614,1949722,-239,-16226,-573,23,1,-415
24,615,1949727,-487,-16389,68,30,2,-432
24,616,1949732,-768,-16473,262,47,-65,-442
24,617,1949737,-637,-16607,-413,62,-162,-449
24,618,1949742,-202,-16720,-953,71,-207,-460
24,619,1949747,-262,-16835,-1083,77,-188,-474
24,620,1949752,-532,-17014,-940,90,-151,-489
24,621,1949757,-619,-16962,-1006,96,-131,-503
24,622,1949762,-133,-16880,-1170,102,-105,-513
24,623,1949767,-168,-16776,-1091,106,-53,-531
24,624,1949772,-101,-16673,-961,111,9,-550
24,625,1949777,-298,-16495,-897,117,61,-565
24,626,1949782,9,-16403,-1164,127,100,-582
24,627,1949787,200,-16202,-901,133,144,-595
24,628,1949792,332,-16176,-466,136,176,-608
24,629,1949797,423,-16162,-118,147,190,-621
24,630,1949802,322,-16079,90,153,183,-636
24,631,1949807,376,-16070,51,165,146,-648
24,632,1949812,326,-16185,-30,178,106,-657
24,633,1949817,757,-16255,-42,190,59,-664
24,634,1949822,825,-16193,423,198,19,-670
24,635,1949827,648,-16396,310,207,-33,-682
24,636,1949832,409,-16690,35,226,-87,-692
24,637,1949837,371,-16780,-351,236,-134,-701
24,638,1949842,561,-16814,-663,241,-155,-710
24,639,1949847,791,-16779,-384,246,-150,-726
24,640,1949852,806,-16638,-306,253,-146,-740
24,641,1949857,652,-16596,-396,266,-143,-757
24,642,1949862,716,-16492,-618,274,-132,-774
24,643,1949867,713,-16445,-1046,282,-99,-788
24,644,1949872,886,-16564,-923,289,-53,-803
24,645,1949877,1038,-16643,-632,296,-2,-819
24,646,1949882,1063,-16856,-402,298,32,-832
24,647,1949887,938,-17040,-345,310,51,-845
24,648,1949892,1315,-16924,-126,321,64,-858
24,649,1949897,1702,-16790,-1,321,75,-868
24,650,1949902,1953,-16636,495,324,82,-883
24,651,1949907,1829,-16617,809,334,50,-891
24,652,1949912,1664,-16662,421,350,0,-893
24,653,1949917,1731,-16662,366,355,-42,-902
24,654,1949922,1892,-16681,472,360,-84,-910
24,655,1949927,2076,-16686,558,361,-114,-916
24,656,1949932,1286,-16275,127,372,-134,-923
24,657,1949937,2383,-16613,-11984,406,26,-935
24,658,1949942,11904,-18880,-29371,370,1805,-1041
24,659,1949947,-28420,-23435,19144,128,4756,-896
24,660,1949952,4462,-13880,-17162,-281,1127,1109
24,661,1949957,32767,-4423,30079,-628,1499,775
24,662,1949962,15143,-5831,32767,-423,423,237
24,663,1949967,-32768,-10941,20201,109,-2989,32
24,664,1949972,-27258,-18784,-30712,636,-6478,645
24,665,1949977,17037,-20781,-32768,383,-5174,955
24,666,1949982,32440,-18689,1050,-146,-801,613
24,667,1949987,1959,-18103,32480,-210,1387,114
24,668,1949992,-20485,-18124,7590,10,-646,163
24,669,1949997,-4278,-17215,-26845,228,-2049,489
24,670,1950002,16027,-17307,-18432,163,-852,597
24,671,1950007,12982,-14685,3675,-123,747,301
24,672,1950012,-7320,-15748,18599,-159,1523,90
24,673,1950017,-7735,-17279,588,14,617,183
24,674,1950022,4407,-17181,-11340,169,95,362
24,675,1950027,8539,-16685,633,72,239,330
24,676,1950032,3022,-15625,8644,-50,181,203
24,677,1950037,-3443,-16590,7471,-23,-2,161
24,678,1950042,-1513,-16855,-2500,131,-334,233
24,679,1950047,4041,-16993,-8313,184,-362,280
24,680,1950052,4037,-16362,58,90,-53,220
24,681,1950057,653,-15976,5053,40,-82,149
24,682,1950062,-882,-16250,2722,94,-278,130
24,683,1950067,1412,-16631,-4390,177,-292,148
24,684,1950072,2883,-16801,-5622,171,97,135
24,685,1950077,1475,-16555,1284,113,408,93
24,686,1950082,386,-16346,4604,85,211,69
24,687,1950087,1339,-16359,2018,116,-78,68
24,688,1950092,2520,-16391,-1859,161,-73,60
24,689,1950097,2059,-16048,-1703,167,147,40
24,690,1950102,439,-16118,1345,156,218,29
24,691,1950107,586,-16258,2425,142,29,25
24,692,1950112,2028,-16306,378,138,-134,15
24,693,1950117,2267,-16469,-743,156,-46,-7
24,694,1950122,941,-16664,78,175,111,-27
24,695,1950127,128,-16782,570,179,129,-32
24,696,1950132,1071,-16775,-461,170,60,-31
24,697,1950137,2064,-16661,-839,156,89,-46
24,698,1950142,1796,-16576,117,158,201,-75
24,699,1950147,961,-16423,894,171,267,-93
24,700,1950152,594,-16554,539,180,257,-93
24,701,1950157,1219,-16731,-390,182,215,-93
24,702,1950162,1613,-16569,19,171,228,-103
24,703,1950167,1284,-16381,1093,166,236,-119
24,704,1950172,743,-16337,1336,174,187,-131
24,705,1950177,855,-16381,470,188,132,-129
24,706,1950182,1121,-16334,-247,190,118,-134
24,707,1950187,1111,-16294,169,188,127,-145
24,708,1950192,790,-16254,562,181,103,-156
24,709,1950197,815,-16270,504,191,59,-162
24,710,1950202,1043,-16259,107,199,45,-163
24,711,1950207,1195,-16506,-116,201,65,-166
24,712,1950212,1110,-16564,257,199,98,-175
24,713,1950217,1008,-16589,466,199,93,-188
24,714,1950222,1044,-16610,215,198,74,-191
24,715,1950227,1117,-16658,-180,202,87,-194
24,716,1950232,1201,-16654,151,205,131,-199
24,717,1950237,1211,-16617,315,203,157,-201
24,718,1950242,1419,-16666,-8,203,172,-206
24,719,1950247,1432,-16596,-8,198,191,-212
24,720,1950252,1281,-16542,94,200,202,-217
24,721,1950257,1427,-16439,729,197,209,-214
24,722,1950262,1406,-16255,1019,189,208,-216
24,723,1950267,1691,-16429,804,191,204,-221
24,724,1950272,1516,-17852,-395,202,251,-226
24,725,1950277,-5005,-19485,-7414,191,381,-179
24,726,1950282,-10541,-19333,-13393,69,614,-14
24,727,1950287,-7392,-15367,-4117,-124,819,189
24,728,1950292,5545,-12682,4454,-209,800,279
24,729,1950297,10321,-13133,12000,-178,731,176
24,730,1950302,2501,-14158,9629,-10,165,64
24,731,1950307,-6746,-16037,431,113,-608,102
24,732,1950312,-5230,-17333,-7310,77,-954,215
24,733,1950317,3157,-17624,-6798,-38,-611,266
24,734,1950322,2279,-16673,9109,-119,113,94
24,735,1950327,-1562,-17060,2314,-16,-302,101
24,736,1950332,-583,-17699,-6936,26,-398,159
24,737,1950337,2855,-17884,-8708,-22,24,184
24,738,1950342,3717,-17036,-503,-119,558,139
24,739,1950347,1389,-16188,6449,-149,634,94
24,740,1950352,75,-16284,3485,-88,319,99
24,741,1950357,749,-16833,-3052,-24,221,132
24,742,1950362,1369,-17039,-4097,-28,465,140
24,743,1950367,856,-16608,733,-85,665,122
24,744,1950372,577,-16092,4226,-122,542,110
24,745,1950377,1138,-16048,2837,-98,262,118
24,746,1950382,1629,-16234,-93,-61,160,130
24,747,1950387,1061,-16492,-479,-40,241,132
24,748,1950392,247,-16563,784,-53,259,129
24,749,1950397,258,-16357,1341,-81,148,127
24,750,1950402,897,-16156,826,-96,33,128
24,751,1950407,1088,-16051,342,-87,35,128
24,752,1950412,750,-16091,832,-64,94,123
24,753,1950417,229,-16179,756,-58,88,126
24,754,1950422,470,-16382,-248,-61,32,127
24,755,1950427,960,-16342,-432,-79,27,121
24,756,1950432,868,-16221,314,-93,75,118
24,757,1950437,708,-16331,984,-83,108,114
24,758,1950442,483,-16544,468,-64,106,117
24,759,1950447,734,-16625,-310,-64,100,116
24,760,1950452,812,-16574,-267,-77,114,114
24,761,1950457,684,-16601,289,-89,118,108
24,762,1950462,756,-16565,790,-85,112,109
24,763,1950467,906,-16563,235,-74,108,111
24,764,1950472,989,-16664,147,-70,128,109
24,765,1950477,791,-16686,104,-74,132,110
24,766,1950482,681,-16708,357,-80,118,110
24,767,1950487,699,-16693,350,-77,94,112
24,768,1950492,933,-16562,270,-78,99,108
24,769,1950497,794,-16420,557,-77,123,108
24,770,1950502,833,-16446,430,-71,118,110
24,771,1950507,599,-16456,371,-74,103,109
24,772,1950512,519,-16490,429,-74,80,106
24,773,1950517,434,-16337,478,-72,58,108
24,774,1950522,551,-16302,656,-71,45,109
24,775,1950527,464,-16231,568,-71,34,107
24,776,1950532,462,-16261,307,-65,19,105
24,777,1950537,406,-16228,126,-65,9,106
24,778,1950542,436,-16257,130,-69,3,108
24,779,1950547,455,-16329,136,-68,2,106
24,780,1950552,509,-16550,111,-65,14,106
24,781,1950557,642,-16658,-31,-64,35,105
24,782,1950562,684,-16700,62,-61,53,100
24,783,1950567,609,-16722,131,-64,61,97
24,784,1950572,503,-16621,198,-66,60,98
24,785,1950577,682,-16560,325,-66,59,101
24,786,1950582,644,-16526,328,-63,68,105
24,787,1950587,720,-16603,96,-58,76,102
24,788,1950592,553,-16550,350,-54,77,101
24,789,1950597,364,-16377,303,-57,59,102
24,790,1950602,370,-16407,259,-60,38,102
24,791,1950607,384,-16402,270,-52,37,104
24,792,1950612,388,-16384,-17,-50,47,101
24,793,1950617,288,-16347,262,-49,54,98
24,794,1950622,306,-16265,215,-52,38,99
24,795,1950627,361,-16329,144,-53,32,97
24,796,1950632,490,-16364,76,-49,44,93
24,797,1950637,450,-16444,134,-42,61,94
24,798,1950642,187,-16484,322,-43,60,94
24,799,1950647,191,-16533,211,-43,37,94
24,800,1950652,277,-16581,87,-41,22,92
24,801,1950657,490,-16605,11,-40,24,91
24,802,1950662,618,-16646,141,-39,43,92
24,803,1950667,627,-16679,340,-37,43,94
24,804,1950672,526,-16679,286,-32,25,96
24,805,1950677,399,-16612,123,-31,7,92
24,806,1950682,452,-16427,192,-30,4,89
24,807,1950687,338,-16405,387,-27,-8,91
24,808,1950692,218,-16353,322,-23,-22,89
24,809,1950697,172,-16306,187,-21,-42,91
24,810,1950702,110,-16301,60,-18,-50,89
24,811,1950707,97,-16361,150,-18,-49,86
24,812,1950712,207,-16339,83,-17,-46,84
24,813,1950717,229,-16378,13,-14,-38,83
24,814,1950722,302,-16438,-100,-11,-25,78
24,815,1950727,315,-16487,-85,-10,-12,75
24,816,1950732,316,-16477,105,-12,-6,74
24,817,1950737,291,-16484,229,-11,2,72
24,818,1950742,279,-16466,237,-9,9,72
24,819,1950747,240,-16523,151,-4,17,71
24,820,1950752,243,-16514,47,-2,21,66
24,821,1950757,307,-16509,76,-4,23,64
24,822,1950762,503,-16530,104,-2,25,68
24,823,1950767,605,-16569,316,-2,25,65
24,824,1950772,447,-16637,437,-2,21,61
24,825,1950777,307,-16636,358,4,7,60
24,826,1950782,249,-16609,252,5,-6,60
24,827,1950787,178,-16569,143,7,-10,59
24,828,1950792,263,-16505,126,8,-10,57
24,829,1950797,261,-16405,172,7,-4,53
24,830,1950802,276,-16399,116,9,-3,56
24,831,1950807,287,-16395,95,14,-1,56
24,832,1950812,231,-16374,123,12,0,49
24,833,1950817,105,-16333,180,15,-6,46
24,834,1950822,3,-16386,82,17,-16,47
24,835,1950827,169,-16363,3,17,-17,43
24,836,1950832,268,-16377,69,19,-11,39
24,837,1950837,271,-16357,192,19,-11,36
24,838,1950842,160,-16355,229,22,-17,35
24,839,1950847,73,-16390,116,24,-28,32
24,840,1950852,141,-16409,-8,24,-30,29
24,841,1950857,252,-16456,19,25,-18,31
24,842,1950862,276,-16536,115,27,-3,23
24,843,1950867,288,-16515,135,25,1,24
24,844,1950872,219,-16513,60,24,0,20
24,845,1950877,176,-16548,-97,27,11,15
24,846,1950882,248,-16601,-149,26,30,13
24,847,1950887,412,-16619,22,27,50,15
24,848,1950892,473,-16658,280,24,60,10
24,849,1950897,374,-16665,380,24,53,6
24,850,1950902,207,-16631,238,29,42,6
24,851,1950907,123,-16567,209,31,26,5
24,852,1950912,176,-16496,190,30,16,4
24,853,1950917,261,-16448,293,28,6,3
24,854,1950922,250,-16412,360,29,-10,5
24,855,1950927,188,-16438,248,32,-37,0
24,856,1950932,77,-16420,67,34,-50,-6
24,857,1950937,98,-16425,-90,33,-48,-5
24,858,1950942,162,-16437,-90,34,-36,-8
24,859,1950947,203,-16430,30,28,-18,-11
24,860,1950952,142,-16463,41,28,-10,-14
24,861,1950957,121,-16467,-89,28,0,-17
24,862,1950962,101,-16492,-223,30,19,-23
24,863,1950967,193,-16469,-178,31,38,-26
24,864,1950972,235,-16469,30,26,54,-27
24,865,1950977,187,-16452,226,25,58,-29
24,866,1950982,161,-16479,183,30,49,-31
24,867,1950987,146,-16492,98,30,36,-30
24,868,1950992,143,-16490,213,29,30,-33
24,869,1950997,123,-16461,248,26,21,-37
24,870,1951002,154,-16454,352,26,6,-38
24,871,1951007,231,-16487,242,25,-9,-40
24,872,1951012,230,-16575,121,27,-18,-42
24,873,1951017,213,-16569,54,30,-20,-44
24,874,1951022,288,-16562,130,28,-20,-44
24,875,1951027,255,-16603,202,25,-26,-44
24,876,1951032,199,-16618,137,26,-29,-48
24,877,1951037,201,-16539,34,28,-22,-51
24,878,1951042,166,-16525,-60,28,-14,-51
24,879,1951047,169,-16476,-120,26,-4,-53
24,880,1951052,271,-16448,-93,22,9,-56
24,881,1951057,360,-16458,82,21,35,-60
24,882,1951062,235,-16478,176,20,41,-62
24,883,1951067,188,-16484,236,20,38,-65
24,884,1951072,186,-16452,254,21,29,-64
24,885,1951077,128,-16389,337,19,20,-67
24,886,1951082,110,-16374,299,16,8,-68
24,887,1951087,211,-16418,160,17,1,-68
24,888,1951092,246,-16384,104,18,-4,-70
24,889,1951097,233,-16418,191,15,-10,-71
24,890,1951102,256,-16460,284,13,-20,-74
24,891,1951107,311,-16526,196,13,-20,-73
24,892,1951112,370,-16583,147,15,-13,-72
24,893,1951117,331,-16622,164,13,0,-75
24,894,1951122,349,-16616,158,9,3,-79
24,895,1951127,375,-16595,188,6,8,-80
24,896,1951132,457,-16566,165,6,14,-78
24,897,1951137,395,-16479,213,5,29,-80
24,898,1951142,329,-16481,219,3,36,-83
24,899,1951147,295,-16481,95,2,32,-82
24,900,1951152,336,-16458,49,2,29,-81
24,901,1951157,314,-16432,135,0,31,-83
24,902,1951162,277,-16422,179,0,24,-82
24,903,1951167,262,-16420,127,-4,25,-83
24,904,1951172,321,-16432,42,-4,29,-85
24,905,1951177,318,-16490,3,-5,33,-86
24,906,1951182,350,-16482,120,-4,35,-86
24,907,1951187,291,-16457,177,-6,31,-87
24,908,1951192,257,-16511,166,-5,23,-86
24,909,1951197,321,-16573,50,-6,20,-88
24,910,1951202,356,-16542,59,-6,27,-88
24,911,1951207,395,-16534,136,-8,35,-85
24,912,1951212,417,-16558,248,-8,30,-87
24,913,1951217,382,-16538,291,-11,20,-86
24,914,1951222,353,-16515,308,-12,18,-84
24,915,1951227,363,-16492,231,-12,16,-87
24,916,1951232,308,-16459,233,-14,14,-85
24,917,1951237,318,-16440,210,-13,10,-84
24,918,1951242,370,-16441,171,-17,6,-86
24,919,1951247,357,-16435,185,-18,9,-85
24,920,1951252,363,-16417,126,-17,14,-86
24,921,1951257,322,-16438,67,-20,21,-84
24,922,1951262,321,-16424,24,-19,24,-83
24,923,1951267,337,-16433,-32,-23,27,-85
24,924,1951272,391,-16420,-28,-22,29,-85
24,925,1951277,393,-16448,70,-23,33,-83
24,926,1951282,429,-16536,109,-20,33,-85
24,927,1951287,467,-16573,127,-22,33,-83
24,928,1951292,453,-16597,59,-22,31,-79
24,929,1951297,462,-16603,95,-24,33,-79
24,930,1951302,441,-16587,157,-23,32,-78
24,931,1951307,420,-16571,86,-21,26,-75
24,932,1951312,512,-16527,77,-24,27,-75
24,933,1951317,497,-16508,158,-23,30,-73
24,934,1951322,438,-16485,241,-24,29,-71
24,935,1951327,369,-16477,271,-26,19,-71
24,936,1951332,380,-16418,235,-26,10,-69
24,937,1951337,389,-16366,173,-25,0,-66
24,938,1951342,401,-16359,146,-25,-5,-68
24,939,1951347,367,-16402,189,-25,-5,-67
24,940,1951352,395,-16447,111,-25,-9,-60
24,941,1951357,512,-16484,116,-27,-8,-61
24,942,1951362,522,-16460,78,-26,-4,-62
24,943,1951367,528,-16459,119,-28,1,-61
24,944,1951372,500,-16470,119,-28,2,-61
24,945,1951377,454,-16424,75,-24,-1,-54
24,946,1951382,439,-16476,22,-28,1,-54
24,947,1951387,490,-16489,42,-29,2,-54
24,948,1951392,508,-16478,72,-28,6,-53
24,949,1951397,572,-16520,150,-28,5,-49
24,950,1951402,563,-16528,129,-28,5,-45
24,951,1951407,520,-16499,116,-27,1,-48
24,952,1951412,481,-16455,116,-27,-4,-45
24,953,1951417,509,-16452,118,-30,-8,-39
24,954,1951422,514,-16468,131,-28,-8,-38
24,955,1951427,437,-16450,135,-26,-9,-36
24,956,1951432,404,-16475,64,-26,-11,-34
24,957,1951437,420,-16466,61,-26,-12,-31
24,958,1951442,485,-16450,45,-25,-7,-30
24,959,1951447,510,-16497,80,-24,0,-30
24,960,1951452,520,-16451,104,-26,7,-26
24,961,1951457,524,-16419,139,-26,1,-25
24,962,1951462,467,-16423,155,-26,-10,-24
24,963,1951467,433,-16454,125,-24,-18,-21
24,964,1951472,494,-16447,14,-24,-22,-18
24,965,1951477,581,-16466,-26,-21,-22,-16
24,966,1951482,596,-16475,64,-22,-20,-18
24,967,1951487,599,-16499,60,-24,-24,-13
24,968,1951492,574,-16505,56,-21,-29,-11
24,969,1951497,570,-16486,64,-17,-27,-7
24,970,1951502,561,-16528,72,-19,-22,-7
24,971,1951507,558,-16502,78,-19,-22,-9
24,972,1951512,486,-16469,27,-18,-24,-6
24,973,1951517,474,-16430,-27,-18,-25,-2
24,974,1951522,456,-16420,-80,-17,-20,-4
24,975,1951527,567,-16451,42,-14,-12,-1
24,976,1951532,557,-16461,100,-15,-5,3
24,977,1951537,663,-16535,65,-16,1,2
24,978,1951542,568,-16548,157,-15,7,2
24,979,1951547,488,-16569,140,-14,3,7
24,980,1951552,486,-16551,149,-14,-1,7
24,981,1951557,542,-16481,200,-14,-7,10
24,982,1951562,512,-16408,207,-11,-12,10
24,983,1951567,518,-16414,99,-10,-16,12
24,984,1951572,493,-16413,-26,-8,-23,14
24,985,1951577,508,-16406,27,-6,-30,15
24,986,1951582,527,-16434,111,-7,-33,17
24,987,1951587,549,-16442,195,-8,-30,18
24,988,1951592,552,-16454,175,-7,-27,18
24,989,1951597,496,-16476,91,-5,-29,21
24,990,1951602,540,-16422,2,-7,-31,21
24,991,1951607,558,-16451,10,-5,-29,22
24,992,1951612,580,-16468,26,-2,-25,26
24,993,1951617,573,-16501,-24,-4,-21,27
24,994,1951622,542,-16512,-7,-1,-18,28
24,995,1951627,538,-16496,-70,6,-12,27
24,996,1951632,567,-16502,-91,1,-2,28
24,997,1951637,567,-16518,-34,2,7,28
24,998,1951642,609,-16489,85,4,16,29
24,999,1951647,628,-16500,176,5,22,32
25,0,1956897,668,-16518,258,14,-53,-10
25,1,1956902,691,-16570,192,15,-63,-11
25,2,1956907,665,-16493,288,13,-70,-12
25,3,1956912,784,-16487,410,8,-75,-12
25,4,1956917,855,-16462,434,10,-78,-9
25,5,1956922,783,-16503,337,10,-83,-9
25,6,1956927,630,-16502,118,11,-89,-11
25,7,1956932,535,-16508,84,12,-95,-11
25,8,1956937,574,-16440,154,9,-96,-9
25,9,1956942,672,-16357,352,5,-85,-11
25,10,1956947,711,-16455,227,7,-77,-14
25,11,1956952,557,-16540,61,12,-68,-16
25,12,1956957,528,-16437,-130,6,-53,-17
25,13,1956962,601,-16409,89,2,-38,-20
25,14,1956967,737,-16413,107,1,-21,-22
25,15,1956972,666,-16458,103,6,0,-23
25,16,1956977,585,-16522,-43,5,14,-26
25,17,1956982,587,-16510,15,4,22,-27
25,18,1956987,715,-16509,75,2,23,-25
25,19,1956992,767,-16487,286,-3,28,-27
25,20,1956997,779,-16511,468,1,28,-28
25,21,1957002,653,-16505,398,3,18,-32
25,22,1957007,603,-16511,264,2,-2,-26
25,23,1957012,716,-16372,196,4,-18,-23
25,24,1957017,786,-16300,315,2,-23,-27
25,25,1957022,698,-16359,363,3,-27,-28
25,26,1957027,600,-16401,335,4,-32,-27
25,27,1957032,524,-16433,172,-1,-40,-29
25,28,1957037,567,-16446,28,-1,-36,-27
25,29,1957042,705,-16420,75,-3,-16,-28
25,30,1957047,712,-16423,189,-5,5,-28
25,31,1957052,692,-16455,133,-1,13,-30
25,32,1957057,629,-16501,75,-2,23,-36
25,33,1957062,698,-16568,-35,-4,35,-36
25,34,1957067,806,-16595,-6,-7,49,-31
25,35,1957072,860,-16606,149,-6,61,-30
25,36,1957077,877,-16627,194,-6,68,-34
25,37,1957082,800,-16635,201,-5,69,-33
25,38,1957087,774,-16606,144,-5,65,-32
25,39,1957092,726,-16516,167,-7,64,-34
25,40,1957097,718,-16496,159,-5,64,-32
25,41,1957102,791,-16425,211,-6,63,-33
25,42,1957107,741,-16409,326,-6,60,-35
25,43,1957112,622,-16417,333,-6,49,-34
25,44,1957117,519,-16391,318,-9,35,-35
25,45,1957122,448,-16380,286,-9,24,-33
25,46,1957127,455,-16434,171,-7,24,-35
25,47,1957132,538,-16460,131,-6,32,-35
25,48,1957137,539,-16416,109,-9,38,-37
25,49,1957142,633,-16467,92,-10,42,-38
25,50,1957147,726,-16501,-26,-11,56,-40
25,51,1957152,790,-16529,-70,-11,73,-41
25,52,1957157,857,-16554,-21,-10,90,-41
25,53,1957162,847,-16597,57,-11,103,-40
25,54,1957167,816,-16597,100,-13,111,-42
25,55,1957172,845,-16555,88,-11,111,-42
25,56,1957177,895,-16535,103,-9,113,-37
25,57,1957182,933,-16478,180,-11,113,-39
25,58,1957187,921,-16417,291,-12,101,-38
25,59,1957192,796,-16414,437,-12,76,-37
25,60,1957197,675,-16418,463,-9,46,-34
25,61,1957202,614,-16468,346,-5,22,-31
25,62,1957207,623,-16449,250,-6,11,-34
25,63,1957212,631,-16394,218,-5,3,-34
25,64,1957217,668,-16391,228,-5,-9,-31
25,65,1957222,715,-16388,147,-7,-20,-31
25,66,1957227,772,-16417,58,-7,-16,-31
25,67,1957232,787,-16492,79,-5,-10,-31
25,68,1957237,754,-16477,138,-6,1,-31
25,69,1957242,733,-16522,159,-7,10,-32
25,70,1957247,804,-16503,141,-5,18,-34
25,71,1957252,824,-16486,127,-7,26,-32
25,72,1957257,862,-16449,191,-7,34,-29
25,73,1957262,822,-16450,339,-9,37,-30
25,74,1957267,774,-16445,326,-12,32,-31
25,75,1957272,731,-16465,300,-10,23,-29
25,76,1957277,755,-16461,219,-6,16,-26
25,77,1957282,777,-16453,208,-8,21,-26
25,78,1957287,868,-16461,207,-9,22,-24
25,79,1957292,826,-16466,190,-12,16,-23
25,80,1957297,816,-16467,235,-13,6,-21
25,81,1957302,744,-16484,232,-13,-1,-21
25,82,1957307,697,-16462,239,-12,-7,-23
25,83,1957312,791,-16422,175,-12,-13,-21
25,84,1957317,777,-16411,131,-11,-13,-20
25,85,1957322,730,-16475,168,-13,-18,-18
25,86,1957327,758,-16479,158,-12,-26,-17
25,87,1957332,804,-16521,116,-11,-21,-16
25,88,1957337,799,-16524,99,-12,-13,-17
25,89,1957342,791,-16548,85,-12,-7,-17
25,90,1957347,759,-16482,106,-14,-6,-14
25,91,1957352,779,-16457,88,-15,-5,-12
25,92,1957357,797,-16483,92,-12,0,-11
25,93,1957362,804,-16470,166,-12,5,-10
25,94,1957367,844,-16461,222,-14,9,-12
25,95,1957372,728,-16423,120,-15,2,-11
25,96,1957377,701,-16432,97,-12,-3,-10
25,97,1957382,678,-16427,62,-14,1,-8
25,98,1957387,739,-16403,70,-13,1,-6
25,99,1957392,767,-16443,68,-11,6,-5
25,100,1957397,774,-16442,86,-15,7,-5
25,101,1957402,762,-16390,91,-13,6,-5
25,102,1957407,738,-16396,64,-13,5,-1
25,103,1957412,756,-16479,59,-12,6,-2
25,104,1957417,823,-16484,81,-12,12,-3
25,105,1957422,856,-16492,107,-13,14,-1
25,106,1957427,795,-16492,103,-16,16,0
25,107,1957432,835,-16499,65,-14,17,0
25,108,1957437,893,-16512,99,-12,20,1
25,109,1957442,859,-16530,117,-13,28,0
25,110,1957447,823,-16534,158,-11,34,3
25,111,1957452,799,-16505,131,-8,33,4
25,112,1957457,811,-16456,135,-11,29,2
25,113,1957462,797,-16458,171,-11,31,4
25,114,1957467,804,-16464,206,-11,32,7
25,115,1957472,762,-16465,233,-10,27,7
25,116,1957477,720,-16447,237,-9,24,7
25,117,1957482,715,-16458,236,-8,21,10
25,118,1957487,702,-16441,220,-8,22,10
25,119,1957492,722,-16436,186,-8,26,8
25,120,1957497,736,-16415,151,-6,25,9
25,121,1957502,733,-16434,157,-5,26,8
25,122,1957507,735,-16413,104,-6,30,7
25,123,1957512,731,-16432,140,-8,31,8
25,124,1957517,765,-16447,105,-5,36,8
25,125,1957522,835,-16445,94,-2,40,8
25,126,1957527,855,-16493,59,1,45,8
25,127,1957532,927,-16561,71,1,47,10
25,128,1957537,898,-16502,108,2,45,11
25,129,1957542,828,-16538,169,3,39,11
25,130,1957547,811,-16578,118,6,33,10
25,131,1957552,799,-16529,112,7,25,13
25,132,1957557,796,-16488,191,11,19,12
25,133,1957562,745,-16423,211,10,14,12
25,134,1957567,712,-16402,253,14,5,14
25,135,1957572,711,-16430,205,16,0,12
25,136,1957577,728,-16458,159,17,-4,15
25,137,1957582,729,-16477,219,19,-4,15
25,138,1957587,741,-16535,258,19,1,13
25,139,1957592,721,-16479,315,16,-3,12
25,140,1957597,814,-16455,348,20,-8,15
25,141,1957602,816,-16414,330,23,-8,14
25,142,1957607,801,-16407,413,22,-13,12
25,143,1957612,787,-16379,415,23,-21,12
25,144,1957617,671,-16411,377,23,-35,15
25,145,1957622,690,-16391,303,24,-43,15
25,146,1957627,755,-16388,170,24,-43,14
25,147,1957632,778,-16406,172,25,-42,14
25,148,1957637,802,-16399,247,28,-41,11
25,149,1957642,836,-16443,207,30,-42,14
25,150,1957647,856,-16466,210,29,-40,14
25,151,1957652,867,-16498,237,29,-35,12
25,152,1957657,836,-16503,255,30,-27,12
25,153,1957662,819,-16503,269,28,-22,11
25,154,1957667,908,-16450,252,31,-20,13
25,155,1957672,918,-16465,234,32,-21,14
25,156,1957677,878,-16457,204,32,-16,12
25,157,1957682,859,-16490,187,31,-17,14
25,158,1957687,839,-16464,208,32,-22,14
25,159,1957692,765,-16520,267,35,-32,14
25,160,1957697,721,-16547,338,35,-39,12
25,161,1957702,725,-16486,335,39,-42,14
25,162,1957707,781,-16494,259,36,-50,15
25,163,1957712,764,-16457,212,35,-50,12
25,164,1957717,803,-16441,229,35,-52,12
25,165,1957722,808,-16452,164,34,-53,15
25,166,1957727,799,-16443,93,37,-54,14
25,167,1957732,775,-16471,121,36,-44,15
25,168,1957737,788,-16512,127,35,-30,13
25,169,1957742,791,-16502,112,36,-15,11
25,170,1957747,825,-16486,93,35,1,9
25,171,1957752,806,-16460,112,34,18,8
25,172,1957757,787,-16437,123,31,26,8
25,173,1957762,812,-16438,96,28,33,8
25,174,1957767,825,-16438,175,31,41,9
25,175,1957772,823,-16481,256,37,44,8
25,176,1957777,754,-16508,282,37,43,8
25,177,1957782,684,-16540,243,33,33,8
25,178,1957787,677,-16542,162,35,25,8
25,179,1957792,712,-16513,195,35,24,9
25,180,1957797,755,-16488,197,36,25,8
25,181,1957802,738,-16461,186,35,27,6
25,182,1957807,718,-16451,192,33,29,7
25,183,1957812,653,-16468,219,34,24,7
25,184,1957817,636,-16489,389,35,21,10
25,185,1957822,632,-16458,342,35,18,5
25,186,1957827,685,-16401,300,35,15,5
25,187,1957832,707,-16399,286,35,11,6
25,188,1957837,633,-16432,288,34,6,5
25,189,1957842,626,-16460,278,35,-2,3
25,190,1957847,641,-16423,303,35,-8,4
25,191,1957852,685,-16388,224,35,-5,4
25,192,1957857,795,-16408,180,36,7,4
25,193,1957862,803,-16466,218,35,17,4
25,194,1957867,775,-16473,326,33,20,1
25,195,1957872,761,-16461,362,34,17,1
25,196,1957877,733,-16460,344,34,19,1
25,197,1957882,717,-16461,306,32,27,1
25,198,1957887,749,-16453,356,31,38,-1
25,199,1957892,790,-16444,355,31,38,0
25,200,1957897,785,-16453,324,28,31,0
25,201,1957902,820,-16450,286,30,26,-1
25,202,1957907,845,-16525,329,29,28,-2
25,203,1957912,825,-16500,385,31,26,-1
25,204,1957917,800,-16519,395,30,23,1
25,205,1957922,703,-16534,338,27,15,2
25,206,1957927,672,-16498,352,32,4,0
25,207,1957932,649,-16458,312,30,-2,0
25,208,1957937,675,-16448,374,31,-6,0
25,209,1957942,702,-16411,385,31,-9,-2
25,210,1957947,698,-16398,370,29,-12,-3
25,211,1957952,696,-16425,367,30,-18,-2
25,212,1957957,662,-16437,327,31,-23,-2
25,213,1957962,691,-16494,300,30,-24,0
25,214,1957967,737,-16508,336,28,-18,0
25,215,1957972,791,-16531,291,27,-11,-6
25,216,1957977,808,-16521,280,26,-8,-7
25,217,1957982,827,-16530,275,25,-5,-3
25,218,1957987,833,-16494,258,26,-3,-6
25,219,1957992,875,-16481,294,26,3,-5
25,220,1957997,848,-16480,354,26,6,-4
25,221,1958002,777,-16505,397,24,-1,-3
25,222,1958007,728,-16486,478,25,-13,-3
25,223,1958012,672,-16432,423,26,-24,-4
25,224,1958017,663,-16433,397,25,-33,-2
25,225,1958022,664,-16470,444,23,-36,-3
25,226,1958027,663,-16469,389,22,-40,-2
25,227,1958032,678,-16477,346,24,-42,-4
25,228,1958037,702,-16437,351,21,-42,-3
25,229,1958042,695,-16420,314,23,-41,-3
25,230,1958047,656,-16395,253,21,-39,-6
25,231,1958052,685,-16400,271,17,-30,-5
25,232,1958057,721,-16431,244,17,-25,-6
25,233,1958062,761,-16466,296,17,-20,-8
25,234,1958067,779,-16488,338,15,-17,-8
25,235,1958072,761,-16521,340,14,-14,-7
25,236,1958077,796,-16575,345,16,-14,-7
25,237,1958082,710,-16553,336,14,-16,-8
25,238,1958087,718,-16494,313,15,-18,-5
25,239,1958092,728,-16447,334,12,-21,-7
25,240,1958097,770,-16451,384,11,-22,-5
25,241,1958102,769,-16506,427,11,-20,-3
25,242,1958107,737,-16542,381,10,-22,-2
25,243,1958112,693,-16512,349,9,-23,-4
25,244,1958117,658,-16492,388,9,-27,-5
25,245,1958122,657,-16453,319,5,-30,-6
25,246,1958127,706,-16408,348,4,-28,-1
25,247,1958132,736,-16375,274,6,-25,-3
25,248,1958137,693,-16382,254,6,-26,-7
25,249,1958142,651,-16369,309,4,-27,-6
25,250,1958147,625,-16398,227,2,-33,-4
25,251,1958152,630,-16445,274,4,-38,-2
25,252,1958157,624,-16490,301,5,-35,-2
25,253,1958162,664,-16506,302,1,-31,-6
25,254,1958167,664,-16535,227,2,-32,-6
25,255,1958172,723,-16518,279,1,-33,-4
25,256,1958177,775,-16504,362,0,-34,-2
25,257,1958182,769,-16488,401,-1,-31,-8
25,258,1958187,703,-16454,423,1,-31,-5
25,259,1958192,629,-16472,386,-4,-35,-5
25,260,1958197,658,-16501,358,-4,-37,-6
25,261,1958202,668,-16493,337,-2,-38,-4
25,262,1958207,731,-16451,431,-4,-34,-4
25,263,1958212,753,-16458,470,-6,-31,-5
25,264,1958217,734,-16480,380,-5,-30,-4
25,265,1958222,667,-16525,334,-6,-29,-3
25,266,1958227,688,-16456,289,-7,-28,-3
25,267,1958232,760,-16440,371,-10,-23,-4
25,268,1958237,791,-16430,465,-11,-20,-3
25,269,1958242,765,-16442,482,-11,-24,-1
25,270,1958247,660,-16492,404,-14,-32,-2
25,271,1958252,725,-16466,327,-14,-33,-1
25,272,1958257,767,-16414,306,-12,-28,-2
25,273,1958262,749,-16389,343,-15,-24,-2
25,274,1958267,717,-16402,379,-17,-24,-2
25,275,1958272,657,-16397,351,-15,-24,1
25,276,1958277,663,-16444,276,-16,-22,2
25,277,1958282,676,-16518,293,-18,-16,0
25,278,1958287,714,-16510,361,-18,-10,0
25,279,1958292,740,-16490,372,-19,-6,1
25,280,1958297,748,-16490,330,-19,-4,2
25,281,1958302,749,-16512,302,-18,0,3
25,282,1958307,776,-16503,327,-19,4,1
25,283,1958312,786,-16466,404,-21,3,2
25,284,1958317,699,-16491,453,-20,-1,2
25,285,1958322,613,-16467,403,-19,-7,1
25,286,1958327,601,-16491,326,-18,-9,5
25,287,1958332,658,-16499,315,-22,-9,6
25,288,1958337,712,-16480,405,-19,-8,4
25,289,1958342,695,-16437,447,-22,-10,3
25,290,1958347,661,-16430,453,-23,-14,1
25,291,1958352,611,-16416,342,-22,-17,1
25,292,1958357,657,-16395,284,-20,-10,2
25,293,1958362,672,-16397,230,-23,-2,3
25,294,1958367,713,-16383,306,-22,2,4
25,295,1958372,689,-16402,327,-25,4,1
25,296,1958377,668,-16438,193,-21,2,1
25,297,1958382,694,-16508,241,-21,2,2
25,298,1958387,726,-16530,309,-22,7,3
25,299,1958392,752,-16523,365,-21,11,5
25,300,1958397,739,-16526,351,-19,11,2
25,301,1958402,748,-16505,346,-21,9,3
25,302,1958407,692,-16489,262,-20,10,6
25,303,1958412,722,-16491,232,-21,11,6
25,304,1958417,684,-16418,351,-21,11,5
25,305,1958422,666,-16433,350,-23,7,5
25,306,1958427,656,-16433,395,-20,7,6
25,307,1958432,598,-16460,303,-18,11,6
25,308,1958437,677,-16439,283,-22,14,4
25,309,1958442,678,-16416,325,-19,17,2
25,310,1958447,696,-16424,378,-17,13,3
25,311,1958452,670,-16421,325,-18,8,4
25,312,1958457,638,-16448,338,-17,4,1
25,313,1958462,658,-16498,399,-16,-3,2
25,314,1958467,628,-16528,374,-15,-4,4
25,315,1958472,715,-16483,353,-18,-4,2
25,316,1958477,768,-16459,297,-17,-3,4
25,317,1958482,746,-16441,313,-15,-2,4
25,318,1958487,721,-16447,261,-12,-6,4
25,319,1958492,712,-16470,238,-12,-9,3
25,320,1958497,721,-16446,188,-16,-2,2
25,321,1958502,730,-16461,214,-13,2,4
25,322,1958507,711,-16516,288,-10,5,4
25,323,1958512,714,-16512,237,-10,8,3
25,324,1958517,683,-16536,279,-10,7,3
25,325,1958522,734,-16539,380,-11,8,3
25,326,1958527,700,-16535,423,-7,7,4
25,327,1958532,706,-16503,452,-7,7,0
25,328,1958537,702,-16440,364,-9,5,-2
25,329,1958542,682,-16405,354,-9,2,0
25,330,1958547,656,-16380,350,-8,2,-2
25,331,1958552,665,-16381,405,-6,-5,-1
25,332,1958557,644,-16373,410,-7,-11,1
25,333,1958562,641,-16424,385,-8,-8,0
25,334,1958567,657,-16451,380,-7,-7,-1
25,335,1958572,674,-16517,375,-7,-8,-3
25,336,1958577,717,-16509,358,-7,-8,-3
25,337,1958582,734,-16508,345,-10,-7,-6
25,338,1958587,800,-16471,327,-8,-4,-4
25,339,1958592,795,-16472,322,-7,-5,-4
25,340,1958597,777,-16431,319,-6,-7,-4
25,341,1958602,761,-16462,240,-7,-8,-2
25,342,1958607,737,-16458,281,-5,-7,-3
25,343,1958612,747,-16489,300,-5,-12,-4
25,344,1958617,780,-16521,317,-3,-12,-5
25,345,1958622,789,-16556,294,-3,-10,-4
25,346,1958627,819,-16542,308,-2,-8,-2
25,347,1958632,810,-16493,256,-4,-6,-3
25,348,1958637,752,-16488,228,-4,-4,-3
25,349,1958642,675,-16479,246,-3,-2,-3
25,350,1958647,687,-16451,242,0,1,-3
25,351,1958652,678,-16434,349,0,5,-4
25,352,1958657,571,-16466,420,-2,3,-7
25,353,1958662,564,-16467,382,-1,2,-8
25,354,1958667,567,-16470,331,-1,2,-5
25,355,1958672,606,-16459,279,-1,3,-6
25,356,1958677,661,-16465,261,-3,5,-9
25,357,1958682,699,-16438,331,-6,6,-8
25,358,1958687,723,-16434,336,-4,3,-7
25,359,1958692,666,-16439,266,-3,6,-4
25,360,1958697,687,-16483,225,-3,10,-7
25,361,1958702,676,-16487,193,-4,16,-10
25,362,1958707,714,-16523,196,-3,18,-10
25,363,1958712,777,-16543,192,-4,20,-9
25,364,1958717,779,-16554,155,-1,26,-9
25,365,1958722,722,-16536,118,-3,32,-10
25,366,1958727,648,-16506,149,-3,32,-8
25,367,1958732,632,-16523,143,-1,30,-9
25,368,1958737,620,-16506,132,0,31,-11
25,369,1958742,587,-16517,199,0,29,-12
25,370,1958747,548,-16481,186,0,26,-9
25,371,1958752,543,-16466,154,1,24,-11
25,372,1958757,549,-16422,123,2,20,-8
25,373,1958762,564,-16406,105,1,19,-10
25,374,1958767,575,-16402,163,3,15,-12
25,375,1958772,545,-16418,190,2,8,-11
25,376,1958777,549,-16466,219,3,4,-12
25,377,1958782,607,-16472,202,3,-2,-12
25,378,1958787,631,-16456,267,3,-7,-13
25,379,1958792,654,-16484,348,4,-17,-10
25,380,1958797,699,-16506,278,7,-34,-10
25,381,1958802,718,-16548,332,7,-37,-11
25,382,1958807,744,-16496,336,5,-42,-8
25,383,1958812,701,-16553,379,5,-42,-9
25,384,1958817,711,-16651,314,4,-40,-9
25,385,1958822,797,-16619,187,3,-30,-8
25,386,1958827,794,-16544,88,1,-12,-9
25,387,1958832,721,-16451,31,0,0,-11
25,388,1958837,686,-16419,37,0,15,-8
25,389,1958842,737,-16452,35,2,29,-8
25,390,1958847,739,-16424,118,-4,47,-8
25,391,1958852,711,-16394,299,-3,63,-9
25,392,1958857,621,-16419,270,-4,61,-10
25,393,1958862,673,-16379,242,-4,53,-5
25,394,1958867,697,-16367,446,-5,43,-5
25,395,1958872,694,-16363,612,-2,24,-3
25,396,1958877,624,-16423,664,-3,-2,-2
25,397,1958882,530,-16461,530,-4,-27,-2
25,398,1958887,540,-16479,322,-3,-51,1
25,399,1958892,586,-16442,259,-5,-61,4
25,400,1958897,734,-16398,209,-6,-57,2
25,401,1958902,774,-16448,151,-7,-47,2
25,402,1958907,769,-16514,76,-5,-36,2
25,403,1958912,666,-16483,54,-4,-24,3
25,404,1958917,734,-16500,86,-8,-7,2
25,405,1958922,813,-16512,114,-9,13,3
25,406,1958927,839,-16509,239,-11,29,3
25,407,1958932,767,-16494,337,-10,33,3
25,408,1958937,737,-16480,387,-12,26,3
25,409,1958942,681,-16534,357,-11,15,5
25,410,1958947,707,-16467,305,-14,9,9
25,411,1958952,712,-16400,372,-15,1,9
25,412,1958957,623,-16379,415,-17,-14,10
25,413,1958962,630,-16378,303,-12,-31,11
25,414,1958967,661,-16392,180,-13,-39,12
25,415,1958972,641,-16403,171,-14,-42,11
25,416,1958977,620,-16400,250,-14,-47,12
25,417,1958982,603,-16423,244,-13,-54,14
25,418,1958987,572,-16426,181,-16,-57,13
25,419,1958992,610,-16455,210,-15,-59,15
25,420,1958997,687,-16462,220,-15,-58,17
25,421,1959002,757,-16480,203,-15,-59,15
25,422,1959007,744,-16466,222,-16,-58,17
25,423,1959012,643,-16508,262,-15,-63,18
25,424,1959017,624,-16534,274,-16,-64,16
25,425,1959022,633,-16510,236,-18,-63,18
25,426,1959027,692,-16495,172,-14,-57,19
25,427,1959032,723,-16429,175,-16,-50,18
25,428,1959037,648,-16409,205,-17,-46,20
25,429,1959042,636,-16400,187,-19,-47,19
25,430,1959047,584,-16388,233,-21,-46,18
25,431,1959052,612,-16393,200,-20,-43,17
25,432,1959057,587,-16424,192,-21,-39,15
25,433,1959062,569,-16467,110,-21,-32,17
25,434,1959067,621,-16458,104,-20,-26,17
25,435,1959072,733,-16479,144,-24,-27,18
25,436,1959077,742,-16478,224,-24,-25,14
25,437,1959082,697,-16478,269,-22,-22,17
25,438,1959087,661,-16449,150,-21,-20,15
25,439,1959092,600,-16457,163,-19,-21,13
25,440,1959097,595,-16436,192,-22,-26,13
25,441,1959102,624,-16348,204,-24,-35,13
25,442,1959107,550,-16349,293,-21,-47,12
25,443,1959112,484,-16484,272,-19,-60,13
25,444,1959117,537,-16552,125,-19,-70,13
25,445,1959122,616,-16542,104,-17,-71,12
25,446,1959127,667,-16523,136,-18,-68,9
25,447,1959132,678,-16547,209,-17,-70,8
25,448,1959137,751,-16554,95,-19,-60,7
25,449,1959142,807,-16535,29,-18,-48,7
25,450,1959147,743,-16454,141,-19,-38,5
25,451,1959152,601,-16418,252,-19,-34,3
25,452,1959157,490,-16455,271,-17,-39,0
25,453,1959162,564,-16493,218,-20,-33,0
25,454,1959167,759,-16513,123,-20,-9,-5
25,455,1959172,762,-16460,82,-21,1,-5
25,456,1959177,761,-16468,-5,-23,8,-8
25,457,1959182,737,-16466,-45,-21,20,-8
25,458,1959187,720,-16491,54,-23,31,-11
25,459,1959192,696,-16518,188,-24,38,-12
25,460,1959197,693,-16501,194,-22,43,-11
25,461,1959202,717,-16524,216,-23,41,-13
25,462,1959207,686,-16524,330,-21,36,-17
25,463,1959212,715,-16535,270,-19,24,-18
25,464,1959217,702,-16492,226,-20,12,-18
25,465,1959222,824,-16486,241,-19,4,-16
25,466,1959227,785,-16473,276,-18,0,-20
25,467,1959232,753,-16494,296,-20,-7,-18
25,468,1959237,686,-16514,299,-19,-18,-17
25,469,1959242,710,-16512,195,-18,-22,-19
25,470,1959247,800,-16535,141,-15,-17,-18
25,471,1959252,782,-16515,146,-18,-3,-21
25,472,1959257,767,-16518,230,-20,1,-24
25,473,1959262,668,-16506,198,-19,-3,-26
25,474,1959267,686,-16481,42,-19,-1,-25
25,475,1959272,671,-16470,-28,-18,6,-21
25,476,1959277,681,-16459,34,-16,16,-23
25,477,1959282,682,-16415,205,-19,18,-24
25,478,1959287,647,-16467,181,-16,9,-29
25,479,1959292,605,-16469,98,-11,3,-30
25,480,1959297,635,-16530,49,-12,11,-28
25,481,1959302,744,-16534,-9,-15,22,-32
25,482,1959307,898,-16640,130,-14,26,-28
25,483,1959312,921,-16710,218,-14,25,-26
25,484,1959317,962,-16732,213,-14,25,-27
25,485,1959322,922,-16751,250,-14,28,-26
25,486,1959327,850,-16800,242,-12,28,-22
25,487,1959332,925,-16791,187,-10,28,-18
25,488,1959337,1076,-16758,194,-12,30,-18
25,489,1959342,1055,-16656,297,-12,28,-17
25,490,1959347,825,-16600,343,-13,17,-12
25,491,1959352,655,-16667,232,-9,3,-8
25,492,1959357,761,-16716,114,-10,-1,-4
25,493,1959362,722,-16739,91,-15,4,-4
25,494,1959367,832,-16773,159,-13,15,-1
25,495,1959372,676,-16754,281,-17,21,3
25,496,1959377,574,-16843,237,-19,24,7
25,497,1959382,774,-16965,-99,-20,47,16
25,498,1959387,1106,-16986,-188,-21,99,20
25,499,1959392,1152,-16955,124,-28,150,21
25,500,1959397,863,-16936,366,-33,166,23
25,501,1959402,587,-16872,304,-37,161,30
25,502,1959407,657,-16882,88,-36,167,40
25,503,1959412,669,-16656,111,-37,183,46
25,504,1959417,345,-16399,590,-41,181,52
25,505,1959422,63,-16235,707,-44,135,58
25,506,1959427,-7,-16059,435,-38,69,71
25,507,1959432,208,-15927,124,-36,25,81
25,508,1959437,110,-15809,201,-38,3,86
25,509,1959442,-215,-15814,354,-40,-40,93
25,510,1959447,-477,-15844,364,-38,-106,101
25,511,1959452,-434,-15797,67,-36,-152,112
25,512,1959457,-266,-15939,-388,-36,-159,121
25,513,1959462,-207,-16072,-370,-37,-135,123
25,514,1959467,-208,-16262,-457,-38,-129,132
25,515,1959472,-72,-16390,-470,-42,-126,138
25,516,1959477,-64,-16320,-437,-49,-119,145
25,517,1959482,7,-16388,-307,-50,-100,153
25,518,1959487,-18,-16414,-372,-46,-76,161
25,519,1959492,32,-16466,-334,-50,-69,170
25,520,1959497,-30,-16415,-305,-53,-79,179
25,521,1959502,-38,-16296,-30,-58,-96,188
25,522,1959507,-154,-16271,24,-55,-120,200
25,523,1959512,-174,-16339,-21,-54,-137,211
25,524,1959517,-36,-16255,-235,-55,-142,222
25,525,1959522,-21,-16245,-204,-56,-144,232
25,526,1959527,-208,-16237,-357,-61,-160,239
25,527,1959532,-408,-16161,30,-64,-171,245
25,528,1959537,-195,-16272,-379,-64,-191,266
25,529,1959542,-218,-16349,-120,-65,-164,272
25,530,1959547,-307,-16428,-236,-66,-171,280
25,531,1959552,-366,-16379,10,-68,-179,288
25,532,1959557,-322,-16427,-138,-71,-195,298
25,533,1959562,-244,-16624,-334,-71,-193,308
25,534,1959567,10,-16745,-297,-70,-178,319
25,535,1959572,112,-16629,-137,-74,-165,326
25,536,1959577,-102,-16569,5,-78,-175,330
25,537,1959582,-443,-16487,-139,-80,-199,336
25,538,1959587,-451,-16433,-421,-74,-209,345
25,539,1959592,-413,-16358,-402,-75,-195,353
25,540,1959597,-363,-16345,-237,-80,-182,360
25,541,1959602,-394,-16261,-165,-80,-181,365
25,542,1959607,-429,-16242,-313,-78,-183,369
25,543,1959612,-501,-16236,-488,-75,-174,372
25,544,1959617,-632,-16286,-425,-78,-154,376
25,545,1959622,-694,-16306,-260,-79,-134,375
25,546,1959627,-680,-16290,-281,-79,-119,380
25,547,1959632,-635,-16272,-351,-81,-101,382
25,548,1959637,-611,-16305,-260,-83,-76,381
25,549,1959642,-573,-16338,-241,-84,-58,382
25,550,1959647,-630,-16413,-154,-86,-48,386
25,551,1959652,-605,-16526,-86,-82,-45,387
25,552,1959657,-514,-16636,-104,-84,-40,388
25,553,1959662,-476,-16924,-141,-83,-32,389
25,554,1959667,-251,-17240,-141,-82,-21,398
25,555,1959672,117,-17294,3,-85,-5,398
25,556,1959677,74,-17159,353,-88,-5,397
25,557,1959682,-56,-16931,485,-83,-32,399
25,558,1959687,-391,-16696,268,-79,-65,403
25,559,1959692,-581,-16541,-124,-75,-93,404
25,560,1959697,-679,-16298,-145,-72,-114,408
25,561,1959702,-738,-16136,-26,-71,-127,408
25,562,1959707,-906,-16030,-103,-69,-142,408
25,563,1959712,-1019,-15978,-262,-68,-149,405
25,564,1959717,-1175,-16004,-393,-63,-137,401
25,565,1959722,-1363,-16023,-485,-60,-119,392
25,566,1959727,-1297,-16029,-443,-61,-95,387
25,567,1959732,-1024,-16073,-381,-64,-66,384
25,568,1959737,-970,-16186,-354,-64,-30,376
25,569,1959742,-1005,-16284,-128,-59,-5,366
25,570,1959747,-1092,-16334,-45,-58,6,359
25,571,1959752,-1024,-16452,-238,-57,6,356
25,572,1959757,-976,-16585,-223,-55,9,352
25,573,1959762,-854,-16591,-217,-53,5,347
25,574,1959767,-804,-16590,28,-50,-9,340
25,575,1959772,-677,-16683,-112,-42,-31,336
25,576,1959777,-626,-16756,-279,-38,-43,330
25,577,1959782,-621,-16751,-265,-35,-55,325
25,578,1959787,-747,-16759,-286,-28,-66,318
25,579,1959792,-797,-16706,-311,-25,-79,313
25,580,1959797,-796,-16713,-400,-18,-82,307
25,581,1959802,-861,-16704,-349,-13,-74,295
25,582,1959807,-1061,-16605,-196,-13,-72,285
25,583,1959812,-1230,-16640,-95,-8,-82,277
25,584,1959817,-1161,-16573,-157,-3,-94,264
25,585,1959822,-926,-16522,-276,-2,-89,256
25,586,1959827,-814,-16544,-291,5,-76,244
25,587,1959832,-634,-16141,1068,6,-86,229
25,588,1959837,-573,-16280,4900,4,-299,214
25,589,1959842,6201,-17931,1494,57,-739,165
25,590,1959847,7123,-16453,1386,71,-738,16
25,591,1959852,1418,-15457,1276,114,-691,-101
25,592,1959857,-3658,-15635,-1790,150,-689,-131
25,593,1959862,-2978,-16145,-5256,139,-555,-112
25,594,1959867,50,-16426,-7827,107,-218,-110
25,595,1959872,588,-16144,-2103,53,333,-170
25,596,1959877,-1411,-15603,3840,26,588,-235
25,597,1959882,-3016,-15935,2883,71,457,-245
25,598,1959887,-1822,-16513,-856,112,330,-230
25,599,1959892,-344,-16623,-1430,107,366,-233
25,600,1959897,-164,-16455,1240,78,385,-264
25,601,1959920,109,-16867,691,123,-137,-301
25,602,1959920,109,-16867,691,123,-137,-301
25,603,1959921,109,-16867,691,123,-137,-301
25,604,1959923,22,-16858,1488,117,-275,-312
25,605,1959924,22,-16858,1488,117,-275,-312
25,606,1959927,94,-16827,359,128,-403,-323
25,607,1959932,262,-16922,-982,150,-399,-331
25,608,1959937,-176,-16807,-621,157,-296,-343
25,609,1959942,-628,-16709,81,149,-245,-360
25,610,1959947,-707,-16403,518,138,-269,-379
25,611,1959952,-671,-16266,100,134,-306,-394
25,612,1959957,-575,-16198,-2,146,-284,-413
25,613,1959962,-918,-16137,15,155,-242,-434
25,614,1959967,-1002,-16326,-146,162,-237,-448
25,615,1959972,-758,-16329,-162,155,-245,-466
25,616,1959977,-364,-16416,-463,145,-228,-485
25,617,1959982,-334,-16605,-264,149,-173,-507
25,618,1959987,-494,-16655,-242,156,-123,-530
25,619,1959992,-283,-16771,-428,159,-91,-541
25,620,1959997,282,-16953,-930,156,-50,-554
25,621,1960002,754,-17012,-679,155,13,-575
25,622,1960007,650,-16858,10,156,59,-599
25,623,1960012,306,-16755,453,154,52,-613
25,624,1960017,399,-16766,365,164,28,-621
25,625,1960022,784,-16759,126,167,16,-630
25,626,1960027,782,-16864,641,170,16,-642
25,627,1960032,296,-16956,1075,169,-18,-655
25,628,1960037,67,-17036,1121,174,-92,-670
25,629,1960042,164,-16900,880,179,-146,-680
25,630,1960047,274,-16769,755,178,-154,-693
25,631,1960052,340,-16552,680,175,-140,-712
25,632,1960057,316,-16377,517,172,-119,-729
25,633,1960062,416,-16185,110,170,-109,-743
25,634,1960067,579,-16102,14,171,-82,-755
25,635,1960072,564,-16187,54,172,-47,-773
25,636,1960077,344,-16321,339,175,-23,-790
25,637,1960082,240,-16334,388,174,-15,-806
25,638,1960087,470,-16432,297,172,-12,-815
25,639,1960092,920,-16605,188,173,-3,-827
25,640,1960097,1187,-16735,432,175,9,-843
25,641,1960102,1179,-16888,742,176,2,-848
25,642,1960107,1187,-17072,842,177,-35,-855
25,643,1960112,1304,-17180,762,183,-71,-856
25,644,1960117,1376,-17108,772,185,-82,-863
25,645,1960122,1314,-16957,841,186,-92,-871
25,646,1960127,1344,-16709,540,186,-106,-877
25,647,1960132,1306,-16552,493,181,-114,-883
25,648,1960137,1265,-16470,417,175,-126,-891
25,649,1960142,5153,-14176,1585,166,-125,-904
25,650,1960147,6217,-15357,18401,118,-318,-991
25,651,1960152,-32768,-26394,25785,294,-2376,-470
25,652,1960157,-32768,-21208,-30291,392,-6201,627
25,653,1960162,7963,-11778,-32768,-21,-5565,1238
25,654,1960167,32767,-12360,-16489,-478,-753,875
25,655,1960172,16892,-8986,23216,-620,3907,-66
25,656,1960177,-32768,-10454,25797,-205,2720,-151
25,657,1960182,-31044,-17611,-19007,103,-710,382
25,658,1960187,12065,-20623,-32768,77,0,749
25,659,1960192,32767,-17868,-11893,-345,2492,407
25,660,1960197,5202,-12840,30795,-626,4413,-155
25,661,1960202,-23084,-14613,30926,-468,2499,-78
25,662,1960207,-9020,-19197,-7086,-48,-285,413
25,663,1960212,16750,-20989,-19869,59,-341,619
25,664,1960217,19182,-18901,-1301,-237,435,361
25,665,1960222,-3346,-15353,21191,-393,536,116
25,666,1960227,-11614,-16095,16835,-297,-600,229
25,667,1960232,1626,-18082,-7988,-20,-1565,498
25,668,1960237,12233,-19510,-16759,59,-1146,512
25,669,1960242,4785,-16793,-1462,-165,-163,295
25,670,1960247,-6642,-14934,9291,-282,-33,206
25,671,1960252,-6184,-15165,5141,-245,-463,283
25,672,1960257,3636,-16158,-8718,-74,-592,389
25,673,1960262,7013,-16505,-9045,-55,165,320
25,674,1960267,236,-15667,2042,-189,827,174
25,675,1960272,-1911,-15944,1003,-173,192,236
25,676,1960277,4399,-16632,-3768,-102,202,271
25,677,1960282,4446,-16824,-111,-123,590,204
25,678,1960287,-90,-16666,3724,-167,609,140
25,679,1960292,-2537,-16680,4439,-150,207,163
25,680,1960297,540,-16807,-65,-108,-205,221
25,681,1960302,3948,-17030,-2795,-98,-151,227
25,682,1960307,2636,-16789,643,-104,141,181
25,683,1960312,-472,-16437,4122,-107,115,146
25,684,1960317,-1182,-16499,1637,-91,-204,164
25,685,1960322,1147,-16733,-2880,-74,-340,189
25,686,1960327,2295,-16458,-1965,-78,-101,170
25,687,1960332,1063,-16091,1532,-89,116,129
25,688,1960337,-604,-16206,2435,-80,64,116
25,689,1960342,-280,-16458,-609,-61,-92,120
25,690,1960347,933,-16499,-2306,-60,-50,121
25,691,1960352,1391,-16329,-493,-72,131,101
25,692,1960357,650,-16215,2013,-78,214,82
25,693,1960362,512,-16489,1598,-59,133,76
25,694,1960367,815,-16654,-526,-49,73,73
25,695,1960372,1021,-16779,-1410,-40,119,66
25,696,1960377,795,-16589,396,-50,191,55
25,697,1960382,567,-16469,1494,-53,168,50
25,698,1960387,770,-16527,1011,-42,87,50
25,699,1960392,871,-16581,-20,-25,59,46
25,700,1960397,427,-16542,-362,-13,68,34
25,701,1960402,319,-16380,480,-15,49,31
25,702,1960407,417,-16280,684,-27,-10,32
25,703,1960412,830,-16442,375,-16,-44,25
25,704,1960417,810,-16309,99,-8,-23,12
25,705,1960422,349,-16345,207,-6,7,4
25,706,1960427,118,-16454,-73,-6,3,-2
25,707,1960432,299,-16467,-311,-11,5,-7
25,708,1960437,576,-16545,-693,-12,45,-15
25,709,1960442,698,-16517,-277,-6,113,-24
25,710,1960447,538,-16472,155,-5,163,-32
25,711,1960452,531,-16713,-82,1,175,-34
25,712,1960457,749,-16970,-373,5,193,-37
25,713,1960462,912,-17060,-554,7,227,-43
25,714,1960467,770,-16804,279,4,260,-50
25,715,1960472,681,-16530,641,3,252,-53
25,716,1960477,561,-16509,332,13,220,-54
25,717,1960482,656,-16549,-212,22,205,-53
25,718,1960487,507,-16577,-470,23,206,-56
25,719,1960492,344,-16456,168,23,197,-61
25,720,1960497,354,-16227,563,17,163,-64
25,721,1960502,420,-16292,497,25,133,-62
25,722,1960507,465,-16409,23,32,129,-67
25,723,1960512,284,-16392,-156,41,137,-71
25,724,1960517,266,-16212,20,38,126,-77
25,725,1960522,217,-16148,44,31,93,-77
25,726,1960527,523,-16280,29,37,81,-75
25,727,1960532,553,-16351,97,41,96,-78
25,728,1960537,354,-16503,176,46,95,-85
25,729,1960542,229,-16567,14,49,66,-89
25,730,1960547,345,-16579,-91,46,43,-86
25,731,1960552,575,-16648,-245,40,34,-87
25,732,1960557,612,-16669,65,42,50,-89
25,733,1960562,685,-16597,341,44,52,-89
25,734,1960567,354,-16577,171,41,35,-94
25,735,1960572,410,-16672,-293,45,21,-96
25,736,1960577,393,-16541,-478,41,37,-97
25,737,1960582,483,-16466,-354,35,69,-101
25,738,1960587,560,-16420,-175,33,96,-103
25,739,1960592,500,-16449,-132,34,113,-104
25,740,1960597,473,-16457,-315,35,127,-106
25,741,1960602,385,-16434,-346,32,147,-107
25,742,1960607,413,-16399,-155,29,161,-110
25,743,1960612,571,-16365,133,27,165,-109
25,744,1960617,597,-16367,397,25,158,-111
25,745,1960622,480,-16321,360,28,132,-113
25,746,1960627,385,-16383,150,31,105,-113
25,747,1960632,413,-16430,19,29,79,-109
25,748,1960637,498,-16451,161,27,53,-105
25,749,1960642,561,-16496,315,31,-1,-106
25,750,1960647,500,-16530,33,35,-23,-103
25,751,1960652,433,-16467,-212,36,-36,-103
25,752,1960657,475,-16400,-278,32,-36,-102
25,753,1960662,519,-16367,-109,30,-36,-103
25,754,1960667,430,-16386,-108,30,-37,-101
25,755,1960672,483,-16441,-234,29,-34,-102
25,756,1960677,468,-16426,-378,31,-21,-102
25,757,1960682,492,-16474,-379,28,0,-103
25,758,1960687,587,-16464,-208,22,22,-102
25,759,1960692,649,-16466,-41,19,40,-103
25,760,1960697,593,-16566,-4,20,48,-100
25,761,1960702,615,-16586,-54,22,56,-98
25,762,1960707,678,-16519,-57,21,62,-96
25,763,1960712,713,-16442,74,15,58,-99
25,764,1960717,637,-16400,166,12,44,-95
25,765,1960722,588,-16383,183,10,27,-93
25,766,1960727,609,-16402,80,13,14,-89
25,767,1960732,648,-16504,62,11,7,-85
25,768,1960737,611,-16533,94,8,2,-85
25,769,1960742,633,-16506,130,5,-5,-86
25,770,1960747,582,-16490,35,5,-15,-83
25,771,1960752,598,-16447,-95,2,-14,-81
25,772,1960757,621,-16444,-252,2,-6,-82
25,773,1960762,641,-16437,-268,4,4,-77
25,774,1960767,720,-16445,-225,2,15,-74
25,775,1960772,715,-16454,-22,-2,17,-73
25,776,1960777,594,-16522,149,-6,14,-71
25,777,1960782,558,-16511,131,-5,5,-69
25,778,1960787,585,-16500,-21,-4,-2,-67
25,779,1960792,692,-16500,-98,-7,-5,-64
25,780,1960797,766,-16437,-10,-8,-6,-60
25,781,1960802,756,-16427,119,-11,-10,-59
25,782,1960807,623,-16473,140,-13,-25,-58
25,783,1960812,617,-16465,71,-9,-34,-54
25,784,1960817,649,-16488,-25,-10,-31,-49
25,785,1960822,686,-16459,-97,-11,-24,-47
25,786,1960827,698,-16473,-120,-16,-20,-47
25,787,1960832,679,-16441,-92,-18,-21,-45
25,788,1960837,685,-16379,-131,-16,-22,-42
25,789,1960842,643,-16401,-143,-18,-15,-37
25,790,1960847,674,-16428,-141,-18,-5,-37
25,791,1960852,701,-16422,-85,-19,7,-36
25,792,1960857,692,-16446,-11,-22,5,-33
25,793,1960862,663,-16440,49,-23,-2,-30
25,794,1960867,677,-16416,66,-25,-8,-24
25,795,1960872,637,-16413,45,-25,-11,-22
25,796,1960877,631,-16467,-20,-23,-16,-22
25,797,1960882,628,-16449,-6,-26,-22,-16
25,798,1960887,730,-16451,-69,-28,-27,-13
25,799,1960892,815,-16502,-43,-27,-30,-13
25,800,1960897,804,-16517,12,-27,-28,-11
25,801,1960902,766,-16576,26,-30,-26,-7
25,802,1960907,720,-16542,-4,-30,-23,-3
25,803,1960912,695,-16543,-95,-30,-16,-2
25,804,1960917,729,-16464,-176,-32,-5,0
25,805,1960922,754,-16381,-149,-34,7,4
25,806,1960927,688,-16365,-74,-33,15,4
25,807,1960932,703,-16426,-79,-32,20,5
25,808,1960937,691,-16474,-98,-32,21,9
25,809,1960942,701,-16487,-99,-32,24,11
25,810,1960947,699,-16452,45,-34,26,11
25,811,1960952,735,-16499,51,-34,23,14
25,812,1960957,733,-16495,31,-35,16,15
25,813,1960962,764,-16501,-43,-30,9,22
25,814,1960967,757,-16491,-10,-32,9,23
25,815,1960972,727,-16476,52,-31,0,26
25,816,1960977,677,-16492,53,-33,-10,27
25,817,1960982,679,-16470,88,-34,-19,31
25,818,1960987,701,-16446,74,-29,-26,33
25,819,1960992,728,-16452,4,-27,-31,37
25,820,1960997,726,-16424,-42,-28,-35,39
25,821,1961002,718,-16378,-31,-27,-39,38
25,822,1961007,678,-16431,4,-31,-43,41
25,823,1961012,697,-16424,-166,-28,-33,44
25,824,1961017,728,-16424,-197,-27,-24,43
25,825,1961022,707,-16418,-68,-29,-18,46
25,826,1961027,694,-16432,3,-30,-17,50
25,827,1961032,727,-16505,-8,-29,-17,50
25,828,1961037,715,-16495,1,-29,-18,54
25,829,1961042,678,-16449,89,-29,-21,50
25,830,1961047,593,-16442,27,-29,-31,55
25,831,1961052,600,-16446,-152,-25,-38,57
25,832,1961057,697,-16462,-230,-25,-40,56
25,833,1961062,780,-16484,-151,-28,-32,59
25,834,1961067,729,-16529,-28,-25,-25,61
25,835,1961072,681,-16538,64,-23,-19,61
25,836,1961077,644,-16540,-84,-23,-16,61
25,837,1961082,667,-16557,-197,-19,-11,64
25,838,1961087,772,-16549,-151,-20,-3,63
25,839,1961092,791,-16515,62,-22,-2,65
25,840,1961097,766,-16479,240,-20,-14,68
25,841,1961102,626,-16414,182,-17,-32,67
25,842,1961107,511,-16446,-18,-16,-47,69
25,843,1961112,580,-16415,-152,-13,-53,73
25,844,1961117,680,-16380,-146,-14,-54,72
25,845,1961122,637,-16321,17,-13,-56,73
25,846,1961127,567,-16328,9,-13,-57,74
25,847,1961132,520,-16385,-6,-9,-65,73
25,848,1961137,531,-16411,-26,-6,-60,75
25,849,1961142,559,-16442,-80,-4,-59,79
25,850,1961147,656,-16409,-85,-2,-52,77
25,851,1961152,642,-16397,-155,-4,-42,74
25,852,1961157,606,-16454,-192,-4,-34,76
25,853,1961162,557,-16514,-179,-2,-24,76
25,854,1961167,654,-16555,-90,-2,-12,75
25,855,1961172,604,-16515,-90,-3,-3,74
25,856,1961177,587,-16566,-14,-2,2,72
25,857,1961182,612,-16561,-150,3,-2,76
25,858,1961187,672,-16539,-191,2,3,76
25,859,1961192,676,-16517,-40,-1,14,74
25,860,1961197,622,-16547,37,3,16,78
25,861,1961202,670,-16517,41,5,9,78
25,862,1961207,561,-16468,40,4,7,76
25,863,1961212,587,-16443,-1,8,-2,76
25,864,1961217,450,-16374,40,7,-11,74
25,865,1961222,443,-16441,44,11,-25,76
25,866,1961227,423,-16383,-33,10,-33,74
25,867,1961232,574,-16434,5,11,-36,74
25,868,1961237,524,-16389,1,14,-36,75
25,869,1961242,530,-16455,-76,17,-37,74
25,870,1961247,457,-16426,-172,15,-33,75
25,871,1961252,454,-16463,-212,19,-29,71
25,872,1961257,473,-16426,-91,19,-17,69
25,873,1961262,478,-16500,-96,19,-13,70
25,874,1961267,508,-16493,-79,21,-5,68
25,875,1961272,524,-16514,-177,23,2,66
25,876,1961277,557,-16517,-174,24,6,65
25,877,1961282,590,-16577,15,25,8,65
25,878,1961287,616,-16619,67,24,3,64
25,879,1961292,623,-16556,77,28,3,65
25,880,1961297,484,-16518,34,28,2,61
25,881,1961302,360,-16483,-10,29,-8,62
25,882,1961307,412,-16501,-34,29,-18,64
25,883,1961312,610,-16456,-11,33,-22,62
25,884,1961317,549,-16376,42,32,-18,60
25,885,1961322,381,-16378,212,33,-24,57
25,886,1961327,316,-16437,9,36,-41,59
25,887,1961332,386,-16441,-84,36,-44,57
25,888,1961337,493,-16421,-36,35,-39,52
25,889,1961342,397,-16396,84,36,-35,51
25,890,1961347,332,-16455,-15,37,-36,49
25,891,1961352,384,-16449,-284,37,-29,47
25,892,1961357,489,-16509,-246,40,-9,47
25,893,1961362,549,-16570,-86,38,10,43
25,894,1961367,503,-16582,80,38,20,40
25,895,1961372,498,-16570,-36,38,29,38
25,896,1961377,528,-16529,-48,38,46,42
25,897,1961382,441,-16511,160,37,46,37
25,898,1961387,445,-16482,191,38,33,37
25,899,1961392,411,-16496,90,39,25,36
25,900,1961397,422,-16526,23,40,23,35
25,901,1961402,465,-16545,1,42,22,35
25,902,1961407,488,-16501,24,39,21,33
25,903,1961412,462,-16473,70,38,14,33
25,904,1961417,430,-16482,31,40,6,29
25,905,1961422,431,-16461,26,43,5,28
25,906,1961427,354,-16423,39,41,10,26
25,907,1961432,282,-16441,22,41,10,27
25,908,1961437,247,-16414,-19,38,7,21
25,909,1961442,265,-16381,-76,40,8,20
25,910,1961447,364,-16407,-89,41,17,19
25,911,1961452,355,-16437,-132,43,29,19
25,912,1961457,374,-16462,-78,42,35,13
25,913,1961462,425,-16547,16,42,40,11
25,914,1961467,444,-16594,78,40,39,10
25,915,1961472,460,-16587,187,40,38,9
25,916,1961477,410,-16574,206,38,34,8
25,917,1961482,432,-16515,130,39,27,10
25,918,1961487,402,-16496,75,41,15,9
25,919,1961492,411,-16474,79,40,3,7
25,920,1961497,334,-16505,70,39,-8,7
25,921,1961502,352,-16485,79,42,-15,7
25,922,1961507,404,-16435,32,38,-10,3
25,923,1961512,343,-16397,93,38,-8,1
25,924,1961517,211,-16426,-1,37,-13,-1
25,925,1961522,271,-16482,-114,37,-10,0
25,926,1961527,371,-16483,-114,37,5,-2
25,927,1961532,421,-16465,26,36,17,-3
25,928,1961537,311,-16466,84,35,26,-6
25,929,1961542,251,-16466,-16,32,27,-8
25,930,1961547,338,-16490,-55,31,32,-10
25,931,1961552,361,-16490,-28,34,41,-11
25,932,1961557,372,-16456,44,30,49,-12
25,933,1961562,362,-16449,94,33,50,-15
25,934,1961567,316,-16468,-38,32,47,-15
25,935,1961572,309,-16489,-45,31,51,-16
25,936,1961577,318,-16531,-54,28,63,-18
25,937,1961582,421,-16510,-25,27,73,-20
25,938,1961587,501,-16452,48,25,78,-19
25,939,1961592,492,-16442,124,23,84,-18
25,940,1961597,303,-16457,122,23,81,-20
25,941,1961602,300,-16560,21,23,74,-23
25,942,1961607,309,-16518,-8,22,73,-23
25,943,1961612,439,-16466,75,18,68,-24
25,944,1961617,355,-16365,323,17,65,-22
25,945,1961622,344,-16421,336,20,45,-24
25,946,1961627,256,-16423,222,21,27,-24
25,947,1961632,273,-16427,180,21,10,-23
25,948,1961637,246,-16436,217,21,-2,-22
25,949,1961642,313,-16482,182,19,-14,-24
25,950,1961647,387,-16456,95,21,-12,-26
25,951,1961652,406,-16460,-81,21,-8,-27
25,952,1961657,355,-16519,-55,18,5,-29
25,953,1961662,349,-16597,-5,16,15,-29
25,954,1961667,389,-16604,44,14,23,-29
25,955,1961672,454,-16593,73,15,37,-30
25,956,1961677,398,-16571,67,12,47,-30
25,957,1961682,380,-16537,72,11,55,-32
25,958,1961687,361,-16480,60,11,55,-36
25,959,1961692,417,-16425,99,9,49,-32
25,960,1961697,400,-16383,175,8,44,-30
25,961,1961702,276,-16434,19,8,32,-31
25,962,1961707,300,-16419,145,12,19,-34
25,963,1961712,380,-16364,377,6,7,-30
25,964,1961717,352,-16492,336,4,-5,-27
25,965,1961722,443,-16614,161,8,-8,-32
25,966,1961727,431,-16551,67,7,-11,-30
25,967,1961732,296,-16474,103,6,-18,-29
25,968,1961737,352,-16500,116,4,-35,-29
25,969,1961742,398,-16464,220,5,-40,-29
25,970,1961747,330,-16436,123,4,-29,-31
25,971,1961752,237,-16469,29,4,-29,-30
25,972,1961757,244,-16473,-103,1,-30,-29
25,973,1961762,370,-16471,-120,-2,-22,-32
25,974,1961767,421,-16413,-18,-2,-8,-33
25,975,1961772,415,-16460,105,-4,1,-32
25,976,1961777,364,-16465,55,-4,5,-33
25,977,1961782,351,-16505,14,-3,0,-31
25,978,1961787,376,-16481,67,-3,-1,-32
25,979,1961792,396,-16477,232,-4,3,-31
25,980,1961797,400,-16470,204,-9,6,-33
25,981,1961802,427,-16449,114,-6,2,-32
25,982,1961807,399,-16429,20,-8,5,-30
25,983,1961812,377,-16432,75,-10,7,-32
25,984,1961817,316,-16496,36,-10,9,-31
25,985,1961822,365,-16509,-56,-14,18,-33
25,986,1961827,540,-16524,-58,-11,30,-32
25,987,1961832,602,-16552,52,-11,42,-28
25,988,1961837,516,-16536,146,-11,41,-30
25,989,1961842,385,-16496,166,-10,28,-31
25,990,1961847,278,-16468,148,-12,22,-30
25,991,1961852,349,-16440,161,-11,20,-28
25,992,1961857,368,-16421,204,-14,22,-28
25,993,1961862,296,-16409,265,-12,17,-30
25,994,1961867,323,-16394,143,-12,8,-29
25,995,1961872,399,-16393,-47,-13,6,-28
25,996,1961877,413,-16416,4,-12,17,-30
25,997,1961882,443,-16492,117,-16,26,-28
25,998,1961887,446,-16565,133,-19,29,-27
25,999,1961892,433,-16558,77,-17,23,-26
26,0,2079922,291,-16793,-1524,101,74,-10
26,1,2079927,424,-16678,-1452,95,87,-13
26,2,2079932,422,-16663,-1402,90,94,-15
26,3,2079937,286,-16589,-1399,90,97,-19
26,4,2079942,242,-16464,-1527,88,95,-22
26,5,2079947,233,-16351,-1600,87,94,-22
26,6,2079952,359,-16318,-1488,81,93,-23
26,7,2079957,452,-16313,-1252,76,90,-21
26,8,2079962,530,-16314,-1060,74,85,-24
26,9,2079967,419,-16312,-1093,72,72,-26
26,10,2079972,187,-16316,-1198,73,52,-28
26,11,2079977,7,-16342,-1210,68,33,-28
26,12,2079982,-8,-16372,-1219,61,21,-29
26,13,2079987,42,-16369,-1125,59,17,-31
26,14,2079992,33,-16344,-1176,55,14,-39
26,15,2079997,-20,-16370,-1323,54,14,-40
26,16,2080002,17,-16404,-1493,52,14,-40
26,17,2080007,178,-16496,-1527,46,24,-42
26,18,2080012,346,-16521,-1371,39,37,-44
26,19,2080017,399,-16496,-1100,33,40,-45
26,20,2080022,263,-16523,-1144,32,38,-48
26,21,2080027,137,-16530,-1425,34,33,-50
26,22,2080032,170,-16520,-1516,31,30,-49
26,23,2080037,278,-16515,-1378,26,36,-48
26,24,2080042,282,-16537,-1184,19,34,-50
26,25,2080047,275,-16602,-1204,19,32,-51
26,26,2080052,319,-16683,-1386,17,28,-51
26,27,2080057,323,-16681,-1393,12,30,-51
26,28,2080062,249,-16619,-1196,6,32,-52
26,29,2080067,56,-16500,-1275,2,17,-56
26,30,2080072,130,-16464,-1479,0,24,-56
26,31,2080077,232,-16376,-1390,-3,35,-56
26,32,2080082,255,-16310,-1160,-14,40,-59
26,33,2080087,155,-16368,-1112,-14,30,-59
26,34,2080092,231,-16396,-1280,-15,22,-59
26,35,2080097,376,-16371,-1205,-23,28,-58
26,36,2080102,390,-16376,-1125,-25,37,-57
26,37,2080107,144,-16380,-1000,-31,29,-58
26,38,2080112,38,-16384,-1197,-31,5,-56
26,39,2080117,233,-16352,-1379,-34,-5,-54
26,40,2080122,342,-16345,-1218,-40,8,-54
26,41,2080127,295,-16333,-1077,-43,15,-58
26,42,2080132,127,-16349,-1116,-47,7,-58
26,43,2080137,121,-16377,-1444,-48,-1,-56
26,44,2080142,209,-16478,-1514,-53,12,-55
26,45,2080147,238,-16447,-1279,-56,33,-55
26,46,2080152,158,-16409,-1060,-61,42,-59
26,47,2080157,47,-16344,-1191,-62,41,-61
26,48,2080162,154,-16354,-1452,-64,44,-60
26,49,2080167,295,-16318,-1570,-66,61,-58
26,50,2080172,376,-16263,-1522,-69,79,-59
26,51,2080177,394,-16194,-1411,-76,87,-60
26,52,2080182,432,-16179,-1374,-79,88,-57
26,53,2080187,456,-16128,-1415,-79,91,-57
26,54,2080192,427,-16131,-1379,-79,96,-56
26,55,2080197,410,-16120,-1180,-82,93,-54
26,56,2080202,352,-16122,-955,-83,76,-51
26,57,2080207,204,-16224,-866,-83,46,-51
26,58,2080212,121,-16298,-863,-84,18,-48
26,59,2080217,71,-16347,-987,-85,0,-49
26,60,2080222,17,-16342,-1092,-86,-8,-48
26,61,2080227,-14,-16338,-1128,-91,-17,-48
26,62,2080232,-110,-16336,-1156,-93,-30,-52
26,63,2080237,-105,-16346,-1274,-94,-34,-51
26,64,2080242,36,-16402,-1494,-95,-22,-49
26,65,2080247,207,-16415,-1604,-95,2,-53
26,66,2080252,241,-16498,-1547,-96,24,-56
26,67,2080257,214,-16540,-1546,-99,30,-57
26,68,2080262,277,-16552,-1558,-101,41,-55
26,69,2080267,414,-16584,-1551,-103,63,-57
26,70,2080272,483,-16683,-1453,-101,85,-55
26,71,2080277,592,-16701,-1375,-102,101,-54
26,72,2080282,705,-16760,-1298,-100,103,-53
26,73,2080287,877,-16858,-1172,-103,97,-51
26,74,2080292,1027,-16916,-1014,-103,87,-47
26,75,2080297,1044,-16919,-864,-100,75,-42
26,76,2080302,920,-16927,-789,-101,49,-39
26,77,2080307,697,-16920,-880,-100,10,-35
26,78,2080312,533,-16884,-1006,-97,-33,-29
26,79,2080317,487,-16833,-1112,-98,-67,-30
26,80,2080322,501,-16776,-1159,-97,-86,-26
26,81,2080327,496,-16748,-1120,-97,-90,-23
26,82,2080332,423,-16662,-1198,-98,-98,-24
26,83,2080337,261,-16527,-1494,-96,-106,-23
26,84,2080342,160,-16426,-1699,-96,-98,-23
26,85,2080347,132,-16346,-1724,-98,-82,-26
26,86,2080352,97,-16271,-1676,-98,-61,-27
26,87,2080357,129,-16171,-1585,-95,-43,-29
26,88,2080362,155,-16168,-1705,-94,-27,-30
26,89,2080367,223,-16147,-1762,-93,-10,-35
26,90,2080372,307,-16118,-1580,-94,4,-36
26,91,2080377,335,-16123,-1417,-93,8,-34
26,92,2080382,394,-16120,-1406,-92,5,-35
26,93,2080387,454,-16134,-1387,-90,3,-35
26,94,2080392,440,-16193,-1369,-90,-1,-35
26,95,2080397,394,-16237,-1278,-91,-13,-36
26,96,2080402,362,-16212,-1310,-88,-36,-33
26,97,2080407,501,-16216,-1501,-84,-44,-28
26,98,2080412,631,-16208,-1552,-83,-39,-26
26,99,2080417,578,-16196,-1495,-80,-36,-29
26,100,2080422,422,-16188,-1515,-80,-39,-29
26,101,2080427,434,-16207,-1649,-77,-41,-27
26,102,2080432,553,-16306,-1631,-75,-34,-22
26,103,2080437,637,-16440,-1293,-71,-8,-20
26,104,2080442,495,-16478,-1294,-69,-12,-20
26,105,2080447,342,-16477,-1410,-67,-19,-22
26,106,2080452,252,-16410,-1549,-63,-21,-22
26,107,2080457,198,-16389,-1537,-60,-20,-23
26,108,2080462,239,-16416,-1491,-59,-14,-20
26,109,2080467,246,-16461,-1490,-57,-8,-21
26,110,2080472,285,-16490,-1547,-55,-5,-25
26,111,2080477,394,-16463,-1707,-54,4,-20
26,112,2080482,462,-16419,-1705,-53,16,-21
26,113,2080487,500,-16362,-1661,-54,28,-23
26,114,2080492,566,-16333,-1639,-54,38,-24
26,115,2080497,639,-16317,-1575,-49,40,-21
26,116,2080502,676,-16246,-1525,-46,38,-19
26,117,2080507,603,-16240,-1488,-43,38,-19
26,118,2080512,514,-16274,-1379,-41,30,-18
26,119,2080517,493,-16288,-1338,-39,16,-13
26,120,2080522,538,-16317,-1245,-39,4,-13
26,121,2080527,464,-16341,-1199,-37,-7,-12
26,122,2080532,314,-16362,-1346,-29,-20,-13
26,123,2080537,234,-16351,-1475,-27,-32,-12
26,124,2080542,271,-16358,-1570,-27,-34,-9
26,125,2080547,388,-16335,-1523,-27,-28,-8
26,126,2080552,403,-16383,-1516,-24,-20,-8
26,127,2080557,433,-16460,-1478,-22,-16,-7
26,128,2080562,428,-16514,-1520,-18,-8,-6
26,129,2080567,377,-16553,-1566,-17,0,-7
26,130,2080572,351,-16583,-1524,-17,9,-9
26,131,2080577,416,-16521,-1607,-13,14,-6
26,132,2080582,485,-16401,-1619,-10,23,-7
26,133,2080587,522,-16286,-1640,-8,28,-6
26,134,2080592,478,-16236,-1645,-6,27,-4
26,135,2080597,525,-16233,-1663,-5,22,-2
26,136,2080602,629,-16168,-1723,0,25,2
26,137,2080607,664,-16045,-1610,2,29,2
26,138,2080612,522,-16043,-1463,1,29,3
26,139,2080617,359,-16027,-1551,6,16,5
26,140,2080622,274,-16017,-1647,7,9,7
26,141,2080627,342,-16047,-1629,9,11,9
26,142,2080632,351,-16148,-1476,10,19,11
26,143,2080637,324,-16269,-1394,6,23,9
26,144,2080642,304,-16428,-1430,8,25,6
26,145,2080647,389,-16578,-1527,12,29,8
26,146,2080652,374,-16553,-1556,13,41,10
26,147,2080657,297,-16543,-1563,13,50,9
26,148,2080662,302,-16518,-1603,16,49,11
26,149,2080667,511,-16452,-1724,16,55,14
26,150,2080672,650,-16397,-1713,18,66,18
26,151,2080677,664,-16285,-1639,20,74,15
26,152,2080682,476,-16160,-1599,23,69,17
26,153,2080687,361,-16031,-1708,28,53,23
26,154,2080692,351,-15938,-1731,26,41,25
26,155,2080697,398,-15925,-1674,30,41,27
26,156,2080702,366,-15897,-1596,33,37,28
26,157,2080707,251,-15984,-1635,32,34,26
26,158,2080712,284,-15975,-1765,35,36,27
26,159,2080717,319,-16102,-1770,35,44,30
26,160,2080722,300,-16276,-1534,35,57,29
26,161,2080727,276,-16339,-1440,32,69,26
26,162,2080732,314,-16445,-1518,33,75,25
26,163,2080737,309,-16532,-1631,35,81,26
26,164,2080742,347,-16624,-1627,33,83,28
26,165,2080747,521,-16630,-1435,34,80,32
26,166,2080752,679,-16670,-1297,35,70,33
26,167,2080757,736,-16671,-1278,36,58,34
26,168,2080762,594,-16618,-1356,41,39,35
26,169,2080767,457,-16550,-1505,45,11,38
26,170,2080772,432,-16562,-1561,45,-12,41
26,171,2080777,497,-16554,-1527,46,-26,46
26,172,2080782,469,-16527,-1514,46,-26,49
26,173,2080787,406,-16538,-1518,51,-32,49
26,174,2080792,268,-16538,-1605,51,-35,46
26,175,2080797,224,-16511,-1773,50,-29,46
26,176,2080802,282,-16525,-1836,49,-8,46
26,177,2080807,189,-16480,-1699,46,25,43
26,178,2080812,186,-16436,-1742,49,32,42
26,179,2080817,344,-16440,-1767,47,44,41
26,180,2080822,437,-16445,-1644,47,55,40
26,181,2080827,473,-16417,-1440,46,61,41
26,182,2080832,368,-16394,-1409,50,51,40
26,183,2080837,304,-16358,-1618,52,35,42
26,184,2080842,368,-16295,-1660,53,29,45
26,185,2080847,400,-16242,-1597,54,27,45
26,186,2080852,417,-16212,-1430,51,18,46
26,187,2080857,469,-16248,-1401,52,6,48
26,188,2080862,524,-16268,-1500,55,2,48
26,189,2080867,453,-16321,-1491,54,0,49
26,190,2080872,319,-16363,-1337,52,-2,49
26,191,2080877,180,-16391,-1373,54,-5,48
26,192,2080882,85,-16444,-1513,51,-7,48
26,193,2080887,138,-16478,-1698,52,7,47
26,194,2080892,201,-16466,-1745,51,27,46
26,195,2080897,335,-16458,-1685,50,46,46
26,196,2080902,425,-16480,-1613,49,62,43
26,197,2080907,345,-16464,-1749,49,67,41
26,198,2080912,289,-16412,-1836,50,77,40
26,199,2080917,313,-16349,-1813,51,86,44
26,200,2080922,396,-16338,-1693,46,96,45
26,201,2080927,465,-16300,-1526,46,101,42
26,202,2080932,495,-16242,-1543,45,104,43
26,203,2080937,512,-16285,-1537,47,107,44
26,204,2080942,537,-16298,-1282,43,105,43
26,205,2080947,542,-16293,-1060,40,94,49
26,206,2080952,424,-16276,-998,40,74,49
26,207,2080957,375,-16266,-1166,40,49,47
26,208,2080962,259,-16244,-1205,40,27,49
26,209,2080967,276,-16225,-1281,40,13,51
26,210,2080972,370,-16194,-1251,41,1,53
26,211,2080977,386,-16183,-1290,38,-10,51
26,212,2080982,358,-16229,-1464,36,-21,50
26,213,2080987,300,-16282,-1641,39,-26,53
26,214,2080992,297,-16311,-1689,40,-21,53
26,215,2080997,294,-16363,-1585,36,-12,52
26,216,2081002,187,-16429,-1515,36,-11,53
26,217,2081007,91,-16528,-1455,38,-7,50
26,218,2081012,90,-16629,-1539,36,-2,50
26,219,2081017,116,-16746,-1544,32,12,47
26,220,2081022,207,-16844,-1450,32,26,48
26,221,2081027,276,-16872,-1420,28,32,45
26,222,2081032,349,-16897,-1475,27,36,46
26,223,2081037,249,-16841,-1554,27,37,43
26,224,2081042,205,-16795,-1512,26,36,43
26,225,2081047,333,-16780,-1433,25,32,44
26,226,2081052,494,-16713,-1325,26,29,44
26,227,2081057,497,-16627,-1280,23,23,43
26,228,2081062,319,-16566,-1286,24,10,43
26,229,2081067,234,-16465,-1355,25,-8,43
26,230,2081072,246,-16425,-1404,25,-23,46
26,231,2081077,254,-16329,-1353,24,-30,47
26,232,2081082,117,-16233,-1232,23,-37,43
26,233,2081087,-1,-16153,-1316,26,-44,40
26,234,2081092,-26,-16149,-1553,24,-47,41
26,235,2081097,109,-16132,-1602,20,-39,43
26,236,2081102,219,-16173,-1477,17,-28,40
26,237,2081107,177,-16162,-1317,17,-15,36
26,238,2081112,66,-16232,-1358,17,-13,32
26,239,2081117,68,-16238,-1604,17,-7,34
26,240,2081122,171,-16255,-1724,13,9,32
26,241,2081127,269,-16234,-1526,9,22,31
26,242,2081132,248,-16209,-1372,8,25,28
26,243,2081137,196,-16227,-1361,11,15,29
26,244,2081142,264,-16241,-1518,12,11,28
26,245,2081147,242,-16275,-1598,13,9,27
26,246,2081152,167,-16286,-1442,14,7,25
26,247,2081157,157,-16351,-1301,8,2,25
26,248,2081162,214,-16438,-1296,6,-7,26
26,249,2081167,267,-16454,-1456,11,-8,26
26,250,2081172,315,-16597,-1306,8,10,25
26,251,2081177,407,-16675,-1178,6,9,23
26,252,2081182,419,-16739,-1123,5,7,24
26,253,2081187,286,-16727,-1144,5,6,21
26,254,2081192,33,-16694,-1304,6,2,18
26,255,2081197,-123,-16668,-1544,5,-5,16
26,256,2081202,45,-16580,-1574,0,-6,17
26,257,2081207,222,-16528,-1444,-1,0,14
26,258,2081212,334,-16476,-1312,0,9,10
26,259,2081217,268,-16428,-1324,0,11,12
26,260,2081222,141,-16377,-1517,0,7,8
26,261,2081227,115,-16349,-1593,0,9,9
26,262,2081232,98,-16358,-1564,0,15,8
26,263,2081237,136,-16292,-1315,-2,20,5
26,264,2081242,152,-16277,-1251,-3,16,4
26,265,2081247,131,-16342,-1340,-2,7,2
26,266,2081252,174,-16378,-1500,0,5,4
26,267,2081257,229,-16390,-1462,-3,7,5
26,268,2081262,235,-16391,-1346,-5,6,2
26,269,2081267,253,-16400,-1305,-5,1,-1
26,270,2081272,155,-16441,-1301,-4,-6,0
26,271,2081277,151,-16455,-1461,-6,-7,-2
26,272,2081282,192,-16458,-1425,-5,-5,-2
26,273,2081287,185,-16478,-1308,-5,-3,-3
26,274,2081292,237,-16521,-1311,-4,-8,-3
26,275,2081297,216,-16476,-1347,-6,-10,-4
26,276,2081302,124,-16460,-1503,-6,-11,-5
26,277,2081307,7,-16428,-1556,-5,-11,-7
26,278,2081312,36,-16438,-1521,-5,-7,-7
26,279,2081317,77,-16476,-1542,-6,-2,-7
26,280,2081322,142,-16451,-1414,-7,10,-8
26,281,2081327,122,-16396,-1369,-5,20,-10
26,282,2081332,164,-16416,-1494,-5,30,-12
26,283,2081337,220,-16437,-1519,-11,39,-15
26,284,2081342,261,-16440,-1407,-12,50,-13
26,285,2081347,336,-16427,-1160,-11,50,-11
26,286,2081352,347,-16361,-1009,-11,38,-11
26,287,2081357,216,-16295,-1051,-8,19,-10
26,288,2081362,89,-16286,-1229,-8,-2,-10
26,289,2081367,54,-16267,-1323,-8,-20,-6
26,290,2081372,88,-16301,-1220,-10,-41,-3
26,291,2081377,98,-16307,-1127,-11,-57,-6
26,292,2081382,-28,-16309,-1212,-8,-72,-7
26,293,2081387,-73,-16296,-1411,-8,-77,-9
26,294,2081392,-30,-16353,-1649,-9,-65,-11
26,295,2081397,41,-16421,-1721,-12,-44,-9
26,296,2081402,129,-16456,-1559,-13,-26,-12
26,297,2081407,207,-16514,-1399,-14,-8,-12
26,298,2081412,208,-16610,-1328,-13,7,-16
26,299,2081417,215,-16626,-1326,-12,21,-19
26,300,2081422,225,-16609,-1371,-14,32,-16
26,301,2081427,199,-16623,-1334,-12,32,-14
26,302,2081432,183,-16585,-1226,-12,28,-16
26,303,2081437,193,-16567,-1256,-13,17,-18
26,304,2081442,108,-16549,-1311,-15,7,-18
26,305,2081447,57,-16544,-1435,-12,-2,-12
26,306,2081452,135,-16500,-1395,-13,-9,-14
26,307,2081457,186,-16441,-1368,-16,-17,-13
26,308,2081462,151,-16395,-1333,-14,-27,-10
26,309,2081467,42,-16329,-1401,-13,-33,-14
26,310,2081472,16,-16286,-1553,-12,-35,-14
26,311,2081477,47,-16255,-1540,-9,-29,-10
26,312,2081482,137,-16228,-1414,-10,-27,-11
26,313,2081487,93,-16173,-1301,-12,-32,-13
26,314,2081492,65,-16146,-1398,-12,-39,-14
26,315,2081497,11,-16155,-1523,-11,-39,-16
26,316,2081502,58,-16156,-1600,-9,-32,-18
26,317,2081507,159,-16214,-1505,-10,-22,-19
26,318,2081512,190,-16279,-1371,-12,-13,-17
26,319,2081517,150,-16338,-1428,-9,-11,-17
26,320,2081522,179,-16383,-1538,-9,-7,-20
26,321,2081527,169,-16391,-1496,-11,3,-20
26,322,2081532,129,-16410,-1407,-10,6,-17
26,323,2081537,176,-16428,-1351,-8,5,-19
26,324,2081542,143,-16397,-1368,-7,-2,-20
26,325,2081547,160,-16382,-1374,-6,-1,-17
26,326,2081552,200,-16408,-1352,-5,-4,-15
26,327,2081557,299,-16416,-1292,-7,-11,-13
26,328,2081562,283,-16449,-1211,-4,-18,-13
26,329,2081567,188,-16472,-1286,-6,-25,-15
26,330,2081572,85,-16479,-1447,-5,-32,-14
26,331,2081577,78,-16427,-1546,-3,-35,-11
26,332,2081582,94,-16385,-1509,-6,-30,-13
26,333,2081587,145,-16356,-1435,-7,-25,-16
26,334,2081592,60,-16394,-1389,-7,-24,-16
26,335,2081597,52,-16436,-1531,-2,-20,-15
26,336,2081602,55,-16475,-1544,-2,-10,-16
26,337,2081607,61,-16492,-1546,-3,6,-18
26,338,2081612,115,-16548,-1489,-3,18,-20
26,339,2081617,223,-16547,-1433,-2,29,-24
26,340,2081622,281,-16566,-1405,-1,36,-23
26,341,2081627,306,-16559,-1335,-3,39,-22
26,342,2081632,275,-16494,-1242,-4,39,-21
26,343,2081637,189,-16489,-1278,-1,27,-21
26,344,2081642,117,-16452,-1298,0,9,-19
26,345,2081647,223,-16390,-1310,-2,-10,-16
26,346,2081652,371,-16387,-1219,-1,-21,-10
26,347,2081657,371,-16356,-1173,0,-26,-14
26,348,2081662,246,-16349,-1231,-1,-41,-14
26,349,2081667,145,-16329,-1398,1,-50,-11
26,350,2081672,64,-16293,-1570,-1,-54,-11
26,351,2081677,63,-16276,-1578,1,-49,-10
26,352,2081682,35,-16263,-1521,-1,-37,-13
26,353,2081687,-3,-16256,-1541,3,-24,-17
26,354,2081692,20,-16299,-1647,3,-10,-18
26,355,2081697,163,-16394,-1697,4,15,-15
26,356,2081702,256,-16433,-1565,0,33,-20
26,357,2081707,199,-16425,-1402,0,38,-21
26,358,2081712,153,-16413,-1373,5,34,-19
26,359,2081717,168,-16381,-1391,4,29,-18
26,360,2081722,199,-16388,-1434,5,27,-21
26,361,2081727,267,-16355,-1371,6,25,-19
26,362,2081732,318,-16338,-1259,6,17,-18
26,363,2081737,324,-16373,-1234,4,-1,-16
26,364,2081742,276,-16363,-1270,5,-16,-14
26,365,2081747,168,-16407,-1280,7,-26,-12
26,366,2081752,90,-16411,-1311,10,-33,-11
26,367,2081757,138,-16506,-1375,8,-37,-12
26,368,2081762,191,-16536,-1337,6,-37,-9
26,369,2081767,184,-16540,-1307,6,-36,-11
26,370,2081772,83,-16487,-1420,8,-37,-13
26,371,2081777,57,-16480,-1541,9,-35,-11
26,372,2081782,61,-16436,-1615,7,-25,-15
26,373,2081787,112,-16423,-1480,8,-17,-12
26,374,2081792,179,-16356,-1346,6,-12,-12
26,375,2081797,186,-16380,-1345,5,-7,-14
26,376,2081802,188,-16382,-1477,8,-3,-15
26,377,2081807,124,-16355,-1585,11,3,-12
26,378,2081812,129,-16336,-1531,8,8,-14
26,379,2081817,223,-16333,-1449,7,12,-14
26,380,2081822,261,-16325,-1409,7,15,-12
26,381,2081827,290,-16321,-1394,9,17,-13
26,382,2081832,290,-16380,-1371,7,16,-13
26,383,2081837,331,-16441,-1363,7,14,-10
26,384,2081842,322,-16424,-1301,8,11,-10
26,385,2081847,240,-16417,-1316,7,6,-10
26,386,2081852,231,-16393,-1360,8,-2,-9
26,387,2081857,190,-16410,-1445,10,-5,-7
26,388,2081862,256,-16384,-1471,8,-4,-7
26,389,2081867,215,-16432,-1440,9,-3,-5
26,390,2081872,198,-16422,-1310,8,-1,-7
26,391,2081877,174,-16400,-1337,9,-4,-7
26,392,2081882,157,-16440,-1444,11,0,-7
26,393,2081887,141,-16399,-1504,10,5,-6
26,394,2081892,198,-16433,-1374,8,10,-4
26,395,2081897,202,-16419,-1245,7,5,-5
26,396,2081902,182,-16459,-1227,7,2,-4
26,397,2081907,138,-16466,-1314,6,-3,-4
26,398,2081912,130,-16410,-1477,10,-9,-2
26,399,2081917,166,-16340,-1413,7,-12,-2
26,400,2081922,169,-16322,-1383,7,-15,-2
26,401,2081927,130,-16324,-1477,10,-14,-3
26,402,2081932,164,-16313,-1612,9,-7,-4
26,403,2081937,216,-16337,-1632,10,5,-5
26,404,2081942,190,-16304,-1497,10,14,-5
26,405,2081947,190,-16351,-1413,7,19,-6
26,406,2081952,226,-16431,-1401,7,24,-4
26,407,2081957,302,-16441,-1326,7,28,-3
26,408,2081962,296,-16458,-1269,5,29,-3
26,409,2081967,245,-16420,-1167,4,21,-2
26,410,2081972,183,-16417,-1192,6,3,-1
26,411,2081977,187,-16437,-1255,6,-15,-2
26,412,2081982,201,-16391,-1304,9,-24,2
26,413,2081987,220,-16344,-1308,12,-29,2
26,414,2081992,140,-16331,-1422,9,-35,-2
26,415,2081997,141,-16352,-1584,10,-38,0
26,416,2082002,213,-16403,-1580,10,-32,3
26,417,2082007,245,-16388,-1407,9,-19,4
26,418,2082012,115,-16407,-1312,10,-9,-2
26,419,2082017,-18,-16412,-1448,9,-10,-3
26,420,2082022,49,-16349,-1626,10,-8,-1
26,421,2082027,225,-16412,-1593,11,4,0
26,422,2082032,289,-16369,-1382,6,16,-3
26,423,2082037,283,-16261,-1231,4,14,-3
26,424,2082042,234,-16294,-1357,6,6,-2
26,425,2082047,230,-16310,-1492,8,1,-1
26,426,2082052,247,-16367,-1466,11,1,-1
26,427,2082057,257,-16334,-1300,6,-2,-1
26,428,2082062,257,-16337,-1167,6,-11,0
26,429,2082067,184,-16386,-1278,7,-22,1
26,430,2082072,123,-16443,-1407,9,-26,2
26,431,2082077,142,-16438,-1438,11,-19,4
26,432,2082082,178,-16456,-1423,9,-9,4
26,433,2082087,218,-16477,-1372,5,-7,-2
26,434,2082092,216,-16530,-1378,5,-2,-4
26,435,2082097,166,-16535,-1542,6,6,0
26,436,2082102,220,-16583,-1522,7,16,0
26,437,2082107,307,-16575,-1436,6,22,-1
26,438,2082112,300,-16522,-1293,4,22,-3
26,439,2082117,166,-16487,-1215,5,13,-2
26,440,2082122,173,-16465,-1252,7,-6,0
26,441,2082127,222,-16363,-1317,9,-16,3
26,442,2082132,222,-16371,-1259,8,-22,3
26,443,2082137,170,-16330,-1133,8,-39,1
26,444,2082142,125,-16260,-1158,5,-60,3
26,445,2082147,54,-16199,-1339,8,-71,3
26,446,2082152,61,-16276,-1458,9,-68,2
26,447,2082157,71,-16356,-1603,10,-61,2
26,448,2082162,136,-16362,-1493,8,-49,-1
26,449,2082167,86,-16366,-1451,6,-47,-4
26,450,2082172,162,-16421,-1448,6,-42,-1
26,451,2082177,169,-16384,-1490,6,-29,0
26,452,2082182,180,-16405,-1499,7,-17,0
26,453,2082187,235,-16384,-1501,5,-12,-2
26,454,2082192,242,-16415,-1388,3,-11,-4
26,455,2082197,262,-16411,-1367,-1,-10,-3
26,456,2082202,287,-16388,-1311,2,-7,-4
26,457,2082207,234,-16356,-1488,6,-5,-6
26,458,2082212,305,-16362,-1641,8,-2,-2
26,459,2082217,381,-16389,-1521,4,3,1
26,460,2082222,363,-16395,-1325,0,3,1
26,461,2082227,331,-16413,-1235,-1,0,2
26,462,2082232,218,-16417,-1219,2,-4,2
26,463,2082237,147,-16422,-1367,5,-14,-1
26,464,2082242,62,-16389,-1347,5,-21,3
26,465,2082247,86,-16421,-1270,2,-31,7
26,466,2082252,111,-16404,-1265,-1,-39,4
26,467,2082257,127,-16422,-1283,0,-44,3
26,468,2082262,84,-16466,-1437,2,-44,7
26,469,2082267,72,-16465,-1489,3,-42,6
26,470,2082272,71,-16436,-1435,-1,-39,4
26,471,2082277,99,-16362,-1492,-3,-39,4
26,472,2082282,82,-16342,-1501,-3,-25,0
26,473,2082287,166,-16365,-1460,-1,-22,3
26,474,2082292,199,-16346,-1417,-3,-21,6
26,475,2082297,205,-16345,-1401,-2,-22,4
26,476,2082302,178,-16392,-1411,-1,-21,2
26,477,2082307,173,-16348,-1405,-4,-25,4
26,478,2082312,219,-16363,-1417,-5,-22,7
26,479,2082317,278,-16374,-1380,-3,-23,9
26,480,2082322,248,-16415,-1324,-5,-25,9
26,481,2082327,218,-16391,-1383,-2,-23,6
26,482,2082332,206,-16406,-1398,-5,-23,7
26,483,2082337,125,-16411,-1428,-4,-25,11
26,484,2082342,121,-16503,-1392,-5,-24,9
26,485,2082347,114,-16536,-1300,-5,-17,9
26,486,2082352,65,-16498,-1309,-4,-12,10
26,487,2082357,-28,-16468,-1444,-2,-12,11
26,488,2082362,-14,-16447,-1603,-3,-14,8
26,489,2082367,83,-16367,-1530,-6,-7,10
26,490,2082372,138,-16291,-1394,-8,-1,8
26,491,2082377,145,-16281,-1354,-7,-1,6
26,492,2082382,143,-16225,-1454,-5,-2,5
26,493,2082387,148,-16205,-1624,-3,7,6
26,494,2082392,220,-16230,-1580,-5,14,9
26,495,2082397,259,-16185,-1404,-3,20,11
26,496,2082402,190,-16144,-1335,-3,18,10
26,497,2082407,201,-16212,-1425,-3,16,10
26,498,2082412,266,-16257,-1470,-5,22,10
26,499,2082417,280,-16271,-1365,-6,31,10
26,500,2082422,202,-16278,-1127,-4,27,13
26,501,2082427,47,-16335,-966,-5,9,10
26,502,2082432,-46,-16445,-1073,-3,-6,12
26,503,2082437,-5,-16532,-1214,-4,-9,12
26,504,2082442,113,-16582,-1301,-5,-2,12
26,505,2082447,202,-16637,-1253,-4,3,11
26,506,2082452,212,-16643,-1208,-3,-1,10
26,507,2082457,226,-16658,-1332,-2,-11,12
26,508,2082462,176,-16619,-1445,-3,-11,13
26,509,2082467,89,-16617,-1572,0,0,13
26,510,2082472,97,-16610,-1580,0,11,13
26,511,2082477,131,-16529,-1550,2,11,16
26,512,2082482,241,-16471,-1563,0,10,16
26,513,2082487,267,-16421,-1499,1,11,15
26,514,2082492,153,-16376,-1514,4,12,15
26,515,2082497,78,-16288,-1508,4,15,18
26,516,2082502,119,-16259,-1683,7,16,19
26,517,2082507,248,-16248,-1561,7,23,22
26,518,2082512,282,-16233,-1350,5,29,26
26,519,2082517,202,-16274,-1074,1,30,24
26,520,2082522,102,-16382,-1005,3,19,27
26,521,2082527,-16,-16487,-1134,4,14,28
26,522,2082532,6,-16478,-1233,3,16,34
26,523,2082537,92,-16478,-1162,-1,18,38
26,524,2082542,134,-16585,-969,-5,10,39
26,525,2082547,6,-16641,-918,-7,-14,45
26,526,2082552,-170,-16688,-1129,-3,-37,47
26,527,2082557,-280,-16712,-1449,-3,-48,54
26,528,2082562,-258,-16687,-1628,-2,-42,59
26,529,2082567,-113,-16543,-1625,-8,-35,63
26,530,2082572,55,-16378,-1574,-12,-34,70
26,531,2082577,172,-16272,-1555,-10,-36,79
26,532,2082582,125,-16193,-1559,-7,-37,84
26,533,2082587,9,-16143,-1526,-9,-43,90
26,534,2082592,22,-16096,-1471,-10,-51,102
26,535,2082597,-36,-16028,-1318,-14,-60,111
26,536,2082602,-238,-15952,-1312,-17,-76,121
26,537,2082607,-414,-15901,-1528,-15,-97,132
26,538,2082612,-228,-15859,-1635,-16,-106,145
26,539,2082617,26,-15863,-1380,-23,-105,157
26,540,2082622,-52,-15942,-954,-30,-111,166
26,541,2082627,-316,-16009,-940,-33,-138,175
26,542,2082632,-406,-16035,-1262,-33,-163,191
26,543,2082637,-320,-16055,-1509,-40,-166,208
26,544,2082642,-431,-16056,-1242,-48,-162,223
26,545,2082647,-1094,-15897,-1358,-51,-214,243
26,546,2082652,-1190,-15991,-1900,-55,-231,259
26,547,2082657,-1074,-16015,-1847,-61,-219,274
26,548,2082662,-1033,-16019,-1766,-63,-212,286
26,549,2082667,-1128,-16021,-1702,-68,-210,291
26,550,2082672,-1186,-16051,-1896,-71,-215,306
26,551,2082677,-994,-16083,-2334,-73,-209,324
26,552,2082682,-783,-16099,-2074,-79,-176,338
26,553,2082687,-788,-16159,-1601,-85,-162,351
26,554,2082692,-1048,-16188,-1534,-91,-175,361
26,555,2082697,-1069,-16260,-1749,-87,-193,378
26,556,2082702,-982,-16305,-1906,-94,-202,398
26,557,2082707,-1044,-16482,-1673,-97,-200,413
26,558,2082712,-1425,-16595,-1231,-103,-214,423
26,559,2082717,-2029,-16717,-1290,-106,-250,433
26,560,2082722,-2122,-16882,-1997,-103,-275,450
26,561,2082727,-1737,-17002,-2436,-105,-245,466
26,562,2082732,-1462,-16983,-2219,-116,-182,473
26,563,2082737,-1709,-16934,-1872,-117,-138,475
26,564,2082742,-2093,-16922,-2166,-120,-122,477
26,565,2082747,-2031,-16937,-2768,-123,-91,487
26,566,2082752,-1726,-16939,-2929,-126,-22,495
26,567,2082757,-1619,-16869,-2384,-133,51,503
26,568,2082762,-1694,-16719,-1882,-135,84,506
26,569,2082767,-1557,-16630,-1768,-133,78,516
26,570,2082772,-1414,-16509,-1675,-132,75,522
26,571,2082777,-1548,-16435,-1365,-129,66,526
26,572,2082782,-1888,-16371,-1351,-125,32,530
26,573,2082787,-2003,-16408,-1463,-122,-9,538
26,574,2082792,-1737,-16482,-1863,-117,-48,547
26,575,2082797,-1536,-16591,-1817,-115,-55,549
26,576,2082802,-1504,-16627,-1502,-113,-62,550
26,577,2082807,-1508,-16664,-1402,-112,-85,551
26,578,2082812,-1575,-16720,-1579,-107,-103,551
26,579,2082817,-1631,-16794,-1884,-100,-102,553
26,580,2082822,-1795,-16879,-2077,-95,-82,551
26,581,2082827,-1527,-16967,-1946,-94,-63,545
26,582,2082832,-1249,-16807,-1427,-96,-51,536
26,583,2082837,-2398,-16529,-1343,-90,-64,529
26,584,2082842,-1136,-16968,-3001,-70,-92,549
26,585,2082847,-968,-16414,-933,-84,46,536
26,586,2082852,-167,-16390,-718,-72,55,508
26,587,2082857,-1453,-16246,-959,-73,-7,491
26,588,2082862,-2376,-16159,-493,-60,-85,489
26,589,2082867,-3665,-15900,-1789,-57,-150,498
26,590,2082872,-732,-16179,-3623,-34,-100,521
26,591,2082877,68,-16202,-515,-61,137,476
26,592,2082882,-2196,-16026,688,-38,129,426
26,593,2082887,-1875,-16231,-1477,-33,-68,409
26,594,2082892,-2411,-16370,-1196,-21,-132,414
26,595,2082897,1132,-16965,-364,-19,-194,405
26,596,2082902,7056,-17942,2273,-5,-314,353
26,597,2082907,11473,-17854,4197,-9,-784,157
26,598,2082912,1075,-16014,1219,-28,-1600,-39
26,599,2082917,-7623,-17099,-7508,-47,-2160,-41
26,600,2082922,-3153,-15604,-12947,-65,-1595,21
26,601,2082927,5479,-15704,-17346,-88,-182,-33
26,602,2082932,-124,-15575,-6415,-115,1528,-179
26,603,2082937,-6494,-15341,4365,-148,1979,-257
26,604,2082960,-3753,-15705,5420,-65,816,-269
26,605,2082961,-3753,-15705,5420,-65,816,-269
26,606,2082963,-3753,-15705,5420,-65,816,-269
26,607,2082964,-1675,-16173,339,-28,206,-214
26,608,2082965,-1675,-16173,339,-28,206,-214
26,609,2082967,-1675,-16173,339,-28,206,-214
26,610,2082972,1224,-16252,-2318,-21,-150,-204
26,611,2082977,1014,-15857,-307,-35,-272,-240
26,612,2082982,-1872,-15637,2142,-21,-397,-263
26,613,2082987,-1970,-15998,-1082,22,-578,-239
26,614,2082992,81,-16572,-4493,41,-537,-225
26,615,2082997,609,-16706,-4658,30,-323,-256
26,616,2083002,-1085,-16530,-1707,6,-147,-310
26,617,2083007,-2733,-16243,-670,-2,-105,-335
26,618,2083012,-1902,-16548,-3231,7,-30,-338
26,619,2083017,-1287,-16521,-1737,19,477,-389
26,620,2083022,-2195,-16293,303,12,438,-418
26,621,2083027,-2216,-16168,-254,22,244,-431
26,622,2083032,-1206,-16106,-2182,43,145,-437
26,623,2083037,-757,-15995,-2733,63,201,-457
26,624,2083042,-1253,-15859,-1516,72,258,-478
26,625,2083047,-1501,-15857,-1081,80,174,-488
26,626,2083052,-970,-16050,-2329,92,50,-495
26,627,2083057,-194,-16154,-3039,102,45,-509
26,628,2083062,-36,-16200,-2243,110,131,-524
26,629,2083067,-250,-16283,-1070,122,194,-540
26,630,2083072,-246,-16570,-1214,135,187,-550
26,631,2083077,17,-16758,-1696,139,181,-561
26,632,2083082,-4,-16809,-1599,142,209,-575
26,633,2083087,-450,-16721,-648,147,225,-592
26,634,2083092,-924,-16582,-150,158,185,-605
26,635,2083097,-798,-16572,-1037,172,124,-613
26,636,2083102,-281,-16604,-1543,182,111,-619
26,637,2083107,220,-16673,-1260,181,118,-632
26,638,2083112,343,-16619,-459,181,115,-650
26,639,2083117,8,-16637,-382,190,79,-662
26,640,2083122,-454,-16748,-1276,205,45,-674
26,641,2083127,-680,-16667,-1918,215,52,-685
26,642,2083132,-588,-16635,-1962,218,81,-690
26,643,2083137,-341,-16705,-1656,218,111,-707
26,644,2083142,-7,-16838,-1628,223,132,-721
26,645,2083147,376,-16891,-1873,230,172,-727
26,646,2083152,894,-16852,-1675,233,227,-738
26,647,2083157,997,-16754,-1009,231,264,-749
26,648,2083162,800,-16656,-376,237,252,-754
26,649,2083167,596,-16507,-347,243,204,-763
26,650,2083172,442,-16375,-515,254,160,-767
26,651,2083177,342,-16171,-655,267,121,-771
26,652,2083182,348,-16107,-916,274,79,-777
26,653,2083187,639,-16128,-1008,278,42,-782
26,654,2083192,823,-16197,-956,279,12,-788
26,655,2083197,609,-16435,-840,285,-15,-794
26,656,2083202,151,-16677,-992,291,-32,-800
26,657,2083207,-57,-16777,-1281,298,-30,-808
26,658,2083212,44,-16765,-1452,299,-5,-819
26,659,2083217,273,-16851,-1552,297,39,-830
26,660,2083222,414,-17026,-1547,295,84,-837
26,661,2083227,800,-17104,-1376,294,127,-841
26,662,2083232,1379,-16872,-1159,287,158,-839
26,663,2083237,1573,-16542,-757,286,187,-850
26,664,2083242,1211,-16228,-738,290,189,-861
26,665,2083247,784,-15944,-1059,298,162,-865
26,666,2083252,675,-15711,-1287,299,133,-860
26,667,2083257,873,-15537,-1423,302,125,-856
26,668,2083262,1130,-15490,-999,304,123,-857
26,669,2083267,1180,-15600,-894,304,110,-862
26,670,2083272,1020,-15791,-1142,305,94,-865
26,671,2083277,1043,-16024,-1510,308,93,-862
26,672,2083282,1357,-16191,-1669,305,118,-861
26,673,2083287,5076,-19316,-532,299,167,-862
26,674,2083292,9472,-21038,12021,253,-57,-900
26,675,2083297,-30352,-17142,32767,262,-2034,-324
26,676,2083302,-29608,-17045,-7049,744,-8623,491
26,677,2083307,9706,-21241,-32768,185,-12147,989
26,678,2083312,32767,-17008,-32088,-349,-8527,174
26,679,2083317,1446,-12913,-15570,-576,-2597,-466
26,680,2083322,-27878,-11401,-9800,-436,298,-507
26,681,2083327,-9122,-16954,-32768,-180,2388,-26
26,682,2083332,18608,-19557,-30238,-299,6260,-8
26,683,2083337,15004,-16636,-5230,-613,8098,-518
26,684,2083342,-13334,-13567,27251,-741,7678,-771
26,685,2083347,-18970,-11289,30697,-626,5017,-545
26,686,2083352,-12576,-12982,29162,-299,1761,-3
26,687,2083357,7437,-16685,4710,18,-1403,404
26,688,2083362,20009,-18650,-20561,-121,-1873,243
26,689,2083367,4792,-17660,-4104,-355,-1021,-85
26,690,2083372,-12099,-15152,3815,-392,-1145,-85
26,691,2083377,-5349,-16498,-680,-293,-1000,154
26,692,2083382,10334,-18022,-13439,-180,-131,243
26,693,2083387,-2688,-16986,5456,-320,1590,-121
26,694,2083392,-8416,-16071,6357,-370,650,-63
26,695,2083397,1194,-16322,-1794,-321,66,99
26,696,2083402,11181,-16967,-9044,-244,442,123
26,697,2083407,5403,-16718,-714,-237,1259,-10
26,698,2083412,-4810,-16190,8185,-273,1132,-67
26,699,2083417,-4606,-16525,4293,-244,115,51
26,700,2083422,4027,-16909,-3432,-214,-531,149
26,701,2083427,7435,-16867,-3749,-195,-314,104
26,702,2083432,1091,-16356,2611,-201,86,5
26,703,2083437,-3638,-16385,3056,-183,-75,18
26,704,2083442,-323,-16706,-3406,-162,-454,106
26,705,2083447,4784,-16886,-6979,-175,-414,124
26,706,2083452,4075,-16238,-2434,-216,-28,47
26,707,2083457,-252,-15671,2481,-209,122,-1
26,708,2083462,-1154,-15870,-610,-170,-42,37
26,709,2083467,2264,-16417,-6037,-147,-31,83
26,710,2083472,4315,-16483,-5190,-160,267,71
26,711,2083477,2301,-16023,1097,-196,457,21
26,712,2083482,-100,-15726,3828,-193,239,10
26,713,2083487,580,-15979,-397,-151,-81,51
26,714,2083492,2611,-16316,-4037,-122,-65,77
26,715,2083497,2412,-16248,-1878,-126,135,60
26,716,2083502,611,-15966,1616,-141,104,38
26,717,2083507,226,-15944,1134,-139,-164,48
26,718,2083512,1730,-16041,-2256,-117,-324,71
26,719,2083517,2511,-16078,-3703,-96,-191,73
26,720,2083522,1599,-15907,-1708,-95,2,53
26,721,2083527,632,-15823,-306,-100,-16,49
26,722,2083532,1126,-15830,-1631,-98,-140,62
26,723,2083537,2114,-15895,-3118,-92,-130,62
26,724,2083542,1887,-15902,-2558,-85,18,52
26,725,2083547,937,-15883,-1027,-73,109,46
26,726,2083552,759,-15978,-889,-69,60,51
26,727,2083557,1464,-16145,-1998,-67,-4,58
26,728,2083562,1847,-16313,-1960,-68,21,51
26,729,2083567,1461,-16462,-967,-63,70,44
26,730,2083572,967,-16530,-542,-54,52,47
26,731,2083577,1164,-16638,-1305,-40,-3,52
26,732,2083582,1550,-16678,-2064,-33,-15,54
26,733,2083587,1478,-16595,-1640,-34,11,47
26,734,2083592,1230,-16465,-986,-31,16,45
26,735,2083597,1279,-16443,-1235,-23,-6,48
26,736,2083602,1614,-16486,-2000,-12,-4,52
26,737,2083607,1733,-16409,-2131,-5,33,51
26,738,2083612,1500,-16276,-1652,-3,52,51
26,739,2083617,1342,-16167,-1376,3,28,51
26,740,2083622,1507,-16162,-1720,16,6,56
26,741,2083627,1616,-16155,-1928,27,23,58
26,742,2083632,1422,-16078,-1750,33,45,57
26,743,2083637,1157,-16043,-1535,35,38,56
26,744,2083642,1211,-16085,-1566,40,7,61
26,745,2083647,1467,-16129,-1566,44,3,65
26,746,2083652,1463,-16133,-1368,44,21,62
26,747,2083657,1194,-16133,-1329,51,25,56
26,748,2083662,990,-16220,-1592,58,7,60
26,749,2083667,1247,-16286,-1861,60,-9,65
26,750,2083672,1515,-16338,-1627,62,2,65
26,751,2083677,1469,-16335,-1208,58,12,61
26,752,2083682,1171,-16355,-1210,68,6,61
26,753,2083687,1023,-16483,-1691,74,-1,62
26,754,2083692,1182,-16484,-2000,75,5,63
26,755,2083697,1370,-16514,-1695,74,22,65
26,756,2083702,1346,-16423,-1340,73,28,61
26,757,2083707,1284,-16395,-1458,79,12,64
26,758,2083712,1307,-16380,-1857,86,12,68
26,759,2083717,1337,-16341,-2031,89,29,69
26,760,2083722,1317,-16321,-1793,91,41,69
26,761,2083727,1338,-16253,-1531,90,40,70
26,762,2083732,1360,-16212,-1612,94,32,73
26,763,2083737,1324,-16131,-1761,101,36,70
26,764,2083742,1207,-16096,-1721,105,47,68
26,765,2083747,1120,-16117,-1638,107,47,74
26,766,2083752,1219,-16231,-1411,108,31,75
26,767,2083757,1157,-16344,-1371,110,28,76
26,768,2083762,1135,-16465,-1489,113,30,78
26,769,2083767,1329,-16525,-1564,115,36,80
26,770,2083772,1488,-16515,-1466,114,44,84
26,771,2083777,1437,-16376,-1324,116,42,83
26,772,2083782,1207,-16263,-1337,118,31,81
26,773,2083787,1079,-16239,-1608,121,19,84
26,774,2083792,1158,-16235,-1792,123,18,87
26,775,2083797,1266,-16171,-1721,123,26,89
26,776,2083802,1177,-16165,-1545,125,28,88
26,777,2083807,1022,-16169,-1581,127,19,89
26,778,2083812,1044,-16210,-1752,127,17,90
26,779,2083817,1086,-16227,-1791,128,30,92
26,780,2083822,1096,-16202,-1639,127,45,92
26,781,2083827,973,-16152,-1476,125,42,88
26,782,2083832,876,-16215,-1493,123,31,85
26,783,2083837,930,-16317,-1711,127,30,88
26,784,2083842,1020,-16360,-1660,127,46,88
26,785,2083847,1153,-16404,-1471,125,64,88
26,786,2083852,1104,-16463,-1408,122,66,87
26,787,2083857,1112,-16480,-1499,122,59,85
26,788,2083862,1175,-16495,-1664,123,58,88
26,789,2083867,1314,-16485,-1562,118,67,89
26,790,2083872,1375,-16535,-1322,116,74,89
26,791,2083877,1344,-16539,-1192,115,68,89
26,792,2083882,1159,-16474,-1278,115,53,91
26,793,2083887,1072,-16386,-1467,114,38,93
26,794,2083892,1008,-16298,-1553,114,32,95
26,795,2083897,1059,-16282,-1422,113,33,94
26,796,2083902,1044,-16303,-1394,115,29,91
26,797,2083907,1047,-16277,-1516,116,26,92
26,798,2083912,1070,-16250,-1595,116,26,92
26,799,2083917,1076,-16256,-1584,115,33,93
26,800,2083922,1058,-16226,-1548,112,39,93
26,801,2083927,970,-16239,-1458,111,43,90
26,802,2083932,895,-16247,-1557,110,43,90
26,803,2083937,898,-16234,-1687,110,52,89
26,804,2083942,892,-16263,-1602,108,66,90
26,805,2083947,876,-16303,-1564,109,75,89
26,806,2083952,926,-16306,-1554,106,85,85
26,807,2083957,958,-16356,-1534,101,97,84
26,808,2083962,936,-16444,-1500,103,109,83
26,809,2083967,1000,-16458,-1447,100,117,80
26,810,2083972,1091,-16450,-1378,95,115,82
26,811,2083977,1111,-16490,-1235,95,116,82
26,812,2083982,1080,-16497,-1022,92,106,80
26,813,2083987,973,-16529,-950,88,91,79
26,814,2083992,945,-16560,-1072,92,71,80
26,815,2083997,1079,-16613,-1174,89,62,82
26,816,2084002,1081,-16704,-990,85,54,80
26,817,2084007,973,-16688,-888,83,36,77
26,818,2084012,889,-16694,-915,79,15,75
26,819,2084017,898,-16691,-1249,80,4,77
26,820,2084022,998,-16710,-1547,80,14,77
26,821,2084027,1004,-16701,-1403,75,27,76
26,822,2084032,900,-16610,-1206,68,25,73
26,823,2084037,837,-16621,-1183,68,9,70
26,824,2084042,818,-16587,-1331,68,11,72
26,825,2084047,870,-16506,-1417,68,23,70
26,826,2084052,905,-16407,-1302,68,31,67
26,827,2084057,872,-16385,-1239,64,29,64
26,828,2084062,901,-16359,-1406,62,18,63
26,829,2084067,923,-16359,-1514,60,23,64
26,830,2084072,926,-16379,-1382,60,31,62
26,831,2084077,882,-16382,-1219,57,40,58
26,832,2084082,810,-16368,-1109,53,33,57
26,833,2084087,856,-16372,-1134,52,27,57
26,834,2084092,906,-16413,-1202,49,28,54
26,835,2084097,894,-16473,-1181,45,31,53
26,836,2084102,847,-16448,-1050,46,26,51
26,837,2084107,805,-16395,-977,38,14,48
26,838,2084112,804,-16365,-1099,38,1,49
26,839,2084117,801,-16428,-1174,37,-5,48
26,840,2084122,874,-16550,-995,31,-1,46
26,841,2084127,910,-16550,-938,26,-4,45
26,842,2084132,948,-16576,-1029,24,-7,41
26,843,2084137,949,-16626,-1192,20,-1,40
26,844,2084142,866,-16577,-1237,20,9,38
26,845,2084147,826,-16529,-1240,16,17,37
26,846,2084152,904,-16492,-1301,11,19,36
26,847,2084157,935,-16395,-1334,10,27,31
26,848,2084162,836,-16383,-1269,7,32,29
26,849,2084167,712,-16344,-1324,7,31,26
26,850,2084172,757,-16246,-1388,3,32,25
26,851,2084177,897,-16248,-1329,2,40,27
26,852,2084182,912,-16259,-1176,-1,45,24
26,853,2084187,893,-16254,-926,0,41,21
26,854,2084192,811,-16312,-1011,-1,30,18
26,855,2084197,806,-16386,-1158,1,20,17
26,856,2084202,884,-16460,-1051,-3,15,19
26,857,2084207,966,-16506,-967,-8,15,18
26,858,2084212,910,-16501,-843,-8,10,15
26,859,2084217,839,-16501,-937,-10,-7,15
26,860,2084222,768,-16508,-1133,-13,-19,15
26,861,2084227,821,-16529,-1149,-15,-19,12
26,862,2084232,827,-16516,-1091,-17,-18,11
26,863,2084237,802,-16511,-1004,-20,-16,9
26,864,2084242,708,-16529,-1126,-23,-18,6
26,865,2084247,710,-16537,-1356,-20,-16,5
26,866,2084252,777,-16551,-1387,-22,-1,3
26,867,2084257,887,-16489,-1335,-27,19,-2
26,868,2084262,913,-16489,-1200,-31,32,-5
26,869,2084267,851,-16493,-1152,-30,33,-7
26,870,2084272,748,-16491,-1095,-30,29,-6
26,871,2084277,608,-16478,-1085,-31,17,-8
26,872,2084282,664,-16405,-1063,-33,5,-5
26,873,2084287,820,-16320,-1076,-31,-2,-7
26,874,2084292,815,-16308,-1048,-32,-14,-11
26,875,2084297,778,-16244,-1114,-34,-27,-15
26,876,2084302,772,-16256,-1265,-35,-35,-15
26,877,2084307,841,-16292,-1303,-33,-34,-12
26,878,2084312,934,-16391,-1239,-36,-21,-13
26,879,2084317,1006,-16471,-1143,-37,-8,-16
26,880,2084322,873,-16536,-953,-40,-6,-20
26,881,2084327,691,-16577,-931,-42,-11,-19
26,882,2084332,668,-16603,-1075,-41,-15,-20
26,883,2084337,718,-16617,-1134,-41,-15,-20
26,884,2084342,761,-16604,-1047,-43,-19,-20
26,885,2084347,750,-16514,-975,-45,-26,-23
26,886,2084352,712,-16408,-1084,-47,-39,-23
26,887,2084357,761,-16353,-1247,-43,-53,-24
26,888,2084362,727,-16333,-1412,-43,-45,-25
26,889,2084367,704,-16286,-1373,-44,-27,-28
26,890,2084372,689,-16239,-1363,-47,-18,-29
26,891,2084377,673,-16184,-1368,-49,-15,-35
26,892,2084382,702,-16157,-1405,-49,-3,-33
26,893,2084387,913,-16218,-1375,-48,11,-31
26,894,2084392,963,-16258,-1192,-49,27,-34
26,895,2084397,914,-16255,-1029,-50,27,-33
26,896,2084402,771,-16235,-963,-50,7,-36
26,897,2084407,704,-16268,-1030,-47,-12,-35
26,898,2084412,737,-16274,-1099,-49,-28,-31
26,899,2084417,801,-16332,-1004,-50,-37,-29
26,900,2084422,796,-16461,-919,-48,-44,-30
26,901,2084427,694,-16557,-960,-47,-56,-34
26,902,2084432,543,-16574,-1124,-46,-71,-35
26,903,2084437,551,-16590,-1428,-44,-67,-34
26,904,2084442,729,-16649,-1506,-50,-39,-35
26,905,2084447,918,-16710,-1442,-52,-9,-36
26,906,2084452,944,-16637,-1258,-50,10,-35
26,907,2084457,787,-16609,-1249,-52,23,-37
26,908,2084462,715,-16529,-1343,-51,33,-39
26,909,2084467,668,-16396,-1411,-52,44,-41
26,910,2084472,708,-16296,-1366,-50,54,-39
26,911,2084477,705,-16191,-1256,-48,55,-39
26,912,2084482,781,-16156,-1283,-48,38,-37
26,913,2084487,833,-16182,-1259,-46,24,-36
26,914,2084492,957,-16229,-1043,-46,16,-35
26,915,2084497,883,-16263,-998,-47,6,-37
26,916,2084502,801,-16318,-1067,-46,-12,-37
26,917,2084507,725,-16353,-1149,-41,-28,-32
26,918,2084512,731,-16411,-1170,-41,-35,-32
26,919,2084517,781,-16475,-1138,-44,-35,-30
26,920,2084522,792,-16503,-1113,-42,-34,-30
26,921,2084527,807,-16499,-1158,-41,-34,-31
26,922,2084532,772,-16530,-1279,-40,-37,-31
26,923,2084537,691,-16519,-1302,-36,-36,-29
26,924,2084542,764,-16492,-1331,-38,-27,-31
26,925,2084547,840,-16471,-1305,-40,-13,-33
26,926,2084552,889,-16429,-1305,-37,-2,-31
26,927,2084557,844,-16409,-1404,-36,7,-30
26,928,2084562,830,-16418,-1474,-32,17,-30
26,929,2084567,842,-16386,-1374,-34,25,-30
26,930,2084572,910,-16378,-1204,-35,30,-29
26,931,2084577,971,-16372,-946,-37,27,-28
26,932,2084582,912,-16417,-837,-33,13,-25
26,933,2084587,886,-16455,-971,-27,-2,-25
26,934,2084592,870,-16496,-1134,-26,-19,-22
26,935,2084597,821,-16437,-1190,-26,-35,-20
26,936,2084602,842,-16315,-1122,-29,-47,-21
26,937,2084607,809,-16211,-1151,-28,-65,-21
26,938,2084612,727,-16233,-1401,-23,-78,-15
26,939,2084617,725,-16286,-1487,-21,-79,-15
26,940,2084622,793,-16335,-1492,-19,-74,-16
26,941,2084627,789,-16338,-1360,-20,-64,-15
26,942,2084632,720,-16305,-1332,-20,-54,-16
26,943,2084637,660,-16306,-1493,-16,-41,-17
26,944,2084642,604,-16341,-1618,-12,-20,-18
26,945,2084647,696,-16404,-1465,-14,5,-18
26,946,2084652,833,-16457,-1278,-18,22,-16
26,947,2084657,983,-16485,-1199,-15,27,-17
26,948,2084662,990,-16496,-1236,-13,33,-19
26,949,2084667,894,-16424,-1269,-11,31,-17
26,950,2084672,841,-16449,-1267,-8,24,-14
26,951,2084677,904,-16468,-1199,-9,9,-14
26,952,2084682,999,-16466,-1054,-9,-5,-10
26,953,2084687,937,-16414,-1029,-6,-16,-8
26,954,2084692,770,-16380,-1210,-1,-26,-8
26,955,2084697,687,-16386,-1433,1,-31,-3
26,956,2084702,692,-16380,-1487,2,-27,-2
26,957,2084707,845,-16294,-1329,-1,-18,-2
26,958,2084712,893,-16271,-1258,-3,-9,-5
26,959,2084717,803,-16249,-1323,-1,1,-5
26,960,2084722,722,-16223,-1481,3,8,-5
26,961,2084727,641,-16176,-1477,6,12,-3
26,962,2084732,711,-16216,-1316,5,13,0
26,963,2084737,795,-16228,-1093,4,10,1
26,964,2084742,802,-16245,-1077,5,1,-2
26,965,2084747,739,-16320,-1297,10,0,-3
26,966,2084752,783,-16393,-1483,14,-3,1
26,967,2084757,903,-16476,-1437,12,-3,4
26,968,2084762,978,-16450,-1212,11,2,4
26,969,2084767,1040,-16444,-1114,13,3,4
26,970,2084772,925,-16490,-1204,16,2,4
26,971,2084777,851,-16477,-1350,16,3,6
26,972,2084782,876,-16452,-1398,18,4,8
26,973,2084787,941,-16443,-1248,17,3,11
26,974,2084792,874,-16377,-1032,19,-3,11
26,975,2084797,780,-16398,-1120,20,-14,12
26,976,2084802,717,-16419,-1244,22,-18,13
26,977,2084807,723,-16444,-1335,23,-14,12
26,978,2084812,748,-16409,-1294,23,-8,11
26,979,2084817,740,-16376,-1290,24,-6,12
26,980,2084822,682,-16353,-1308,23,-2,12
26,981,2084827,678,-16323,-1375,26,3,11
26,982,2084832,708,-16376,-1502,28,9,13
26,983,2084837,818,-16404,-1428,28,22,12
26,984,2084842,927,-16377,-1274,26,26,11
26,985,2084847,924,-16395,-1221,27,30,9
26,986,2084852,880,-16441,-1178,30,26,11
26,987,2084857,821,-16477,-1222,32,16,14
26,988,2084862,880,-16410,-1179,30,0,17
26,989,2084867,874,-16413,-1187,33,-8,17
26,990,2084872,862,-16383,-1238,34,-17,19
26,991,2084877,908,-16356,-1217,34,-25,20
26,992,2084882,826,-16361,-1227,38,-30,23
26,993,2084887,730,-16343,-1201,39,-32,22
26,994,2084892,699,-16334,-1156,36,-33,20
26,995,2084897,729,-16393,-1244,34,-32,24
26,996,2084902,743,-16405,-1302,35,-24,19
26,997,2084907,665,-16388,-1353,37,-10,17
26,998,2084912,653,-16336,-1429,35,-3,19
26,999,2084917,713,-16323,-1476,34,2,19
27,0,2089422,511,-16344,58,127,-98,-7
27,1,2089427,595,-16435,53,126,-100,-1
27,2,2089432,686,-16541,50,130,-100,-1
27,3,2089437,764,-16554,4,131,-97,-8
27,4,2089442,732,-16579,46,131,-101,-8
27,5,2089447,722,-16527,30,132,-102,-7
27,6,2089452,739,-16517,36,131,-90,-5
27,7,2089457,853,-16553,-41,131,-75,-5
27,8,2089462,836,-16531,-93,133,-57,-6
27,9,2089467,749,-16511,-194,132,-44,-10
27,10,2089472,767,-16541,-358,131,-28,-12
27,11,2089477,865,-16559,-399,127,-7,-10
27,12,2089482,900,-16454,-189,125,20,-11
27,13,2089487,964,-16339,60,126,34,-15
27,14,2089492,881,-16299,-23,128,34,-16
27,15,2089497,914,-16367,-207,131,35,-13
27,16,2089502,984,-16401,-176,131,35,-8
27,17,2089507,1032,-16468,115,127,31,-7
27,18,2089512,965,-16519,292,126,15,-9
27,19,2089517,831,-16484,310,128,-8,-11
27,20,2089522,717,-16491,88,133,-24,-8
27,21,2089527,725,-16552,135,132,-32,-1
27,22,2089532,744,-16603,204,131,-40,-3
27,23,2089537,839,-16640,334,131,-48,-3
27,24,2089542,809,-16632,214,132,-56,-4
27,25,2089547,696,-16670,206,130,-50,-6
27,26,2089552,637,-16640,142,127,-44,-5
27,27,2089557,652,-16690,169,127,-34,-4
27,28,2089562,666,-16694,69,126,-22,-8
27,29,2089567,690,-16761,-51,124,-9,-7
27,30,2089572,816,-16841,-104,122,2,-9
27,31,2089577,1081,-16919,-98,120,16,-6
27,32,2089582,1351,-16915,-92,121,29,-4
27,33,2089587,1435,-16937,79,118,36,-3
27,34,2089592,1368,-16924,59,119,32,1
27,35,2089597,1446,-16821,90,120,20,5
27,36,2089602,1502,-16699,137,120,7,8
27,37,2089607,1491,-16610,222,121,-6,15
27,38,2089612,1374,-16572,305,122,-24,20
27,39,2089617,1263,-16455,562,121,-50,24
27,40,2089622,964,-16365,586,123,-85,29
27,41,2089627,773,-16307,731,122,-114,30
27,42,2089632,596,-16278,609,119,-137,33
27,43,2089637,455,-16304,591,119,-155,37
27,44,2089642,262,-16185,762,115,-166,33
27,45,2089647,85,-16112,694,112,-186,31
27,46,2089652,-124,-15996,207,107,-182,27
27,47,2089657,-218,-15963,41,104,-169,22
27,48,2089662,-198,-15874,-148,101,-156,21
27,49,2089667,-178,-15750,-9,96,-136,16
27,50,2089672,-183,-15781,-194,93,-117,12
27,51,2089677,45,-15943,-364,91,-78,8
27,52,2089682,279,-16382,-510,91,-25,6
27,53,2089687,386,-16735,-1524,87,45,4
27,54,2089692,-55,-17012,-2180,69,163,10
27,55,2089697,-255,-16939,-2209,33,286,21
27,56,2089702,1,-16411,-476,0,378,33
27,57,2089707,421,-15891,1709,-14,359,39
27,58,2089712,761,-15788,2550,-2,238,36
27,59,2089717,845,-16174,2003,22,81,45
27,60,2089722,781,-16588,753,36,-53,60
27,61,2089727,747,-16714,541,28,-135,66
27,62,2089732,707,-16593,928,17,-199,70
27,63,2089737,727,-16505,901,17,-244,71
27,64,2089742,562,-16435,351,22,-247,68
27,65,2089747,405,-16530,-241,24,-211,68
27,66,2089752,320,-16543,-445,20,-157,69
27,67,2089757,359,-16514,-346,9,-108,65
27,68,2089762,394,-16484,-32,-1,-58,62
27,69,2089767,437,-16527,146,-4,3,57
27,70,2089772,452,-16557,108,-4,64,56
27,71,2089777,475,-16567,-55,-2,110,55
27,72,2089782,535,-16542,28,-6,136,53
27,73,2089787,610,-16419,318,-13,141,47
27,74,2089792,685,-16325,558,-19,122,50
27,75,2089797,660,-16261,677,-19,94,53
27,76,2089802,547,-16195,532,-14,65,53
27,77,2089807,530,-16173,382,-9,34,55
27,78,2089812,457,-16071,356,-13,-2,58
27,79,2089817,460,-16032,493,-20,-32,57
27,80,2089822,492,-16008,523,-20,-50,55
27,81,2089827,511,-16113,416,-14,-59,56
27,82,2089832,460,-16344,301,-15,-54,56
27,83,2089837,476,-16604,286,-21,-51,51
27,84,2089842,546,-16704,360,-22,-49,54
27,85,2089847,591,-16816,467,-29,-36,51
27,86,2089852,604,-16840,449,-29,-23,44
27,87,2089857,582,-16942,471,-27,-14,45
27,88,2089862,525,-16983,390,-29,-4,43
27,89,2089867,567,-16904,342,-31,-2,41
27,90,2089872,663,-16793,397,-31,-9,41
27,91,2089877,728,-16695,456,-30,-12,39
27,92,2089882,627,-16573,475,-32,-14,41
27,93,2089887,557,-16506,374,-34,-23,37
27,94,2089892,548,-16485,262,-33,-32,35
27,95,2089897,597,-16439,226,-38,-31,33
27,96,2089902,647,-16437,324,-39,-31,36
27,97,2089907,605,-16367,339,-40,-30,30
27,98,2089912,578,-16346,285,-40,-33,27
27,99,2089917,564,-16386,214,-41,-28,25
27,100,2089922,512,-16428,174,-42,-20,23
27,101,2089927,472,-16525,186,-42,-13,21
27,102,2089932,553,-16554,228,-44,-6,18
27,103,2089937,590,-16567,249,-43,-1,17
27,104,2089942,570,-16573,257,-42,4,15
27,105,2089947,544,-16655,238,-44,11,13
27,106,2089952,584,-16709,248,-44,9,10
27,107,2089957,583,-16669,287,-43,5,7
27,108,2089962,612,-16649,345,-43,6,7
27,109,2089967,657,-16661,377,-41,3,6
27,110,2089972,681,-16669,286,-42,1,5
27,111,2089977,683,-16678,228,-42,0,1
27,112,2089982,594,-16671,330,-43,-2,0
27,113,2089987,492,-16648,389,-45,-7,-4
27,114,2089992,471,-16618,359,-45,-4,-7
27,115,2089997,468,-16559,219,-44,1,-9
27,116,2090002,558,-16551,225,-42,12,-10
27,117,2090007,630,-16509,203,-46,20,-11
27,118,2090012,633,-16462,270,-46,25,-14
27,119,2090017,580,-16389,269,-45,28,-18
27,120,2090022,498,-16324,232,-45,41,-21
27,121,2090027,514,-16380,201,-45,50,-20
27,122,2090032,513,-16437,290,-50,52,-24
27,123,2090037,519,-16437,406,-49,48,-28
27,124,2090042,484,-16454,501,-47,45,-30
27,125,2090047,514,-16492,409,-43,42,-30
27,126,2090052,576,-16519,300,-42,41,-30
27,127,2090057,593,-16491,351,-43,40,-32
27,128,2090062,575,-16414,454,-43,31,-36
27,129,2090067,479,-16403,469,-43,23,-36
27,130,2090072,440,-16391,398,-41,19,-35
27,131,2090077,491,-16419,236,-40,21,-38
27,132,2090082,561,-16459,223,-40,30,-40
27,133,2090087,625,-16412,237,-37,28,-40
27,134,2090092,647,-16430,240,-40,24,-38
27,135,2090097,606,-16344,216,-39,26,-41
27,136,2090102,490,-16296,229,-35,29,-43
27,137,2090107,396,-16216,182,-32,36,-43
27,138,2090112,441,-16223,199,-32,40,-44
27,139,2090117,475,-16232,337,-32,39,-46
27,140,2090122,468,-16280,412,-34,34,-44
27,141,2090127,431,-16310,457,-33,27,-47
27,142,2090132,366,-16317,332,-28,17,-46
27,143,2090137,403,-16351,183,-27,16,-47
27,144,2090142,445,-16357,183,-27,17,-49
27,145,2090147,497,-16401,251,-27,11,-47
27,146,2090152,476,-16456,275,-27,4,-49
27,147,2090157,488,-16620,188,-23,2,-51
27,148,2090162,575,-16704,180,-21,4,-47
27,149,2090167,596,-16750,242,-23,12,-45
27,150,2090172,611,-16805,320,-20,14,-42
27,151,2090177,646,-16781,322,-18,9,-47
27,152,2090182,612,-16744,218,-16,8,-47
27,153,2090187,595,-16765,121,-15,11,-42
27,154,2090192,547,-16764,212,-16,14,-42
27,155,2090197,570,-16687,348,-16,16,-42
27,156,2090202,520,-16618,421,-18,9,-42
27,157,2090207,342,-16462,412,-16,5,-43
27,158,2090212,211,-16524,675,-13,-3,-44
27,159,2090217,183,-16183,-943,-7,-87,-35
27,160,2090222,765,-16275,1219,-15,-13,-34
27,161,2090227,905,-16134,381,-10,-40,-39
27,162,2090232,373,-16587,353,-1,-55,-36
27,163,2090237,579,-16306,237,-4,-51,-35
27,164,2090242,517,-16698,-83,-1,-85,-27
27,165,2090247,414,-16409,502,-7,-43,-35
27,166,2090252,574,-16512,-59,-3,-48,-31
27,167,2090257,197,-16428,753,-4,6,-33
27,168,2090262,566,-16696,-645,-1,-22,-25
27,169,2090267,562,-16676,388,-4,33,-27
27,170,2090272,649,-16732,-26,-5,10,-27
27,171,2090277,533,-16696,740,-5,28,-29
27,172,2090282,559,-16739,-16,-1,5,-25
27,173,2090287,513,-16679,280,3,27,-22
27,174,2090292,613,-16595,-164,-1,25,-21
27,175,2090297,583,-16599,383,0,29,-17
27,176,2090302,594,-16445,248,1,17,-17
27,177,2090307,646,-16446,169,5,14,-16
27,178,2090312,630,-16402,-19,9,29,-13
27,179,2090317,526,-16372,-9,7,46,-11
27,180,2090322,507,-16275,145,7,57,-9
27,181,2090327,571,-16331,210,6,56,-7
27,182,2090332,475,-16291,295,5,69,-9
27,183,2090337,483,-16318,105,6,78,-5
27,184,2090342,399,-16321,286,10,96,-6
27,185,2090347,436,-16411,231,9,92,-3
27,186,2090352,386,-16406,377,5,85,0
27,187,2090357,449,-16358,317,5,69,0
27,188,2090362,443,-16407,341,11,66,0
27,189,2090367,494,-16407,189,14,59,0
27,190,2090372,462,-16458,370,16,47,5
27,191,2090377,476,-16440,329,15,31,7
27,192,2090382,503,-16502,351,18,19,7
27,193,2090387,329,-16464,246,22,5,10
27,194,2090392,430,-16385,162,21,0,12
27,195,2090397,548,-16404,67,21,1,13
27,196,2090402,696,-16328,166,21,20,15
27,197,2090407,697,-16341,134,23,29,16
27,198,2090412,507,-16336,165,21,40,12
27,199,2090417,399,-16323,30,24,47,15
27,200,2090422,433,-16356,108,24,62,16
27,201,2090427,560,-16316,186,20,77,17
27,202,2090432,520,-16313,241,21,86,18
27,203,2090437,447,-16305,198,23,84,22
27,204,2090442,438,-16372,164,25,79,22
27,205,2090447,465,-16445,265,24,75,23
27,206,2090452,430,-16423,369,26,65,23
27,207,2090457,428,-16474,489,24,57,24
27,208,2090462,461,-16528,394,25,39,23
27,209,2090467,516,-16618,312,28,25,25
27,210,2090472,512,-16612,315,28,18,25
27,211,2090477,513,-16513,335,28,11,28
27,212,2090482,474,-16383,227,28,1,29
27,213,2090487,486,-16313,114,28,0,30
27,214,2090492,499,-16277,100,29,5,30
27,215,2090497,484,-16206,72,27,7,27
27,216,2090502,421,-16173,185,31,11,26
27,217,2090507,366,-16139,201,29,14,28
27,218,2090512,417,-16190,220,30,22,29
27,219,2090517,539,-16365,278,28,32,30
27,220,2090522,661,-16461,240,29,37,29
27,221,2090527,682,-16548,328,27,36,28
27,222,2090532,684,-16625,239,28,27,29
27,223,2090537,770,-16747,418,28,27,32
27,224,2090542,816,-16882,263,28,29,37
27,225,2090547,884,-17045,308,29,35,39
27,226,2090552,758,-17002,225,30,37,35
27,227,2090557,685,-17014,194,28,33,35
27,228,2090562,607,-16937,140,27,29,41
27,229,2090567,616,-16821,205,27,28,39
27,230,2090572,495,-16670,288,28,32,40
27,231,2090577,397,-16547,263,30,27,37
27,232,2090582,399,-16482,170,28,20,38
27,233,2090587,477,-16362,157,29,14,40
27,234,2090592,551,-16316,290,30,12,38
27,235,2090597,568,-16272,465,27,7,37
27,236,2090602,556,-16229,441,29,0,37
27,237,2090607,552,-16272,398,27,2,35
27,238,2090612,557,-16308,323,28,3,35
27,239,2090617,542,-16405,397,22,4,36
27,240,2090622,468,-16426,496,20,3,36
27,241,2090627,486,-16463,520,20,2,32
27,242,2090632,473,-16520,392,17,3,31
27,243,2090637,471,-16602,148,18,6,33
27,244,2090642,518,-16621,104,18,7,32
27,245,2090647,546,-16610,157,15,5,31
27,246,2090652,569,-16595,221,14,-1,29
27,247,2090657,620,-16525,171,18,-2,31
27,248,2090662,640,-16494,100,22,5,32
27,249,2090667,623,-16531,18,21,10,28
27,250,2090672,569,-16510,50,19,13,27
27,251,2090677,539,-16483,136,16,15,23
27,252,2090682,555,-16454,133,16,21,25
27,253,2090687,601,-16456,163,17,32,25
27,254,2090692,579,-16524,202,17,42,24
27,255,2090697,546,-16523,268,13,49,22
27,256,2090702,562,-16496,346,12,56,20
27,257,2090707,502,-16496,394,9,59,20
27,258,2090712,493,-16458,360,11,65,18
27,259,2090717,473,-16382,299,10,72,16
27,260,2090722,459,-16456,316,5,77,13
27,261,2090727,422,-16443,368,3,74,14
27,262,2090732,420,-16498,397,4,67,12
27,263,2090737,437,-16574,440,2,61,10
27,264,2090742,448,-16585,421,0,53,6
27,265,2090747,445,-16590,312,3,43,4
27,266,2090752,494,-16599,183,4,28,4
27,267,2090757,508,-16575,217,1,9,4
27,268,2090762,517,-16544,287,5,-2,1
27,269,2090767,448,-16520,276,7,-13,0
27,270,2090772,472,-16557,277,8,-24,3
27,271,2090777,451,-16556,262,9,-29,0
27,272,2090782,351,-16555,263,8,-36,-5
27,273,2090787,300,-16573,268,10,-41,-7
27,274,2090792,364,-16595,266,9,-44,-8
27,275,2090797,446,-16635,363,8,-43,-9
27,276,2090802,478,-16683,400,5,-40,-14
27,277,2090807,531,-16732,356,6,-37,-17
27,278,2090812,533,-16677,302,4,-37,-18
27,279,2090817,524,-16652,251,3,-33,-20
27,280,2090822,565,-16561,312,2,-28,-20
27,281,2090827,547,-16459,309,2,-25,-23
27,282,2090832,514,-16405,343,0,-23,-26
27,283,2090837,491,-16360,324,-2,-27,-28
27,284,2090842,551,-16433,333,-2,-27,-27
27,285,2090847,647,-16495,369,-3,-29,-28
27,286,2090852,603,-16486,437,-2,-34,-29
27,287,2090857,523,-16421,446,-3,-39,-31
27,288,2090862,441,-16396,329,-4,-44,-32
27,289,2090867,393,-16451,268,-3,-46,-34
27,290,2090872,453,-16503,350,-6,-45,-32
27,291,2090877,525,-16580,391,-7,-50,-36
27,292,2090882,449,-16645,392,-8,-58,-40
27,293,2090887,338,-16691,403,-9,-60,-42
27,294,2090892,199,-16783,259,-6,-61,-40
27,295,2090897,240,-16845,219,-7,-60,-43
27,296,2090902,309,-16896,173,-6,-47,-46
27,297,2090907,397,-16889,162,-6,-35,-47
27,298,2090912,431,-16855,202,-10,-25,-52
27,299,2090917,487,-16760,181,-8,-15,-56
27,300,2090922,480,-16666,165,-10,-4,-53
27,301,2090927,480,-16604,171,-10,8,-54
27,302,2090932,427,-16493,227,-11,16,-57
27,303,2090937,444,-16367,167,-12,23,-59
27,304,2090942,396,-16209,258,-14,25,-61
27,305,2090947,442,-16011,344,-11,23,-61
27,306,2090952,463,-16002,306,-11,22,-61
27,307,2090957,532,-16053,464,-12,22,-62
27,308,2090962,583,-16071,504,-13,18,-62
27,309,2090967,607,-16145,588,-13,10,-61
27,310,2090972,645,-16308,514,-12,3,-60
27,311,2090977,602,-16403,473,-15,4,-61
27,312,2090982,458,-16459,503,-18,3,-65
27,313,2090987,357,-16525,285,-17,0,-65
27,314,2090992,451,-16556,178,-16,13,-65
27,315,2090997,645,-16579,70,-16,33,-64
27,316,2091002,810,-16640,81,-16,57,-62
27,317,2091007,840,-16744,77,-20,80,-68
27,318,2091012,767,-16844,122,-18,100,-69
27,319,2091017,696,-16852,313,-20,116,-68
27,320,2091022,545,-16792,313,-21,130,-70
27,321,2091027,469,-16705,294,-20,146,-68
27,322,2091032,555,-16636,66,-17,148,-66
27,323,2091037,578,-16620,362,-19,149,-70
27,324,2091042,582,-16510,470,-18,126,-66
27,325,2091047,552,-16422,560,-14,94,-63
27,326,2091052,545,-16381,479,-15,61,-61
27,327,2091057,542,-16426,392,-11,37,-58
27,328,2091062,464,-16474,574,-9,16,-57
27,329,2091067,413,-16427,553,-9,-15,-58
27,330,2091072,356,-16357,560,-11,-39,-58
27,331,2091077,337,-16390,502,-9,-49,-60
27,332,2091082,344,-16385,299,-7,-47,-59
27,333,2091087,417,-16268,227,-12,-35,-61
27,334,2091092,524,-16180,-42,-14,-22,-64
27,335,2091097,619,-16118,-90,-12,-10,-64
27,336,2091102,659,-16114,-57,-13,6,-61
27,337,2091107,728,-16089,-16,-14,26,-60
27,338,2091112,835,-16118,125,-13,44,-60
27,339,2091117,944,-16180,120,-13,61,-59
27,340,2091122,988,-16292,176,-14,73,-57
27,341,2091127,862,-16386,328,-14,70,-54
27,342,2091132,661,-16517,518,-12,60,-51
27,343,2091137,577,-16539,511,-14,44,-48
27,344,2091142,540,-16530,431,-12,35,-48
27,345,2091147,556,-16488,357,-13,30,-48
27,346,2091152,564,-16498,260,-11,24,-43
27,347,2091157,550,-16386,250,-12,13,-44
27,348,2091162,607,-16314,261,-12,3,-44
27,349,2091167,571,-16249,211,-12,-1,-41
27,350,2091172,616,-16297,262,-10,5,-41
27,351,2091177,628,-16298,240,-10,6,-41
27,352,2091182,603,-16317,274,-9,9,-39
27,353,2091187,578,-16303,218,-10,8,-40
27,354,2091192,637,-16427,127,-13,19,-39
27,355,2091197,744,-16480,94,-10,27,-35
27,356,2091202,742,-16493,174,-13,37,-35
27,357,2091207,608,-16576,452,-17,44,-33
27,358,2091212,582,-16526,419,-18,45,-35
27,359,2091217,602,-16506,296,-16,57,-32
27,360,2091222,755,-16534,2,-19,79,-29
27,361,2091227,816,-16491,-15,-20,102,-31
27,362,2091232,655,-16354,39,-21,108,-33
27,363,2091237,572,-16158,173,-24,104,-33
27,364,2091242,605,-16056,179,-26,96,-28
27,365,2091247,681,-16041,209,-20,94,-24
27,366,2091252,721,-16140,317,-19,92,-22
27,367,2091257,772,-16274,428,-20,71,-22
27,368,2091262,775,-16344,367,-19,35,-20
27,369,2091267,731,-16412,445,-18,7,-16
27,370,2091272,715,-16398,433,-18,-13,-12
27,371,2091277,723,-16399,321,-14,-26,-9
27,372,2091282,797,-16450,212,-12,-40,-8
27,373,2091287,744,-16493,97,-12,-53,-7
27,374,2091292,663,-16503,436,-14,-57,-5
27,375,2091297,592,-16596,508,-17,-63,-6
27,376,2091302,610,-16685,312,-14,-55,-8
27,377,2091307,524,-16665,268,-12,-32,-8
27,378,2091312,538,-16617,15,-14,-15,-8
27,379,2091317,662,-16539,-159,-18,-2,-10
27,380,2091322,815,-16446,-201,-20,15,-11
27,381,2091327,976,-16516,-155,-19,35,-10
27,382,2091332,1071,-16504,77,-23,54,-9
27,383,2091337,1034,-16479,198,-21,62,-9
27,384,2091342,1064,-16431,175,-22,62,-7
27,385,2091347,1077,-16425,-87,-19,60,-4
27,386,2091352,901,-16438,291,-19,59,-1
27,387,2091357,817,-16439,521,-21,30,2
27,388,2091362,739,-16534,630,-21,2,3
27,389,2091367,680,-16616,610,-19,-21,6
27,390,2091372,567,-16577,613,-17,-43,2
27,391,2091377,379,-16538,541,-17,-68,0
27,392,2091382,462,-16572,398,-21,-86,2
27,393,2091387,654,-16505,160,-21,-90,2
27,394,2091392,767,-16434,32,-20,-77,-2
27,395,2091397,758,-16421,48,-21,-70,1
27,396,2091402,644,-16457,-84,-23,-66,0
27,397,2091407,671,-16540,-78,-22,-57,-2
27,398,2091412,734,-16527,-190,-22,-42,-2
27,399,2091417,784,-16583,-120,-22,-16,-5
27,400,2091422,843,-16550,41,-21,-4,-6
27,401,2091427,800,-16582,49,-21,-3,-4
27,402,2091432,896,-16624,80,-23,-1,-4
27,403,2091437,880,-16646,163,-23,1,-4
27,404,2091442,755,-16647,355,-23,2,-5
27,405,2091447,762,-16628,196,-20,-8,-4
27,406,2091452,697,-16595,340,-22,-11,-7
27,407,2091457,685,-16490,261,-23,-19,-5
27,408,2091462,666,-16396,186,-23,-29,-6
27,409,2091467,691,-16341,97,-23,-33,-10
27,410,2091472,878,-16282,42,-22,-37,-6
27,411,2091477,925,-16278,135,-24,-39,-7
27,412,2091482,724,-16193,441,-29,-51,-9
27,413,2091487,831,-16374,-152,-20,-71,-5
27,414,2091492,810,-16319,363,-23,-51,-7
27,415,2091497,713,-16438,163,-25,-70,-11
27,416,2091502,525,-16485,360,-25,-69,-9
27,417,2091507,648,-16468,76,-25,-76,-12
27,418,2091512,679,-16464,200,-27,-63,-9
27,419,2091517,727,-16529,250,-27,-62,-10
27,420,2091522,798,-16611,1,-27,-69,-13
27,421,2091527,756,-16674,234,-28,-63,-16
27,422,2091532,783,-16652,81,-29,-67,-12
27,423,2091537,847,-16628,125,-30,-59,-11
27,424,2091542,903,-16657,53,-31,-54,-12
27,425,2091547,968,-16700,-19,-30,-47,-8
27,426,2091552,1057,-16655,75,-34,-42,-9
27,427,2091557,991,-16532,146,-31,-42,-5
27,428,2091562,963,-16383,50,-32,-44,-6
27,429,2091567,890,-16365,107,-33,-43,-5
27,430,2091572,791,-16303,-42,-34,-44,0
27,431,2091577,789,-16266,12,-35,-44,-1
27,432,2091582,821,-16235,144,-35,-53,5
27,433,2091587,701,-16295,234,-38,-59,4
27,434,2091592,666,-16339,321,-40,-72,6
27,435,2091597,553,-16383,308,-38,-87,10
27,436,2091602,504,-16533,345,-39,-101,9
27,437,2091607,467,-16747,291,-41,-119,20
27,438,2091612,594,-16823,278,-47,-128,23
27,439,2091617,795,-16741,400,-51,-129,25
27,440,2091622,699,-16715,286,-52,-132,26
27,441,2091627,543,-16638,88,-51,-134,30
27,442,2091632,463,-16562,-112,-55,-136,38
27,443,2091637,532,-16473,-188,-62,-129,43
27,444,2091642,646,-16359,-97,-64,-119,49
27,445,2091647,606,-16334,-31,-67,-121,55
27,446,2091652,431,-16446,80,-71,-132,63
27,447,2091657,167,-16582,102,-69,-156,69
27,448,2091662,109,-16697,266,-73,-181,75
27,449,2091667,232,-16694,515,-81,-201,82
27,450,2091672,221,-16820,564,-82,-228,89
27,451,2091677,-310,-16792,273,-82,-269,97
27,452,2091682,-515,-16700,-209,-79,-309,100
27,453,2091687,-356,-16746,-686,-82,-334,109
27,454,2091692,95,-16798,-624,-89,-333,124
27,455,2091697,505,-16730,-283,-97,-319,130
27,456,2091702,549,-16722,-133,-99,-316,132
27,457,2091707,53,-16781,-535,-102,-321,143
27,458,2091712,-127,-16684,-936,-101,-315,156
27,459,2091717,-88,-16397,-1170,-106,-287,167
27,460,2091722,147,-16268,-966,-115,-250,174
27,461,2091727,250,-16247,-499,-124,-223,181
27,462,2091732,199,-16172,-388,-126,-217,187
27,463,2091737,99,-16152,-401,-128,-209,196
27,464,2091742,34,-16280,-474,-135,-194,208
27,465,2091747,21,-16278,-401,-143,-177,218
27,466,2091752,-44,-16237,-138,-148,-169,225
27,467,2091757,-98,-16243,-79,-154,-184,232
27,468,2091762,-214,-16282,-481,-158,-207,238
27,469,2091767,-235,-16318,-765,-161,-219,252
27,470,2091772,96,-16334,-619,-167,-202,264
27,471,2091777,329,-16312,-309,-177,-190,268
27,472,2091782,-44,-16263,-319,-180,-198,271
27,473,2091787,-205,-16243,-733,-181,-212,276
27,474,2091792,-320,-16331,-767,-180,-205,290
27,475,2091797,-93,-16331,-998,-186,-203,301
27,476,2091802,428,-16345,-291,-197,-183,312
27,477,2091807,590,-16352,721,-208,-179,320
27,478,2091812,-175,-16400,1255,-217,-203,320
27,479,2091817,-829,-16274,-204,-208,-281,327
27,480,2091822,-722,-16333,-1686,-196,-290,336
27,481,2091827,-341,-16385,-1902,-208,-235,345
27,482,2091832,346,-16370,-1205,-223,-207,347
27,483,2091837,580,-16154,-339,-234,-202,343
27,484,2091842,271,-16199,-487,-227,-209,345
27,485,2091847,-170,-16427,-1463,-216,-193,350
27,486,2091852,-382,-16651,-2107,-218,-139,359
27,487,2091857,157,-16560,-1010,-240,-50,355
27,488,2091862,339,-16518,-1058,-242,-37,355
27,489,2091867,313,-16616,-1297,-236,-13,358
27,490,2091872,283,-16695,-1295,-235,16,366
27,491,2091877,200,-16836,-985,-237,29,374
27,492,2091882,390,-16870,-504,-244,19,379
27,493,2091887,515,-16775,-142,-249,-6,380
27,494,2091892,191,-16708,-65,-247,-33,382
27,495,2091897,-452,-16658,-213,-244,-76,385
27,496,2091902,-1121,-16505,-237,-244,-106,384
27,497,2091907,-1308,-16452,-678,-240,-147,384
27,498,2091912,-1109,-16324,-1044,-243,-165,374
27,499,2091917,-949,-16224,-963,-249,-153,365
27,500,2091922,-847,-16181,-1085,-246,-137,359
27,501,2091927,-821,-16168,-1376,-242,-117,350
27,502,2091932,-710,-16180,-1809,-238,-91,342
27,503,2091937,-603,-16173,-1872,-242,-43,329
27,504,2091942,-306,-16212,-1732,-248,1,324
27,505,2091947,-148,-16209,-1269,-250,48,317
27,506,2091952,-36,-16386,-1164,-243,71,307
27,507,2091957,-23,-16580,-1077,-237,89,301
27,508,2091962,-43,-16751,-776,-237,99,295
27,509,2091967,-187,-16843,-615,-237,100,286
27,510,2091972,-441,-16942,-550,-236,92,274
27,511,2091977,-577,-17012,-749,-232,76,267
27,512,2091982,-476,-17029,-780,-229,71,259
27,513,2091987,-317,-17023,-561,-228,70,250
27,514,2091992,-224,-16843,-423,-229,64,242
27,515,2091997,-340,-16787,-712,-222,54,227
27,516,2092002,-535,-16770,-1154,-213,47,216
27,517,2092007,-595,-16572,-1164,-213,48,204
27,518,2092012,-450,-16440,-1121,-210,49,196
27,519,2092017,-316,-16282,-1002,-208,55,184
27,520,2092022,-210,-16153,-1011,-203,71,169
27,521,2092027,-249,-16115,-1156,-196,82,158
27,522,2092032,-282,-16100,-1336,-193,96,145
27,523,2092037,-272,-16076,-1304,-188,111,132
27,524,2092042,-330,-16010,-1145,-185,119,122
27,525,2092047,-427,-15941,-980,-182,125,105
27,526,2092052,-661,-15926,-1020,-175,126,88
27,527,2092057,-880,-15971,-1169,-166,116,75
27,528,2092062,-803,-16045,-1187,-160,114,60
27,529,2092067,-833,-16076,-1063,-158,119,47
27,530,2092072,-629,-16140,-939,-153,119,33
27,531,2092077,-494,-16168,-1064,-147,123,14
27,532,2092082,-436,-16349,-1207,-137,128,0
27,533,2092087,-374,-16452,-1266,-129,129,-10
27,534,2092092,-276,-16520,-1246,-122,127,-27
27,535,2092097,-191,-16597,-1129,-116,123,-40
27,536,2092102,-108,-16661,-1195,-108,121,-55
27,537,2092107,-93,-16693,-1171,-101,122,-68
27,538,2092112,-50,-16769,-1160,-94,118,-82
27,539,2092117,-28,-16795,-1087,-84,118,-97
27,540,2092122,-75,-16756,-1019,-79,124,-107
27,541,2092127,-243,-16700,-1074,-72,129,-124
27,542,2092132,-506,-16656,-1286,-60,135,-142
27,543,2092137,-601,-16567,-1399,-51,137,-158
27,544,2092142,-645,-16545,-1353,-45,132,-175
27,545,2092147,-608,-16468,-1074,-41,132,-193
27,546,2092152,-359,-16350,-931,-33,134,-210
27,547,2092157,-181,-16357,-874,-21,136,-225
27,548,2092162,-291,-16404,-1012,-11,131,-241
27,549,2092167,-414,-16406,-1033,-4,115,-258
27,550,2092172,-430,-16398,-951,3,101,-271
27,551,2092177,-221,-16379,-774,11,95,-286
27,552,2092182,-157,-16390,-957,19,88,-300
27,553,2092187,-187,-16362,-912,32,91,-318
27,554,2092192,-225,-16247,-1053,42,85,-336
27,555,2092197,-358,-16232,-1376,52,75,-351
27,556,2092202,-434,-16175,-1339,58,81,-370
27,557,2092207,-428,-16239,-1540,68,89,-386
27,558,2092212,-449,-16367,-1612,77,116,-407
27,559,2092217,-146,-16363,-1719,87,146,-426
27,560,2092222,240,-16337,-1596,96,185,-443
27,561,2092227,530,-16414,-986,100,229,-457
27,562,2092232,864,-16632,-375,115,277,-490
27,563,2092237,806,-16736,-659,125,285,-503
27,564,2092242,635,-16935,-693,135,285,-508
27,565,2092247,563,-16935,-365,140,267,-520
27,566,2092252,569,-16829,69,147,221,-529
27,567,2092257,424,-16749,1,162,156,-543
27,568,2092262,293,-16672,-366,179,105,-556
27,569,2092267,216,-16617,-960,195,63,-564
27,570,2092272,478,-16558,-869,198,31,-572
27,571,2092277,638,-16511,-178,201,11,-588
27,572,2092282,478,-16507,-259,212,-14,-612
27,573,2092287,-331,-16260,-568,226,-28,-629
27,574,2092292,42,-16821,-1411,255,-51,-627
27,575,2092297,943,-15907,-2072,235,-154,-640
27,576,2092302,1952,-16463,2249,227,-80,-666
27,577,2092307,1365,-16094,-876,274,-247,-698
27,578,2092312,361,-16769,-570,277,-317,-687
27,579,2092317,1846,-16431,-285,280,-318,-689
27,580,2092322,2184,-16796,-1143,283,-386,-683
27,581,2092327,2320,-16896,521,281,-312,-711
27,582,2092332,1488,-16842,-238,296,-365,-723
27,583,2092337,1313,-17166,-834,303,-376,-726
27,584,2092342,1765,-17152,-2199,304,-367,-727
27,585,2092347,1954,-17156,-969,297,-267,-742
27,586,2092352,1804,-17088,-1073,291,-235,-762
27,587,2092357,1321,-16961,-400,298,-182,-782
27,588,2092362,1337,-16784,-2282,312,-176,-785
27,589,2092367,1506,-16557,-1839,315,-68,-794
27,590,2092372,1875,-16269,-2383,313,-4,-804
27,591,2092377,1920,-16272,-800,307,79,-817
27,592,2092382,2122,-16202,-769,308,79,-830
27,593,2092387,2271,-16456,-630,313,89,-826
27,594,2092392,2355,-16420,-646,317,112,-829
27,595,2092397,2198,-16493,-552,323,121,-830
27,596,2092402,1845,-16355,147,318,111,-837
27,597,2092407,1761,-16450,-500,323,47,-831
27,598,2092412,1793,-16249,-76,321,32,-831
27,599,2092417,7045,-17715,473,323,-11,-834
27,600,2092422,3857,-12802,22969,215,-454,-853
27,601,2092445,-3105,-10698,-16251,-537,-3370,-507
27,602,2092446,-3105,-10698,-16251,-537,-3370,-507
27,603,2092448,-3105,-10698,-16251,-537,-3370,-507
27,604,2092449,-23332,-12923,-19862,-342,-404,-406
27,605,2092450,-23332,-12923,-19862,-342,-404,-406
27,606,2092452,-23332,-12923,-19862,-342,-404,-406
27,607,2092457,-6359,-18178,-32768,-207,2612,-57
27,608,2092462,16234,-21545,-22366,-369,6329,-220
27,609,2092467,4055,-16161,16089,-661,7121,-623
27,610,2092472,-27832,-11811,32767,-614,5135,-476
27,611,2092477,-16472,-12613,14100,-425,990,-86
27,612,2092482,17356,-16056,-21374,-212,83,84
27,613,2092487,24059,-17116,-27192,-315,1825,-189
27,614,2092492,-7321,-14295,13532,-570,4059,-532
27,615,2092497,-21455,-12426,25151,-591,2825,-362
27,616,2092502,500,-15317,6561,-459,759,74
27,617,2092507,22109,-17997,-7076,-234,182,133
27,618,2092512,11431,-17683,-1244,-214,566,-149
27,619,2092517,-10379,-16495,9684,-348,402,-277
27,620,2092522,-8614,-16738,-741,-377,-562,-20
27,621,2092527,8386,-17787,-7013,-312,-646,173
27,622,2092532,13620,-17820,-3396,-263,-102,61
27,623,2092537,1869,-16993,3794,-278,150,-135
27,624,2092542,-7583,-16918,2438,-258,-273,-99
27,625,2092547,-1061,-17672,-7432,-240,-706,84
27,626,2092552,8728,-17640,-10635,-251,-272,123
27,627,2092557,6768,-16862,-2472,-289,583,-18
27,628,2092562,-2056,-16036,6377,-305,822,-116
27,629,2092567,-3748,-16428,1650,-248,299,-31
27,630,2092572,2553,-17140,-7504,-221,54,73
27,631,2092577,5816,-16747,-6198,-250,476,44
27,632,2092582,1963,-15774,2926,-291,838,-41
27,633,2092587,-2102,-15298,6251,-288,576,-42
27,634,2092592,-376,-15723,111,-243,91,35
27,635,2092597,3424,-16224,-5530,-206,16,79
27,636,2092602,411,-15511,3172,-245,336,13
27,637,2092607,-533,-15575,2295,-239,19,39
27,638,2092612,1696,-16124,-3213,-208,-175,85
27,639,2092617,3264,-16424,-4593,-195,18,92
27,640,2092622,1938,-16175,-1319,-210,247,64
27,641,2092627,220,-15860,1423,-221,200,60
27,642,2092632,738,-15959,-697,-208,-8,90
27,643,2092637,2183,-16143,-3492,-191,-16,108
27,644,2092642,2267,-16089,-2955,-184,172,102
27,645,2092647,946,-15801,-762,-184,270,93
27,646,2092652,659,-15679,-165,-184,173,106
27,647,2092657,1676,-15787,-1890,-176,56,127
27,648,2092662,2334,-15892,-2467,-170,94,130
27,649,2092667,1705,-15817,-1189,-159,177,124
27,650,2092672,1000,-15824,-595,-149,152,129
27,651,2092677,1399,-16057,-1371,-146,68,151
27,652,2092682,2227,-16351,-2124,-140,42,165
27,653,2092687,2300,-16383,-1420,-141,88,159
27,654,2092692,1531,-16430,-430,-133,106,157
27,655,2092697,1113,-16471,-950,-120,55,170
27,656,2092702,1494,-16549,-1986,-110,28,182
27,657,2092707,1773,-16557,-2190,-111,62,184
27,658,2092712,1610,-16519,-1306,-114,101,184
27,659,2092717,1408,-16397,-629,-111,85,186
27,660,2092722,1515,-16404,-1235,-99,47,194
27,661,2092727,1706,-16467,-1777,-87,52,202
27,662,2092732,1567,-16370,-1716,-79,80,201
27,663,2092737,1290,-16192,-1244,-76,78,204
27,664,2092742,1264,-16131,-1230,-73,36,214
27,665,2092747,1549,-16077,-1567,-61,7,218
27,666,2092752,1607,-16019,-1680,-49,15,220
27,667,2092757,1444,-16015,-1690,-38,28,222
27,668,2092762,1394,-16078,-1579,-31,12,227
27,669,2092767,1432,-16120,-1790,-23,-4,231
27,670,2092772,1466,-16159,-1599,-17,-2,234
27,671,2092777,1257,-16223,-1635,-4,2,234
27,672,2092782,1057,-16260,-1656,4,16,233
27,673,2092787,1132,-16328,-1908,12,24,237
27,674,2092792,1425,-16328,-1731,12,48,237
27,675,2092797,1562,-16292,-1453,12,68,235
27,676,2092802,1583,-16303,-1212,20,81,237
27,677,2092807,1571,-16311,-1261,29,84,236
27,678,2092812,1603,-16331,-1511,34,80,240
27,679,2092817,1699,-16306,-1546,38,82,246
27,680,2092822,1709,-16201,-1265,41,80,247
27,681,2092827,1588,-16116,-1192,48,67,245
27,682,2092832,1452,-16081,-1265,59,46,247
27,683,2092837,1382,-16145,-1430,67,26,253
27,684,2092842,1429,-16200,-1493,72,15,253
27,685,2092847,1369,-16164,-1293,78,8,253
27,686,2092852,1208,-16110,-1359,87,-7,249
27,687,2092857,1019,-16076,-1640,95,-17,248
27,688,2092862,1045,-16121,-1998,101,-11,252
27,689,2092867,1241,-16121,-1859,106,13,251
27,690,2092872,1205,-16186,-1743,111,29,245
27,691,2092877,1240,-16302,-1694,117,44,244
27,692,2092882,1189,-16336,-1633,122,60,241
27,693,2092887,1268,-16435,-1591,125,74,240
27,694,2092892,1226,-16495,-1448,131,95,241
27,695,2092897,1160,-16547,-1334,137,108,238
27,696,2092902,1060,-16577,-1285,140,109,232
27,697,2092907,983,-16566,-1251,148,108,232
27,698,2092912,949,-16556,-1297,154,102,231
27,699,2092917,1098,-16483,-1261,158,98,228
27,700,2092922,1139,-16450,-1251,161,98,227
27,701,2092927,1102,-16407,-1316,167,96,222
27,702,2092932,955,-16344,-1467,173,89,217
27,703,2092937,856,-16275,-1687,181,78,216
27,704,2092942,1010,-16265,-1802,187,73,214
27,705,2092947,1225,-16276,-1691,191,81,212
27,706,2092952,1320,-16306,-1408,193,84,209
27,707,2092957,1200,-16418,-1228,200,73,209
27,708,2092962,1119,-16497,-1207,209,54,205
27,709,2092967,1099,-16545,-1305,214,45,204
27,710,2092972,1092,-16620,-871,216,45,200
27,711,2092977,1018,-16695,-848,219,30,196
27,712,2092982,928,-16768,-1011,224,17,195
27,713,2092987,886,-16668,-1147,230,6,194
27,714,2092992,812,-16584,-1077,230,4,190
27,715,2092997,797,-16512,-1033,232,3,185
27,716,2093002,809,-16419,-1116,234,1,183
27,717,2093007,706,-16343,-1222,238,3,174
27,718,2093012,634,-16337,-1318,240,7,170
27,719,2093017,668,-16273,-1411,240,19,169
27,720,2093022,727,-16200,-1376,239,39,161
27,721,2093027,671,-16207,-1327,241,57,156
27,722,2093032,578,-16291,-1355,239,71,146
27,723,2093037,557,-16365,-1330,240,85,143
27,724,2093042,554,-16443,-1307,240,98,142
27,725,2093047,666,-16488,-1136,239,121,135
27,726,2093052,811,-16473,-1025,238,146,126
27,727,2093057,732,-16437,-981,237,159,121
27,728,2093062,772,-16431,-1079,239,163,121
27,729,2093067,934,-16418,-1046,238,165,117
27,730,2093072,1062,-16401,-947,237,163,119
27,731,2093077,1029,-16296,-745,236,150,113
27,732,2093082,860,-16329,-900,242,125,113
27,733,2093087,870,-16300,-945,243,102,112
27,734,2093092,998,-16274,-1056,241,74,113
27,735,2093097,890,-16247,-1027,240,44,110
27,736,2093102,781,-16274,-831,244,22,110
27,737,2093107,762,-16290,-1002,249,-2,111
27,738,2093112,755,-16509,-1166,250,-17,107
27,739,2093117,644,-16675,-1050,248,-23,102
27,740,2093122,449,-16795,-798,243,-30,102
27,741,2093127,321,-16861,-757,241,-33,94
27,742,2093132,265,-16970,-929,241,-21,85
27,743,2093137,324,-17018,-1168,235,11,79
27,744,2093142,488,-16997,-1179,233,51,75
27,745,2093147,603,-16903,-953,224,83,69
27,746,2093152,615,-16755,-644,216,92,62
27,747,2093157,575,-16727,-950,217,90,59
27,748,2093162,542,-16657,-833,209,110,53
27,749,2093167,506,-16533,-952,208,111,50
27,750,2093172,521,-16437,-859,201,109,48
27,751,2093177,479,-16272,-640,196,86,43
27,752,2093182,523,-16237,-641,196,56,39
27,753,2093187,566,-16199,-649,192,38,37
27,754,2093192,532,-16166,-651,190,25,33
27,755,2093197,514,-16202,-819,187,11,31
27,756,2093202,460,-16270,-875,185,4,28
27,757,2093207,492,-16275,-979,180,5,24
27,758,2093212,620,-16355,-1034,172,15,22
27,759,2093217,701,-16459,-972,163,34,19
27,760,2093222,655,-16537,-945,161,46,17
27,761,2093227,572,-16591,-887,159,49,15
27,762,2093232,581,-16583,-714,153,49,12
27,763,2093237,624,-16660,-697,147,44,11
27,764,2093242,651,-16690,-703,142,44,9
27,765,2093247,687,-16696,-663,138,38,7
27,766,2093252,606,-16730,-726,133,26,3
27,767,2093257,405,-16775,-666,129,9,2
27,768,2093262,155,-16760,-528,121,-7,-1
27,769,2093267,136,-16764,-548,116,-16,-3
27,770,2093272,245,-16713,-711,114,-11,-8
27,771,2093277,407,-16723,-798,109,1,-11
27,772,2093282,395,-16656,-835,99,16,-14
27,773,2093287,414,-16585,-760,93,25,-19
27,774,2093292,477,-16564,-772,88,28,-18
27,775,2093297,416,-16559,-909,82,43,-22
27,776,2093302,430,-16433,-884,75,59,-25
27,777,2093307,463,-16307,-856,68,64,-26
27,778,2093312,483,-16297,-744,63,64,-27
27,779,2093317,505,-16289,-624,56,59,-28
27,780,2093322,574,-16291,-530,51,51,-30
27,781,2093327,574,-16297,-455,47,43,-27
27,782,2093332,560,-16358,-506,43,30,-30
27,783,2093337,343,-16489,-420,28,-3,-27
27,784,2093342,353,-16492,-422,24,-16,-30
27,785,2093347,390,-16506,-541,21,-18,-30
27,786,2093352,460,-16541,-690,15,-14,-31
27,787,2093357,463,-16499,-662,8,-9,-36
27,788,2093362,382,-16549,-618,3,-5,-33
27,789,2093367,407,-16562,-672,-3,4,-37
27,790,2093372,421,-16587,-637,-9,15,-38
27,791,2093377,363,-16601,-622,-15,25,-36
27,792,2093382,388,-16631,-510,-20,29,-40
27,793,2093387,348,-16672,-627,-25,22,-41
27,794,2093392,401,-16708,-534,-31,20,-40
27,795,2093397,588,-16657,-492,-40,18,-40
27,796,2093402,592,-16613,-452,-42,14,-41
27,797,2093407,510,-16536,-428,-44,0,-41
27,798,2093412,381,-16463,-581,-46,-12,-45
27,799,2093417,379,-16444,-644,-52,-19,-42
27,800,2093422,469,-16382,-537,-56,-22,-44
27,801,2093427,532,-16348,-518,-58,-22,-41
27,802,2093432,561,-16365,-528,-65,-22,-42
27,803,2093437,439,-16398,-553,-69,-27,-44
27,804,2093442,427,-16436,-613,-73,-27,-44
27,805,2093447,477,-16478,-580,-77,-16,-46
27,806,2093452,468,-16532,-597,-82,-5,-43
27,807,2093457,431,-16529,-549,-88,3,-46
27,808,2093462,417,-16511,-554,-92,6,-48
27,809,2093467,370,-16554,-637,-93,6,-48
27,810,2093472,362,-16487,-602,-98,9,-46
27,811,2093477,427,-16461,-649,-103,17,-49
27,812,2093482,549,-16513,-561,-104,20,-50
27,813,2093487,541,-16514,-499,-109,12,-50
27,814,2093492,453,-16512,-584,-111,5,-51
27,815,2093497,376,-16499,-652,-108,-2,-50
27,816,2093502,443,-16460,-762,-111,-2,-51
27,817,2093507,576,-16518,-696,-113,3,-49
27,818,2093512,625,-16530,-583,-115,7,-49
27,819,2093517,603,-16498,-513,-117,1,-52
27,820,2093522,504,-16469,-698,-119,-3,-53
27,821,2093527,536,-16512,-731,-119,-1,-50
27,822,2093532,673,-16574,-726,-123,6,-51
27,823,2093537,712,-16535,-599,-125,14,-49
27,824,2093542,554,-16512,-569,-127,11,-49
27,825,2093547,449,-16491,-652,-125,6,-52
27,826,2093552,436,-16489,-791,-123,8,-51
27,827,2093557,544,-16532,-656,-126,14,-50
27,828,2093562,614,-16546,-497,-127,15,-49
27,829,2093567,589,-16549,-536,-124,7,-52
27,830,2093572,431,-16569,-596,-124,8,-54
27,831,2093577,369,-16656,-815,-126,4,-52
27,832,2093582,548,-16701,-664,-131,14,-49
27,833,2093587,647,-16597,-569,-128,22,-53
27,834,2093592,578,-16528,-523,-125,27,-56
27,835,2093597,354,-16478,-712,-126,25,-56
27,836,2093602,285,-16475,-659,-123,26,-55
27,837,2093607,457,-16529,-848,-122,23,-54
27,838,2093612,652,-16454,-515,-125,38,-56
27,839,2093617,560,-16438,-564,-127,43,-63
27,840,2093622,388,-16423,-594,-123,44,-63
27,841,2093627,370,-16389,-830,-120,38,-56
27,842,2093632,493,-16394,-856,-121,47,-59
27,843,2093637,582,-16350,-746,-122,60,-61
27,844,2093642,580,-16287,-538,-118,69,-62
27,845,2093647,602,-16312,-674,-119,65,-61
27,846,2093652,603,-16321,-778,-117,66,-63
27,847,2093657,617,-16257,-813,-113,71,-62
27,848,2093662,630,-16249,-848,-112,75,-62
27,849,2093667,724,-16193,-664,-114,75,-62
27,850,2093672,820,-16105,-734,-108,69,-63
27,851,2093677,895,-16138,-669,-104,71,-60
27,852,2093682,852,-16163,-760,-101,69,-56
27,853,2093687,848,-16196,-578,-99,60,-56
27,854,2093692,813,-16216,-452,-99,45,-53
27,855,2093697,734,-16273,-447,-94,28,-55
27,856,2093702,571,-16372,-398,-90,16,-52
27,857,2093707,343,-16621,-621,-84,-8,-49
27,858,2093712,455,-16616,-627,-83,-14,-51
27,859,2093717,440,-16527,-631,-82,-12,-51
27,860,2093722,490,-16518,-699,-81,-11,-53
27,861,2093727,565,-16553,-834,-76,-1,-51
27,862,2093732,598,-16558,-866,-74,14,-53
27,863,2093737,627,-16522,-903,-72,25,-53
27,864,2093742,643,-16444,-840,-70,36,-52
27,865,2093747,597,-16432,-934,-68,44,-54
27,866,2093752,638,-16397,-948,-64,56,-54
27,867,2093757,731,-16322,-989,-60,68,-51
27,868,2093762,765,-16342,-888,-58,73,-50
27,869,2093767,755,-16326,-788,-58,69,-49
27,870,2093772,771,-16354,-738,-53,66,-47
27,871,2093777,730,-16369,-713,-48,59,-46
27,872,2093782,709,-16352,-645,-43,47,-48
27,873,2093787,680,-16256,-700,-38,38,-46
27,874,2093792,680,-16215,-707,-33,20,-41
27,875,2093797,724,-16168,-756,-32,6,-41
27,876,2093802,794,-16169,-784,-29,-5,-39
27,877,2093807,784,-16285,-717,-26,-13,-34
27,878,2093812,692,-16433,-691,-22,-23,-31
27,879,2093817,593,-16521,-813,-18,-28,-31
27,880,2093822,545,-16577,-892,-15,-23,-31
27,881,2093827,596,-16567,-856,-12,-15,-28
27,882,2093832,593,-16547,-720,-9,-7,-28
27,883,2093837,571,-16551,-796,-10,0,-29
27,884,2093842,527,-16508,-834,-5,4,-28
27,885,2093847,651,-16462,-955,0,10,-28
27,886,2093852,704,-16408,-943,4,21,-25
27,887,2093857,677,-16303,-908,4,26,-25
27,888,2093862,745,-16267,-910,8,20,-25
27,889,2093867,678,-16288,-881,11,19,-22
27,890,2093872,755,-16341,-909,14,20,-18
27,891,2093877,771,-16332,-833,18,21,-17
27,892,2093882,772,-16349,-851,19,17,-17
27,893,2093887,694,-16299,-824,21,13,-14
27,894,2093892,674,-16313,-821,27,14,-13
27,895,2093897,705,-16293,-786,30,11,-11
27,896,2093902,678,-16332,-816,31,11,-7
27,897,2093907,685,-16371,-776,32,6,-5
27,898,2093912,698,-16358,-760,36,-2,-3
27,899,2093917,685,-16394,-791,36,-2,0
27,900,2093922,641,-16462,-836,42,-4,0
27,901,2093927,644,-16459,-918,45,1,0
27,902,2093932,665,-16494,-965,47,11,2
27,903,2093937,691,-16488,-970,47,27,2
27,904,2093942,670,-16466,-954,48,43,3
27,905,2093947,662,-16405,-930,52,59,5
27,906,2093952,667,-16393,-965,54,75,3
27,907,2093957,753,-16365,-941,55,87,5
27,908,2093962,774,-16410,-860,57,97,8
27,909,2093967,670,-16440,-762,59,99,11
27,910,2093972,653,-16468,-722,60,99,10
27,911,2093977,630,-16460,-603,60,93,11
27,912,2093982,573,-16397,-554,64,80,16
27,913,2093987,603,-16409,-619,66,68,18
27,914,2093992,663,-16382,-732,70,60,19
27,915,2093997,664,-16319,-808,73,50,22
27,916,2094002,618,-16257,-794,74,34,23
27,917,2094007,634,-16281,-714,74,21,26
27,918,2094012,679,-16229,-770,78,16,27
27,919,2094017,731,-16269,-815,81,16,30
27,920,2094022,719,-16302,-833,83,22,32
27,921,2094027,703,-16352,-855,84,18,31
27,922,2094032,672,-16325,-851,84,19,33
27,923,2094037,746,-16313,-849,88,28,35
27,924,2094042,771,-16359,-875,88,36,37
27,925,2094047,745,-16391,-840,89,43,36
27,926,2094052,730,-16412,-858,88,46,36
27,927,2094057,710,-16385,-777,91,44,39
27,928,2094062,667,-16320,-829,94,44,42
27,929,2094067,710,-16371,-814,94,47,42
27,930,2094072,741,-16451,-846,95,49,44
27,931,2094077,887,-16580,-597,92,48,46
27,932,2094082,868,-16588,-500,92,43,45
27,933,2094087,789,-16548,-611,92,39,49
27,934,2094092,667,-16525,-701,94,33,52
27,935,2094097,629,-16466,-833,96,22,52
27,936,2094102,623,-16434,-779,96,9,52
27,937,2094107,684,-16403,-670,95,-2,53
27,938,2094112,687,-16434,-678,95,-1,55
27,939,2094117,667,-16451,-738,98,-4,57
27,940,2094122,645,-16489,-817,98,-4,56
27,941,2094127,593,-16475,-826,99,-8,54
27,942,2094132,579,-16484,-779,95,-7,55
27,943,2094137,640,-16491,-753,97,-1,57
27,944,2094142,611,-16474,-743,95,7,53
27,945,2094147,586,-16506,-763,94,11,52
27,946,2094152,630,-16467,-830,93,17,49
27,947,2094157,682,-16427,-767,93,25,50
27,948,2094162,734,-16379,-735,90,34,48
27,949,2094167,771,-16381,-688,89,39,48
27,950,2094172,791,-16344,-689,89,42,50
27,951,2094177,763,-16295,-777,87,39,52
27,952,2094182,791,-16271,-787,88,37,52
27,953,2094187,734,-16244,-747,85,33,49
27,954,2094192,746,-16256,-734,83,27,50
27,955,2094197,857,-16284,-630,83,23,52
27,956,2094202,826,-16254,-647,84,15,50
27,957,2094207,747,-16239,-520,82,5,49
27,958,2094212,638,-16320,-546,82,-3,50
27,959,2094217,569,-16349,-596,80,-9,47
27,960,2094222,510,-16333,-673,79,-12,48
27,961,2094227,554,-16348,-722,77,-8,46
27,962,2094232,652,-16349,-736,76,0,45
27,963,2094237,747,-16264,-708,71,11,41
27,964,2094242,718,-16254,-673,69,16,40
27,965,2094247,721,-16224,-791,71,23,40
27,966,2094252,803,-16185,-872,68,35,38
27,967,2094257,846,-16218,-761,68,42,35
27,968,2094262,793,-16353,-563,64,41,36
27,969,2094267,645,-16493,-368,60,31,34
27,970,2094272,583,-16623,-309,61,17,35
27,971,2094277,515,-16714,-381,63,9,35
27,972,2094282,403,-16784,-440,59,-2,30
27,973,2094287,348,-16810,-475,52,-13,29
27,974,2094292,380,-16845,-498,55,-21,27
27,975,2094297,500,-16842,-453,51,-25,20
27,976,2094302,534,-16896,-390,47,-21,18
27,977,2094307,522,-17010,-457,45,-10,17
27,978,2094312,463,-17080,-607,41,4,12
27,979,2094317,506,-17025,-634,39,15,9
27,980,2094322,536,-16935,-599,34,24,7
27,981,2094327,584,-16822,-592,31,38,4
27,982,2094332,631,-16708,-485,29,40,0
27,983,2094337,568,-16626,-534,28,36,0
27,984,2094342,545,-16567,-524,27,29,-3
27,985,2094347,570,-16514,-488,23,17,-4
27,986,2094352,652,-16458,-460,23,5,-3
27,987,2094357,736,-16417,-477,20,-7,-5
27,988,2094362,712,-16414,-475,17,-14,-10
27,989,2094367,652,-16402,-518,16,-22,-11
27,990,2094372,705,-16458,-600,13,-26,-7
27,991,2094377,775,-16509,-607,13,-28,-10
27,992,2094382,725,-16539,-538,9,-23,-11
27,993,2094387,647,-16542,-516,5,-23,-12
27,994,2094392,614,-16517,-501,5,-25,-12
27,995,2094397,572,-16552,-541,3,-21,-13
27,996,2094402,561,-16565,-605,0,-18,-12
27,997,2094407,598,-16478,-582,-2,-18,-16
27,998,2094412,602,-16448,-575,-7,-17,-18
27,999,2094417,573,-16479,-649,-10,-19,-21
28,0,2100737,938,-16572,-199,-25,-31,-7
28,1,2100742,1030,-16479,-160,-24,-30,-7
28,2,2100747,1026,-16431,-222,-22,-28,-9
28,3,2100752,940,-16367,-331,-20,-22,-6
28,4,2100757,859,-16410,-314,-21,-19,-6
28,5,2100762,869,-16502,-176,-22,-15,-6
28,6,2100767,895,-16604,0,-22,-13,-7
28,7,2100772,903,-16627,53,-20,-11,-6
28,8,2100777,900,-16577,-62,-19,-14,-7
28,9,2100782,866,-16539,-216,-16,-19,-7
28,10,2100787,928,-16416,-235,-17,-27,-5
28,11,2100792,976,-16312,-114,-17,-34,-6
28,12,2100797,979,-16288,-32,-18,-34,-7
28,13,2100802,916,-16314,-155,-14,-36,-6
28,14,2100807,856,-16402,-273,-12,-34,-2
28,15,2100812,845,-16502,-348,-14,-26,-3
28,16,2100817,870,-16577,-330,-14,-17,-7
28,17,2100822,906,-16573,-185,-13,-14,-6
28,18,2100827,958,-16547,-133,-11,-10,-5
28,19,2100832,968,-16497,-216,-11,0,-5
28,20,2100837,973,-16451,-230,-7,2,-2
28,21,2100842,952,-16398,-151,-10,3,-5
28,22,2100847,898,-16337,-78,-9,0,-5
28,23,2100852,852,-16331,-40,-9,-2,-4
28,24,2100857,853,-16353,-130,-5,2,-4
28,25,2100862,862,-16443,-252,-3,7,-1
28,26,2100867,818,-16534,-272,-5,7,-4
28,27,2100872,862,-16629,-274,-4,3,-2
28,28,2100877,974,-16633,-203,-1,3,-3
28,29,2100882,1079,-16580,-76,1,8,0
28,30,2100887,979,-16488,-113,0,10,-1
28,31,2100892,877,-16468,-271,2,5,-2
28,32,2100897,766,-16440,-399,6,3,0
28,33,2100902,752,-16351,-256,2,7,2
28,34,2100907,816,-16309,-74,1,13,1
28,35,2100912,826,-16314,-18,4,17,-2
28,36,2100917,761,-16369,-141,5,12,-1
28,37,2100922,785,-16370,-285,4,5,-1
28,38,2100927,856,-16372,-250,9,3,1
28,39,2100932,959,-16356,-143,9,6,3
28,40,2100937,892,-16348,-61,8,0,-2
28,41,2100942,855,-16415,-110,15,-9,0
28,42,2100947,805,-16472,-271,15,-8,0
28,43,2100952,862,-16517,-292,13,-4,0
28,44,2100957,919,-16558,-211,13,-3,3
28,45,2100962,921,-16585,-90,15,-5,1
28,46,2100967,902,-16546,-141,18,-4,1
28,47,2100972,905,-16515,-200,18,-2,3
28,48,2100977,891,-16509,-225,21,3,1
28,49,2100982,857,-16459,-208,19,1,1
28,50,2100987,817,-16392,-192,19,-7,0
28,51,2100992,784,-16390,-174,21,-8,4
28,52,2100997,842,-16385,-217,23,-5,2
28,53,2101002,894,-16374,-198,25,-8,2
28,54,2101007,933,-16381,-152,25,-14,-1
28,55,2101012,937,-16355,-190,23,-16,1
28,56,2101017,846,-16362,-169,26,-18,3
28,57,2101022,780,-16415,-181,26,-17,0
28,58,2101027,846,-16459,-234,27,-13,-1
28,59,2101032,945,-16488,-137,26,-12,2
28,60,2101037,969,-16502,-131,27,-12,-2
28,61,2101042,908,-16492,-148,26,-9,-4
28,62,2101047,828,-16507,-187,28,-7,1
28,63,2101052,833,-16494,-276,28,-5,0
28,64,2101057,859,-16466,-317,29,-1,-1
28,65,2101062,935,-16434,-292,30,3,-2
28,66,2101067,977,-16376,-243,28,6,-3
28,67,2101072,1002,-16402,-174,32,1,2
28,68,2101077,877,-16451,-135,31,-4,-2
28,69,2101082,839,-16504,-114,32,-10,-4
28,70,2101087,767,-16542,-184,30,-13,-3
28,71,2101092,749,-16543,-179,31,-16,-1
28,72,2101097,841,-16563,-211,31,-15,0
28,73,2101102,955,-16544,-278,30,-13,3
28,74,2101107,1027,-16512,-207,31,-13,3
28,75,2101112,1042,-16555,-160,29,-10,-1
28,76,2101117,1049,-16551,-111,29,-7,-2
28,77,2101122,908,-16555,-143,29,-4,-1
28,78,2101127,827,-16495,-171,29,0,-6
28,79,2101132,738,-16458,-264,29,-2,-2
28,80,2101137,769,-16423,-123,30,2,0
28,81,2101142,854,-16345,-128,27,-1,-1
28,82,2101147,924,-16358,-100,27,-5,1
28,83,2101152,945,-16406,-119,27,-11,0
28,84,2101157,930,-16419,-237,27,-16,-1
28,85,2101162,860,-16436,-199,29,-14,1
28,86,2101167,817,-16481,-134,29,-18,3
28,87,2101172,796,-16502,-95,25,-14,2
28,88,2101177,876,-16524,-127,26,-12,0
28,89,2101182,929,-16528,-231,28,-11,-1
28,90,2101187,924,-16463,-236,25,-7,2
28,91,2101192,921,-16453,-223,23,-6,1
28,92,2101197,913,-16483,-223,21,-3,2
28,93,2101202,884,-16501,-136,24,3,0
28,94,2101207,877,-16442,-169,23,8,1
28,95,2101212,845,-16405,-134,21,10,0
28,96,2101217,837,-16371,-112,22,14,2
28,97,2101222,803,-16427,-149,18,15,2
28,98,2101227,877,-16494,-205,19,17,3
28,99,2101232,903,-16520,-142,21,17,2
28,100,2101237,878,-16507,-109,18,17,1
28,101,2101242,840,-16495,-128,15,13,2
28,102,2101247,902,-16474,-159,18,11,2
28,103,2101252,873,-16467,-92,17,12,2
28,104,2101257,803,-16470,-112,16,10,4
28,105,2101262,850,-16539,-160,19,1,4
28,106,2101267,943,-16539,-166,18,-3,3
28,107,2101272,990,-16530,-86,17,1,5
28,108,2101277,945,-16511,-31,17,5,5
28,109,2101282,854,-16484,-147,17,2,4
28,110,2101287,737,-16493,-161,16,-4,5
28,111,2101292,661,-16442,-90,14,-9,6
28,112,2101297,734,-16423,-11,15,-4,5
28,113,2101302,832,-16400,6,14,-5,6
28,114,2101307,901,-16371,-91,14,-6,4
28,115,2101312,853,-16391,-245,13,-10,2
28,116,2101317,889,-16393,-268,12,-7,3
28,117,2101322,924,-16386,-172,10,-3,3
28,118,2101327,936,-16421,-89,11,-4,3
28,119,2101332,920,-16424,-92,12,1,5
28,120,2101337,820,-16491,-49,11,3,3
28,121,2101342,802,-16520,-104,9,4,1
28,122,2101347,768,-16519,-112,9,1,5
28,123,2101352,850,-16466,-126,9,5,4
28,124,2101357,923,-16455,-175,10,8,3
28,125,2101362,922,-16438,-175,10,10,2
28,126,2101367,940,-16430,-126,8,7,5
28,127,2101372,928,-16498,-88,10,9,2
28,128,2101377,820,-16546,-39,9,10,2
28,129,2101382,770,-16548,-19,9,9,4
28,130,2101387,739,-16514,23,9,5,5
28,131,2101392,774,-16478,34,6,1,4
28,132,2101397,809,-16425,26,9,-5,3
28,133,2101402,806,-16442,-52,9,-7,4
28,134,2101407,754,-16419,-154,7,-12,5
28,135,2101412,799,-16375,-151,9,-20,5
28,136,2101417,915,-16357,-149,10,-23,1
28,137,2101422,900,-16326,-63,6,-20,1
28,138,2101427,847,-16285,-41,7,-23,2
28,139,2101432,853,-16337,-123,10,-18,4
28,140,2101437,867,-16385,-117,8,-16,3
28,141,2101442,859,-16383,-133,9,-16,3
28,142,2101447,828,-16449,-86,6,-12,3
28,143,2101452,918,-16576,-78,8,-11,2
28,144,2101457,872,-16672,-69,7,-8,5
28,145,2101462,867,-16645,-70,5,-12,4
28,146,2101467,861,-16614,-88,5,-14,4
28,147,2101472,892,-16555,-98,7,-16,2
28,148,2101477,896,-16477,-75,9,-22,2
28,149,2101482,846,-16441,34,9,-23,2
28,150,2101487,819,-16422,94,9,-32,4
28,151,2101492,801,-16412,15,7,-35,7
28,152,2101497,791,-16425,-132,10,-34,5
28,153,2101502,872,-16424,-43,9,-30,4
28,154,2101507,875,-16461,-50,5,-28,3
28,155,2101512,853,-16401,-3,6,-30,3
28,156,2101517,837,-16419,-43,9,-23,5
28,157,2101522,849,-16456,-101,9,-17,7
28,158,2101527,827,-16458,-100,7,-17,4
28,159,2101532,849,-16412,-53,4,-20,4
28,160,2101537,817,-16399,-17,2,-20,2
28,161,2101542,792,-16409,-35,7,-24,5
28,162,2101547,796,-16422,-71,8,-25,4
28,163,2101552,865,-16418,-11,8,-25,3
28,164,2101557,854,-16417,-75,7,-27,5
28,165,2101562,827,-16423,-48,8,-29,3
28,166,2101567,800,-16474,-85,7,-27,3
28,167,2101572,844,-16563,-62,8,-22,7
28,168,2101577,854,-16585,-14,6,-17,6
28,169,2101582,874,-16543,35,6,-18,3
28,170,2101587,838,-16533,-18,7,-21,8
28,171,2101592,800,-16501,-133,7,-22,7
28,172,2101597,809,-16450,-131,7,-20,8
28,173,2101602,830,-16420,-78,7,-17,7
28,174,2101607,850,-16332,-42,5,-20,6
28,175,2101612,869,-16367,-62,7,-16,7
28,176,2101617,833,-16419,-98,11,-13,9
28,177,2101622,795,-16420,-84,9,-12,5
28,178,2101627,809,-16478,-53,7,-11,6
28,179,2101632,839,-16478,-75,6,-7,9
28,180,2101637,834,-16423,-82,7,-3,8
28,181,2101642,815,-16405,-61,7,2,4
28,182,2101647,841,-16443,-56,8,4,5
28,183,2101652,781,-16433,-56,7,4,7
28,184,2101657,805,-16497,-16,6,5,6
28,185,2101662,862,-16508,-8,7,4,6
28,186,2101667,845,-16519,56,9,4,5
28,187,2101672,785,-16470,22,6,-2,6
28,188,2101677,806,-16458,-28,8,-9,7
28,189,2101682,851,-16429,8,8,-13,5
28,190,2101687,846,-16453,-33,8,-17,5
28,191,2101692,816,-16469,-79,7,-23,3
28,192,2101697,827,-16474,-54,7,-28,4
28,193,2101702,829,-16481,-99,11,-25,4
28,194,2101707,861,-16473,-79,8,-22,5
28,195,2101712,849,-16411,-120,9,-15,4
28,196,2101717,864,-16432,-92,10,-10,2
28,197,2101722,839,-16398,-85,8,-7,4
28,198,2101727,838,-16383,-88,7,-2,3
28,199,2101732,834,-16352,-44,6,5,4
28,200,2101737,886,-16385,-25,7,6,3
28,201,2101742,837,-16382,-71,4,12,2
28,202,2101747,838,-16348,-52,4,16,1
28,203,2101752,759,-16368,-115,3,17,-1
28,204,2101757,752,-16402,-95,3,17,0
28,205,2101762,824,-16462,-22,4,18,0
28,206,2101767,859,-16488,29,4,20,1
28,207,2101772,865,-16506,-3,3,18,-3
28,208,2101777,884,-16534,-32,3,16,-2
28,209,2101782,855,-16562,-72,3,12,-1
28,210,2101787,891,-16507,-86,2,13,-2
28,211,2101792,884,-16468,-80,4,17,-3
28,212,2101797,873,-16465,-98,3,22,-3
28,213,2101802,818,-16478,-149,0,23,-5
28,214,2101807,730,-16426,-63,1,24,-5
28,215,2101812,771,-16451,-70,2,22,-7
28,216,2101817,872,-16369,-119,-1,30,-9
28,217,2101822,854,-16360,-148,1,29,-8
28,218,2101827,817,-16397,-144,0,30,-9
28,219,2101832,813,-16467,-80,-5,35,-8
28,220,2101837,868,-16480,-106,-4,44,-11
28,221,2101842,858,-16507,-164,-5,56,-11
28,222,2101847,900,-16558,-181,-10,70,-12
28,223,2101852,934,-16574,-215,-12,82,-12
28,224,2101857,903,-16499,-117,-11,99,-12
28,225,2101862,920,-16471,-95,-14,115,-13
28,226,2101867,825,-16488,-128,-16,128,-14
28,227,2101872,769,-16527,-165,-18,135,-15
28,228,2101877,758,-16514,-114,-17,140,-13
28,229,2101882,744,-16445,-32,-20,140,-14
28,230,2101887,754,-16434,-16,-21,137,-14
28,231,2101892,724,-16441,-4,-23,130,-13
28,232,2101897,773,-16414,2,-19,118,-11
28,233,2101902,774,-16458,-63,-25,98,-12
28,234,2101907,700,-16478,2,-24,80,-18
28,235,2101912,647,-16545,-5,-21,63,-15
28,236,2101917,716,-16545,-83,-22,47,-13
28,237,2101922,796,-16556,-67,-23,38,-13
28,238,2101927,856,-16574,-157,-22,31,-13
28,239,2101932,762,-16552,-162,-25,24,-12
28,240,2101937,772,-16543,-117,-27,17,-12
28,241,2101942,791,-16519,-162,-25,13,-10
28,242,2101947,800,-16523,-75,-25,15,-12
28,243,2101952,768,-16489,-179,-26,8,-13
28,244,2101957,744,-16492,-161,-30,5,-12
28,245,2101962,802,-16456,-147,-30,2,-10
28,246,2101967,870,-16402,-79,-30,-3,-10
28,247,2101972,922,-16413,-32,-29,-2,-10
28,248,2101977,880,-16397,-129,-31,-5,-9
28,249,2101982,838,-16416,-157,-31,-13,-8
28,250,2101987,827,-16389,-86,-33,-18,-7
28,251,2101992,821,-16395,-21,-33,-21,-8
28,252,2101997,756,-16448,-80,-33,-20,-7
28,253,2102002,772,-16410,-162,-34,-21,-8
28,254,2102007,732,-16409,-204,-35,-24,-8
28,255,2102012,815,-16402,-147,-37,-24,-9
28,256,2102017,837,-16417,-114,-36,-25,-8
28,257,2102022,829,-16464,-98,-36,-27,-10
28,258,2102027,779,-16469,-126,-35,-32,-11
28,259,2102032,785,-16505,-157,-33,-29,-10
28,260,2102037,801,-16507,-153,-32,-30,-10
28,261,2102042,820,-16525,-124,-36,-33,-10
28,262,2102047,817,-16523,-75,-36,-32,-10
28,263,2102052,835,-16544,-61,-33,-39,-7
28,264,2102057,868,-16579,-105,-34,-40,-9
28,265,2102062,879,-16613,-121,-35,-41,-10
28,266,2102067,888,-16560,-199,-36,-40,-10
28,267,2102072,907,-16487,-197,-37,-39,-8
28,268,2102077,932,-16418,-152,-38,-35,-9
28,269,2102082,849,-16370,-148,-34,-34,-9
28,270,2102087,802,-16363,-184,-37,-29,-8
28,271,2102092,787,-16402,-232,-37,-24,-8
28,272,2102097,838,-16419,-236,-33,-15,-8
28,273,2102102,838,-16401,-253,-37,-9,-11
28,274,2102107,884,-16386,-203,-37,-5,-11
28,275,2102112,852,-16432,-151,-36,-2,-11
28,276,2102117,866,-16533,-76,-35,3,-12
28,277,2102122,838,-16501,-85,-36,1,-12
28,278,2102127,814,-16516,-164,-31,1,-14
28,279,2102132,904,-16526,-218,-29,1,-12
28,280,2102137,899,-16544,-116,-31,0,-12
28,281,2102142,883,-16473,-144,-31,-10,-13
28,282,2102147,860,-16450,-173,-29,-13,-15
28,283,2102152,902,-16462,-187,-28,-12,-14
28,284,2102157,906,-16474,-153,-27,-14,-15
28,285,2102162,813,-16420,-129,-24,-18,-16
28,286,2102167,833,-16450,-184,-24,-25,-16
28,287,2102172,845,-16432,-199,-25,-23,-17
28,288,2102177,849,-16394,-197,-24,-23,-20
28,289,2102182,899,-16374,-130,-20,-26,-22
28,290,2102187,776,-16357,-180,-15,-36,-21
28,291,2102192,827,-16382,-146,-14,-40,-25
28,292,2102197,892,-16422,-239,-14,-40,-22
28,293,2102202,989,-16434,-236,-14,-30,-26
28,294,2102207,1037,-16433,-125,-14,-28,-25
28,295,2102212,971,-16434,-243,-12,-23,-28
28,296,2102217,900,-16448,-206,-7,-15,-29
28,297,2102222,875,-16476,-192,-9,-8,-29
28,298,2102227,866,-16521,-127,-10,2,-30
28,299,2102232,890,-16478,-139,-9,8,-34
28,300,2102237,942,-16482,-158,-5,13,-34
28,301,2102242,995,-16445,-158,-7,19,-33
28,302,2102247,924,-16426,-214,-6,19,-35
28,303,2102252,872,-16351,-90,-4,17,-38
28,304,2102257,852,-16318,-90,-6,13,-37
28,305,2102262,903,-16358,-62,-1,9,-36
28,306,2102267,919,-16414,-31,1,5,-40
28,307,2102272,868,-16457,-137,2,2,-42
28,308,2102277,860,-16476,-248,4,-7,-40
28,309,2102282,917,-16484,-247,6,-12,-38
28,310,2102287,984,-16506,-138,4,-8,-39
28,311,2102292,1029,-16533,-138,5,-2,-41
28,312,2102297,1047,-16597,-222,8,-2,-41
28,313,2102302,1014,-16642,-231,8,1,-41
28,314,2102307,962,-16594,-243,11,9,-42
28,315,2102312,912,-16509,-195,8,14,-42
28,316,2102317,932,-16444,-189,10,16,-40
28,317,2102322,870,-16359,-208,13,18,-44
28,318,2102327,868,-16353,-170,13,15,-42
28,319,2102332,915,-16364,-51,15,10,-43
28,320,2102337,833,-16402,-229,15,4,-42
28,321,2102342,989,-16459,-39,16,9,-44
28,322,2102347,986,-16346,81,14,7,-53
28,323,2102352,948,-16338,-83,15,-4,-55
28,324,2102357,742,-16535,-1099,24,-13,-42
28,325,2102362,723,-16554,-48,19,43,-41
28,326,2102367,799,-16516,-114,19,35,-43
28,327,2102372,1100,-16570,82,18,31,-44
28,328,2102377,1071,-16509,64,20,22,-44
28,329,2102382,977,-16495,-300,23,6,-43
28,330,2102387,853,-16503,-225,25,14,-44
28,331,2102392,1055,-16434,-96,24,2,-45
28,332,2102397,879,-16358,-236,21,-4,-41
28,333,2102402,843,-16445,-74,24,5,-40
28,334,2102407,852,-16380,-92,28,2,-42
28,335,2102412,803,-16415,-185,26,0,-38
28,336,2102417,843,-16411,-272,26,8,-36
28,337,2102422,1010,-16376,-242,27,9,-37
28,338,2102427,1023,-16398,-168,25,10,-39
28,339,2102432,971,-16422,-38,28,10,-39
28,340,2102437,1054,-16412,-135,28,6,-37
28,341,2102442,859,-16483,-344,28,3,-34
28,342,2102447,813,-16459,-277,30,13,-34
28,343,2102452,1013,-16428,-83,29,11,-35
28,344,2102457,1092,-16464,-56,30,3,-34
28,345,2102462,1146,-16374,-94,30,-2,-34
28,346,2102467,999,-16503,-282,32,-8,-32
28,347,2102472,857,-16471,-271,32,-10,-32
28,348,2102477,879,-16487,-308,31,-12,-30
28,349,2102482,862,-16386,-191,32,-11,-30
28,350,2102487,1008,-16419,-171,32,-3,-30
28,351,2102492,1102,-16442,-129,33,3,-28
28,352,2102497,1138,-16508,-154,35,10,-27
28,353,2102502,996,-16522,-196,32,14,-29
28,354,2102507,887,-16531,-175,33,18,-27
28,355,2102512,919,-16487,-143,32,22,-26
28,356,2102517,1003,-16505,-134,31,26,-26
28,357,2102522,1010,-16441,-30,31,28,-28
28,358,2102527,989,-16456,-94,29,22,-28
28,359,2102532,995,-16413,-39,33,19,-26
28,360,2102537,995,-16441,-71,32,13,-22
28,361,2102542,1033,-16436,-6,32,14,-24
28,362,2102547,996,-16464,-49,31,10,-21
28,363,2102552,924,-16417,-140,32,7,-19
28,364,2102557,930,-16360,-105,30,-1,-18
28,365,2102562,958,-16417,-65,30,-5,-17
28,366,2102567,964,-16352,12,30,-8,-18
28,367,2102572,1028,-16462,-167,31,-15,-18
28,368,2102577,965,-16417,-167,35,-16,-15
28,369,2102582,1031,-16470,-84,33,-21,-15
28,370,2102587,989,-16484,-186,28,-22,-14
28,371,2102592,906,-16475,-57,29,-19,-15
28,372,2102597,893,-16474,-173,31,-24,-11
28,373,2102602,1003,-16476,-208,33,-20,-13
28,374,2102607,1108,-16444,-177,29,-19,-10
28,375,2102612,1131,-16447,-145,30,-26,-10
28,376,2102617,1027,-16424,-103,31,-31,-11
28,377,2102622,970,-16415,-96,30,-33,-8
28,378,2102627,934,-16457,-131,28,-35,-7
28,379,2102632,956,-16480,-194,30,-39,-2
28,380,2102637,1025,-16452,-144,28,-45,-2
28,381,2102642,1043,-16436,-117,26,-43,-2
28,382,2102647,1081,-16411,-106,26,-43,-1
28,383,2102652,1039,-16444,-155,28,-41,-1
28,384,2102657,992,-16499,-250,26,-38,-1
28,385,2102662,996,-16573,-199,24,-36,1
28,386,2102667,1080,-16544,-111,22,-32,3
28,387,2102672,1040,-16506,-27,21,-28,1
28,388,2102677,1028,-16521,-61,20,-28,4
28,389,2102682,976,-16525,-103,23,-30,6
28,390,2102687,1046,-16511,-46,20,-27,8
28,391,2102692,1011,-16450,18,16,-29,4
28,392,2102697,987,-16388,-34,16,-35,4
28,393,2102702,963,-16348,-61,16,-37,7
28,394,2102707,1015,-16353,-162,17,-39,7
28,395,2102712,1022,-16363,-109,14,-38,10
28,396,2102717,969,-16345,-72,14,-42,10
28,397,2102722,960,-16346,-82,14,-47,8
28,398,2102727,888,-16341,-103,13,-53,10
28,399,2102732,953,-16351,-222,13,-54,11
28,400,2102737,1015,-16386,-191,13,-55,11
28,401,2102742,1031,-16377,-165,13,-61,11
28,402,2102747,1049,-16412,-104,11,-68,12
28,403,2102752,1014,-16441,-140,12,-72,16
28,404,2102757,1077,-16538,-129,14,-69,15
28,405,2102762,1086,-16543,-244,15,-71,14
28,406,2102767,1052,-16473,-256,13,-73,15
28,407,2102772,964,-16458,-325,14,-80,14
28,408,2102777,907,-16467,-331,16,-76,11
28,409,2102782,1010,-16414,-95,12,-67,9
28,410,2102787,985,-16443,-20,14,-68,9
28,411,2102792,1111,-16585,-5,16,-65,9
28,412,2102797,1001,-16606,-77,14,-72,10
28,413,2102802,978,-16642,-38,15,-72,9
28,414,2102807,967,-16609,-218,14,-80,7
28,415,2102812,1083,-16498,115,14,-74,7
28,416,2102817,1197,-16469,54,14,-67,5
28,417,2102822,1128,-16523,93,12,-53,3
28,418,2102827,1102,-16501,-35,14,-50,3
28,419,2102832,1144,-16514,-153,13,-48,2
28,420,2102837,1089,-16467,63,11,-44,1
28,421,2102842,1176,-16448,104,9,-41,0
28,422,2102847,1152,-16432,165,10,-34,-3
28,423,2102852,1102,-16445,71,13,-37,-2
28,424,2102857,1057,-16409,-50,12,-39,-3
28,425,2102862,992,-16388,4,13,-42,-4
28,426,2102867,981,-16415,-23,13,-40,-10
28,427,2102872,999,-16459,-4,11,-40,-9
28,428,2102877,1054,-16542,1,13,-40,-10
28,429,2102882,1159,-16561,6,14,-39,-13
28,430,2102887,1153,-16507,21,14,-37,-14
28,431,2102892,1076,-16496,-69,14,-34,-17
28,432,2102897,1062,-16485,-172,18,-26,-20
28,433,2102902,1131,-16458,-230,18,-18,-18
28,434,2102907,1168,-16520,43,19,-10,-19
28,435,2102912,1156,-16508,104,16,-10,-22
28,436,2102917,1147,-16521,257,16,-6,-21
28,437,2102922,1135,-16523,31,21,-8,-20
28,438,2102927,998,-16523,16,23,-12,-23
28,439,2102932,1093,-16425,201,17,-20,-24
28,440,2102937,1065,-16391,189,14,-23,-24
28,441,2102942,1269,-16439,366,20,-12,-23
28,442,2102947,1097,-16423,125,16,-7,-22
28,443,2102952,1017,-16507,103,17,-5,-22
28,444,2102957,972,-16493,-17,14,-7,-26
28,445,2102962,1015,-16432,115,11,2,-27
28,446,2102967,1011,-16362,179,9,13,-26
28,447,2102972,954,-16423,206,11,19,-24
28,448,2102977,928,-16439,-94,11,14,-24
28,449,2102982,1090,-16546,-20,11,9,-23
28,450,2102987,1092,-16612,263,3,1,-18
28,451,2102992,985,-16644,829,-3,-19,-12
28,452,2102997,814,-16583,928,-1,-58,-12
28,453,2103002,479,-16491,754,1,-102,-6
28,454,2103007,298,-16205,207,-2,-148,-1
28,455,2103012,186,-15900,135,-6,-188,4
28,456,2103017,220,-15703,187,-14,-228,8
28,457,2103022,243,-15507,-242,-14,-253,14
28,458,2103027,426,-15504,-570,-14,-242,17
28,459,2103032,570,-15619,-1070,-17,-205,19
28,460,2103037,594,-15873,-1120,-27,-153,19
28,461,2103042,587,-16060,-937,-38,-97,22
28,462,2103047,606,-16202,-917,-48,-32,23
28,463,2103052,574,-16405,-937,-56,53,26
28,464,2103057,616,-16672,-877,-62,128,34
28,465,2103062,663,-16882,-736,-70,180,41
28,466,2103067,788,-16908,-366,-84,209,46
28,467,2103072,304,-16676,252,-96,211,52
28,468,2103077,-151,-16436,-1474,-95,207,47
28,469,2103082,357,-17116,-796,-86,257,66
28,470,2103087,1842,-16943,-1676,-115,285,101
28,471,2103092,2446,-17062,1353,-145,316,108
28,472,2103097,1296,-16695,1662,-136,199,103
28,473,2103102,73,-16716,58,-118,54,112
28,474,2103107,-532,-16656,-1334,-116,-33,146
28,475,2103112,671,-16686,-1703,-126,-77,174
28,476,2103117,1389,-16409,-332,-145,-83,179
28,477,2103122,1141,-16422,877,-149,-136,176
28,478,2103127,381,-16495,-397,-143,-212,184
28,479,2103132,-79,-16730,-1660,-136,-216,202
28,480,2103137,47,-16700,-1959,-143,-164,215
28,481,2103142,293,-16596,-927,-163,-112,214
28,482,2103147,326,-16450,-212,-174,-119,214
28,483,2103152,352,-16615,-458,-173,-143,225
28,484,2103157,399,-16726,-661,-169,-141,234
28,485,2103162,522,-16673,-675,-169,-136,244
28,486,2103167,716,-16474,-147,-181,-149,244
28,487,2103172,376,-16484,-82,-190,-206,253
28,488,2103177,253,-16498,-551,-192,-272,257
28,489,2103182,506,-16399,-591,-186,-301,261
28,490,2103187,613,-16500,-693,-188,-302,277
28,491,2103192,720,-16524,-637,-194,-296,280
28,492,2103197,662,-16425,-878,-198,-297,278
28,493,2103202,575,-16413,-980,-201,-280,278
28,494,2103207,409,-16388,-651,-206,-265,284
28,495,2103212,319,-16246,-548,-207,-274,284
28,496,2103217,367,-16257,-536,-210,-276,280
28,497,2103222,274,-16271,-748,-208,-274,277
28,498,2103227,123,-16371,-734,-211,-263,280
28,499,2103232,242,-16616,-788,-213,-263,282
28,500,2103237,491,-16593,-341,-221,-268,282
28,501,2103242,683,-16648,-423,-218,-289,282
28,502,2103247,715,-16564,-532,-221,-278,274
28,503,2103252,516,-16517,-627,-217,-264,271
28,504,2103257,508,-16539,-1063,-217,-256,272
28,505,2103262,564,-16456,-963,-223,-230,264
28,506,2103267,733,-16343,-699,-225,-214,258
28,507,2103272,700,-16378,-561,-228,-198,253
28,508,2103277,453,-16515,-479,-225,-184,251
28,509,2103282,411,-16679,-669,-222,-181,249
28,510,2103287,581,-16708,-735,-227,-172,244
28,511,2103292,266,-16650,-452,-227,-178,230
28,512,2103297,134,-16542,-534,-223,-186,221
28,513,2103302,166,-16428,-872,-220,-182,216
28,514,2103307,295,-16403,-1174,-220,-169,211
28,515,2103312,406,-16400,-1188,-223,-155,205
28,516,2103317,491,-16308,-1128,-223,-138,193
28,517,2103322,520,-16290,-1090,-220,-122,181
28,518,2103327,371,-16314,-1041,-214,-99,178
28,519,2103332,339,-16430,-1140,-211,-69,170
28,520,2103337,451,-16547,-1002,-211,-47,160
28,521,2103342,640,-16520,-780,-213,-32,152
28,522,2103347,600,-16605,-624,-210,-26,146
28,523,2103352,481,-16609,-633,-205,-26,138
28,524,2103357,373,-16577,-762,-202,-29,131
28,525,2103362,388,-16492,-870,-198,-36,124
28,526,2103367,327,-16472,-948,-194,-41,119
28,527,2103372,282,-16448,-920,-191,-35,109
28,528,2103377,176,-16495,-938,-186,-28,101
28,529,2103382,254,-16490,-927,-184,-21,94
28,530,2103387,281,-16429,-913,-183,-18,85
28,531,2103392,228,-16552,-949,-177,-15,75
28,532,2103397,214,-16631,-1005,-171,-14,72
28,533,2103402,338,-16519,-886,-172,-12,65
28,534,2103407,352,-16414,-826,-167,-8,58
28,535,2103412,193,-16454,-991,-160,-8,49
28,536,2103417,111,-16361,-1156,-151,-8,41
28,537,2103422,123,-16242,-1061,-151,2,35
28,538,2103427,85,-16170,-925,-148,9,29
28,539,2103432,-25,-16121,-974,-146,13,20
28,540,2103437,-110,-16226,-1163,-135,19,8
28,541,2103442,5,-16339,-1270,-127,29,7
28,542,2103447,200,-16394,-1027,-129,42,3
28,543,2103452,237,-16462,-744,-127,46,-7
28,544,2103457,74,-16499,-828,-119,41,-16
28,545,2103462,-27,-16497,-1078,-110,34,-19
28,546,2103467,-75,-16441,-1201,-106,28,-24
28,547,2103472,27,-16316,-1121,-101,22,-28
28,548,2103477,86,-16213,-1040,-95,16,-35
28,549,2103482,112,-16274,-1097,-87,9,-41
28,550,2103487,84,-16277,-1159,-78,9,-46
28,551,2103492,110,-16291,-1178,-73,13,-49
28,552,2103497,76,-16290,-1169,-66,16,-57
28,553,2103502,56,-16271,-1177,-60,19,-66
28,554,2103507,-13,-16200,-1247,-58,32,-75
28,555,2103512,-41,-16144,-1360,-52,52,-82
28,556,2103517,42,-16095,-1411,-43,71,-88
28,557,2103522,95,-16135,-1448,-40,98,-99
28,558,2103527,135,-16248,-1409,-33,126,-106
28,559,2103532,244,-16409,-1206,-27,149,-114
28,560,2103537,461,-16529,-923,-26,172,-119
28,561,2103542,455,-16523,-827,-17,187,-130
28,562,2103547,272,-16475,-932,-5,195,-138
28,563,2103552,213,-16483,-1126,3,189,-145
28,564,2103557,336,-16380,-1179,13,180,-153
28,565,2103562,515,-16301,-958,20,168,-158
28,566,2103567,480,-16380,-820,30,144,-167
28,567,2103572,399,-16548,-886,41,114,-176
28,568,2103577,394,-16566,-955,52,90,-185
28,569,2103582,571,-16538,-1012,61,71,-190
28,570,2103587,706,-16514,-872,74,58,-197
28,571,2103592,707,-16516,-807,87,41,-209
28,572,2103597,469,-16620,-821,95,20,-220
28,573,2103602,281,-16736,-947,109,-1,-231
28,574,2103607,524,-16848,-1003,121,-9,-240
28,575,2103612,811,-16932,-815,128,-5,-248
28,576,2103617,1060,-16967,-577,136,-1,-260
28,577,2103622,965,-17029,-490,148,-6,-272
28,578,2103627,811,-17005,-625,159,-26,-284
28,579,2103632,770,-16998,-569,168,-38,-294
28,580,2103637,645,-16976,-367,177,-43,-306
28,581,2103642,489,-16936,-257,184,-47,-324
28,582,2103647,360,-17018,-495,196,-47,-334
28,583,2103652,470,-17161,-745,208,-40,-347
28,584,2103657,766,-17119,-683,213,-20,-359
28,585,2103662,1003,-16736,197,219,16,-396
28,586,2103667,736,-16590,-197,230,21,-413
28,587,2103672,688,-16541,-665,243,37,-423
28,588,2103677,821,-16421,-823,249,60,-434
28,589,2103682,987,-16260,-622,255,76,-447
28,590,2103687,1309,-16181,-546,264,80,-459
28,591,2103692,1606,-16180,-474,274,89,-476
28,592,2103697,1669,-16159,-443,285,99,-484
28,593,2103702,1538,-16181,-242,300,96,-492
28,594,2103707,1510,-16232,-138,310,69,-502
28,595,2103712,1511,-16202,-24,313,32,-511
28,596,2103717,1543,-16284,25,323,-7,-517
28,597,2103722,1745,-16394,-123,335,-47,-523
28,598,2103727,1436,-16256,1242,344,-93,-537
28,599,2103732,2267,-16336,-2882,369,-262,-533
28,600,2103737,1601,-16162,3738,339,-105,-562
28,601,2103760,2288,-17004,282,382,-49,-573
28,602,2103760,2194,-16312,-996,377,-68,-587
28,603,2103761,2194,-16312,-996,377,-68,-587
28,604,2103763,2194,-16312,-996,377,-68,-587
28,605,2103764,2194,-16312,-996,377,-68,-587
28,606,2103767,2336,-16869,388,392,-5,-588
28,607,2103772,1656,-16148,-174,393,10,-607
28,608,2103777,1724,-16700,-678,418,-10,-596
28,609,2103782,1158,-15992,364,400,7,-611
28,610,2103787,2946,-16156,-729,418,-89,-605
28,611,2103792,7670,-8451,16991,346,-162,-655
28,612,2103797,-25484,-16086,32767,427,-2453,-292
28,613,2103802,-25854,-28438,-12613,677,-7488,452
28,614,2103807,7874,-22591,-32768,152,-8856,573
28,615,2103812,26661,-14617,-27614,-305,-6241,76
28,616,2103817,6225,-11719,-19429,-393,-2596,-406
28,617,2103822,-14358,-14562,-19843,-232,628,-425
28,618,2103827,-9420,-16473,-6031,-174,3226,-215
28,619,2103832,-5327,-16053,18045,-149,3316,-35
28,620,2103837,-3226,-15259,17555,-107,967,86
28,621,2103842,6661,-15561,-9575,-277,-957,31
28,622,2103847,7392,-15695,-18281,-244,-205,-125
28,623,2103852,-1045,-15429,-16906,-240,1734,-176
28,624,2103857,-4775,-16021,-8391,-349,3914,-183
28,625,2103862,-718,-16310,-2201,-443,5073,-160
28,626,2103867,3578,-15974,7029,-384,5017,-195
28,627,2103872,1514,-15000,15065,-314,3942,-263
28,628,2103877,-1496,-14707,13873,-270,2350,-243
28,629,2103882,-117,-15201,7326,-205,1168,-122
28,630,2103887,4421,-15788,6238,-161,674,-28
28,631,2103892,6226,-15987,7202,-150,224,-13
28,632,2103897,4212,-16511,8497,-115,-545,-19
28,633,2103902,1735,-16581,4950,-67,-1551,10
28,634,2103907,1969,-17184,-2639,-5,-2215,65
28,635,2103912,3100,-17200,-8122,-8,-2074,78
28,636,2103917,3017,-17293,-7471,-40,-1341,47
28,637,2103922,1131,-17388,-4118,-62,-623,8
28,638,2103927,356,-17559,-3478,-68,-248,-21
28,639,2103932,1164,-17586,-4751,-72,13,-39
28,640,2103937,1917,-17271,-4620,-88,393,-65
28,641,2103942,1473,-16795,-1761,-106,837,-93
28,642,2103947,674,-16435,887,-107,1096,-109
28,643,2103952,908,-16204,1735,-96,1094,-109
28,644,2103957,1845,-15984,1329,-81,927,-99
28,645,2103962,2173,-15619,2285,-78,731,-93
28,646,2103967,1825,-15214,2933,-75,474,-92
28,647,2103972,1483,-15167,2526,-55,205,-77
28,648,2103977,1722,-15293,301,-30,-9,-58
28,649,2103982,2120,-15500,-934,-17,-97,-42
28,650,2103987,2048,-15625,-1329,-7,-140,-37
28,651,2103992,1830,-15742,-970,-10,-152,-45
28,652,2103997,1637,-15779,-1459,-10,-133,-49
28,653,2104002,1764,-16154,-1824,-5,-29,-43
28,654,2104007,1709,-16429,-1916,3,107,-40
28,655,2104012,1385,-16733,-1365,4,217,-48
28,656,2104017,1181,-16967,-983,0,259,-49
28,657,2104022,1333,-17023,-539,1,288,-48
28,658,2104027,1690,-16869,338,7,317,-46
28,659,2104032,1679,-16840,345,15,280,-40
28,660,2104037,1517,-16750,-113,22,203,-32
28,661,2104042,1520,-16529,-431,23,143,-27
28,662,2104047,1516,-16401,-461,27,99,-18
28,663,2104052,1466,-16356,-347,29,62,-14
28,664,2104057,1541,-16364,-511,40,35,-6
28,665,2104062,1697,-16392,-914,42,24,1
28,666,2104067,1723,-16390,-932,38,32,3
28,667,2104072,1681,-16367,-902,37,48,8
28,668,2104077,1678,-16348,-624,40,66,12
28,669,2104082,1405,-16494,-559,44,59,18
28,670,2104087,1073,-16455,-504,39,18,33
28,671,2104092,952,-16413,-1057,36,-50,49
28,672,2104097,1272,-16257,-1534,28,-90,60
28,673,2104102,1540,-16065,-1423,18,-64,68
28,674,2104107,1679,-16039,-1250,18,7,65
28,675,2104112,1627,-16144,-1249,25,104,67
28,676,2104117,1545,-16280,-1014,25,192,71
28,677,2104122,1449,-16335,-908,21,231,75
28,678,2104127,1485,-16303,-573,22,232,81
28,679,2104132,1511,-16321,-4,22,210,84
28,680,2104137,1504,-16419,116,26,166,90
28,681,2104142,1457,-16474,71,35,122,101
28,682,2104147,1408,-16534,11,41,68,112
28,683,2104152,1475,-16535,-331,47,0,120
28,684,2104157,1544,-16585,-535,49,-51,127
28,685,2104162,1594,-16582,-634,54,-79,134
28,686,2104167,1654,-16512,-834,58,-94,143
28,687,2104172,1610,-16411,-878,59,-89,146
28,688,2104177,1550,-16365,-950,59,-78,147
28,689,2104182,1469,-16385,-965,57,-67,155
28,690,2104187,1477,-16348,-791,55,-45,162
28,691,2104192,1432,-16339,-610,55,-25,163
28,692,2104197,1340,-16377,-554,56,-7,164
28,693,2104202,1302,-16450,-542,57,2,171
28,694,2104207,1287,-16473,-554,58,6,170
28,695,2104212,1315,-16429,-583,54,8,173
28,696,2104217,1300,-16351,-503,55,15,176
28,697,2104222,1295,-16334,-572,56,18,176
28,698,2104227,1378,-16400,-672,54,23,180
28,699,2104232,1399,-16383,-580,52,32,183
28,700,2104237,1420,-16328,-670,55,38,187
28,701,2104242,1462,-16324,-660,57,44,189
28,702,2104247,1417,-16372,-763,57,43,193
28,703,2104252,1411,-16374,-594,60,44,196
28,704,2104257,1344,-16356,-458,59,38,196
28,705,2104262,1369,-16384,-378,61,33,199
28,706,2104267,1372,-16419,-453,64,28,202
28,707,2104272,1402,-16534,-458,68,22,208
28,708,2104277,1366,-16546,-459,69,14,210
28,709,2104282,1411,-16535,-392,69,5,213
28,710,2104287,1386,-16451,-405,71,1,212
28,711,2104292,1316,-16438,-472,72,4,214
28,712,2104297,1170,-16470,-601,72,6,211
28,713,2104302,1136,-16465,-569,69,12,214
28,714,2104307,1157,-16453,-542,68,15,214
28,715,2104312,1109,-16446,-462,67,24,213
28,716,2104317,1052,-16449,-529,71,26,212
28,717,2104322,1093,-16480,-512,71,23,212
28,718,2104327,1152,-16526,-453,69,25,213
28,719,2104332,1267,-16511,-424,69,25,210
28,720,2104337,1299,-16460,-407,72,28,207
28,721,2104342,1142,-16435,-438,73,26,209
28,722,2104347,1219,-16490,-581,73,24,210
28,723,2104352,1409,-16446,-510,72,25,207
28,724,2104357,1536,-16402,-540,71,13,205
28,725,2104362,1439,-16427,-284,69,8,206
28,726,2104367,1263,-16429,-358,70,-8,206
28,727,2104372,1258,-16536,-448,75,-21,208
28,728,2104377,1084,-16523,-320,76,-23,208
28,729,2104382,1118,-16545,-251,76,-39,206
28,730,2104387,1148,-16569,-256,75,-53,202
28,731,2104392,1223,-16565,-390,76,-57,201
28,732,2104397,1101,-16541,-285,76,-49,191
28,733,2104402,1001,-16537,-393,73,-48,186
28,734,2104407,1022,-16500,-539,73,-40,184
28,735,2104412,1104,-16486,-717,75,-29,181
28,736,2104417,1147,-16506,-520,75,-14,173
28,737,2104422,1102,-16513,-319,69,-12,168
28,738,2104427,1073,-16543,-332,71,-18,167
28,739,2104432,999,-16543,-456,74,-20,161
28,740,2104437,949,-16476,-454,77,-28,156
28,741,2104442,969,-16437,-410,73,-31,150
28,742,2104447,1050,-16431,-281,72,-42,148
28,743,2104452,1186,-16423,-335,72,-50,145
28,744,2104457,1176,-16442,-443,72,-47,136
28,745,2104462,1139,-16483,-499,72,-38,132
28,746,2104467,1094,-16502,-370,70,-31,129
28,747,2104472,1008,-16471,-321,68,-31,123
28,748,2104477,1009,-16460,-385,68,-31,115
28,749,2104482,952,-16517,-459,67,-27,110
28,750,2104487,977,-16515,-435,66,-23,104
28,751,2104492,982,-16517,-397,63,-20,97
28,752,2104497,1018,-16501,-301,62,-18,90
28,753,2104502,961,-16427,-346,62,-14,84
28,754,2104507,902,-16480,-443,59,-11,77
28,755,2104512,972,-16504,-493,58,-11,71
28,756,2104517,1103,-16509,-366,58,-10,67
28,757,2104522,1143,-16527,-324,55,-10,62
28,758,2104527,1038,-16534,-234,55,-10,56
28,759,2104532,907,-16488,-323,56,-17,51
28,760,2104537,865,-16446,-491,57,-22,47
28,761,2104542,909,-16464,-483,57,-22,40
28,762,2104547,957,-16550,-292,54,-26,33
28,763,2104552,1000,-16576,-150,49,-35,28
28,764,2104557,941,-16618,-106,49,-43,23
28,765,2104562,870,-16540,-178,50,-48,17
28,766,2104567,677,-16506,-319,49,-50,10
28,767,2104572,608,-16430,-393,50,-51,5
28,768,2104577,696,-16416,-439,48,-53,0
28,769,2104582,836,-16373,-341,44,-46,-4
28,770,2104587,887,-16361,-239,43,-36,-13
28,771,2104592,876,-16408,-313,45,-28,-17
28,772,2104597,851,-16457,-404,39,-21,-23
28,773,2104602,889,-16463,-437,42,-11,-29
28,774,2104607,968,-16471,-375,39,1,-33
28,775,2104612,1015,-16495,-210,35,15,-38
28,776,2104617,1025,-16481,-163,35,27,-42
28,777,2104622,934,-16590,-317,36,40,-42
28,778,2104627,904,-16661,-350,36,51,-47
28,779,2104632,775,-16605,-166,32,54,-51
28,780,2104637,831,-16562,-188,29,54,-53
28,781,2104642,873,-16509,-123,30,53,-53
28,782,2104647,898,-16476,-123,30,57,-59
28,783,2104652,800,-16381,-200,28,50,-65
28,784,2104657,670,-16279,-219,26,36,-66
28,785,2104662,697,-16228,-294,24,23,-67
28,786,2104667,691,-16252,-361,25,22,-69
28,787,2104672,716,-16277,-239,22,18,-72
28,788,2104677,716,-16306,-217,21,12,-76
28,789,2104682,742,-16296,-189,20,5,-81
28,790,2104687,760,-16304,-322,21,15,-81
28,791,2104692,745,-16353,-481,18,28,-82
28,792,2104697,724,-16483,-386,17,36,-84
28,793,2104702,776,-16510,-240,16,40,-86
28,794,2104707,858,-16539,-174,13,46,-89
28,795,2104712,913,-16569,-152,15,55,-90
28,796,2104717,905,-16643,-103,13,56,-87
28,797,2104722,767,-16707,-51,11,50,-87
28,798,2104727,747,-16665,-61,10,39,-86
28,799,2104732,746,-16529,-111,9,27,-88
28,800,2104737,808,-16479,-189,8,20,-87
28,801,2104742,872,-16486,-217,11,13,-83
28,802,2104747,887,-16441,-170,7,3,-85
28,803,2104752,889,-16394,-236,5,-3,-85
28,804,2104757,774,-16384,-283,6,-11,-83
28,805,2104762,708,-16392,-307,3,-12,-81
28,806,2104767,726,-16403,-221,-1,-1,-79
28,807,2104772,735,-16414,-263,-2,7,-78
28,808,2104777,724,-16356,-271,-4,9,-78
28,809,2104782,677,-16379,-295,-5,10,-78
28,810,2104787,638,-16382,-237,-5,15,-75
28,811,2104792,657,-16443,-143,-8,11,-70
28,812,2104797,667,-16489,-184,-9,9,-71
28,813,2104802,680,-16521,-205,-12,8,-68
28,814,2104807,841,-16557,-138,-12,5,-65
28,815,2104812,892,-16557,-99,-13,6,-64
28,816,2104817,818,-16531,-156,-15,3,-61
28,817,2104822,796,-16536,-248,-16,-1,-59
28,818,2104827,842,-16527,-323,-16,-4,-58
28,819,2104832,799,-16496,-263,-17,-3,-55
28,820,2104837,797,-16434,-193,-20,-3,-50
28,821,2104842,791,-16365,-210,-20,-4,-48
28,822,2104847,760,-16341,-311,-20,-1,-45
28,823,2104852,786,-16358,-347,-23,3,-44
28,824,2104857,826,-16327,-301,-24,6,-40
28,825,2104862,780,-16372,-221,-26,6,-36
28,826,2104867,799,-16423,-192,-28,6,-34
28,827,2104872,807,-16471,-223,-27,8,-32
28,828,2104877,842,-16524,-179,-29,9,-32
28,829,2104882,780,-16562,-161,-29,11,-27
28,830,2104887,745,-16557,-264,-29,11,-27
28,831,2104892,755,-16588,-241,-32,13,-21
28,832,2104897,795,-16589,-152,-32,16,-16
28,833,2104902,852,-16535,-109,-33,18,-14
28,834,2104907,782,-16536,-186,-32,18,-14
28,835,2104912,750,-16513,-282,-33,18,-10
28,836,2104917,781,-16461,-353,-34,22,-4
28,837,2104922,754,-16400,-276,-35,23,-1
28,838,2104927,782,-16392,-146,-34,22,0
28,839,2104932,817,-16366,-187,-32,16,-1
28,840,2104937,804,-16363,-249,-33,10,5
28,841,2104942,820,-16410,-219,-35,9,8
28,842,2104947,820,-16378,-138,-34,5,8
28,843,2104952,798,-16367,-129,-34,-3,9
28,844,2104957,791,-16347,-168,-32,-7,13
28,845,2104962,804,-16392,-320,-32,-4,19
28,846,2104967,877,-16424,-271,-32,1,20
28,847,2104972,850,-16514,-165,-32,3,22
28,848,2104977,857,-16500,-179,-32,0,21
28,849,2104982,867,-16557,-230,-32,4,23
28,850,2104987,916,-16604,-220,-32,13,28
28,851,2104992,950,-16629,-83,-32,15,30
28,852,2104997,853,-16541,-69,-34,12,30
28,853,2105002,753,-16479,-99,-32,7,30
28,854,2105007,684,-16399,-223,-30,7,30
28,855,2105012,732,-16370,-333,-29,11,35
28,856,2105017,876,-16345,-290,-29,10,35
28,857,2105022,939,-16350,-200,-32,6,33
28,858,2105027,883,-16420,-111,-30,1,35
28,859,2105032,781,-16462,-154,-30,-8,36
28,860,2105037,716,-16515,-187,-27,-13,36
28,861,2105042,661,-16538,-191,-23,-16,38
28,862,2105047,764,-16505,-230,-25,-20,39
28,863,2105052,808,-16470,-212,-25,-28,38
28,864,2105057,868,-16474,-249,-21,-30,41
28,865,2105062,905,-16470,-271,-22,-28,42
28,866,2105067,908,-16468,-276,-22,-22,41
28,867,2105072,904,-16443,-301,-21,-22,42
28,868,2105077,889,-16440,-271,-19,-21,44
28,869,2105082,875,-16440,-276,-17,-13,42
28,870,2105087,884,-16433,-279,-16,-5,43
28,871,2105092,879,-16485,-234,-13,-2,45
28,872,2105097,874,-16523,-198,-14,-1,42
28,873,2105102,856,-16491,-200,-12,1,40
28,874,2105107,835,-16466,-230,-11,7,41
28,875,2105112,842,-16437,-258,-11,11,42
28,876,2105117,893,-16423,-320,-10,12,41
28,877,2105122,948,-16507,-241,-8,12,41
28,878,2105127,909,-16549,-186,-8,10,40
28,879,2105132,853,-16450,-154,-7,4,36
28,880,2105137,820,-16478,-232,-3,0,38
28,881,2105142,828,-16465,-222,-4,-7,36
28,882,2105147,785,-16384,-200,-2,-11,35
28,883,2105152,786,-16389,-216,1,-19,34
28,884,2105157,864,-16340,-317,0,-21,32
28,885,2105162,914,-16326,-383,3,-16,32
28,886,2105167,871,-16310,-449,6,-8,31
28,887,2105172,912,-16364,-437,7,1,29
28,888,2105177,1026,-16324,-243,5,9,29
28,889,2105182,913,-16419,-137,6,20,26
28,890,2105187,740,-16492,-67,6,21,23
28,891,2105192,606,-16584,-115,9,18,21
28,892,2105197,695,-16582,-258,12,17,23
28,893,2105202,878,-16526,-280,11,15,16
28,894,2105207,957,-16515,-132,10,10,15
28,895,2105212,913,-16486,-146,12,2,13
28,896,2105217,878,-16477,-230,15,-5,10
28,897,2105222,853,-16485,-304,17,-6,11
28,898,2105227,840,-16479,-256,19,-7,10
28,899,2105232,817,-16484,-196,15,-6,9
28,900,2105237,865,-16446,-214,17,-1,6
28,901,2105242,867,-16445,-257,19,5,4
28,902,2105247,848,-16464,-347,22,13,3
28,903,2105252,873,-16424,-282,21,23,2
28,904,2105257,908,-16446,-210,21,25,-1
28,905,2105262,896,-16373,-191,22,24,-4
28,906,2105267,887,-16368,-224,23,26,-4
28,907,2105272,779,-16410,-290,25,25,-8
28,908,2105277,798,-16444,-318,27,21,-7
28,909,2105282,804,-16508,-286,31,17,-8
28,910,2105287,844,-16474,-189,28,13,-10
28,911,2105292,843,-16482,-101,28,12,-14
28,912,2105297,874,-16497,-119,29,8,-15
28,913,2105302,842,-16484,-135,30,4,-16
28,914,2105307,795,-16490,-244,29,4,-17
28,915,2105312,795,-16493,-258,29,4,-18
28,916,2105317,766,-16445,-222,29,7,-17
28,917,2105322,802,-16411,-296,30,12,-22
28,918,2105327,813,-16441,-336,32,19,-24
28,919,2105332,834,-16462,-284,31,24,-26
28,920,2105337,785,-16485,-283,30,25,-26
28,921,2105342,862,-16461,-244,33,29,-27
28,922,2105347,880,-16417,-217,31,31,-28
28,923,2105352,850,-16471,-197,33,34,-29
28,924,2105357,854,-16519,-224,32,30,-29
28,925,2105362,837,-16480,-239,32,24,-28
28,926,2105367,838,-16484,-232,32,26,-31
28,927,2105372,834,-16438,-135,34,29,-32
28,928,2105377,881,-16440,-226,34,33,-30
28,929,2105382,898,-16431,-286,33,37,-32
28,930,2105387,883,-16505,-282,33,44,-33
28,931,2105392,858,-16594,-233,31,52,-30
28,932,2105397,804,-16535,-189,30,52,-32
28,933,2105402,805,-16532,-93,30,55,-34
28,934,2105407,813,-16474,-142,30,55,-31
28,935,2105412,773,-16359,-216,29,50,-29
28,936,2105417,695,-16329,-245,30,37,-31
28,937,2105422,613,-16284,-255,31,21,-31
28,938,2105427,672,-16318,-229,30,14,-32
28,939,2105432,747,-16403,-164,30,12,-28
28,940,2105437,790,-16490,-206,29,8,-29
28,941,2105442,735,-16532,-202,30,4,-31
28,942,2105447,777,-16520,-249,29,4,-30
28,943,2105452,785,-16563,-276,30,8,-26
28,944,2105457,827,-16573,-280,29,17,-26
28,945,2105462,880,-16595,-225,27,23,-28
28,946,2105467,885,-16567,-157,26,25,-28
28,947,2105472,845,-16528,-196,26,28,-27
28,948,2105477,830,-16459,-211,26,27,-25
28,949,2105482,786,-16416,-213,27,31,-21
28,950,2105487,816,-16358,-190,21,33,-21
28,951,2105492,843,-16393,-157,25,32,-21
28,952,2105497,743,-16429,-197,23,26,-20
28,953,2105502,729,-16434,-208,19,21,-18
28,954,2105507,774,-16428,-227,18,19,-17
28,955,2105512,766,-16415,-229,17,18,-19
28,956,2105517,726,-16421,-209,17,15,-14
28,957,2105522,697,-16378,-263,17,9,-13
28,958,2105527,702,-16408,-202,16,7,-13
28,959,2105532,707,-16476,-166,14,3,-13
28,960,2105537,752,-16470,-158,13,1,-10
28,961,2105542,750,-16505,-208,12,0,-9
28,962,2105547,803,-16464,-209,10,-1,-8
28,963,2105552,815,-16469,-207,12,-5,-4
28,964,2105557,852,-16441,-223,10,-6,-4
28,965,2105562,791,-16434,-212,11,-3,-4
28,966,2105567,809,-16449,-219,11,-4,-2
28,967,2105572,800,-16506,-253,9,-3,0
28,968,2105577,873,-16502,-183,6,-1,2
28,969,2105582,867,-16466,-225,6,3,1
28,970,2105587,819,-16445,-234,3,7,2
28,971,2105592,754,-16443,-237,4,8,4
28,972,2105597,795,-16442,-249,5,12,6
28,973,2105602,815,-16432,-213,1,13,8
28,974,2105607,785,-16427,-133,1,13,7
28,975,2105612,744,-16465,-127,0,9,7
28,976,2105617,798,-16480,-161,-3,3,9
28,977,2105622,821,-16500,-167,-4,0,8
28,978,2105627,868,-16523,-175,-4,-6,12
28,979,2105632,800,-16514,-175,-2,-13,14
28,980,2105637,702,-16452,-168,-2,-20,15
28,981,2105642,690,-16414,-179,-4,-27,14
28,982,2105647,736,-16430,-242,-5,-32,16
28,983,2105652,774,-16458,-217,-4,-31,16
28,984,2105657,772,-16456,-226,-7,-31,17
28,985,2105662,786,-16483,-175,-7,-31,15
28,986,2105667,835,-16503,-173,-8,-27,17
28,987,2105672,828,-16510,-162,-12,-24,18
28,988,2105677,809,-16500,-237,-12,-18,16
28,989,2105682,878,-16471,-211,-11,-15,16
28,990,2105687,885,-16493,-211,-12,-14,14
28,991,2105692,886,-16451,-272,-15,-15,17
28,992,2105697,830,-16466,-256,-16,-12,18
28,993,2105702,850,-16431,-151,-16,-10,16
28,994,2105707,825,-16392,-136,-19,-10,16
28,995,2105712,785,-16361,-81,-20,-12,18
28,996,2105717,786,-16358,-190,-16,-14,18
28,997,2105722,758,-16399,-204,-15,-16,21
28,998,2105727,747,-16438,-164,-18,-18,17
28,999,2105732,766,-16468,-115,-20,-25,18
29,0,2117477,1185,-16461,-7,0,4,5
29,1,2117482,1141,-16466,-77,2,7,6
29,2,2117487,1121,-16429,-54,3,6,9
29,3,2117492,1151,-16403,-54,1,-1,8
29,4,2117497,1178,-16432,5,2,-5,5
29,5,2117502,1185,-16432,33,1,-6,8
29,6,2117507,1127,-16440,18,2,-11,5
29,7,2117512,1123,-16446,-13,2,-15,6
29,8,2117517,1131,-16437,-34,5,-18,6
29,9,2117522,1209,-16447,-21,3,-18,4
29,10,2117527,1203,-16467,-45,4,-15,3
29,11,2117532,1154,-16466,-18,4,-11,3
29,12,2117537,1135,-16485,-51,7,-9,4
29,13,2117542,1126,-16502,-80,6,-3,0
29,14,2117547,1195,-16490,-43,4,1,1
29,15,2117552,1174,-16480,7,4,4,-2
29,16,2117557,1209,-16471,13,6,5,-2
29,17,2117562,1211,-16458,49,3,6,-1
29,18,2117567,1132,-16461,-9,2,4,-2
29,19,2117572,1142,-16420,-41,5,-1,-4
29,20,2117577,1179,-16351,16,5,-4,-4
29,21,2117582,1186,-16359,10,5,-5,-6
29,22,2117587,1211,-16380,53,5,-8,-6
29,23,2117592,1152,-16372,37,7,-11,-6
29,24,2117597,1160,-16418,4,9,-11,-6
29,25,2117602,1139,-16467,-83,8,-9,-8
29,26,2117607,1122,-16415,-147,4,-6,-10
29,27,2117612,1155,-16426,-116,3,-2,-11
29,28,2117617,1139,-16425,-79,6,3,-12
29,29,2117622,1145,-16451,-57,8,7,-15
29,30,2117627,1185,-16491,-57,8,8,-15
29,31,2117632,1206,-16490,-39,7,5,-14
29,32,2117637,1251,-16532,27,9,6,-15
29,33,2117642,1231,-16539,40,9,0,-19
29,34,2117647,1197,-16483,55,9,-8,-19
29,35,2117652,1137,-16482,22,9,-11,-16
29,36,2117657,1158,-16467,12,9,-15,-16
29,37,2117662,1203,-16436,15,10,-18,-16
29,38,2117667,1211,-16435,3,10,-16,-20
29,39,2117672,1148,-16459,-44,9,-20,-20
29,40,2117677,1097,-16438,-72,9,-16,-23
29,41,2117682,1064,-16417,-24,8,-10,-22
29,42,2117687,1126,-16405,-91,8,-8,-22
29,43,2117692,1151,-16405,-50,10,-7,-22
29,44,2117697,1181,-16412,14,11,-5,-23
29,45,2117702,1180,-16441,-35,10,-4,-23
29,46,2117707,1214,-16433,-70,11,-5,-25
29,47,2117712,1220,-16473,-59,11,-6,-24
29,48,2117717,1262,-16454,18,11,-3,-23
29,49,2117722,1180,-16452,-13,8,-6,-22
29,50,2117727,1142,-16458,10,9,-9,-24
29,51,2117732,1119,-16461,5,11,-9,-23
29,52,2117737,1145,-16503,-15,11,-7,-21
29,53,2117742,1187,-16496,34,8,-3,-23
29,54,2117747,1163,-16421,63,6,-6,-24
29,55,2117752,1232,-16427,25,11,-11,-25
29,56,2117757,1188,-16448,-143,10,-9,-21
29,57,2117762,1158,-16499,-25,6,2,-20
29,58,2117767,1187,-16487,-20,7,-3,-20
29,59,2117772,1224,-16446,77,7,-6,-21
29,60,2117777,1182,-16453,72,7,-8,-22
29,61,2117782,1145,-16434,-14,10,-11,-21
29,62,2117787,1119,-16435,28,8,-13,-20
29,63,2117792,1073,-16432,-29,9,-16,-20
29,64,2117797,1116,-16420,-108,7,-20,-21
29,65,2117802,1176,-16413,-72,8,-19,-20
29,66,2117807,1227,-16471,-60,8,-19,-17
29,67,2117812,1221,-16459,-6,7,-14,-15
29,68,2117817,1225,-16492,-4,7,-11,-16
29,69,2117822,1220,-16490,-29,7,-9,-18
29,70,2117827,1181,-16518,-38,5,-6,-17
29,71,2117832,1195,-16511,-54,5,3,-13
29,72,2117837,1205,-16504,14,4,9,-15
29,73,2117842,1212,-16502,78,3,11,-15
29,74,2117847,1157,-16474,60,4,8,-15
29,75,2117852,1118,-16491,36,5,10,-16
29,76,2117857,1187,-16448,-45,2,11,-12
29,77,2117862,1211,-16417,-27,3,11,-12
29,78,2117867,1158,-16373,27,6,10,-11
29,79,2117872,1141,-16377,-8,1,7,-11
29,80,2117877,1104,-16342,-27,2,4,-11
29,81,2117882,1125,-16393,-42,4,8,-8
29,82,2117887,1138,-16375,-10,1,11,-6
29,83,2117892,1194,-16405,40,2,15,-7
29,84,2117897,1141,-16413,15,4,17,-7
29,85,2117902,1130,-16429,17,1,20,-3
29,86,2117907,1147,-16416,95,0,23,-4
29,87,2117912,1162,-16379,66,1,25,-5
29,88,2117917,1105,-16359,-16,0,25,-6
29,89,2117922,1114,-16429,-91,4,22,-3
29,90,2117927,1139,-16449,-68,2,18,-3
29,91,2117932,1186,-16451,9,2,12,-2
29,92,2117937,1244,-16436,60,1,3,-1
29,93,2117942,1195,-16454,50,6,0,-1
29,94,2117947,1189,-16496,-82,5,2,-2
29,95,2117952,1184,-16500,-104,5,0,1
29,96,2117957,1210,-16436,-71,4,0,4
29,97,2117962,1178,-16438,-50,0,2,3
29,98,2117967,1178,-16445,-26,4,3,4
29,99,2117972,1159,-16453,-72,7,15,4
29,100,2117977,1169,-16434,-114,2,21,2
29,101,2117982,1182,-16415,-87,4,21,4
29,102,2117987,1179,-16455,-22,0,22,6
29,103,2117992,1153,-16405,47,1,22,6
29,104,2117997,1113,-16387,103,2,26,5
29,105,2118002,1081,-16390,15,3,24,8
29,106,2118007,1137,-16378,-66,1,18,9
29,107,2118012,1164,-16378,-5,2,12,9
29,108,2118017,1159,-16344,31,0,10,7
29,109,2118022,1149,-16385,-12,2,11,8
29,110,2118027,1132,-16401,-147,4,12,8
29,111,2118032,1154,-16438,-124,5,11,8
29,112,2118037,1145,-16473,-7,-1,19,7
29,113,2118042,1200,-16491,-18,2,24,11
29,114,2118047,1175,-16482,-55,0,28,10
29,115,2118052,1141,-16423,-138,1,30,8
29,116,2118057,1112,-16490,-114,4,32,9
29,117,2118062,1163,-16441,-68,1,31,7
29,118,2118067,1195,-16459,14,1,30,6
29,119,2118072,1225,-16465,-13,2,33,7
29,120,2118077,1257,-16506,-13,0,33,6
29,121,2118082,1276,-16509,-26,0,35,5
29,122,2118087,1211,-16431,-42,2,34,6
29,123,2118092,1207,-16412,-17,0,37,6
29,124,2118097,1192,-16393,-22,0,43,3
29,125,2118102,1182,-16440,10,-2,47,4
29,126,2118107,1189,-16429,33,-2,48,2
29,127,2118112,1176,-16353,17,-2,45,2
29,128,2118117,1195,-16347,19,-1,44,2
29,129,2118122,1215,-16400,-10,-2,46,0
29,130,2118127,1169,-16416,1,0,41,1
29,131,2118132,1134,-16385,50,-2,31,-1
29,132,2118137,1078,-16415,59,-3,23,-3
29,133,2118142,1116,-16492,17,-4,17,-1
29,134,2118147,1160,-16471,36,-2,13,-1
29,135,2118152,1194,-16454,-21,-1,5,-3
29,136,2118157,1223,-16435,-23,0,-4,-5
29,137,2118162,1208,-16406,-40,-2,-12,-4
29,138,2118167,1125,-16437,-16,-1,-16,-3
29,139,2118172,1119,-16464,-110,3,-23,-3
29,140,2118177,1133,-16481,-83,2,-26,-7
29,141,2118182,1160,-16428,-25,-2,-30,-6
29,142,2118187,1193,-16444,-16,-1,-32,-10
29,143,2118192,1179,-16426,-46,1,-34,-13
29,144,2118197,1197,-16418,-81,-1,-40,-14
29,145,2118202,1252,-16476,-23,0,-44,-14
29,146,2118207,1249,-16450,46,4,-48,-14
29,147,2118212,1193,-16441,129,-3,-55,-15
29,148,2118217,1145,-16419,137,-1,-58,-16
29,149,2118222,1144,-16456,-24,-1,-59,-17
29,150,2118227,1219,-16417,-88,-1,-60,-17
29,151,2118232,1309,-16406,41,-6,-60,-16
29,152,2118237,1309,-16367,71,-8,-58,-18
29,153,2118242,1333,-16364,112,-9,-52,-22
29,154,2118247,1244,-16460,-122,-5,-46,-24
29,155,2118252,1291,-16523,-281,-7,-39,-23
29,156,2118257,1409,-16500,-143,-13,-27,-21
29,157,2118262,1368,-16482,36,-15,-22,-23
29,158,2118267,1327,-16460,143,-15,-13,-28
29,159,2118272,1261,-16531,-53,-16,-4,-27
29,160,2118277,1341,-16610,-245,-15,11,-23
29,161,2118282,1413,-16617,-131,-16,24,-23
29,162,2118287,1433,-16563,57,-22,25,-25
29,163,2118292,1346,-16444,93,-20,15,-30
29,164,2118297,1180,-16434,34,-20,9,-28
29,165,2118302,1203,-16453,-197,-16,9,-27
29,166,2118307,1249,-16399,-90,-16,7,-27
29,167,2118312,1225,-16381,-2,-17,-4,-30
29,168,2118317,1226,-16342,17,-21,-16,-28
29,169,2118322,1253,-16365,27,-22,-18,-29
29,170,2118327,1336,-16409,-64,-20,-17,-29
29,171,2118332,1207,-16518,-69,-20,-12,-28
29,172,2118337,1126,-16550,-104,-18,-12,-29
29,173,2118342,1177,-16558,-146,-20,-10,-30
29,174,2118347,1354,-16517,-91,-22,-3,-27
29,175,2118352,1346,-16481,33,-22,8,-31
29,176,2118357,1293,-16465,76,-24,8,-33
29,177,2118362,1238,-16477,-8,-21,1,-29
29,178,2118367,1193,-16490,-77,-18,-6,-33
29,179,2118372,1297,-16431,75,-20,-10,-40
29,180,2118377,1285,-16415,-248,-20,-26,-35
29,181,2118382,1139,-16461,-65,-23,-13,-30
29,182,2118387,1186,-16465,55,-22,-17,-30
29,183,2118392,1237,-16513,-80,-17,-30,-27
29,184,2118397,1245,-16462,73,-17,-36,-30
29,185,2118402,1057,-16498,-95,-17,-64,-27
29,186,2118407,1220,-16428,57,-15,-69,-32
29,187,2118412,1425,-16381,-200,-12,-90,-28
29,188,2118417,1265,-16368,-130,-15,-81,-24
29,189,2118422,1142,-16428,318,-17,-71,-29
29,190,2118427,1042,-16455,-141,-11,-88,-28
29,191,2118432,1191,-16512,-171,-11,-73,-27
29,192,2118437,1355,-16529,-182,-14,-67,-31
29,193,2118442,1346,-16489,-49,-15,-65,-33
29,194,2118447,1231,-16473,217,-18,-65,-32
29,195,2118452,1196,-16486,62,-14,-66,-29
29,196,2118457,1232,-16498,-158,-12,-56,-27
29,197,2118462,1317,-16521,-90,-13,-40,-28
29,198,2118467,1371,-16487,-56,-15,-43,-31
29,199,2118472,1353,-16445,-44,-17,-42,-32
29,200,2118477,1350,-16430,5,-17,-31,-28
29,201,2118482,1259,-16435,-126,-14,-26,-28
29,202,2118487,1228,-16429,-115,-12,-19,-31
29,203,2118492,1301,-16445,75,-14,-19,-31
29,204,2118497,1154,-16408,992,-16,-48,-26
29,205,2118502,819,-16415,1154,-11,-147,-21
29,206,2118507,1059,-16472,47,-5,-240,-10
29,207,2118512,1423,-16586,-945,0,-230,-2
29,208,2118517,1556,-16621,-1337,-4,-140,-8
29,209,2118522,1274,-16490,-792,-14,-32,-16
29,210,2118527,1098,-16355,-346,-18,37,-17
29,211,2118532,1054,-16404,-285,-19,77,-14
29,212,2118537,1085,-16396,-105,-17,106,-13
29,213,2118542,1066,-16344,156,-14,108,-10
29,214,2118547,1010,-16402,108,-15,85,-8
29,215,2118552,1226,-16386,-194,-14,67,-4
29,216,2118557,1388,-16388,-361,-14,77,1
29,217,2118562,1294,-16464,-387,-13,107,-1
29,218,2118567,1189,-16478,-266,-13,142,-4
29,219,2118572,1153,-16469,-251,-12,164,-3
29,220,2118577,1175,-16490,-124,-12,181,-4
29,221,2118582,1126,-16514,215,-11,179,-3
29,222,2118587,1128,-16436,371,-8,151,-3
29,223,2118592,1278,-16365,428,-5,116,-3
29,224,2118597,1309,-16377,251,-1,86,-1
29,225,2118602,1311,-16447,117,4,59,1
29,226,2118607,1282,-16463,60,8,33,2
29,227,2118612,1287,-16481,15,7,8,3
29,228,2118617,1334,-16479,111,8,-6,5
29,229,2118622,1300,-16448,143,10,-10,4
29,230,2118627,1277,-16384,39,13,-13,2
29,231,2118632,1287,-16363,-170,14,-8,1
29,232,2118637,1295,-16347,-284,15,6,-1
29,233,2118642,1296,-16315,-260,18,14,-2
29,234,2118647,1286,-16268,-195,18,16,-2
29,235,2118652,1268,-16287,-75,16,9,-2
29,236,2118657,1199,-16314,-13,16,5,1
29,237,2118662,1155,-16398,-30,15,-9,0
29,238,2118667,1181,-16445,-132,17,-18,1
29,239,2118672,1195,-16441,-248,18,-23,4
29,240,2118677,1250,-16482,-143,17,-27,3
29,241,2118682,1287,-16501,-103,14,-31,2
29,242,2118687,1288,-16454,-91,13,-33,4
29,243,2118692,1249,-16437,-104,14,-29,4
29,244,2118697,1197,-16465,-107,16,-24,4
29,245,2118702,1203,-16457,-134,16,-20,2
29,246,2118707,1319,-16415,-67,14,-15,2
29,247,2118712,1368,-16401,66,17,-10,2
29,248,2118717,1376,-16377,97,15,-7,0
29,249,2118722,1365,-16364,85,16,-14,0
29,250,2118727,1385,-16398,74,15,-29,2
29,251,2118732,1390,-16370,101,18,-50,6
29,252,2118737,1345,-16379,29,21,-66,6
29,253,2118742,1353,-16404,2,21,-78,4
29,254,2118747,1304,-16441,-122,22,-85,4
29,255,2118752,1291,-16446,-179,21,-80,4
29,256,2118757,1322,-16485,-227,19,-68,5
29,257,2118762,1328,-16445,-224,15,-55,3
29,258,2118767,1307,-16452,-227,19,-39,2
29,259,2118772,1327,-16518,-195,17,-12,0
29,260,2118777,1297,-16518,-45,17,-8,1
29,261,2118782,1195,-16510,5,16,-18,0
29,262,2118787,1222,-16475,-75,16,-32,5
29,263,2118792,1277,-16446,-223,17,-42,5
29,264,2118797,1309,-16427,-249,16,-39,3
29,265,2118802,1271,-16392,-196,13,-32,2
29,266,2118807,1229,-16375,-192,13,-30,0
29,267,2118812,1246,-16396,-187,13,-22,1
29,268,2118817,1237,-16400,-217,11,-13,3
29,269,2118822,1299,-16432,-135,8,-3,0
29,270,2118827,1355,-16419,-75,6,8,-1
29,271,2118832,1328,-16453,-11,4,7,-1
29,272,2118837,1259,-16559,-55,2,4,-1
29,273,2118842,1305,-16562,-139,5,8,-1
29,274,2118847,1419,-16533,-166,4,13,-1
29,275,2118852,1400,-16471,-113,0,15,-3
29,276,2118857,1376,-16392,-59,0,18,-3
29,277,2118862,1340,-16379,-29,-1,19,-4
29,278,2118867,1153,-16390,-20,-4,11,-4
29,279,2118872,1130,-16390,-44,0,2,-3
29,280,2118877,1275,-16392,-163,2,0,-2
29,281,2118882,1330,-16432,-73,2,6,-3
29,282,2118887,1415,-16437,-94,-3,10,-6
29,283,2118892,1336,-16447,36,-2,12,-4
29,284,2118897,1234,-16464,3,-1,10,-4
29,285,2118902,1185,-16456,-123,0,10,-4
29,286,2118907,1120,-16486,-79,1,11,-6
29,287,2118912,1137,-16428,-82,1,1,-4
29,288,2118917,1231,-16388,61,1,-6,-3
29,289,2118922,1313,-16419,93,1,-13,-4
29,290,2118927,1308,-16445,25,-2,-10,-6
29,291,2118932,1189,-16496,-46,2,-11,-4
29,292,2118937,1132,-16423,-168,2,-15,-3
29,293,2118942,1145,-16419,-144,1,-16,-3
29,294,2118947,1241,-16367,15,0,-18,-6
29,295,2118952,1273,-16388,24,3,-21,-6
29,296,2118957,1242,-16429,-70,2,-24,-7
29,297,2118962,1233,-16484,-156,4,-28,-4
29,298,2118967,1239,-16472,-104,2,-30,-6
29,299,2118972,1248,-16512,23,2,-31,-6
29,300,2118977,1281,-16535,45,0,-35,-8
29,301,2118982,1277,-16525,-27,2,-35,-6
29,302,2118987,1317,-16547,-91,3,-32,-6
29,303,2118992,1376,-16503,-173,2,-33,-6
29,304,2118997,1347,-16408,-175,3,-36,-7
29,305,2119002,1308,-16318,-157,3,-36,-7
29,306,2119007,1278,-16314,-88,0,-31,-4
29,307,2119012,1258,-16389,-50,3,-30,-4
29,308,2119017,1257,-16443,-41,3,-29,-5
29,309,2119022,1233,-16469,29,3,-28,-3
29,310,2119027,1238,-16469,-31,2,-30,-6
29,311,2119032,1203,-16448,-59,2,-33,-7
29,312,2119037,1235,-16443,-20,1,-34,-4
29,313,2119042,1243,-16430,-39,4,-35,-6
29,314,2119047,1271,-16438,-36,6,-37,-7
29,315,2119052,1253,-16445,-13,3,-37,-7
29,316,2119057,1227,-16486,11,2,-37,-7
29,317,2119062,1283,-16458,-8,4,-35,-6
29,318,2119067,1318,-16438,3,4,-33,-6
29,319,2119072,1299,-16414,-49,2,-29,-5
29,320,2119077,1306,-16420,-61,2,-29,-4
29,321,2119082,1297,-16445,-49,3,-29,-5
29,322,2119087,1275,-16451,-117,-1,-26,-7
29,323,2119092,1313,-16470,-85,1,-21,-3
29,324,2119097,1277,-16469,-59,2,-17,-4
29,325,2119102,1327,-16460,2,2,-18,-6
29,326,2119107,1248,-16456,-6,1,-18,-6
29,327,2119112,1263,-16448,-72,2,-12,-3
29,328,2119117,1274,-16428,-100,2,-11,-3
29,329,2119122,1267,-16440,-62,3,-9,-4
29,330,2119127,1249,-16416,-97,2,-8,-2
29,331,2119132,1247,-16442,-81,2,-9,-3
29,332,2119137,1281,-16454,-107,3,-9,-4
29,333,2119142,1295,-16464,1,3,-11,-4
29,334,2119147,1309,-16402,-15,3,-15,-4
29,335,2119152,1287,-16404,-55,2,-19,-5
29,336,2119157,1300,-16395,-40,3,-21,-4
29,337,2119162,1314,-16401,12,1,-21,-4
29,338,2119167,1335,-16409,77,2,-26,-4
29,339,2119172,1306,-16426,62,0,-32,-8
29,340,2119177,1270,-16404,17,3,-36,-6
29,341,2119182,1234,-16407,29,3,-37,-5
29,342,2119187,1311,-16413,21,1,-38,-5
29,343,2119192,1348,-16388,-69,1,-40,-5
29,344,2119197,1378,-16374,-110,2,-41,-4
29,345,2119202,1349,-16387,-149,2,-39,-5
29,346,2119207,1267,-16412,-174,1,-40,-5
29,347,2119212,1293,-16471,-217,2,-42,-5
29,348,2119217,1351,-16485,-174,1,-42,-5
29,349,2119222,1370,-16447,-46,1,-38,-1
29,350,2119227,1292,-16411,-181,4,-45,-3
29,351,2119232,1225,-16400,-269,3,-49,-4
29,352,2119237,1160,-16448,-353,2,-47,-3
29,353,2119242,1243,-16563,-157,2,-41,-3
29,354,2119247,1264,-16553,-15,2,-41,-2
29,355,2119252,1342,-16518,144,-2,-39,-4
29,356,2119257,1264,-16532,-98,-2,-38,-8
29,357,2119262,1297,-16550,-160,-2,-34,-7
29,358,2119267,1241,-16527,-269,-3,-32,-7
29,359,2119272,1386,-16446,-6,-6,-26,-6
29,360,2119277,1294,-16491,-111,-8,-26,-6
29,361,2119282,1360,-16510,-118,-6,-19,-9
29,362,2119287,1214,-16463,-201,-6,-18,-9
29,363,2119292,1299,-16455,1,-8,-18,-10
29,364,2119297,1317,-16379,-74,-9,-25,-10
29,365,2119302,1339,-16420,-106,-5,-20,-11
29,366,2119307,1187,-16397,-51,-8,-25,-15
29,367,2119312,1221,-16398,-52,-12,-37,-17
29,368,2119317,1371,-16435,142,-14,-55,-14
29,369,2119322,1406,-16374,54,-11,-72,-13
29,370,2119327,1279,-16478,-27,-6,-83,-10
29,371,2119332,1096,-16472,-167,-9,-98,-14
29,372,2119337,1075,-16444,-320,-9,-103,-14
29,373,2119342,1162,-16499,-202,-12,-86,-13
29,374,2119347,1241,-16507,-79,-13,-71,-20
29,375,2119352,1307,-16519,-87,-12,-67,-20
29,376,2119357,1367,-16532,-83,-15,-74,-19
29,377,2119362,1356,-16470,-92,-16,-83,-21
29,378,2119367,1290,-16453,-44,-16,-91,-23
29,379,2119372,1221,-16458,-140,-17,-92,-25
29,380,2119377,1242,-16523,-251,-19,-84,-26
29,381,2119382,1265,-16546,-232,-21,-70,-25
29,382,2119387,1303,-16578,-236,-18,-60,-23
29,383,2119392,1483,-16549,-192,-21,-49,-28
29,384,2119397,1431,-16511,173,-24,-50,-29
29,385,2119402,1279,-16522,430,-25,-78,-28
29,386,2119407,1247,-16526,158,-22,-119,-21
29,387,2119412,1311,-16484,-104,-21,-140,-19
29,388,2119417,1320,-16384,-482,-17,-143,-18
29,389,2119422,1463,-16305,-788,-21,-110,-18
29,390,2119427,1408,-16300,-845,-23,-48,-23
29,391,2119432,1331,-16376,-654,-25,9,-30
29,392,2119437,1203,-16305,-334,-30,44,-33
29,393,2119442,1188,-16276,41,-31,48,-33
29,394,2119447,1300,-16240,331,-29,30,-30
29,395,2119452,1327,-16218,456,-27,-13,-29
29,396,2119457,1368,-16264,188,-21,-72,-29
29,397,2119462,1375,-16355,-128,-19,-109,-27
29,398,2119467,1298,-16448,-135,-18,-126,-25
29,399,2119472,1223,-16475,-78,-20,-131,-27
29,400,2119477,1329,-16518,-207,-17,-128,-26
29,401,2119482,1531,-16578,-395,-20,-105,-27
29,402,2119487,1652,-16596,-526,-22,-58,-29
29,403,2119492,1524,-16532,-20,-26,-19,-33
29,404,2119497,1203,-16407,809,-30,-40,-34
29,405,2119502,994,-16376,549,-23,-120,-23
29,406,2119507,1213,-16468,-368,-17,-171,-16
29,407,2119512,1433,-16446,-1023,-20,-74,-17
29,408,2119517,1198,-16409,-751,-29,-9,-25
29,409,2119522,1261,-16435,-578,-30,43,-29
29,410,2119527,1338,-16450,-405,-29,89,-28
29,411,2119532,1307,-16408,6,-31,111,-29
29,412,2119537,1248,-16346,440,-31,93,-28
29,413,2119542,1075,-16274,687,-29,31,-26
29,414,2119547,1285,-16258,342,-24,-55,-21
29,415,2119552,1420,-16397,-11,-21,-103,-16
29,416,2119557,1455,-16454,-179,-20,-121,-15
29,417,2119562,1389,-16498,-458,-18,-123,-17
29,418,2119567,1274,-16566,-636,-21,-91,-20
29,419,2119572,1346,-16558,-775,-21,-31,-22
29,420,2119577,1447,-16526,-535,-22,23,-24
29,421,2119582,1418,-16421,-223,-26,55,-31
29,422,2119587,1473,-16272,-170,-26,58,-33
29,423,2119592,1408,-16264,-264,-24,62,-28
29,424,2119597,1447,-16329,8,-25,73,-27
29,425,2119602,1452,-16369,150,-25,53,-25
29,426,2119607,1528,-16358,404,-24,24,-25
29,427,2119612,1420,-16395,342,-24,-13,-26
29,428,2119617,1307,-16388,94,-21,-43,-23
29,429,2119622,1234,-16292,63,-19,-64,-22
29,430,2119627,1158,-16293,-29,-17,-104,-19
29,431,2119632,1123,-16255,-189,-17,-137,-19
29,432,2119637,1121,-16391,-455,-19,-152,-19
29,433,2119642,1243,-16468,-413,-17,-131,-20
29,434,2119647,1268,-16567,-648,-17,-95,-18
29,435,2119652,1396,-16626,-481,-19,-49,-24
29,436,2119657,1366,-16599,-600,-22,-21,-23
29,437,2119662,1306,-16523,-310,-29,3,-24
29,438,2119667,1291,-16511,-261,-28,7,-22
29,439,2119672,1398,-16490,-457,-26,4,-19
29,440,2119677,1501,-16461,-519,-27,12,-18
29,441,2119682,1517,-16464,-440,-28,24,-17
29,442,2119687,1495,-16409,-151,-35,38,-21
29,443,2119692,1365,-16411,15,-31,30,-16
29,444,2119697,1201,-16471,49,-31,18,-12
29,445,2119702,1280,-16466,164,-36,4,-10
29,446,2119707,1389,-16436,117,-36,-23,-3
29,447,2119712,1313,-16405,124,-37,-50,-5
29,448,2119717,1197,-16262,-45,-38,-86,-3
29,449,2119722,1005,-16249,-370,-38,-111,4
29,450,2119727,1060,-16321,-446,-39,-124,8
29,451,2119732,1216,-16360,-480,-41,-128,10
29,452,2119737,1125,-16388,-306,-43,-131,11
29,453,2119742,1128,-16439,-263,-44,-137,8
29,454,2119747,1116,-16481,-527,-47,-135,18
29,455,2119752,1374,-16633,-491,-48,-120,22
29,456,2119757,1438,-16542,-431,-52,-111,24
29,457,2119762,1418,-16613,-433,-55,-109,27
29,458,2119767,1321,-16630,-425,-58,-112,32
29,459,2119772,1341,-16610,-344,-61,-114,36
29,460,2119777,1306,-16522,-255,-66,-114,43
29,461,2119782,1267,-16487,-255,-67,-126,53
29,462,2119787,938,-16453,-507,-70,-149,58
29,463,2119792,920,-16425,-569,-74,-172,59
29,464,2119797,705,-16265,-569,-77,-201,68
29,465,2119802,865,-16309,-529,-78,-223,74
29,466,2119807,829,-16293,-559,-82,-228,78
29,467,2119812,902,-16357,-757,-84,-223,84
29,468,2119817,940,-16385,-884,-89,-207,92
29,469,2119822,1054,-16378,-1090,-94,-187,94
29,470,2119827,886,-16400,-893,-102,-154,97
29,471,2119832,842,-16462,-876,-110,-128,102
29,472,2119837,1037,-16566,-860,-116,-93,108
29,473,2119842,1262,-16677,-766,-122,-47,119
29,474,2119847,1302,-16658,-515,-128,-12,119
29,475,2119852,1106,-16477,-334,-135,2,122
29,476,2119857,802,-16381,-656,-140,6,128
29,477,2119862,882,-16375,-1109,-142,11,137
29,478,2119867,1007,-16349,-1205,-148,38,145
29,479,2119872,990,-16278,-824,-158,59,151
29,480,2119877,810,-16383,-830,-166,54,157
29,481,2119882,979,-16553,-1025,-168,65,167
29,482,2119887,1082,-16605,-723,-176,89,173
29,483,2119892,735,-16577,-485,-183,92,178
29,484,2119897,432,-16512,-407,-186,74,180
29,485,2119902,333,-16537,-720,-185,51,188
29,486,2119907,446,-16685,-1082,-192,44,195
29,487,2119912,718,-16208,-940,-197,64,198
29,488,2119917,1079,-16009,-1139,-198,84,196
29,489,2119922,1073,-16262,-1684,-200,93,203
29,490,2119927,1167,-16458,-1336,-206,99,211
29,491,2119932,933,-16457,-816,-214,74,210
29,492,2119937,685,-16501,-374,-215,40,208
29,493,2119942,583,-16626,-715,-210,11,218
29,494,2119947,898,-16775,-996,-209,14,228
29,495,2119952,969,-16743,-544,-213,12,230
29,496,2119957,855,-16711,-374,-217,-34,230
29,497,2119962,639,-16689,-675,-220,-83,236
29,498,2119967,724,-16601,-1036,-216,-111,241
29,499,2119972,947,-16492,-1199,-218,-106,244
29,500,2119977,937,-16427,-828,-224,-92,243
29,501,2119982,873,-16369,-789,-220,-103,242
29,502,2119987,834,-16315,-1216,-221,-118,242
29,503,2119992,728,-16330,-1506,-223,-104,244
29,504,2119997,651,-16422,-1390,-223,-78,245
29,505,2120002,712,-16542,-1103,-227,-66,243
29,506,2120007,914,-16535,-865,-228,-63,245
29,507,2120012,951,-16539,-814,-227,-67,243
29,508,2120017,802,-16460,-910,-228,-73,239
29,509,2120022,568,-16439,-1073,-225,-82,236
29,510,2120027,580,-16345,-1193,-223,-92,234
29,511,2120032,708,-16360,-1144,-224,-100,234
29,512,2120037,797,-16488,-1159,-224,-102,236
29,513,2120042,718,-16573,-991,-221,-101,228
29,514,2120047,571,-16582,-960,-226,-104,227
29,515,2120052,493,-16654,-1032,-225,-108,227
29,516,2120057,563,-16637,-955,-221,-100,229
29,517,2120062,662,-16515,-1074,-224,-90,220
29,518,2120067,683,-16287,-986,-226,-73,215
29,519,2120072,531,-16160,-1187,-222,-72,211
29,520,2120077,446,-16155,-1650,-220,-70,203
29,521,2120082,488,-16192,-1571,-216,-63,198
29,522,2120087,554,-16199,-1395,-216,-53,196
29,523,2120092,572,-16378,-1246,-216,-48,193
29,524,2120097,659,-16535,-1211,-214,-39,188
29,525,2120102,739,-16517,-1092,-211,-29,183
29,526,2120107,581,-16587,-1049,-209,-24,182
29,527,2120112,425,-16662,-1263,-207,-25,179
29,528,2120117,447,-16632,-1342,-206,-26,175
29,529,2120122,479,-16496,-1084,-207,-30,173
29,530,2120127,554,-16366,-1157,-202,-38,168
29,531,2120132,553,-16371,-1392,-197,-32,161
29,532,2120137,439,-16305,-1622,-192,-29,160
29,533,2120142,472,-16296,-1498,-195,-21,153
29,534,2120147,408,-16319,-1484,-191,-16,147
29,535,2120152,405,-16233,-1288,-184,-9,142
29,536,2120157,228,-16236,-1598,-176,-3,137
29,537,2120162,164,-16286,-1583,-173,5,133
29,538,2120167,271,-16319,-1343,-173,5,130
29,539,2120172,432,-16424,-1425,-171,6,126
29,540,2120177,434,-16531,-1432,-161,17,122
29,541,2120182,308,-16477,-1664,-157,23,114
29,542,2120187,338,-16516,-1808,-156,39,115
29,543,2120192,543,-16678,-1647,-156,62,113
29,544,2120197,684,-16625,-1367,-154,82,105
29,545,2120202,627,-16737,-1079,-150,92,101
29,546,2120207,487,-16736,-1103,-148,90,95
29,547,2120212,377,-16533,-1184,-138,88,92
29,548,2120217,262,-16430,-1471,-130,75,88
29,549,2120222,226,-16312,-1668,-126,65,87
29,550,2120227,187,-16224,-1581,-119,47,79
29,551,2120232,175,-16116,-1468,-114,26,72
29,552,2120237,153,-16150,-1302,-109,5,70
29,553,2120242,63,-16278,-1482,-99,-15,65
29,554,2120247,117,-16337,-1740,-84,-6,54
29,555,2120252,224,-16348,-1724,-78,5,48
29,556,2120257,207,-16262,-1689,-76,13,42
29,557,2120262,318,-16106,-1667,-69,30,35
29,558,2120267,357,-16047,-1766,-61,44,28
29,559,2120272,444,-15996,-1798,-54,65,19
29,560,2120277,458,-15973,-1632,-48,81,13
29,561,2120282,496,-16007,-1424,-42,84,5
29,562,2120287,540,-16172,-1317,-33,80,-1
29,563,2120292,502,-16468,-1050,-23,75,-7
29,564,2120297,278,-16588,-1288,-12,53,-19
29,565,2120302,286,-16616,-1144,-3,33,-25
29,566,2120307,231,-16563,-1254,5,2,-29
29,567,2120312,270,-16645,-1275,16,-26,-40
29,568,2120317,378,-16709,-1230,26,-50,-47
29,569,2120322,292,-16781,-1078,34,-75,-57
29,570,2120327,235,-16806,-1129,45,-103,-65
29,571,2120332,170,-16792,-1252,57,-126,-82
29,572,2120337,232,-16703,-1437,69,-127,-94
29,573,2120342,520,-16558,-1452,74,-113,-102
29,574,2120347,967,-16222,-1388,80,-102,-117
29,575,2120352,1068,-16061,-1340,93,-91,-134
29,576,2120357,928,-16037,-1593,104,-95,-150
29,577,2120362,826,-16140,-1032,117,-107,-156
29,578,2120367,803,-16054,-673,125,-141,-166
29,579,2120372,698,-16070,-186,138,-184,-179
29,580,2120377,591,-16107,-572,159,-246,-193
29,581,2120382,572,-16321,-560,174,-306,-201
29,582,2120387,421,-16505,-630,182,-372,-210
29,583,2120392,496,-16579,-624,193,-431,-226
29,584,2120397,758,-16638,-1078,211,-457,-241
29,585,2120402,1032,-16774,-1682,222,-440,-258
29,586,2120407,1234,-16823,-1684,227,-390,-273
29,587,2120412,1231,-16739,-1506,234,-344,-291
29,588,2120417,1095,-16690,-1563,247,-301,-312
29,589,2120422,923,-16621,-1649,256,-237,-329
29,590,2120427,1001,-16647,-1612,264,-165,-344
29,591,2120432,1282,-16662,-1422,270,-103,-360
29,592,2120437,1568,-16598,-918,278,-59,-377
29,593,2120442,1551,-16523,-794,287,-51,-394
29,594,2120447,1348,-16530,-697,304,-54,-410
29,595,2120452,1139,-16460,-742,318,-70,-423
29,596,2120457,1175,-16497,-306,333,-89,-428
29,597,2120462,1604,-16629,15,339,-118,-440
29,598,2120467,1334,-16574,180,348,-165,-458
29,599,2120472,812,-16521,550,358,-214,-473
29,600,2120477,737,-16552,-490,374,-269,-476
29,601,2120482,775,-16650,-1207,387,-262,-480
29,602,2120487,1311,-16431,-1145,392,-229,-501
29,603,2120492,1379,-16384,-908,391,-184,-515
29,604,2120497,1328,-16232,-83,389,-140,-538
29,605,2120502,1210,-16252,-775,408,-141,-549
29,606,2120507,1325,-16431,-2123,423,-116,-555
29,607,2120512,849,-16456,95,416,-28,-578
29,608,2120517,962,-15979,-1110,428,-116,-589
29,609,2120522,1669,-16622,-998,429,-125,-593
29,610,2120527,1784,-15895,1074,422,-82,-623
29,611,2120532,2231,-16627,-3713,468,-164,-605
29,612,2120537,1203,-16287,1698,440,37,-641
29,613,2120542,1748,-16681,-2900,468,-129,-622
29,614,2120547,1595,-16775,1460,445,-2,-644
29,615,2120570,1934,-16711,28,475,-183,-656
29,616,2120571,1934,-16711,28,475,-183,-656
29,617,2120573,8029,-13270,5142,468,-237,-669
29,618,2120574,8029,-13270,5142,468,-237,-669
29,619,2120575,8029,-13270,5142,468,-237,-669
29,620,2120577,8029,-13270,5142,468,-237,-669
29,621,2120582,-10176,-7355,32013,401,-1136,-620
29,622,2120587,-32166,-25258,9500,722,-5524,145
29,623,2120592,-6524,-28144,-32768,415,-8969,548
29,624,2120597,22126,-18763,-32768,-201,-7812,344
29,625,2120602,15778,-11992,-13739,-523,-4653,-229
29,626,2120607,-6220,-12749,-17557,-395,-1432,-481
29,627,2120612,-12637,-17645,-29565,-141,1781,-311
29,628,2120617,-2050,-15956,21926,-371,4123,-222
29,629,2120622,-6467,-15042,22722,-375,1375,-102
29,630,2120627,4047,-13777,-1911,-414,-469,-131
29,631,2120632,9914,-16465,-24823,-202,165,-146
29,632,2120637,4269,-16433,-19484,-295,2459,-284
29,633,2120642,-5727,-16132,1328,-489,4322,-337
29,634,2120647,-4362,-14831,13075,-569,4142,-287
29,635,2120652,4486,-14809,11908,-395,2718,-175
29,636,2120657,6902,-15021,13004,-226,1519,-187
29,637,2120662,2865,-15793,6341,-181,367,-219
29,638,2120667,-599,-15643,2131,-219,-255,-164
29,639,2120672,1595,-15661,2786,-219,-536,-53
29,640,2120677,5193,-15548,3281,-193,-791,-4
29,641,2120682,5740,-15825,671,-149,-1096,-49
29,642,2120687,1513,-15981,-2035,-125,-1325,-87
29,643,2120692,-1372,-16227,-5311,-121,-1363,-68
29,644,2120697,143,-16305,-7945,-151,-1021,-32
29,645,2120702,3106,-16269,-6082,-182,-285,-49
29,646,2120707,2894,-16334,-2854,-193,389,-112
29,647,2120712,347,-16544,-872,-191,715,-165
29,648,2120717,-518,-16632,-2668,-190,740,-166
29,649,2120722,1074,-16534,-2751,-208,867,-144
29,650,2120727,2648,-16258,-972,-220,1092,-144
29,651,2120732,2164,-15993,2948,-221,1236,-168
29,652,2120737,1001,-16080,2752,-189,1057,-169
29,653,2120742,1008,-16391,661,-163,760,-139
29,654,2120747,2023,-16372,-914,-163,530,-108
29,655,2120752,2494,-16181,457,-180,419,-99
29,656,2120757,2070,-16075,1233,-169,294,-96
29,657,2120762,1703,-16105,-7,-145,161,-81
29,658,2120767,1954,-16282,-2324,-118,92,-57
29,659,2120772,2155,-16332,-3119,-114,116,-41
29,660,2120777,2000,-16178,-2015,-125,158,-43
29,661,2120782,1633,-16084,-1086,-131,166,-45
29,662,2120787,1471,-16262,-1384,-123,178,-38
29,663,2120792,1438,-16539,-1523,-107,242,-20
29,664,2120797,1337,-16798,-1212,-106,303,-12
29,665,2120802,1202,-16932,-636,-112,310,-13
29,666,2120807,959,-16852,-363,-118,271,-12
29,667,2120812,933,-16688,-608,-115,237,-7
29,668,2120817,1105,-16559,-844,-108,241,5
29,669,2120822,1427,-16589,-1081,-100,231,21
29,670,2120827,1829,-16544,-1116,-96,197,31
29,671,2120832,1981,-16417,-921,-103,164,39
29,672,2120837,1972,-16311,-734,-100,136,46
29,673,2120842,1947,-16295,-890,-91,107,60
29,674,2120847,1843,-16312,-1141,-83,97,75
29,675,2120852,1835,-16274,-1257,-79,80,87
29,676,2120857,1868,-16241,-1133,-81,57,97
29,677,2120862,1757,-16195,-997,-83,32,106
29,678,2120867,1822,-16247,-1091,-81,19,116
29,679,2120872,1734,-16277,-957,-77,22,128
29,680,2120877,1539,-16334,-996,-72,14,135
29,681,2120882,1261,-16358,-1022,-68,-5,141
29,682,2120887,1110,-16353,-1072,-67,-17,147
29,683,2120892,1218,-16309,-1296,-66,-12,156
29,684,2120897,1448,-16292,-1200,-64,13,162
29,685,2120902,1374,-16235,-1142,-61,27,164
29,686,2120907,1317,-16271,-1264,-54,23,169
29,687,2120912,1394,-16287,-1413,-54,24,177
29,688,2120917,1731,-16202,-1373,-50,35,186
29,689,2120922,1866,-16080,-1105,-43,52,192
29,690,2120927,1893,-16098,-1271,-34,55,196
29,691,2120932,1854,-16107,-1235,-31,51,203
29,692,2120937,1957,-16073,-1304,-29,37,214
29,693,2120942,1923,-15995,-1187,-26,25,221
29,694,2120947,1750,-15999,-991,-22,13,226
29,695,2120952,1570,-16036,-1165,-17,-14,229
29,696,2120957,1435,-16190,-1291,-12,-33,237
29,697,2120962,1492,-16313,-1203,-12,-39,244
29,698,2120967,1687,-16277,-1061,-10,-39,245
29,699,2120972,1686,-16318,-1032,-7,-28,245
29,700,2120977,1627,-16468,-1232,-1,-10,249
29,701,2120982,1588,-16517,-1457,3,8,252
29,702,2120987,1459,-16566,-1141,-2,44,254
29,703,2120992,1387,-16514,-913,1,51,255
29,704,2120997,1368,-16555,-1090,4,54,260
29,705,2121002,1412,-16523,-1165,8,68,262
29,706,2121007,1568,-16473,-1294,11,74,261
29,707,2121012,1641,-16448,-1118,12,78,264
29,708,2121017,1491,-16383,-1128,17,64,265
29,709,2121022,1469,-16342,-1126,24,57,266
29,710,2121027,1352,-16376,-1242,28,53,268
29,711,2121032,1317,-16403,-1416,35,53,267
29,712,2121037,1409,-16489,-1271,40,48,269
29,713,2121042,1291,-16541,-1164,36,42,270
29,714,2121047,1395,-16520,-985,35,44,268
29,715,2121052,1380,-16509,-938,41,48,268
29,716,2121057,1233,-16604,-1151,49,50,267
29,717,2121062,1278,-16681,-1247,51,52,265
29,718,2121067,1171,-16619,-1279,52,55,266
29,719,2121072,1308,-16516,-1283,53,60,267
29,720,2121077,1414,-16429,-1208,54,73,267
29,721,2121082,1424,-16363,-1111,57,84,266
29,722,2121087,1496,-16316,-1051,63,89,263
29,723,2121092,1352,-16381,-1029,66,85,264
29,724,2121097,1300,-16386,-913,66,73,262
29,725,2121102,1402,-16339,-810,71,52,258
29,726,2121107,1259,-16468,-846,73,26,256
29,727,2121112,1078,-16493,-706,77,-1,257
29,728,2121117,1205,-16471,-980,83,-33,259
29,729,2121122,1304,-16433,-1095,87,-41,256
29,730,2121127,1298,-16437,-1302,90,-38,248
29,731,2121132,1248,-16471,-1321,96,-41,247
29,732,2121137,1082,-16369,-1386,94,-39,242
29,733,2121142,1160,-16421,-1435,95,-37,240
29,734,2121147,1325,-16405,-1220,98,-15,234
29,735,2121152,1320,-16411,-1127,99,15,229
29,736,2121157,1148,-16427,-1032,100,33,221
29,737,2121162,1038,-16411,-1149,101,33,215
29,738,2121167,1156,-16460,-1172,100,41,212
29,739,2121172,1439,-16470,-1050,103,48,209
29,740,2121177,1443,-16483,-723,102,58,201
29,741,2121182,1256,-16556,-653,101,51,191
29,742,2121187,929,-16539,-834,108,28,184
29,743,2121192,878,-16528,-1029,109,1,181
29,744,2121197,940,-16469,-1006,109,-18,177
29,745,2121202,932,-16455,-856,108,-40,170
29,746,2121207,931,-16334,-981,109,-63,157
29,747,2121212,963,-16394,-1032,114,-67,153
29,748,2121217,1041,-16417,-1333,117,-67,147
29,749,2121222,1132,-16430,-1286,117,-56,138
29,750,2121227,1039,-16379,-1100,116,-45,129
29,751,2121232,879,-16280,-1198,116,-41,117
29,752,2121237,931,-16243,-1286,115,-28,110
29,753,2121242,1055,-16274,-1465,119,-7,106
29,754,2121247,1212,-16357,-1339,122,19,96
29,755,2121252,1305,-16468,-1094,121,32,84
29,756,2121257,1132,-16520,-874,119,29,75
29,757,2121262,1036,-16578,-864,118,24,67
29,758,2121267,1000,-16572,-919,121,26,65
29,759,2121272,1033,-16537,-849,121,30,57
29,760,2121277,1030,-16427,-1017,120,26,48
29,761,2121282,1050,-16415,-988,117,23,38
29,762,2121287,1115,-16464,-1013,116,21,32
29,763,2121292,1005,-16469,-846,117,25,24
29,764,2121297,938,-16439,-841,114,27,13
29,765,2121302,907,-16549,-1095,114,33,8
29,766,2121307,977,-16571,-1259,114,46,0
29,767,2121312,1090,-16535,-1071,110,59,-8
29,768,2121317,1081,-16492,-910,106,67,-17
29,769,2121322,1004,-16512,-861,105,70,-24
29,770,2121327,939,-16539,-1049,106,71,-31
29,771,2121332,952,-16529,-1050,105,73,-37
29,772,2121337,946,-16451,-1015,100,75,-44
29,773,2121342,947,-16402,-857,100,71,-50
29,774,2121347,918,-16394,-937,100,68,-55
29,775,2121352,929,-16522,-983,92,80,-68
29,776,2121357,928,-16479,-973,87,85,-77
29,777,2121362,1005,-16392,-940,87,85,-80
29,778,2121367,1011,-16366,-934,87,88,-86
29,779,2121372,876,-16374,-918,84,95,-93
29,780,2121377,836,-16401,-1027,83,89,-95
29,781,2121382,888,-16438,-1074,82,87,-94
29,782,2121387,991,-16433,-979,79,87,-100
29,783,2121392,925,-16440,-762,73,86,-106
29,784,2121397,850,-16401,-789,72,70,-109
29,785,2121402,824,-16433,-862,71,59,-109
29,786,2121407,838,-16514,-819,69,51,-111
29,787,2121412,785,-16498,-730,65,36,-112
29,788,2121417,728,-16413,-607,63,24,-118
29,789,2121422,667,-16462,-668,60,14,-120
29,790,2121427,691,-16547,-1003,57,17,-121
29,791,2121432,862,-16555,-1156,58,35,-123
29,792,2121437,955,-16560,-1233,54,51,-125
29,793,2121442,1021,-16514,-1177,48,66,-124
29,794,2121447,937,-16378,-989,43,70,-124
29,795,2121452,790,-16336,-807,40,68,-130
29,796,2121457,691,-16351,-754,40,64,-125
29,797,2121462,766,-16383,-799,37,61,-124
29,798,2121467,839,-16431,-836,31,54,-122
29,799,2121472,856,-16392,-655,29,41,-123
29,800,2121477,818,-16421,-680,27,26,-121
29,801,2121482,757,-16471,-808,25,20,-118
29,802,2121487,728,-16476,-971,23,19,-116
29,803,2121492,823,-16514,-1000,17,24,-119
29,804,2121497,808,-16494,-797,12,32,-119
29,805,2121502,801,-16503,-915,8,28,-116
29,806,2121507,775,-16482,-1027,6,19,-114
29,807,2121512,788,-16377,-924,4,17,-111
29,808,2121517,757,-16331,-635,-2,14,-108
29,809,2121522,774,-16366,-716,-4,2,-103
29,810,2121527,822,-16388,-766,-5,-10,-100
29,811,2121532,771,-16421,-836,-8,-15,-102
29,812,2121537,673,-16412,-885,-11,-25,-99
29,813,2121542,674,-16375,-835,-15,-29,-93
29,814,2121547,808,-16427,-983,-18,-28,-90
29,815,2121552,1006,-16417,-1057,-21,-13,-86
29,816,2121557,1058,-16389,-981,-23,3,-85
29,817,2121562,914,-16370,-899,-28,4,-84
29,818,2121567,906,-16416,-958,-32,6,-78
29,819,2121572,997,-16417,-815,-36,15,-75
29,820,2121577,1024,-16377,-635,-41,19,-73
29,821,2121582,859,-16405,-801,-41,10,-69
29,822,2121587,698,-16471,-956,-43,5,-65
29,823,2121592,787,-16421,-869,-46,0,-57
29,824,2121597,958,-16394,-783,-49,-8,-58
29,825,2121602,988,-16453,-604,-51,-9,-56
29,826,2121607,1016,-16524,-718,-52,-22,-53
29,827,2121612,852,-16524,-975,-51,-29,-47
29,828,2121617,794,-16552,-1018,-55,-19,-40
29,829,2121622,808,-16537,-864,-56,-16,-38
29,830,2121627,902,-16375,-778,-59,-18,-39
29,831,2121632,879,-16440,-779,-62,-16,-36
29,832,2121637,916,-16410,-821,-61,-12,-34
29,833,2121642,839,-16395,-962,-59,-10,-30
29,834,2121647,881,-16494,-892,-66,-9,-26
29,835,2121652,931,-16392,-713,-70,-11,-26
29,836,2121657,982,-16382,-717,-68,-14,-23
29,837,2121662,1016,-16420,-734,-69,-14,-21
29,838,2121667,1018,-16392,-883,-68,-18,-19
29,839,2121672,1025,-16452,-867,-68,-20,-12
29,840,2121677,1019,-16486,-770,-73,-20,-9
29,841,2121682,1030,-16451,-724,-74,-21,-11
29,842,2121687,1050,-16438,-802,-72,-20,-10
29,843,2121692,904,-16414,-856,-71,-16,-5
29,844,2121697,901,-16397,-898,-73,-15,-1
29,845,2121702,992,-16434,-877,-75,-9,-2
29,846,2121707,1019,-16495,-709,-75,-6,0
29,847,2121712,1020,-16478,-762,-75,-9,2
29,848,2121717,962,-16450,-766,-73,-12,6
29,849,2121722,914,-16463,-886,-68,-31,11
29,850,2121727,937,-16426,-722,-67,-34,13
29,851,2121732,942,-16359,-623,-67,-47,13
29,852,2121737,917,-16322,-708,-65,-56,15
29,853,2121742,947,-16310,-949,-62,-50,17
29,854,2121747,960,-16311,-1090,-63,-39,16
29,855,2121752,1019,-16363,-986,-64,-31,18
29,856,2121757,1039,-16367,-851,-64,-27,19
29,857,2121762,1072,-16410,-826,-62,-21,18
29,858,2121767,1055,-16407,-788,-58,-12,20
29,859,2121772,996,-16418,-935,-55,-4,24
29,860,2121777,1088,-16359,-855,-56,-3,22
29,861,2121782,963,-16359,-822,-57,-8,22
29,862,2121787,1032,-16430,-682,-54,-10,25
29,863,2121792,1042,-16449,-675,-52,-14,29
29,864,2121797,1102,-16523,-702,-50,-15,27
29,865,2121802,1103,-16561,-772,-48,-17,27
29,866,2121807,997,-16516,-866,-46,-17,27
29,867,2121812,928,-16461,-883,-46,-16,28
29,868,2121817,970,-16400,-837,-45,-16,29
29,869,2121822,1031,-16361,-821,-39,-12,28
29,870,2121827,1005,-16332,-865,-39,-9,29
29,871,2121832,921,-16292,-935,-35,-12,28
29,872,2121837,936,-16340,-952,-30,-14,29
29,873,2121842,1002,-16394,-895,-29,-18,29
29,874,2121847,1009,-16377,-758,-28,-18,26
29,875,2121852,991,-16395,-812,-23,-19,25
29,876,2121857,958,-16437,-878,-21,-21,26
29,877,2121862,981,-16437,-905,-18,-20,28
29,878,2121867,1037,-16389,-841,-15,-19,26
29,879,2121872,1071,-16360,-782,-13,-18,25
29,880,2121877,1086,-16400,-861,-10,-12,24
29,881,2121882,1095,-16428,-967,-8,-1,24
29,882,2121887,1135,-16408,-911,-8,9,24
29,883,2121892,1167,-16439,-816,-5,17,21
29,884,2121897,1086,-16385,-801,-6,25,22
29,885,2121902,967,-16335,-933,-3,30,21
29,886,2121907,1052,-16344,-887,4,40,21
29,887,2121912,1047,-16346,-893,3,40,19
29,888,2121917,1096,-16396,-720,3,38,19
29,889,2121922,1048,-16411,-697,6,35,16
29,890,2121927,976,-16428,-776,10,28,18
29,891,2121932,954,-16461,-847,16,19,17
29,892,2121937,992,-16425,-900,18,13,14
29,893,2121942,1026,-16375,-887,20,8,13
29,894,2121947,953,-16418,-854,23,-3,12
29,895,2121952,992,-16476,-761,25,-5,10
29,896,2121957,1010,-16496,-726,30,-11,11
29,897,2121962,984,-16506,-767,34,-13,10
29,898,2121967,983,-16499,-879,32,-12,9
29,899,2121972,992,-16453,-890,35,-14,9
29,900,2121977,956,-16374,-921,35,-12,5
29,901,2121982,910,-16340,-896,38,-6,4
29,902,2121987,950,-16317,-986,41,0,3
29,903,2121992,1030,-16317,-951,42,8,2
29,904,2121997,1042,-16304,-941,42,15,1
29,905,2122002,1024,-16304,-887,46,18,2
29,906,2122007,1035,-16347,-874,46,24,-3
29,907,2122012,1070,-16395,-875,49,29,-3
29,908,2122017,1128,-16483,-893,49,32,-3
29,909,2122022,1071,-16498,-818,48,31,-3
29,910,2122027,1000,-16466,-804,51,24,-6
29,911,2122032,985,-16447,-940,55,18,-7
29,912,2122037,1003,-16445,-985,59,21,-8
29,913,2122042,1092,-16479,-899,59,26,-9
29,914,2122047,1119,-16534,-757,55,28,-13
29,915,2122052,1088,-16553,-753,60,26,-10
29,916,2122057,1051,-16469,-794,60,28,-10
29,917,2122062,1000,-16466,-844,60,30,-9
29,918,2122067,989,-16434,-853,61,29,-8
29,919,2122072,1005,-16387,-779,61,29,-12
29,920,2122077,1000,-16378,-715,58,26,-11
29,921,2122082,872,-16364,-780,59,24,-13
29,922,2122087,837,-16389,-877,61,26,-16
29,923,2122092,934,-16374,-953,62,32,-15
29,924,2122097,934,-16370,-868,61,40,-18
29,925,2122102,932,-16388,-854,62,41,-19
29,926,2122107,955,-16417,-902,62,40,-17
29,927,2122112,1043,-16422,-947,63,41,-13
29,928,2122117,1079,-16449,-869,64,36,-15
29,929,2122122,1040,-16473,-803,62,25,-18
29,930,2122127,992,-16482,-737,65,11,-15
29,931,2122132,1031,-16522,-821,64,3,-17
29,932,2122137,1057,-16511,-837,64,-2,-14
29,933,2122142,1065,-16480,-786,62,-4,-13
29,934,2122147,954,-16417,-756,61,-8,-17
29,935,2122152,926,-16383,-834,63,-11,-15
29,936,2122157,908,-16348,-959,62,0,-16
29,937,2122162,943,-16376,-927,62,12,-13
29,938,2122167,937,-16399,-878,56,20,-9
29,939,2122172,957,-16406,-843,54,25,-16
29,940,2122177,936,-16392,-922,54,31,-18
29,941,2122182,946,-16385,-874,53,40,-14
29,942,2122187,980,-16377,-847,54,40,-12
29,943,2122192,1002,-16366,-767,51,34,-14
29,944,2122197,1024,-16391,-700,48,24,-14
29,945,2122202,1010,-16444,-683,49,15,-14
29,946,2122207,969,-16420,-718,53,2,-10
29,947,2122212,923,-16413,-751,50,-8,-6
29,948,2122217,887,-16406,-861,46,-13,-9
29,949,2122222,897,-16421,-875,43,-20,-8
29,950,2122227,982,-16364,-834,44,-21,-9
29,951,2122232,1041,-16476,-851,44,-11,-7
29,952,2122237,1022,-16488,-931,41,-5,-5
29,953,2122242,1048,-16479,-948,39,9,-6
29,954,2122247,998,-16536,-874,35,17,-5
29,955,2122252,983,-16536,-765,31,21,-7
29,956,2122257,941,-16475,-769,32,27,-4
29,957,2122262,918,-16429,-791,31,26,-4
29,958,2122267,979,-16419,-756,28,17,-2
29,959,2122272,1049,-16450,-759,25,10,0
29,960,2122277,1016,-16428,-706,24,3,1
29,961,2122282,991,-16441,-740,22,-5,0
29,962,2122287,960,-16426,-765,23,-9,2
29,963,2122292,965,-16385,-823,20,-18,3
29,964,2122297,927,-16359,-829,18,-20,3
29,965,2122302,939,-16390,-786,15,-18,3
29,966,2122307,954,-16431,-805,14,-19,5
29,967,2122312,954,-16407,-756,15,-18,4
29,968,2122317,937,-16420,-856,12,-15,4
29,969,2122322,973,-16441,-897,8,-11,7
29,970,2122327,1005,-16507,-870,8,-7,5
29,971,2122332,979,-16474,-735,6,-7,6
29,972,2122337,1040,-16514,-682,5,-11,4
29,973,2122342,1070,-16531,-720,7,-11,5
29,974,2122347,1054,-16527,-722,2,-11,8
29,975,2122352,1089,-16457,-782,-2,-11,8
29,976,2122357,1061,-16449,-668,-3,-15,8
29,977,2122362,1002,-16440,-750,-1,-21,9
29,978,2122367,939,-16380,-735,-2,-23,8
29,979,2122372,992,-16356,-789,-6,-19,8
29,980,2122377,990,-16380,-877,-7,-11,8
29,981,2122382,911,-16341,-857,-12,-6,7
29,982,2122387,882,-16326,-820,-12,-9,5
29,983,2122392,922,-16323,-774,-14,-7,7
29,984,2122397,982,-16336,-829,-13,0,11
29,985,2122402,994,-16421,-788,-13,3,7
29,986,2122407,968,-16452,-804,-17,-2,5
29,987,2122412,991,-16514,-747,-17,-10,7
29,988,2122417,987,-16559,-681,-16,-21,8
29,989,2122422,985,-16544,-613,-17,-20,9
29,990,2122427,1003,-16520,-622,-18,-18,7
29,991,2122432,967,-16478,-763,-21,-25,6
29,992,2122437,1001,-16490,-783,-21,-33,5
29,993,2122442,1039,-16408,-720,-21,-32,7
29,994,2122447,1043,-16390,-684,-24,-27,5
29,995,2122452,985,-16379,-761,-24,-23,6
29,996,2122457,1085,-16405,-881,-24,-8,1
29,997,2122462,1121,-16444,-754,-24,-3,3
29,998,2122467,1100,-16436,-692,-28,1,0
29,999,2122472,1001,-16411,-692,-27,2,0
30,0,2128002,1291,-16483,-380,7,1,4
30,1,2128007,1308,-16479,-421,8,-6,5
30,2,2128012,1291,-16431,-431,8,-13,6
30,3,2128017,1274,-16444,-432,6,-18,5
30,4,2128022,1271,-16428,-418,11,-17,6
30,5,2128027,1254,-16405,-417,15,-20,5
30,6,2128032,1201,-16439,-506,12,-18,3
30,7,2128037,1201,-16399,-530,10,-12,5
30,8,2128042,1239,-16392,-570,12,-13,2
30,9,2128047,1299,-16401,-452,12,-8,2
30,10,2128052,1308,-16385,-431,11,-1,2
30,11,2128057,1295,-16378,-454,11,-1,3
30,12,2128062,1271,-16468,-459,12,0,2
30,13,2128067,1303,-16434,-469,15,1,1
30,14,2128072,1272,-16366,-424,15,-1,0
30,15,2128077,1267,-16381,-410,14,0,2
30,16,2128082,1230,-16405,-469,14,-3,1
30,17,2128087,1232,-16414,-551,15,-2,-1
30,18,2128092,1289,-16412,-537,15,-3,-2
30,19,2128097,1312,-16385,-471,15,-3,0
30,20,2128102,1288,-16401,-402,16,-7,0
30,21,2128107,1238,-16419,-399,17,-11,-3
30,22,2128112,1235,-16468,-452,20,-13,-2
30,23,2128117,1282,-16508,-442,18,-13,-2
30,24,2128122,1343,-16454,-389,18,-16,-4
30,25,2128127,1314,-16386,-458,17,-20,-4
30,26,2128132,1319,-16362,-509,16,-18,-5
30,27,2128137,1319,-16367,-498,16,-15,-4
30,28,2128142,1352,-16381,-490,16,-11,-6
30,29,2128147,1303,-16451,-477,18,-9,-5
30,30,2128152,1295,-16468,-521,21,-8,-5
30,31,2128157,1332,-16468,-462,15,-7,-7
30,32,2128162,1306,-16501,-453,13,-2,-6
30,33,2128167,1258,-16555,-405,19,0,-7
30,34,2128172,1179,-16504,-426,19,-7,-8
30,35,2128177,1239,-16492,-423,18,-7,-6
30,36,2128182,1349,-16465,-418,15,-5,-8
30,37,2128187,1380,-16447,-406,15,-4,-10
30,38,2128192,1260,-16398,-420,17,-7,-11
30,39,2128197,1202,-16468,-473,17,-12,-11
30,40,2128202,1301,-16502,-520,14,-10,-10
30,41,2128207,1379,-16472,-428,16,-4,-11
30,42,2128212,1353,-16436,-342,15,-2,-9
30,43,2128217,1269,-16424,-382,16,-6,-10
30,44,2128222,1254,-16433,-480,15,-8,-10
30,45,2128227,1286,-16388,-567,13,0,-13
30,46,2128232,1325,-16382,-518,13,4,-13
30,47,2128237,1290,-16371,-441,13,0,-13
30,48,2128242,1326,-16375,-491,12,-1,-15
30,49,2128247,1290,-16360,-536,14,4,-15
30,50,2128252,1288,-16386,-501,14,6,-13
30,51,2128257,1273,-16451,-387,10,9,-13
30,52,2128262,1245,-16467,-382,9,8,-13
30,53,2128267,1261,-16477,-334,9,10,-13
30,54,2128272,1241,-16428,-344,10,10,-11
30,55,2128277,1174,-16439,-415,10,10,-13
30,56,2128282,1154,-16393,-586,9,7,-14
30,57,2128287,1313,-16395,-585,9,10,-12
30,58,2128292,1377,-16431,-526,8,16,-12
30,59,2128297,1382,-16432,-448,6,18,-15
30,60,2128302,1277,-16402,-408,9,12,-14
30,61,2128307,1167,-16431,-473,8,6,-14
30,62,2128312,1194,-16447,-490,8,7,-12
30,63,2128317,1274,-16437,-374,9,9,-11
30,64,2128322,1336,-16392,-351,7,5,-13
30,65,2128327,1306,-16435,-411,8,1,-12
30,66,2128332,1285,-16461,-489,7,2,-12
30,67,2128337,1255,-16452,-551,8,5,-12
30,68,2128342,1225,-16435,-485,8,8,-9
30,69,2128347,1292,-16394,-470,8,11,-9
30,70,2128352,1361,-16367,-503,6,13,-11
30,71,2128357,1287,-16393,-417,5,20,-11
30,72,2128362,1207,-16458,-455,4,15,-11
30,73,2128367,1162,-16499,-392,2,8,-8
30,74,2128372,1212,-16489,-399,2,6,-9
30,75,2128377,1291,-16452,-388,3,7,-11
30,76,2128382,1328,-16395,-386,5,4,-10
30,77,2128387,1274,-16403,-451,2,-3,-8
30,78,2128392,1229,-16415,-501,3,-8,-7
30,79,2128397,1218,-16431,-430,3,-8,-10
30,80,2128402,1226,-16449,-392,4,-10,-8
30,81,2128407,1208,-16450,-395,3,-9,-7
30,82,2128412,1242,-16458,-447,3,-10,-3
30,83,2128417,1248,-16465,-482,3,-7,-4
30,84,2128422,1303,-16432,-503,1,-2,-8
30,85,2128427,1321,-16415,-414,-1,2,-8
30,86,2128432,1322,-16401,-445,1,4,-8
30,87,2128437,1298,-16370,-469,0,11,-8
30,88,2128442,1294,-16402,-470,-1,12,-7
30,89,2128447,1313,-16365,-455,0,9,-5
30,90,2128452,1227,-16405,-406,0,5,-5
30,91,2128457,1221,-16432,-378,0,3,-6
30,92,2128462,1254,-16446,-361,-3,-2,-6
30,93,2128467,1284,-16449,-378,1,-5,-3
30,94,2128472,1282,-16425,-399,-2,-11,-2
30,95,2128477,1238,-16384,-405,-2,-19,-6
30,96,2128482,1229,-16412,-450,0,-23,-3
30,97,2128487,1274,-16414,-464,0,-23,-3
30,98,2128492,1283,-16428,-426,-3,-25,-3
30,99,2128497,1279,-16421,-402,-2,-26,-3
30,100,2128502,1276,-16429,-420,-2,-27,0
30,101,2128507,1235,-16455,-460,-2,-23,-2
30,102,2128512,1238,-16453,-463,-3,-13,-3
30,103,2128517,1280,-16420,-446,-3,-9,-1
30,104,2128522,1300,-16376,-430,-4,-10,-2
30,105,2128527,1315,-16329,-386,-3,-9,-2
30,106,2128532,1296,-16373,-456,-6,-8,-5
30,107,2128537,1254,-16417,-473,-7,-8,-3
30,108,2128542,1294,-16404,-397,-6,-10,-3
30,109,2128547,1277,-16457,-342,-4,-15,-1
30,110,2128552,1277,-16465,-326,-3,-20,-1
30,111,2128557,1272,-16499,-375,-2,-23,3
30,112,2128562,1262,-16475,-407,-6,-25,0
30,113,2128567,1228,-16447,-457,-5,-31,1
30,114,2128572,1273,-16382,-500,-3,-35,0
30,115,2128577,1310,-16361,-479,-4,-32,1
30,116,2128582,1281,-16392,-484,-7,-27,1
30,117,2128587,1234,-16409,-498,-6,-25,0
30,118,2128592,1237,-16417,-447,-4,-27,-1
30,119,2128597,1261,-16427,-449,-6,-27,1
30,120,2128602,1260,-16420,-473,-5,-22,-1
30,121,2128607,1302,-16413,-485,-5,-20,-2
30,122,2128612,1286,-16479,-456,-9,-23,-1
30,123,2128617,1274,-16447,-399,-5,-25,-2
30,124,2128622,1325,-16436,-350,-6,-25,1
30,125,2128627,1248,-16464,-350,-6,-23,1
30,126,2128632,1252,-16452,-425,-6,-22,-1
30,127,2128637,1302,-16507,-450,-7,-20,1
30,128,2128642,1358,-16502,-434,-10,-16,1
30,129,2128647,1337,-16449,-407,-9,-13,1
30,130,2128652,1349,-16430,-454,-10,-9,-1
30,131,2128657,1322,-16430,-507,-8,-8,-1
30,132,2128662,1300,-16399,-505,-8,-6,0
30,133,2128667,1370,-16366,-442,-8,-5,0
30,134,2128672,1309,-16396,-346,-9,-8,0
30,135,2128677,1223,-16362,-437,-6,-10,-2
30,136,2128682,1219,-16382,-521,-5,-11,-1
30,137,2128687,1205,-16426,-513,-7,-11,-1
30,138,2128692,1283,-16439,-468,-9,-7,-1
30,139,2128697,1340,-16452,-431,-7,-4,-2
30,140,2128702,1275,-16478,-419,-5,0,-3
30,141,2128707,1270,-16485,-470,-9,1,-2
30,142,2128712,1320,-16490,-475,-10,4,-4
30,143,2128717,1296,-16486,-433,-8,1,-1
30,144,2128722,1305,-16505,-355,-10,-1,0
30,145,2128727,1248,-16416,-408,-6,-9,-2
30,146,2128732,1274,-16384,-444,-7,-11,-4
30,147,2128737,1267,-16431,-403,-8,-16,-1
30,148,2128742,1295,-16471,-386,-5,-18,0
30,149,2128747,1266,-16386,-403,-5,-18,-4
30,150,2128752,1237,-16417,-457,-5,-17,-2
30,151,2128757,1268,-16372,-519,-6,-11,-2
30,152,2128762,1402,-16347,-548,-5,3,-3
30,153,2128767,1450,-16363,-550,-6,12,-4
30,154,2128772,1343,-16425,-384,-7,15,-3
30,155,2128777,1241,-16482,-361,-6,12,-2
30,156,2128782,1229,-16451,-377,-5,12,-2
30,157,2128787,1327,-16433,-334,-7,16,-3
30,158,2128792,1408,-16438,-395,-7,20,-1
30,159,2128797,1296,-16443,-388,-6,18,-3
30,160,2128802,1156,-16469,-469,-5,6,-5
30,161,2128807,1189,-16451,-524,-6,0,-4
30,162,2128812,1336,-16466,-496,-5,5,-3
30,163,2128817,1409,-16535,-363,-3,11,-2
30,164,2128822,1314,-16559,-353,-4,11,-6
30,165,2128827,1267,-16497,-456,-4,6,-4
30,166,2128832,1306,-16445,-489,-5,10,-2
30,167,2128837,1327,-16425,-448,-2,21,-2
30,168,2128842,1263,-16435,-453,-1,24,-2
30,169,2128847,1264,-16422,-469,-4,23,-4
30,170,2128852,1278,-16391,-487,-2,22,-6
30,171,2128857,1305,-16405,-502,1,25,-5
30,172,2128862,1195,-16445,-349,0,26,-2
30,173,2128867,1115,-16447,-167,-1,20,-4
30,174,2128872,1251,-16326,-377,-1,15,-5
30,175,2128877,1318,-16324,-324,4,23,-6
30,176,2128882,1251,-16455,-493,1,25,-6
30,177,2128887,1200,-16503,-503,2,21,-6
30,178,2128892,1315,-16440,-548,4,21,-8
30,179,2128897,1392,-16452,-506,3,26,-5
30,180,2128902,1425,-16420,-459,5,38,-6
30,181,2128907,1315,-16456,-352,7,40,-5
30,182,2128912,1223,-16560,-404,5,32,-6
30,183,2128917,1199,-16525,-433,6,30,-6
30,184,2128922,1229,-16441,-378,8,37,-7
30,185,2128927,1289,-16439,-332,8,45,-5
30,186,2128932,1312,-16403,-344,12,39,-2
30,187,2128937,1275,-16378,-383,10,32,-5
30,188,2128942,1200,-16349,-431,11,32,-5
30,189,2128947,1165,-16384,-442,13,36,-5
30,190,2128952,1189,-16400,-478,12,42,-4
30,191,2128957,1289,-16389,-466,8,49,-7
30,192,2128962,1258,-16346,-526,11,56,-7
30,193,2128967,1211,-16286,-500,15,59,-5
30,194,2128972,1111,-16267,-452,14,61,-6
30,195,2128977,1156,-16306,-448,16,64,-6
30,196,2128982,1235,-16397,-327,18,66,-4
30,197,2128987,1263,-16471,-294,16,66,-3
30,198,2128992,1261,-16502,-235,15,59,-4
30,199,2128997,1162,-16485,-308,20,45,-4
30,200,2129002,1096,-16457,-350,19,37,-3
30,201,2129007,1096,-16413,-315,19,31,-2
30,202,2129012,1150,-16409,-405,22,22,-1
30,203,2129017,1248,-16386,-451,25,12,1
30,204,2129022,1310,-16442,-456,24,7,1
30,205,2129027,1255,-16440,-374,23,1,0
30,206,2129032,1202,-16402,-356,28,-7,0
30,207,2129037,1155,-16411,-286,30,-4,1
30,208,2129042,1165,-16389,-324,28,-2,3
30,209,2129047,1174,-16400,-383,27,2,1
30,210,2129052,1200,-16396,-401,30,2,2
30,211,2129057,1309,-16398,-521,29,6,4
30,212,2129062,1406,-16447,-520,30,13,4
30,213,2129067,1399,-16493,-413,29,19,5
30,214,2129072,1311,-16502,-372,29,18,5
30,215,2129077,1168,-16499,-324,31,15,6
30,216,2129082,1179,-16458,-251,31,12,10
30,217,2129087,1168,-16429,-163,30,9,11
30,218,2129092,1227,-16412,-365,30,-6,11
30,219,2129097,1259,-16417,-468,33,-11,13
30,220,2129102,1261,-16383,-377,33,-13,12
30,221,2129107,1178,-16389,-246,32,-17,13
30,222,2129112,1090,-16377,-293,30,-24,12
30,223,2129117,1096,-16370,-354,32,-23,12
30,224,2129122,1106,-16412,-436,35,-21,19
30,225,2129127,1195,-16430,-448,34,-17,16
30,226,2129132,1277,-16423,-423,32,-18,13
30,227,2129137,1289,-16428,-402,32,-13,10
30,228,2129142,1243,-16454,-369,32,-10,16
30,229,2129147,1189,-16499,-337,34,-9,18
30,230,2129152,1202,-16472,-345,34,-8,19
30,231,2129157,1233,-16473,-400,34,-9,20
30,232,2129162,1238,-16432,-298,32,-10,18
30,233,2129167,1308,-16395,-257,30,-11,20
30,234,2129172,1330,-16379,-254,28,-11,23
30,235,2129177,1285,-16384,-305,32,-12,22
30,236,2129182,1240,-16358,-436,31,-12,22
30,237,2129187,1211,-16340,-390,31,-13,21
30,238,2129192,1229,-16348,-399,30,-17,23
30,239,2129197,1270,-16337,-359,30,-19,25
30,240,2129202,1250,-16350,-362,27,-21,24
30,241,2129207,1199,-16399,-414,27,-20,26
30,242,2129212,1198,-16410,-439,28,-17,26
30,243,2129217,1252,-16394,-452,27,-15,23
30,244,2129222,1218,-16456,-472,28,-10,24
30,245,2129227,1207,-16500,-455,29,-3,27
30,246,2129232,1193,-16491,-391,24,2,23
30,247,2129237,1174,-16433,-380,24,1,26
30,248,2129242,1217,-16433,-356,25,1,27
30,249,2129247,1170,-16479,-418,22,3,25
30,250,2129252,1128,-16508,-404,23,1,26
30,251,2129257,1167,-16533,-384,22,-2,25
30,252,2129262,1198,-16520,-391,21,-2,24
30,253,2129267,1314,-16539,-347,18,0,23
30,254,2129272,1338,-16467,-335,18,3,24
30,255,2129277,1267,-16469,-363,17,1,24
30,256,2129282,1175,-16489,-438,17,-3,21
30,257,2129287,1216,-16474,-390,17,-2,23
30,258,2129292,1242,-16437,-292,14,1,24
30,259,2129297,1194,-16444,-197,13,-4,22
30,260,2129302,1139,-16459,-242,14,-16,21
30,261,2129307,1144,-16473,-343,15,-25,22
30,262,2129312,1176,-16440,-325,12,-26,23
30,263,2129317,1216,-16436,-303,8,-26,18
30,264,2129322,1291,-16428,-329,11,-27,20
30,265,2129327,1249,-16369,-330,12,-24,18
30,266,2129332,1152,-16369,-469,8,-22,17
30,267,2129337,1110,-16403,-432,8,-19,15
30,268,2129342,1159,-16399,-471,6,-15,16
30,269,2129347,1211,-16386,-351,4,-6,15
30,270,2129352,1201,-16339,-310,3,-2,10
30,271,2129357,1218,-16331,-386,4,-5,11
30,272,2129362,1230,-16362,-431,6,-9,10
30,273,2129367,1241,-16379,-362,3,-8,7
30,274,2129372,1158,-16381,-264,2,-14,4
30,275,2129377,1144,-16425,-208,1,-26,0
30,276,2129382,1183,-16438,-267,4,-32,3
30,277,2129387,1240,-16544,-246,2,-32,3
30,278,2129392,1285,-16556,-285,2,-35,0
30,279,2129397,1300,-16529,-273,3,-39,-2
30,280,2129402,1277,-16499,-286,0,-41,-2
30,281,2129407,1243,-16499,-324,-3,-42,-5
30,282,2129412,1221,-16461,-281,-2,-34,-3
30,283,2129417,1214,-16448,-338,-3,-33,-9
30,284,2129422,1222,-16452,-274,-5,-30,-10
30,285,2129427,1256,-16455,-295,-5,-29,-12
30,286,2129432,1244,-16431,-335,-6,-26,-16
30,287,2129437,1271,-16405,-340,-5,-23,-16
30,288,2129442,1312,-16459,-340,-7,-17,-16
30,289,2129447,1273,-16476,-382,-6,-16,-18
30,290,2129452,1176,-16456,-264,-7,-20,-21
30,291,2129457,1150,-16435,-323,-6,-23,-23
30,292,2129462,1240,-16467,-442,-2,-30,-25
30,293,2129467,1224,-16422,-296,-5,-40,-29
30,294,2129472,1212,-16405,-133,-7,-55,-32
30,295,2129477,1174,-16443,-225,-4,-64,-30
30,296,2129482,1223,-16594,-258,-1,-59,-28
30,297,2129487,1100,-16692,-186,-1,-62,-32
30,298,2129492,978,-16581,-82,-4,-79,-37
30,299,2129497,1013,-16449,-91,-2,-92,-38
30,300,2129502,1280,-16349,-217,0,-94,-34
30,301,2129507,1517,-16411,-263,1,-83,-34
30,302,2129512,1283,-16574,-290,-3,-87,-37
30,303,2129517,1180,-16541,-326,-2,-103,-40
30,304,2129522,1137,-16480,-621,-3,-95,-42
30,305,2129527,1263,-16503,-424,-3,-58,-40
30,306,2129532,1352,-16464,-348,-2,-27,-39
30,307,2129537,1398,-16419,-243,-5,-19,-43
30,308,2129542,1292,-16299,-385,-5,-23,-45
30,309,2129547,1326,-16249,-360,-3,-17,-42
30,310,2129552,1255,-16212,-211,-3,-10,-41
30,311,2129557,1202,-16267,-123,-6,-9,-40
30,312,2129562,1184,-16287,-220,-6,-24,-40
30,313,2129567,1182,-16307,-264,-3,-37,-44
30,314,2129572,1197,-16323,-250,-1,-40,-40
30,315,2129577,1246,-16349,-249,0,-36,-35
30,316,2129582,1207,-16416,-309,-2,-35,-38
30,317,2129587,1214,-16503,-369,0,-36,-40
30,318,2129592,1193,-16516,-385,0,-35,-37
30,319,2129597,1204,-16506,-310,-1,-28,-35
30,320,2129602,1180,-16501,-250,1,-23,-35
30,321,2129607,1176,-16510,-276,-1,-17,-37
30,322,2129612,1189,-16482,-318,-1,-12,-36
30,323,2129617,1181,-16403,-261,-1,-14,-29
30,324,2129622,1171,-16412,-237,0,-17,-30
30,325,2129627,1243,-16439,-210,1,-17,-32
30,326,2129632,1243,-16453,-223,-1,-20,-29
30,327,2129637,1233,-16388,-173,1,-22,-35
30,328,2129642,1131,-16373,-337,0,-23,-30
30,329,2129647,1092,-16486,-584,4,-21,-23
30,330,2129652,1171,-16352,-324,1,-13,-21
30,331,2129657,1304,-16426,-224,0,-16,-21
30,332,2129662,1333,-16373,-109,5,-21,-21
30,333,2129667,1190,-16352,-233,6,-27,-23
30,334,2129672,1137,-16449,-422,7,-26,-20
30,335,2129677,1175,-16445,-393,5,-24,-15
30,336,2129682,1219,-16408,-369,2,-28,-18
30,337,2129687,1205,-16426,-392,6,-29,-15
30,338,2129692,1235,-16474,-348,7,-25,-13
30,339,2129697,1220,-16525,-367,7,-20,-12
30,340,2129702,1241,-16548,-326,5,-14,-12
30,341,2129707,1250,-16504,-361,5,-13,-10
30,342,2129712,1248,-16419,-341,7,-10,-10
30,343,2129717,1248,-16392,-301,8,-8,-5
30,344,2129722,1214,-16393,-242,7,-8,-4
30,345,2129727,1191,-16414,-199,8,-17,-6
30,346,2129732,1199,-16420,-202,7,-21,-4
30,347,2129737,1191,-16430,-262,5,-25,0
30,348,2129742,1143,-16448,-293,5,-30,-2
30,349,2129747,1198,-16466,-332,6,-34,-2
30,350,2129752,1203,-16451,-263,5,-35,1
30,351,2129757,1194,-16470,-262,6,-38,2
30,352,2129762,1217,-16444,-261,8,-44,2
30,353,2129767,1255,-16422,-261,9,-46,3
30,354,2129772,1214,-16365,-257,7,-46,3
30,355,2129777,1100,-16344,-287,8,-57,2
30,356,2129782,1109,-16370,-394,9,-64,3
30,357,2129787,1196,-16410,-418,7,-63,7
30,358,2129792,1283,-16422,-323,7,-60,5
30,359,2129797,1250,-16417,-376,7,-57,4
30,360,2129802,1164,-16418,-440,8,-59,5
30,361,2129807,1199,-16356,-447,6,-55,5
30,362,2129812,1304,-16437,-390,5,-46,6
30,363,2129817,1389,-16469,-275,10,-40,9
30,364,2129822,1260,-16449,-267,6,-44,7
30,365,2129827,1219,-16369,-344,6,-58,5
30,366,2129832,1223,-16425,-324,5,-71,8
30,367,2129837,1354,-16371,-74,7,-79,8
30,368,2129842,1259,-16347,-156,8,-96,5
30,369,2129847,1151,-16442,-258,8,-107,2
30,370,2129852,1122,-16392,-368,7,-120,5
30,371,2129857,1225,-16409,-304,8,-127,9
30,372,2129862,1222,-16446,-218,5,-135,6
30,373,2129867,1302,-16488,-352,5,-146,-1
30,374,2129872,1229,-16552,-354,5,-146,-1
30,375,2129877,1396,-16544,-446,5,-142,0
30,376,2129882,1393,-16513,-560,5,-132,1
30,377,2129887,1416,-16431,-432,8,-117,-1
30,378,2129892,1335,-16482,-535,6,-106,-2
30,379,2129897,1284,-16515,-512,3,-94,-3
30,380,2129902,1253,-16585,-296,5,-88,-4
30,381,2129907,1320,-16598,-251,2,-85,-8
30,382,2129912,1320,-16555,-248,1,-85,-9
30,383,2129917,1365,-16493,-299,3,-86,-8
30,384,2129922,1414,-16503,-336,2,-91,-9
30,385,2129927,1397,-16475,-233,-2,-99,-9
30,386,2129932,1357,-16407,-229,-1,-110,-13
30,387,2129937,1269,-16420,-299,2,-120,-17
30,388,2129942,1206,-16406,-298,0,-128,-16
30,389,2129947,1239,-16388,-291,4,-131,-16
30,390,2129952,1309,-16371,-340,2,-140,-15
30,391,2129957,1255,-16468,-333,2,-138,-19
30,392,2129962,1264,-16443,-384,4,-139,-24
30,393,2129967,1167,-16422,-290,5,-144,-23
30,394,2129972,1271,-16401,-251,4,-146,-24
30,395,2129977,1367,-16455,-395,5,-142,-24
30,396,2129982,1402,-16513,-317,7,-136,-26
30,397,2129987,1376,-16504,-413,7,-145,-28
30,398,2129992,1315,-16444,-377,8,-157,-31
30,399,2129997,1383,-16419,-318,8,-162,-32
30,400,2130002,1417,-16458,-226,9,-161,-29
30,401,2130007,1427,-16465,-114,10,-160,-28
30,402,2130012,1370,-16438,-318,11,-168,-33
30,403,2130017,1279,-16409,-416,13,-176,-34
30,404,2130022,1283,-16296,-415,12,-174,-32
30,405,2130027,1377,-16294,-414,10,-161,-31
30,406,2130032,1444,-16332,-233,14,-148,-33
30,407,2130037,1390,-16290,-208,11,-137,-37
30,408,2130042,1275,-16352,-317,11,-126,-39
30,409,2130047,1312,-16360,-200,10,-106,-40
30,410,2130052,1314,-16325,-339,7,-83,-38
30,411,2130057,1452,-16316,-196,8,-56,-41
30,412,2130062,1377,-16407,-558,9,-44,-45
30,413,2130067,1219,-16455,-188,4,-24,-48
30,414,2130072,1069,-16446,-259,5,-18,-46
30,415,2130077,1175,-16534,-395,6,-8,-46
30,416,2130082,1357,-16532,-273,8,7,-50
30,417,2130087,1470,-16602,-224,6,10,-50
30,418,2130092,1297,-16561,-81,5,8,-49
30,419,2130097,1253,-16597,-89,7,0,-49
30,420,2130102,1316,-16505,-207,9,-4,-50
30,421,2130107,1454,-16606,-371,8,-3,-44
30,422,2130112,1472,-16633,-194,8,0,-42
30,423,2130117,1628,-16633,-100,8,-8,-43
30,424,2130122,1630,-16399,-211,9,-10,-44
30,425,2130127,1343,-16482,-111,12,-8,-39
30,426,2130132,1317,-16449,-272,12,-12,-38
30,427,2130137,1204,-16499,-228,9,-12,-31
30,428,2130142,1284,-16452,21,8,-18,-33
30,429,2130147,1283,-16436,-96,9,-30,-34
30,430,2130152,1247,-16427,-58,6,-23,-29
30,431,2130157,1366,-16442,-167,9,-20,-22
30,432,2130162,1401,-16466,-249,7,-13,-18
30,433,2130167,1086,-16439,-157,7,-19,-19
30,434,2130172,847,-16496,-285,9,-42,-19
30,435,2130177,856,-16587,-313,7,-50,-13
30,436,2130182,998,-16587,-35,5,-50,-4
30,437,2130187,1047,-16477,106,3,-53,-2
30,438,2130192,874,-16399,-141,2,-66,-2
30,439,2130197,776,-16354,-462,3,-77,2
30,440,2130202,1120,-16246,-775,-4,-65,13
30,441,2130207,1357,-16171,-471,-7,-58,17
30,442,2130212,1258,-16216,-203,-9,-60,21
30,443,2130217,968,-16314,-258,-11,-72,27
30,444,2130222,1083,-16403,-434,-14,-74,40
30,445,2130227,1371,-16568,-432,-17,-64,53
30,446,2130232,1325,-16669,-184,-23,-70,60
30,447,2130237,955,-16563,18,-29,-103,66
30,448,2130242,714,-16430,-37,-32,-144,78
30,449,2130247,836,-16326,-492,-32,-161,91
30,450,2130252,909,-16235,-928,-31,-156,103
30,451,2130257,881,-16150,-837,-36,-151,109
30,452,2130262,669,-16018,-729,-43,-181,118
30,453,2130267,571,-15829,-604,-50,-206,126
30,454,2130272,718,-15858,-610,-50,-207,133
30,455,2130277,705,-16164,-1036,-53,-182,143
30,456,2130282,499,-16415,-1163,-56,-152,153
30,457,2130287,457,-16482,-977,-66,-146,160
30,458,2130292,730,-16664,-654,-78,-149,172
30,459,2130297,918,-16706,-361,-89,-132,182
30,460,2130302,591,-16714,-471,-89,-116,189
30,461,2130307,-4,-16611,-845,-88,-115,188
30,462,2130312,-269,-16575,-1253,-96,-127,196
30,463,2130317,307,-16556,-1186,-113,-130,214
30,464,2130322,1050,-16382,-723,-129,-111,222
30,465,2130327,1027,-16290,-704,-127,-89,221
30,466,2130332,499,-16288,-885,-125,-71,222
30,467,2130337,160,-16358,-1637,-129,-79,234
30,468,2130342,726,-16366,-1669,-142,-55,250
30,469,2130347,1255,-16347,-1181,-159,-14,257
30,470,2130352,1249,-16380,-734,-164,21,260
30,471,2130357,684,-16491,-601,-163,27,261
30,472,2130362,458,-16604,-933,-165,13,270
30,473,2130367,677,-16560,-1012,-176,9,284
30,474,2130372,1033,-16597,-505,-186,14,292
30,475,2130377,890,-16471,-435,-195,-1,294
30,476,2130382,355,-16478,-398,-197,-28,292
30,477,2130387,9,-16539,-1037,-200,-77,298
30,478,2130392,215,-16649,-1180,-203,-106,316
30,479,2130397,626,-16712,-838,-215,-110,325
30,480,2130402,1006,-16520,-470,-227,-111,324
30,481,2130407,703,-16395,-581,-230,-118,322
30,482,2130412,440,-16341,-1133,-227,-133,329
30,483,2130417,252,-16301,-1606,-230,-146,334
30,484,2130422,384,-16316,-1588,-239,-142,336
30,485,2130427,532,-16289,-1165,-249,-125,330
30,486,2130432,472,-16275,-984,-251,-113,330
30,487,2130437,500,-16306,-1061,-252,-98,330
30,488,2130442,494,-16446,-1344,-257,-87,335
30,489,2130447,632,-16565,-1481,-261,-83,340
30,490,2130452,642,-16430,-1023,-269,-77,334
30,491,2130457,572,-16455,-1024,-275,-91,334
30,492,2130462,529,-16496,-1104,-275,-97,334
30,493,2130467,567,-16531,-1246,-273,-104,334
30,494,2130472,472,-16670,-1167,-274,-114,336
30,495,2130477,401,-16833,-1159,-283,-125,331
30,496,2130482,581,-16931,-1024,-286,-133,331
30,497,2130487,755,-16913,-958,-288,-124,332
30,498,2130492,627,-16822,-854,-292,-113,326
30,499,2130497,365,-16664,-1045,-291,-120,322
30,500,2130502,285,-16436,-1584,-288,-131,317
30,501,2130507,265,-16220,-1729,-293,-126,313
30,502,2130512,137,-16112,-1678,-297,-119,308
30,503,2130517,142,-16090,-1381,-295,-115,300
30,504,2130522,156,-16178,-1301,-294,-118,292
30,505,2130527,247,-16416,-1433,-289,-111,287
30,506,2130532,415,-16619,-1404,-291,-91,281
30,507,2130537,324,-16714,-1301,-293,-76,275
30,508,2130542,303,-16694,-1283,-293,-66,265
30,509,2130547,333,-16674,-1372,-291,-52,255
30,510,2130552,315,-16614,-1261,-290,-32,247
30,511,2130557,192,-16676,-1531,-288,-23,242
30,512,2130562,382,-16597,-1494,-287,-8,237
30,513,2130567,313,-16448,-1276,-286,-6,219
30,514,2130572,99,-16437,-1120,-283,-22,211
30,515,2130577,3,-16332,-1190,-278,-39,205
30,516,2130582,-186,-16228,-1540,-268,-48,197
30,517,2130587,246,-16025,-1506,-262,-45,189
30,518,2130592,233,-16151,-1853,-259,-46,183
30,519,2130597,111,-16398,-1407,-258,-45,171
30,520,2130602,-12,-16516,-1663,-254,-51,162
30,521,2130607,101,-16633,-1574,-246,-29,155
30,522,2130612,198,-16604,-1722,-243,7,149
30,523,2130617,434,-16534,-1571,-245,45,137
30,524,2130622,299,-16509,-1409,-242,66,129
30,525,2130627,117,-16448,-1455,-234,70,115
30,526,2130632,-107,-16266,-1714,-226,79,107
30,527,2130637,-72,-16183,-1699,-220,97,95
30,528,2130642,-145,-16188,-1707,-217,104,89
30,529,2130647,-130,-16046,-1344,-212,103,76
30,530,2130652,-79,-15933,-1305,-204,96,65
30,531,2130657,-16,-16032,-1685,-196,93,56
30,532,2130662,-20,-16197,-1894,-182,107,47
30,533,2130667,-61,-16254,-1784,-179,117,34
30,534,2130672,-189,-16256,-1565,-175,116,22
30,535,2130677,135,-16311,-1414,-171,118,17
30,536,2130682,482,-16358,-1681,-156,127,9
30,537,2130687,635,-16477,-1617,-145,147,-3
30,538,2130692,462,-16570,-1468,-138,145,-12
30,539,2130697,305,-16555,-1379,-128,121,-24
30,540,2130702,396,-16499,-1210,-117,91,-33
30,541,2130707,262,-16519,-1226,-105,68,-38
30,542,2130712,156,-16526,-1135,-92,35,-50
30,543,2130717,27,-16462,-1452,-79,-14,-58
30,544,2130722,34,-16315,-1803,-64,-63,-65
30,545,2130727,31,-16259,-1667,-52,-95,-80
30,546,2130732,-272,-16266,-1431,-41,-126,-90
30,547,2130737,-275,-16257,-1367,-27,-161,-101
30,548,2130742,-54,-16244,-1592,-15,-178,-115
30,549,2130747,133,-16324,-1738,0,-170,-127
30,550,2130752,198,-16499,-1283,9,-145,-145
30,551,2130757,68,-16389,-1086,13,-142,-164
30,552,2130762,5,-16206,-987,24,-141,-182
30,553,2130767,40,-15925,-1396,34,-131,-199
30,554,2130772,67,-15704,-1528,46,-103,-217
30,555,2130777,-233,-15707,-1269,53,-91,-240
30,556,2130782,-407,-15636,-1009,61,-111,-266
30,557,2130787,-274,-15549,-1124,71,-137,-282
30,558,2130792,147,-15586,-1033,88,-147,-296
30,559,2130797,228,-15702,-751,100,-174,-317
30,560,2130802,143,-16030,-262,111,-238,-334
30,561,2130807,262,-16316,-271,126,-327,-352
30,562,2130812,834,-16424,-791,143,-385,-368
30,563,2130817,1141,-16695,-1247,158,-387,-384
30,564,2130822,1246,-16996,-1522,169,-366,-404
30,565,2130827,1206,-17077,-1868,174,-342,-424
30,566,2130832,1667,-16984,-2167,186,-294,-447
30,567,2130837,2010,-16969,-2293,190,-207,-463
30,568,2130842,2081,-17049,-1874,198,-102,-482
30,569,2130847,1748,-16905,-1425,210,-31,-505
30,570,2130852,1382,-16797,-1325,220,10,-526
30,571,2130857,1416,-16652,-1593,233,45,-542
30,572,2130862,1572,-16547,-1601,243,94,-559
30,573,2130867,1770,-16474,-984,250,132,-578
30,574,2130872,1931,-16409,-380,257,134,-594
30,575,2130877,2131,-16501,-62,266,115,-610
30,576,2130882,2015,-16760,-42,281,94,-623
30,577,2130887,1472,-16892,-518,298,51,-638
30,578,2130892,1221,-17064,-371,311,14,-649
30,579,2130897,1380,-17236,-1050,317,-38,-657
30,580,2130902,1724,-17269,-190,325,-42,-673
30,581,2130907,1769,-17223,-420,337,-76,-692
30,582,2130912,1325,-17290,-357,352,-78,-709
30,583,2130917,1230,-17191,-1218,362,-90,-721
30,584,2130922,1202,-17127,-1817,371,-77,-731
30,585,2130927,1272,-16595,-868,377,-66,-751
30,586,2130932,1826,-16563,-766,382,-120,-757
30,587,2130937,2206,-16201,-2546,420,-251,-793
30,588,2130942,1567,-16274,-1423,419,-130,-807
30,589,2130947,1242,-16321,-2472,422,-126,-818
30,590,2130952,1194,-16199,-933,411,-66,-831
30,591,2130957,1646,-16277,-1113,421,-76,-840
30,592,2130962,1831,-16491,-810,430,-37,-851
30,593,2130967,1979,-16707,-1571,442,-10,-862
30,594,2130972,1873,-16806,-908,448,45,-869
30,595,2130977,2200,-16793,-1004,441,43,-873
30,596,2130982,2442,-16732,-768,442,55,-881
30,597,2130987,2520,-16638,-548,445,70,-887
30,598,2130992,2309,-16587,-672,456,80,-888
30,599,2130997,3987,-17777,-486,461,78,-889
30,600,2131002,12233,-14506,14083,405,-97,-944
30,601,2131025,28433,-14798,-32191,-503,-8878,-32
30,602,2131026,-984,-9778,-17714,-791,-2997,-593
30,603,2131028,-984,-9778,-17714,-791,-2997,-593
30,604,2131029,-984,-9778,-17714,-791,-2997,-593
30,605,2131030,-984,-9778,-17714,-791,-2997,-593
30,606,2131032,-18750,-11642,-19197,-532,456,-665
30,607,2131037,-6484,-17812,-32768,-267,4062,-284
30,608,2131042,8841,-17720,-4577,-536,7960,-402
30,609,2131047,-4805,-13270,31895,-788,7355,-446
30,610,2131052,-25240,-12198,32767,-471,3024,-178
30,611,2131057,-180,-13525,3874,-435,-1805,-16
30,612,2131062,23047,-18715,-27834,-316,-2463,104
30,613,2131067,15472,-16533,-28774,-414,134,-354
30,614,2131072,-13069,-15473,577,-676,3747,-469
30,615,2131077,-13804,-15050,14970,-765,3777,-297
30,616,2131082,7186,-15726,3893,-539,2449,-26
30,617,2131087,15876,-16662,3621,-328,2028,-90
30,618,2131092,4398,-16161,9665,-360,1436,-314
30,619,2131097,-7107,-16674,1442,-431,247,-241
30,620,2131102,-1421,-16474,-1304,-414,-139,-26
30,621,2131107,9297,-16987,-1490,-360,28,81
30,622,2131112,9584,-16662,2294,-359,262,-38
30,623,2131117,1571,-16914,1539,-350,-87,-121
30,624,2131122,-3951,-16907,-2047,-315,-601,-58
30,625,2131127,327,-17354,-6611,-281,-750,73
30,626,2131132,6322,-16992,-7593,-309,-239,72
30,627,2131137,4584,-16773,-1790,-334,478,-20
30,628,2131142,-975,-16570,2883,-327,675,-68
30,629,2131147,-2062,-16943,-1480,-296,350,-14
30,630,2131152,2071,-16989,-5701,-292,270,45
30,631,2131157,4282,-16476,-3025,-306,569,33
30,632,2131162,1971,-15676,2727,-326,787,-15
30,633,2131167,-161,-15678,2438,-307,596,-6
30,634,2131172,625,-16159,-1597,-276,322,44
30,635,2131177,2815,-16185,-3517,-270,247,79
30,636,2131182,2928,-15708,-601,-282,286,73
30,637,2131187,1432,-15247,1779,-276,176,65
30,638,2131192,705,-15334,-201,-249,-22,85
30,639,2131197,1569,-15763,-3574,-223,-80,119
30,640,2131202,2330,-15799,-3552,-219,27,138
30,641,2131207,1984,-15600,-1257,-226,89,133
30,642,2131212,1532,-15629,-226,-228,18,133
30,643,2131217,1747,-15769,-1624,-217,-47,148
30,644,2131222,2070,-16116,-3135,-199,22,167
30,645,2131227,1988,-16135,-2223,-194,147,174
30,646,2131232,1750,-16105,-1048,-195,157,175
30,647,2131237,1733,-16163,-865,-194,95,182
30,648,2131242,1975,-16297,-1419,-187,69,193
30,649,2131247,2090,-16371,-1626,-173,103,207
30,650,2131252,1957,-16469,-1197,-164,120,218
30,651,2131257,1720,-16425,-1287,-156,70,227
30,652,2131262,1684,-16332,-1647,-145,6,234
30,653,2131267,1677,-16170,-1906,-138,-22,242
30,654,2131272,1742,-16026,-1866,-130,-13,250
30,655,2131277,1734,-15991,-1679,-116,-14,258
30,656,2131282,1794,-16049,-1929,-104,-30,266
30,657,2131287,1697,-15993,-2109,-97,-39,268
30,658,2131292,1648,-15994,-2035,-90,-27,269
30,659,2131297,1556,-16082,-1830,-83,-5,276
30,660,2131302,1755,-16175,-1580,-75,11,283
30,661,2131307,1940,-16370,-1282,-63,24,286
30,662,2131312,1678,-16346,-1164,-55,17,287
30,663,2131317,1500,-16308,-1355,-44,2,291
30,664,2131322,1508,-16303,-1689,-31,-1,297
30,665,2131327,1698,-16288,-1909,-20,5,300
30,666,2131332,1846,-16285,-1747,-12,7,301
30,667,2131337,1889,-16254,-1619,-2,-2,304
30,668,2131342,2032,-16246,-1798,8,-14,306
30,669,2131347,2096,-16266,-2110,24,-1,309
30,670,2131352,1977,-16268,-1918,35,26,311
30,671,2131357,1801,-16264,-1827,43,25,312
30,672,2131362,1727,-16253,-1617,52,20,309
30,673,2131367,1769,-16318,-1517,62,15,313
30,674,2131372,1877,-16340,-1637,72,21,315
30,675,2131377,1855,-16412,-1373,80,38,313
30,676,2131382,1710,-16431,-1237,87,36,310
30,677,2131387,1661,-16356,-1350,94,13,313
30,678,2131392,1582,-16319,-1511,105,0,312
30,679,2131397,1524,-16235,-1702,112,-12,310
30,680,2131402,1509,-16120,-1679,120,-16,308
30,681,2131407,1528,-16111,-1833,130,-20,306
30,682,2131412,1636,-16138,-1990,138,-12,304
30,683,2131417,1730,-16165,-1976,148,-3,301
30,684,2131422,1627,-16241,-1855,150,11,297
30,685,2131427,1429,-16324,-1782,157,19,296
30,686,2131432,1442,-16456,-1718,168,29,293
30,687,2131437,1432,-16544,-1883,174,49,292
30,688,2131442,1437,-16674,-1635,182,76,289
30,689,2131447,1269,-16640,-1591,185,84,283
30,690,2131452,1298,-16576,-1451,192,87,276
30,691,2131457,1411,-16513,-1499,200,90,274
30,692,2131462,1476,-16511,-1676,204,102,271
30,693,2131467,1413,-16332,-1765,211,111,266
30,694,2131472,1348,-16176,-1895,221,107,264
30,695,2131477,1475,-16189,-1931,223,104,263
30,696,2131482,1660,-16181,-1733,222,109,261
30,697,2131487,1628,-16266,-1500,229,114,259
30,698,2131492,1584,-16410,-1515,237,113,255
30,699,2131497,1521,-16393,-1437,243,106,251
30,700,2131502,1400,-16271,-1498,248,84,248
30,701,2131507,1199,-16255,-1312,252,61,244
30,702,2131512,1238,-16318,-1445,260,40,241
30,703,2131517,1314,-16422,-1347,262,34,238
30,704,2131522,1215,-16546,-1186,266,32,233
30,705,2131527,1060,-16587,-1216,271,17,229
30,706,2131532,1085,-16581,-1671,274,9,225
30,707,2131537,1171,-16581,-1714,275,23,217
30,708,2131542,1105,-16609,-1817,279,34,211
30,709,2131547,1010,-16501,-1496,279,39,202
30,710,2131552,962,-16460,-1162,283,27,200
30,711,2131557,1211,-16560,-1700,286,2,199
30,712,2131562,1268,-16416,-1430,290,20,189
30,713,2131567,1067,-16377,-1272,293,18,182
30,714,2131572,903,-16426,-1509,292,3,173
30,715,2131577,1055,-16387,-1396,293,-6,170
30,716,2131582,1428,-16389,-1788,292,-7,167
30,717,2131587,1476,-16407,-1511,289,22,159
30,718,2131592,1208,-16356,-1340,289,36,150
30,719,2131597,1103,-16381,-1562,289,38,145
30,720,2131602,1226,-16465,-1513,289,60,141
30,721,2131607,1370,-16505,-1566,287,79,135
30,722,2131612,1117,-16475,-1102,283,93,127
30,723,2131617,883,-16473,-1113,282,78,119
30,724,2131622,860,-16478,-1190,284,56,116
30,725,2131627,1027,-16462,-1242,284,47,115
30,726,2131632,1131,-16479,-1067,279,40,110
30,727,2131637,983,-16464,-1036,278,21,99
30,728,2131642,732,-16458,-1524,282,0,93
30,729,2131647,724,-16476,-1420,280,-5,88
30,730,2131652,753,-16472,-1559,277,-9,84
30,731,2131657,983,-16507,-1205,272,6,76
30,732,2131662,996,-16465,-1232,269,17,69
30,733,2131667,930,-16442,-1437,266,34,61
30,734,2131672,871,-16236,-1492,256,60,49
30,735,2131677,1068,-16257,-1309,251,71,45
30,736,2131682,1036,-16351,-1138,247,80,36
30,737,2131687,903,-16463,-1007,243,86,33
30,738,2131692,908,-16554,-1120,240,88,30
30,739,2131697,974,-16620,-1027,233,94,26
30,740,2131702,967,-16611,-1077,226,94,21
30,741,2131707,809,-16519,-1060,223,91,17
30,742,2131712,707,-16489,-1062,216,75,9
30,743,2131717,726,-16447,-1131,208,63,7
30,744,2131722,992,-16515,-1074,206,64,6
30,745,2131727,1144,-16578,-989,200,76,2
30,746,2131732,1001,-16565,-1022,193,73,-3
30,747,2131737,859,-16532,-1178,188,63,-10
30,748,2131742,809,-16443,-1233,181,62,-12
30,749,2131747,844,-16454,-1336,176,72,-12
30,750,2131752,894,-16478,-1173,169,84,-15
30,751,2131757,850,-16465,-1176,160,83,-19
30,752,2131762,861,-16401,-1133,155,79,-22
30,753,2131767,909,-16398,-976,150,75,-27
30,754,2131772,916,-16402,-986,143,76,-30
30,755,2131777,791,-16496,-734,137,76,-32
30,756,2131782,634,-16587,-957,127,63,-33
30,757,2131787,580,-16547,-859,122,56,-35
30,758,2131792,767,-16524,-1014,114,48,-38
30,759,2131797,758,-16557,-919,107,53,-39
30,760,2131802,773,-16592,-988,98,58,-42
30,761,2131807,865,-16521,-1018,91,63,-47
30,762,2131812,833,-16498,-1059,83,63,-46
30,763,2131817,795,-16474,-1003,78,67,-45
30,764,2131822,748,-16427,-1021,70,73,-47
30,765,2131827,740,-16426,-786,62,71,-51
30,766,2131832,584,-16354,-929,56,61,-51
30,767,2131837,627,-16397,-883,51,57,-53
30,768,2131842,729,-16348,-1045,44,50,-52
30,769,2131847,792,-16375,-822,39,49,-54
30,770,2131852,791,-16374,-874,30,38,-57
30,771,2131857,746,-16388,-712,24,28,-54
30,772,2131862,757,-16471,-783,20,23,-55
30,773,2131867,750,-16500,-872,10,20,-56
30,774,2131872,784,-16488,-1068,6,23,-56
30,775,2131877,781,-16575,-901,3,25,-54
30,776,2131882,723,-16592,-827,-6,21,-55
30,777,2131887,829,-16543,-664,-15,17,-56
30,778,2131892,905,-16551,-484,-19,17,-51
30,779,2131897,884,-16637,-636,-27,14,-53
30,780,2131902,751,-16585,-932,-29,6,-54
30,781,2131907,668,-16461,-716,-34,-4,-53
30,782,2131912,610,-16323,-781,-41,-25,-49
30,783,2131917,673,-16239,-714,-47,-34,-48
30,784,2131922,673,-16284,-793,-49,-39,-50
30,785,2131927,653,-16306,-953,-52,-43,-51
30,786,2131932,733,-16328,-974,-56,-50,-51
30,787,2131937,671,-16373,-927,-62,-45,-48
30,788,2131942,726,-16428,-832,-65,-33,-46
30,789,2131947,804,-16454,-879,-70,-20,-46
30,790,2131952,872,-16505,-870,-74,-9,-49
30,791,2131957,834,-16460,-833,-79,2,-45
30,792,2131962,708,-16462,-741,-84,1,-44
30,793,2131967,604,-16481,-762,-86,-6,-45
30,794,2131972,715,-16421,-776,-89,-10,-45
30,795,2131977,855,-16399,-761,-91,-11,-43
30,796,2131982,880,-16413,-726,-94,-18,-39
30,797,2131987,786,-16426,-723,-95,-34,-39
30,798,2131992,661,-16457,-708,-100,-49,-42
30,799,2131997,728,-16469,-801,-101,-51,-39
30,800,2132002,817,-16454,-784,-102,-47,-35
30,801,2132007,853,-16433,-726,-104,-44,-35
30,802,2132012,826,-16426,-725,-107,-49,-34
30,803,2132017,785,-16437,-765,-109,-53,-33
30,804,2132022,690,-16457,-833,-111,-47,-33
30,805,2132027,750,-16494,-807,-113,-38,-30
30,806,2132032,765,-16466,-780,-118,-29,-33
30,807,2132037,812,-16386,-823,-120,-26,-34
30,808,2132042,598,-16368,-831,-120,-34,-33
30,809,2132047,702,-16373,-835,-122,-30,-33
30,810,2132052,837,-16431,-778,-123,-24,-32
30,811,2132057,841,-16490,-791,-125,-25,-31
30,812,2132062,809,-16484,-801,-125,-32,-28
30,813,2132067,839,-16513,-873,-125,-34,-30
30,814,2132072,817,-16547,-871,-124,-27,-27
30,815,2132077,940,-16535,-802,-125,-22,-27
30,816,2132082,971,-16511,-681,-125,-26,-26
30,817,2132087,878,-16483,-703,-124,-37,-27
30,818,2132092,834,-16436,-780,-123,-45,-24
30,819,2132097,764,-16445,-815,-122,-49,-23
30,820,2132102,705,-16385,-853,-121,-50,-22
30,821,2132107,733,-16339,-883,-119,-51,-21
30,822,2132112,813,-16349,-845,-119,-49,-24
30,823,2132117,801,-16325,-919,-123,-46,-23
30,824,2132122,740,-16288,-915,-120,-40,-23
30,825,2132127,761,-16302,-909,-118,-38,-20
30,826,2132132,824,-16382,-963,-115,-32,-19
30,827,2132137,842,-16378,-881,-116,-18,-21
30,828,2132142,949,-16435,-852,-116,-20,-21
30,829,2132147,860,-16422,-904,-110,-22,-22
30,830,2132152,779,-16449,-872,-110,-24,-19
30,831,2132157,701,-16441,-973,-106,-29,-17
30,832,2132162,814,-16440,-954,-106,-29,-15
30,833,2132167,874,-16484,-1009,-101,-31,-17
30,834,2132172,873,-16545,-777,-102,-25,-17
30,835,2132177,812,-16509,-851,-101,-26,-17
30,836,2132182,823,-16525,-904,-97,-24,-17
30,837,2132187,867,-16523,-987,-93,-12,-15
30,838,2132192,951,-16535,-888,-92,-3,-16
30,839,2132197,910,-16471,-778,-90,-2,-14
30,840,2132202,939,-16444,-794,-89,-4,-16
30,841,2132207,945,-16355,-857,-87,-6,-13
30,842,2132212,851,-16365,-822,-83,-3,-16
30,843,2132217,734,-16278,-920,-76,-10,-14
30,844,2132222,752,-16272,-958,-75,-19,-13
30,845,2132227,834,-16241,-970,-72,-21,-12
30,846,2132232,867,-16167,-919,-70,-23,-14
30,847,2132237,765,-16267,-916,-69,-27,-14
30,848,2132242,821,-16320,-935,-63,-33,-12
30,849,2132247,899,-16360,-1035,-59,-25,-13
30,850,2132252,896,-16375,-921,-58,-16,-13
30,851,2132257,800,-16364,-987,-53,-15,-14
30,852,2132262,827,-16405,-1107,-50,-12,-15
30,853,2132267,871,-16356,-1103,-45,4,-13
30,854,2132272,875,-16362,-1164,-43,14,-14
30,855,2132277,897,-16416,-1009,-42,21,-14
30,856,2132282,1017,-16529,-855,-39,22,-12
30,857,2132287,953,-16711,-718,-36,21,-12
30,858,2132292,878,-16696,-665,-31,18,-13
30,859,2132297,760,-16649,-792,-26,7,-13
30,860,2132302,693,-16595,-879,-22,-6,-11
30,861,2132307,765,-16442,-921,-20,-21,-10
30,862,2132312,969,-16328,-841,-17,-34,-10
30,863,2132317,994,-16234,-875,-14,-45,-7
30,864,2132322,944,-16194,-998,-5,-49,-10
30,865,2132327,865,-16220,-1150,-3,-49,-8
30,866,2132332,804,-16295,-1181,-4,-40,-6
30,867,2132337,880,-16315,-1063,0,-25,-6
30,868,2132342,825,-16347,-1079,5,-9,-9
30,869,2132347,847,-16348,-1034,7,10,-11
30,870,2132352,888,-16340,-1154,12,28,-10
30,871,2132357,906,-16436,-1175,14,43,-12
30,872,2132362,904,-16516,-1091,15,49,-10
30,873,2132367,885,-16495,-902,16,43,-9
30,874,2132372,866,-16473,-826,18,33,-12
30,875,2132377,834,-16465,-844,27,24,-11
30,876,2132382,887,-16487,-926,34,14,-6
30,877,2132387,918,-16419,-1005,33,12,-7
30,878,2132392,1050,-16349,-946,34,6,-11
30,879,2132397,941,-16331,-919,38,2,-8
30,880,2132402,859,-16334,-847,40,2,-6
30,881,2132407,765,-16373,-912,45,-1,-4
30,882,2132412,713,-16330,-1061,53,2,-7
30,883,2132417,811,-16332,-1103,54,4,-4
30,884,2132422,835,-16324,-1046,57,9,-4
30,885,2132427,900,-16323,-993,57,15,-7
30,886,2132432,892,-16411,-998,57,24,-7
30,887,2132437,890,-16524,-1090,63,30,-5
30,888,2132442,881,-16559,-1080,66,34,-4
30,889,2132447,902,-16537,-1038,67,42,-3
30,890,2132452,913,-16499,-965,67,45,-5
30,891,2132457,946,-16454,-879,68,46,-5
30,892,2132462,960,-16438,-870,73,40,-2
30,893,2132467,893,-16454,-944,75,37,0
30,894,2132472,852,-16401,-916,76,31,1
30,895,2132477,873,-16345,-953,77,25,1
30,896,2132482,905,-16345,-969,80,21,4
30,897,2132487,955,-16380,-965,82,20,2
30,898,2132492,945,-16410,-1005,82,21,3
30,899,2132497,870,-16444,-936,82,21,3
30,900,2132502,842,-16479,-923,85,18,4
30,901,2132507,803,-16464,-949,86,18,6
30,902,2132512,726,-16414,-898,89,20,7
30,903,2132517,733,-16412,-939,89,12,4
30,904,2132522,789,-16393,-1000,90,7,7
30,905,2132527,869,-16390,-1000,90,7,10
30,906,2132532,894,-16395,-964,92,4,11
30,907,2132537,886,-16433,-917,89,3,8
30,908,2132542,894,-16463,-922,90,-1,8
30,909,2132547,819,-16466,-988,95,-3,12
30,910,2132552,812,-16451,-1023,93,3,10
30,911,2132557,872,-16414,-1006,91,10,10
30,912,2132562,921,-16388,-926,90,15,14
30,913,2132567,881,-16354,-919,89,22,11
30,914,2132572,856,-16376,-927,88,27,13
30,915,2132577,815,-16388,-880,88,32,14
30,916,2132582,754,-16374,-912,89,29,14
30,917,2132587,748,-16344,-1002,88,27,14
30,918,2132592,870,-16343,-1021,89,30,15
30,919,2132597,954,-16343,-961,86,32,17
30,920,2132602,974,-16346,-899,85,28,17
30,921,2132607,910,-16396,-811,86,21,17
30,922,2132612,821,-16501,-845,87,11,15
30,923,2132617,729,-16531,-893,83,0,21
30,924,2132622,750,-16499,-913,85,-14,23
30,925,2132627,768,-16495,-924,84,-22,19
30,926,2132632,856,-16528,-895,81,-24,21
30,927,2132637,876,-16509,-903,81,-30,26
30,928,2132642,901,-16512,-899,80,-27,24
30,929,2132647,897,-16519,-954,78,-20,21
30,930,2132652,866,-16472,-960,75,-8,23
30,931,2132657,837,-16385,-980,73,1,23
30,932,2132662,805,-16353,-997,71,10,20
30,933,2132667,806,-16343,-969,70,16,22
30,934,2132672,824,-16339,-945,63,23,23
30,935,2132677,860,-16387,-754,59,25,23
30,936,2132682,858,-16433,-625,60,21,25
30,937,2132687,806,-16495,-726,60,9,26
30,938,2132692,810,-16453,-802,55,-2,25
30,939,2132697,828,-16446,-869,55,-9,24
30,940,2132702,859,-16397,-876,54,-16,23
30,941,2132707,882,-16422,-847,54,-19,27
30,942,2132712,871,-16473,-856,52,-23,29
30,943,2132717,849,-16490,-973,46,-21,25
30,944,2132722,801,-16471,-990,44,-18,26
30,945,2132727,765,-16474,-932,42,-14,27
30,946,2132732,758,-16473,-929,41,-9,27
30,947,2132737,846,-16496,-910,39,-2,22
30,948,2132742,881,-16466,-818,38,6,22
30,949,2132747,914,-16473,-833,31,13,23
30,950,2132752,846,-16485,-784,30,14,26
30,951,2132757,826,-16484,-857,27,8,24
30,952,2132762,878,-16471,-868,23,13,23
30,953,2132767,888,-16412,-889,21,13,21
30,954,2132772,920,-16404,-841,23,7,25
30,955,2132777,910,-16427,-803,20,-1,22
30,956,2132782,748,-16435,-733,12,-17,21
30,957,2132787,741,-16446,-724,14,-23,22
30,958,2132792,785,-16460,-745,10,-26,22
30,959,2132797,772,-16484,-771,8,-28,20
30,960,2132802,796,-16474,-808,4,-31,19
30,961,2132807,818,-16472,-862,2,-30,15
30,962,2132812,857,-16382,-897,0,-24,17
30,963,2132817,857,-16424,-919,-2,-19,15
30,964,2132822,786,-16427,-882,-3,-14,14
30,965,2132827,746,-16472,-817,-1,-10,15
30,966,2132832,780,-16449,-805,-6,-6,14
30,967,2132837,898,-16441,-841,-10,3,12
30,968,2132842,906,-16448,-835,-11,15,12
30,969,2132847,872,-16443,-843,-17,18,11
30,970,2132852,859,-16419,-840,-17,18,10
30,971,2132857,862,-16417,-913,-18,19,8
30,972,2132862,885,-16379,-832,-20,21,6
30,973,2132867,895,-16378,-702,-21,14,8
30,974,2132872,824,-16423,-640,-21,5,7
30,975,2132877,761,-16408,-674,-23,-8,4
30,976,2132882,729,-16396,-744,-24,-16,1
30,977,2132887,791,-16430,-741,-23,-19,3
30,978,2132892,824,-16462,-716,-27,-24,4
30,979,2132897,841,-16445,-766,-26,-24,-1
30,980,2132902,849,-16469,-834,-28,-25,-1
30,981,2132907,794,-16524,-825,-31,-26,-1
30,982,2132912,772,-16519,-774,-31,-23,-5
30,983,2132917,763,-16477,-778,-32,-25,-7
30,984,2132922,760,-16471,-797,-34,-26,-6
30,985,2132927,775,-16447,-883,-31,-30,-7
30,986,2132932,817,-16410,-821,-33,-31,-8
30,987,2132937,879,-16373,-760,-36,-26,-10
30,988,2132942,896,-16428,-810,-36,-23,-12
30,989,2132947,859,-16425,-913,-34,-20,-15
30,990,2132952,824,-16434,-925,-40,-10,-18
30,991,2132957,847,-16420,-900,-39,0,-18
30,992,2132962,965,-16489,-846,-40,13,-20
30,993,2132967,1005,-16482,-792,-42,21,-22
30,994,2132972,961,-16484,-721,-44,23,-25
30,995,2132977,857,-16499,-661,-39,17,-22
30,996,2132982,782,-16497,-745,-40,9,-23
30,997,2132987,733,-16441,-781,-41,3,-24
30,998,2132992,806,-16422,-711,-41,-8,-25
30,999,2132997,801,-16363,-709,-41,-20,-25
31,0,2139922,1068,-16365,-506,14,-18,-18
31,1,2139927,1098,-16377,-549,13,-14,-15
31,2,2139932,1102,-16433,-503,9,-7,-15
31,3,2139937,1121,-16492,-534,8,-1,-14
31,4,2139942,1130,-16510,-549,7,5,-15
31,5,2139947,1114,-16509,-524,8,9,-13
31,6,2139952,1137,-16475,-459,9,6,-12
31,7,2139957,1128,-16438,-454,6,5,-10
31,8,2139962,1088,-16451,-453,7,5,-10
31,9,2139967,1116,-16434,-546,6,5,-6
31,10,2139972,1101,-16471,-532,6,-2,-4
31,11,2139977,1082,-16399,-451,4,-4,-4
31,12,2139982,1097,-16433,-429,5,-10,-3
31,13,2139987,1096,-16508,-443,8,-15,-3
31,14,2139992,1113,-16478,-443,6,-13,0
31,15,2139997,1136,-16415,-441,6,-19,4
31,16,2140002,1108,-16444,-445,6,-24,1
31,17,2140007,1090,-16436,-487,6,-26,6
31,18,2140012,1116,-16441,-498,5,-24,7
31,19,2140017,1127,-16399,-491,3,-23,7
31,20,2140022,1139,-16379,-520,3,-15,5
31,21,2140027,1079,-16406,-550,2,-9,8
31,22,2140032,1079,-16365,-623,2,-5,7
31,23,2140037,1126,-16378,-610,1,2,8
31,24,2140042,1131,-16390,-489,2,8,10
31,25,2140047,1171,-16443,-390,2,10,10
31,26,2140052,1136,-16479,-428,-1,8,9
31,27,2140057,1085,-16461,-441,1,3,13
31,28,2140062,1104,-16461,-395,-1,2,12
31,29,2140067,1127,-16452,-389,-3,2,12
31,30,2140072,1098,-16438,-446,-1,-3,17
31,31,2140077,1082,-16456,-502,0,-9,16
31,32,2140082,1100,-16426,-526,1,-7,14
31,33,2140087,1159,-16407,-545,-1,-2,14
31,34,2140092,1129,-16372,-540,-4,3,12
31,35,2140097,1132,-16417,-511,-5,7,12
31,36,2140102,1159,-16413,-519,-3,11,14
31,37,2140107,1113,-16466,-499,-1,12,14
31,38,2140112,1130,-16502,-412,3,8,15
31,39,2140117,1130,-16523,-361,2,0,16
31,40,2140122,1137,-16523,-369,1,-13,15
31,41,2140127,1155,-16451,-362,-4,-21,17
31,42,2140132,1126,-16408,-385,-1,-26,17
31,43,2140137,1131,-16372,-451,3,-33,15
31,44,2140142,1141,-16378,-500,1,-37,17
31,45,2140147,1091,-16391,-469,1,-38,18
31,46,2140152,1120,-16410,-531,2,-29,13
31,47,2140157,1114,-16391,-540,1,-23,14
31,48,2140162,1120,-16396,-566,0,-15,13
31,49,2140167,1136,-16401,-519,2,-8,10
31,50,2140172,1146,-16384,-467,1,-2,10
31,51,2140177,1112,-16389,-441,2,1,11
31,52,2140182,1121,-16468,-430,2,-2,8
31,53,2140187,1180,-16447,-418,3,-3,8
31,54,2140192,1233,-16430,-349,2,-5,8
31,55,2140197,1188,-16420,-388,2,-9,6
31,56,2140202,1143,-16442,-459,3,-16,8
31,57,2140207,1143,-16457,-428,3,-19,5
31,58,2140212,1112,-16477,-431,3,-23,4
31,59,2140217,1131,-16492,-449,2,-24,6
31,60,2140222,1149,-16497,-424,5,-22,5
31,61,2140227,1119,-16442,-514,4,-21,1
31,62,2140232,1107,-16444,-544,5,-17,0
31,63,2140237,1170,-16430,-534,4,-17,0
31,64,2140242,1231,-16398,-498,2,-12,-4
31,65,2140247,1213,-16405,-424,4,-9,-7
31,66,2140252,1257,-16429,-388,5,-8,-4
31,67,2140257,1162,-16413,-436,2,-9,-5
31,68,2140262,1069,-16397,-484,1,-9,-6
31,69,2140267,1074,-16371,-524,2,-10,-7
31,70,2140272,1142,-16353,-547,2,-8,-6
31,71,2140277,1201,-16326,-491,4,-7,-8
31,72,2140282,1198,-16397,-440,4,-5,-11
31,73,2140287,1181,-16497,-447,5,-7,-10
31,74,2140292,1167,-16570,-440,3,-8,-8
31,75,2140297,1186,-16582,-374,4,-5,-11
31,76,2140302,1166,-16564,-369,3,-9,-11
31,77,2140307,1103,-16478,-474,5,-11,-13
31,78,2140312,1134,-16391,-514,6,-14,-13
31,79,2140317,1101,-16364,-511,5,-16,-13
31,80,2140322,1118,-16398,-460,3,-15,-12
31,81,2140327,1129,-16382,-400,1,-18,-16
31,82,2140332,1107,-16368,-448,6,-22,-17
31,83,2140337,1074,-16448,-488,7,-21,-18
31,84,2140342,1066,-16486,-524,7,-18,-20
31,85,2140347,1114,-16477,-515,5,-15,-19
31,86,2140352,1175,-16405,-525,4,-14,-19
31,87,2140357,1175,-16363,-473,4,-11,-20
31,88,2140362,1187,-16387,-394,4,-9,-18
31,89,2140367,1184,-16352,-396,4,-9,-19
31,90,2140372,1164,-16395,-421,4,-9,-20
31,91,2140377,1095,-16442,-449,4,-11,-19
31,92,2140382,1125,-16423,-501,2,-7,-17
31,93,2140387,1153,-16369,-505,4,-7,-22
31,94,2140392,1143,-16347,-478,4,-9,-22
31,95,2140397,1153,-16399,-488,1,-10,-18
31,96,2140402,1139,-16434,-447,4,-11,-19
31,97,2140407,1139,-16466,-439,7,-12,-18
31,98,2140412,1150,-16501,-444,5,-8,-19
31,99,2140417,1128,-16468,-407,5,-8,-23
31,100,2140422,1102,-16498,-441,5,-9,-20
31,101,2140427,1132,-16507,-498,5,-5,-20
31,102,2140432,1137,-16492,-482,0,-4,-21
31,103,2140437,1116,-16465,-491,2,-3,-19
31,104,2140442,1146,-16446,-443,4,-5,-22
31,105,2140447,1095,-16400,-472,7,-6,-21
31,106,2140452,1113,-16377,-497,5,-5,-20
31,107,2140457,1162,-16352,-462,3,0,-17
31,108,2140462,1163,-16414,-453,2,-2,-19
31,109,2140467,1148,-16425,-475,2,-2,-20
31,110,2140472,1101,-16460,-496,3,-3,-20
31,111,2140477,1158,-16552,-498,0,-1,-17
31,112,2140482,1169,-16556,-396,0,0,-17
31,113,2140487,1178,-16503,-397,2,-4,-17
31,114,2140492,1136,-16475,-424,3,-8,-19
31,115,2140497,1099,-16428,-489,4,-10,-18
31,116,2140502,1090,-16390,-559,4,-11,-18
31,117,2140507,1091,-16426,-456,3,-11,-13
31,118,2140512,1114,-16417,-410,3,-14,-14
31,119,2140517,1108,-16385,-448,4,-16,-15
31,120,2140522,1062,-16432,-512,0,-12,-13
31,121,2140527,1124,-16416,-498,2,-8,-12
31,122,2140532,1128,-16401,-466,0,-3,-12
31,123,2140537,1126,-16385,-449,-1,-2,-14
31,124,2140542,1128,-16404,-471,0,2,-11
31,125,2140547,1132,-16434,-513,-1,6,-11
31,126,2140552,1138,-16424,-437,-2,11,-9
31,127,2140557,1141,-16384,-469,2,10,-11
31,128,2140562,1099,-16379,-431,1,3,-8
31,129,2140567,1083,-16409,-460,0,-2,-7
31,130,2140572,1126,-16461,-427,0,-5,-6
31,131,2140577,1090,-16450,-379,-1,-10,-6
31,132,2140582,1115,-16466,-364,-1,-13,-6
31,133,2140587,1094,-16505,-417,3,-13,-4
31,134,2140592,1139,-16479,-465,3,-13,-4
31,135,2140597,1101,-16445,-519,1,-14,-3
31,136,2140602,1060,-16422,-501,1,-12,-3
31,137,2140607,1081,-16400,-520,2,-11,-3
31,138,2140612,1107,-16446,-509,2,-8,-1
31,139,2140617,1133,-16482,-462,0,-5,-2
31,140,2140622,1135,-16455,-419,3,-5,-1
31,141,2140627,1105,-16414,-456,1,-5,-2
31,142,2140632,1070,-16404,-416,1,-8,-1
31,143,2140637,1108,-16377,-481,3,-10,2
31,144,2140642,1135,-16367,-432,1,-13,4
31,145,2140647,1125,-16398,-364,2,-16,1
31,146,2140652,1147,-16413,-362,3,-19,3
31,147,2140657,1140,-16473,-405,0,-22,4
31,148,2140662,1062,-16476,-461,1,-25,3
31,149,2140667,1064,-16459,-472,2,-23,3
31,150,2140672,1137,-16466,-432,5,-23,5
31,151,2140677,1187,-16449,-417,2,-20,4
31,152,2140682,1161,-16384,-439,-1,-19,4
31,153,2140687,1109,-16390,-484,2,-15,5
31,154,2140692,1120,-16419,-483,4,-10,7
31,155,2140697,1156,-16393,-475,4,-14,7
31,156,2140702,1191,-16455,-495,1,-13,4
31,157,2140707,1170,-16440,-474,1,-12,8
31,158,2140712,1156,-16416,-483,4,-10,8
31,159,2140717,1149,-16472,-538,4,-10,7
31,160,2140722,1187,-16527,-481,1,-8,7
31,161,2140727,1157,-16520,-405,0,-6,9
31,162,2140732,1164,-16484,-395,2,-5,7
31,163,2140737,1153,-16484,-423,3,-5,5
31,164,2140742,1173,-16473,-469,2,-5,11
31,165,2140747,1183,-16441,-496,6,-4,10
31,166,2140752,1193,-16397,-415,2,-1,10
31,167,2140757,1147,-16376,-390,1,-1,8
31,168,2140762,1127,-16370,-380,2,-4,9
31,169,2140767,1075,-16398,-394,3,-4,11
31,170,2140772,1077,-16430,-454,4,-7,12
31,171,2140777,1101,-16402,-430,5,-8,8
31,172,2140782,1118,-16415,-411,5,-11,11
31,173,2140787,1139,-16445,-420,2,-12,9
31,174,2140792,1130,-16454,-438,1,-13,6
31,175,2140797,1096,-16434,-457,1,-11,6
31,176,2140802,1065,-16491,-556,5,-12,9
31,177,2140807,1133,-16504,-529,4,-10,7
31,178,2140812,1186,-16471,-500,1,-7,7
31,179,2140817,1214,-16487,-385,4,-1,8
31,180,2140822,1174,-16492,-403,3,2,7
31,181,2140827,1138,-16500,-459,3,0,6
31,182,2140832,1179,-16479,-452,5,3,6
31,183,2140837,1152,-16452,-410,6,8,10
31,184,2140842,1153,-16411,-306,5,6,5
31,185,2140847,1128,-16427,-360,4,2,4
31,186,2140852,1172,-16438,-448,7,-1,9
31,187,2140857,1161,-16419,-412,5,-1,6
31,188,2140862,1102,-16409,-351,3,-3,4
31,189,2140867,1099,-16417,-390,1,-7,4
31,190,2140872,1086,-16378,-478,4,-13,2
31,191,2140877,1017,-16359,-490,7,-19,4
31,192,2140882,1019,-16398,-498,8,-19,3
31,193,2140887,1082,-16415,-400,8,-21,3
31,194,2140892,1100,-16430,-455,7,-22,0
31,195,2140897,1072,-16411,-504,9,-20,1
31,196,2140902,1131,-16430,-529,9,-14,1
31,197,2140907,1192,-16405,-534,8,-8,-2
31,198,2140912,1193,-16500,-488,12,-8,-3
31,199,2140917,1127,-16513,-412,7,-6,-1
31,200,2140922,1155,-16526,-397,8,-4,-2
31,201,2140927,1167,-16530,-465,7,-4,-5
31,202,2140932,1206,-16467,-475,6,-2,-3
31,203,2140937,1194,-16463,-395,6,-1,-6
31,204,2140942,1152,-16445,-407,6,-5,-3
31,205,2140947,1163,-16462,-436,7,-4,-4
31,206,2140952,1156,-16417,-410,8,-1,-4
31,207,2140957,1155,-16397,-435,5,0,-5
31,208,2140962,1105,-16400,-393,3,2,-7
31,209,2140967,1066,-16395,-394,4,-3,-7
31,210,2140972,1035,-16424,-408,7,-7,-8
31,211,2140977,1041,-16433,-508,9,-3,-7
31,212,2140982,1079,-16445,-517,7,-4,-7
31,213,2140987,1133,-16435,-504,7,-6,-7
31,214,2140992,1178,-16438,-464,8,-7,-9
31,215,2140997,1171,-16461,-402,6,-4,-11
31,216,2141002,1127,-16418,-470,5,-4,-11
31,217,2141007,1097,-16401,-458,8,-3,-10
31,218,2141012,1082,-16409,-468,8,-3,-13
31,219,2141017,1107,-16423,-462,4,-5,-11
31,220,2141022,1165,-16464,-433,3,-7,-8
31,221,2141027,1148,-16446,-381,6,-6,-10
31,222,2141032,1116,-16448,-431,6,-9,-13
31,223,2141037,1095,-16437,-502,4,-11,-11
31,224,2141042,1103,-16399,-443,1,-10,-11
31,225,2141047,1118,-16391,-431,4,-8,-13
31,226,2141052,1121,-16444,-441,4,-6,-11
31,227,2141057,1128,-16461,-486,3,-1,-10
31,228,2141062,1178,-16448,-528,3,3,-12
31,229,2141067,1148,-16471,-474,4,8,-14
31,230,2141072,1132,-16425,-414,2,4,-11
31,231,2141077,1114,-16402,-404,2,0,-11
31,232,2141082,1065,-16417,-393,3,-7,-11
31,233,2141087,1069,-16401,-398,4,-15,-10
31,234,2141092,1113,-16414,-378,4,-21,-9
31,235,2141097,1063,-16418,-395,4,-29,-12
31,236,2141102,1087,-16416,-379,3,-36,-10
31,237,2141107,1110,-16413,-380,3,-39,-10
31,238,2141112,1076,-16447,-472,0,-35,-11
31,239,2141117,1080,-16407,-588,2,-31,-10
31,240,2141122,1160,-16415,-553,1,-23,-11
31,241,2141127,1157,-16451,-519,-3,-14,-11
31,242,2141132,1127,-16433,-462,-2,-7,-11
31,243,2141137,1112,-16494,-411,0,-2,-11
31,244,2141142,1155,-16496,-454,-1,4,-12
31,245,2141147,1137,-16502,-435,-3,8,-9
31,246,2141152,1131,-16546,-465,-3,10,-11
31,247,2141157,1208,-16500,-460,-2,11,-12
31,248,2141162,1262,-16500,-429,-4,7,-10
31,249,2141167,1219,-16521,-418,-5,3,-10
31,250,2141172,1146,-16471,-401,-3,-7,-7
31,251,2141177,1076,-16400,-453,0,-14,-6
31,252,2141182,1066,-16401,-480,-3,-20,-5
31,253,2141187,1121,-16442,-447,-3,-23,-5
31,254,2141192,1194,-16446,-423,-2,-23,-1
31,255,2141197,1155,-16435,-443,-1,-28,-3
31,256,2141202,1092,-16414,-466,-1,-29,-3
31,257,2141207,1074,-16406,-471,-2,-29,-4
31,258,2141212,1037,-16390,-488,-2,-23,-3
31,259,2141217,1067,-16374,-478,-5,-14,-2
31,260,2141222,1126,-16377,-499,-5,-8,-5
31,261,2141227,1120,-16420,-478,-3,-6,-7
31,262,2141232,1139,-16445,-500,-5,-1,-5
31,263,2141237,1124,-16484,-414,-6,3,-4
31,264,2141242,1093,-16447,-385,-6,6,-4
31,265,2141247,1075,-16455,-380,-7,6,-6
31,266,2141252,1080,-16488,-453,-8,3,-5
31,267,2141257,1139,-16452,-436,-8,0,-4
31,268,2141262,1191,-16498,-424,-10,-2,-1
31,269,2141267,1214,-16462,-373,-7,-9,0
31,270,2141272,1146,-16407,-426,-6,-10,-3
31,271,2141277,1093,-16400,-454,-5,-10,-3
31,272,2141282,1056,-16479,-480,-8,-11,-2
31,273,2141287,1098,-16485,-432,-8,-9,0
31,274,2141292,1139,-16495,-470,-5,-3,0
31,275,2141297,1169,-16477,-467,-4,3,1
31,276,2141302,1192,-16454,-500,-6,4,0
31,277,2141307,1208,-16385,-526,-6,8,-1
31,278,2141312,1158,-16384,-461,-6,10,1
31,279,2141317,1063,-16435,-358,-6,10,-1
31,280,2141322,1025,-16435,-361,-3,2,-3
31,281,2141327,1021,-16437,-367,-2,0,1
31,282,2141332,1058,-16465,-399,-5,2,-1
31,283,2141337,1140,-16509,-450,-5,-1,2
31,284,2141342,1199,-16487,-472,-7,-1,4
31,285,2141347,1153,-16450,-470,-4,-2,2
31,286,2141352,1111,-16480,-448,-2,1,3
31,287,2141357,1040,-16477,-394,-4,1,0
31,288,2141362,989,-16445,-369,-2,-2,-1
31,289,2141367,1004,-16438,-360,-2,-3,2
31,290,2141372,1001,-16468,-417,0,-5,-1
31,291,2141377,1110,-16471,-441,-1,-2,-1
31,292,2141382,1172,-16489,-406,-2,3,-1
31,293,2141387,1185,-16480,-455,-1,2,-3
31,294,2141392,1185,-16466,-506,-2,5,-4
31,295,2141397,1223,-16440,-508,-1,6,-2
31,296,2141402,1178,-16363,-493,2,10,-1
31,297,2141407,1098,-16366,-456,6,13,2
31,298,2141412,1018,-16367,-352,7,12,-2
31,299,2141417,985,-16338,-328,6,12,-3
31,300,2141422,1011,-16398,-348,3,10,-3
31,301,2141427,1048,-16382,-429,4,13,-4
31,302,2141432,1104,-16351,-488,9,14,0
31,303,2141437,1143,-16340,-498,6,15,-1
31,304,2141442,1137,-16370,-466,6,17,-5
31,305,2141447,1070,-16383,-461,6,19,-2
31,306,2141452,1094,-16401,-463,8,19,-1
31,307,2141457,1104,-16466,-365,10,23,0
31,308,2141462,1075,-16522,-340,7,22,-3
31,309,2141467,1049,-16533,-290,8,15,-1
31,310,2141472,1072,-16510,-321,13,10,-2
31,311,2141477,1125,-16519,-369,9,7,-3
31,312,2141482,1167,-16486,-420,9,2,0
31,313,2141487,1226,-16460,-375,14,-3,1
31,314,2141492,1183,-16418,-380,15,-10,-2
31,315,2141497,1104,-16378,-452,18,-14,-4
31,316,2141502,1068,-16351,-563,18,-9,1
31,317,2141507,1141,-16368,-545,16,-6,-1
31,318,2141512,1174,-16358,-415,16,0,0
31,319,2141517,1175,-16335,-371,17,6,-1
31,320,2141522,1059,-16311,-396,17,11,-2
31,321,2141527,1021,-16339,-522,16,13,0
31,322,2141532,1021,-16376,-552,19,15,1
31,323,2141537,1118,-16421,-433,19,20,0
31,324,2141542,1169,-16443,-307,16,17,-2
31,325,2141547,1094,-16472,-294,19,12,-1
31,326,2141552,1114,-16439,-402,22,10,0
31,327,2141557,1080,-16512,-442,23,5,-1
31,328,2141562,1075,-16487,-369,21,0,-2
31,329,2141567,1067,-16503,-371,21,-10,1
31,330,2141572,1084,-16499,-311,22,-17,-1
31,331,2141577,1081,-16512,-352,22,-23,-2
31,332,2141582,1080,-16514,-385,24,-30,2
31,333,2141587,1095,-16548,-375,25,-32,2
31,334,2141592,1120,-16551,-354,24,-37,1
31,335,2141597,1077,-16508,-442,25,-37,1
31,336,2141602,1159,-16466,-441,23,-34,1
31,337,2141607,1221,-16407,-421,26,-30,0
31,338,2141612,1208,-16423,-515,25,-20,0
31,339,2141617,1205,-16432,-425,24,-16,-3
31,340,2141622,1104,-16361,-355,23,-14,-3
31,341,2141627,1016,-16450,-408,24,-11,-2
31,342,2141632,1059,-16425,-415,23,-10,-1
31,343,2141637,1169,-16464,-389,23,-9,-3
31,344,2141642,1211,-16456,-341,21,-13,-4
31,345,2141647,1168,-16460,-343,21,-14,-4
31,346,2141652,1081,-16464,-457,24,-15,-2
31,347,2141657,1072,-16454,-466,23,-21,-3
31,348,2141662,1134,-16432,-500,20,-23,-4
31,349,2141667,1217,-16435,-400,21,-22,-2
31,350,2141672,1132,-16440,-307,23,-28,-3
31,351,2141677,1088,-16456,-332,26,-29,-1
31,352,2141682,1072,-16471,-431,26,-32,-1
31,353,2141687,1119,-16520,-432,25,-30,-2
31,354,2141692,1144,-16471,-341,21,-28,-3
31,355,2141697,1139,-16416,-379,22,-28,-2
31,356,2141702,1134,-16391,-422,22,-27,-5
31,357,2141707,1150,-16387,-449,24,-21,-3
31,358,2141712,1129,-16357,-419,25,-17,-3
31,359,2141717,1137,-16354,-391,20,-14,-7
31,360,2141722,1099,-16374,-434,19,-13,-8
31,361,2141727,1099,-16379,-416,18,-8,-4
31,362,2141732,1127,-16408,-321,21,-7,-6
31,363,2141737,1094,-16407,-286,18,-10,-7
31,364,2141742,1020,-16399,-354,16,-13,-6
31,365,2141747,998,-16386,-430,20,-13,-8
31,366,2141752,1055,-16396,-444,18,-15,-8
31,367,2141757,1150,-16412,-459,19,-12,-7
31,368,2141762,1162,-16395,-431,18,-12,-9
31,369,2141767,1118,-16429,-429,15,-10,-10
31,370,2141772,1111,-16556,-485,17,-4,-11
31,371,2141777,1173,-16518,-499,14,6,-10
31,372,2141782,1213,-16523,-411,9,10,-7
31,373,2141787,1198,-16511,-366,10,11,-11
31,374,2141792,1135,-16526,-328,10,7,-13
31,375,2141797,1062,-16485,-318,11,3,-10
31,376,2141802,1091,-16440,-334,12,-3,-8
31,377,2141807,1127,-16434,-322,9,-6,-11
31,378,2141812,1156,-16420,-371,9,-7,-13
31,379,2141817,1156,-16448,-371,8,-11,-11
31,380,2141822,1145,-16432,-361,9,-14,-9
31,381,2141827,1112,-16374,-386,6,-13,-9
31,382,2141832,1106,-16375,-412,4,-14,-11
31,383,2141837,1108,-16386,-504,6,-10,-13
31,384,2141842,1093,-16385,-532,3,-3,-14
31,385,2141847,1104,-16380,-459,2,1,-14
31,386,2141852,1136,-16393,-397,2,4,-16
31,387,2141857,1130,-16372,-391,3,1,-12
31,388,2141862,1151,-16445,-418,-1,3,-13
31,389,2141867,1180,-16503,-359,-2,4,-14
31,390,2141872,1152,-16502,-321,-2,-1,-16
31,391,2141877,1103,-16497,-315,-1,-6,-14
31,392,2141882,1042,-16505,-348,-1,-14,-12
31,393,2141887,1036,-16518,-307,-3,-17,-12
31,394,2141892,1075,-16464,-377,-2,-22,-15
31,395,2141897,1079,-16501,-410,-6,-26,-15
31,396,2141902,1017,-16488,-468,-9,-30,-15
31,397,2141907,1088,-16532,-443,-5,-33,-15
31,398,2141912,1162,-16503,-386,-4,-30,-13
31,399,2141917,1209,-16449,-369,-8,-23,-15
31,400,2141922,1210,-16489,-351,-9,-25,-17
31,401,2141927,1146,-16447,-384,-6,-33,-19
31,402,2141932,1098,-16398,-421,-7,-33,-19
31,403,2141937,1149,-16376,-352,-10,-36,-15
31,404,2141942,1217,-16360,-339,-12,-32,-14
31,405,2141947,1218,-16386,-399,-11,-32,-19
31,406,2141952,1217,-16455,-410,-11,-29,-18
31,407,2141957,1242,-16495,-450,-9,-27,-19
31,408,2141962,1231,-16516,-411,-12,-19,-18
31,409,2141967,1247,-16561,-390,-14,-13,-16
31,410,2141972,1235,-16526,-306,-14,-10,-17
31,411,2141977,1240,-16517,-332,-14,-10,-18
31,412,2141982,1201,-16459,-390,-15,-13,-19
31,413,2141987,1175,-16416,-296,-14,-11,-19
31,414,2141992,1105,-16348,-296,-15,-13,-22
31,415,2141997,1161,-16309,-378,-13,-17,-18
31,416,2142002,1202,-16330,-411,-12,-16,-21
31,417,2142007,1227,-16388,-375,-12,-18,-21
31,418,2142012,1231,-16386,-370,-15,-19,-20
31,419,2142017,1167,-16372,-405,-16,-22,-24
31,420,2142022,1170,-16431,-390,-10,-25,-24
31,421,2142027,1324,-16444,-373,-10,-34,-22
31,422,2142032,1415,-16461,-193,-11,-40,-18
31,423,2142037,1358,-16542,-105,-10,-54,-18
31,424,2142042,1127,-16563,-90,-4,-79,-18
31,425,2142047,963,-16475,-193,-4,-106,-20
31,426,2142052,933,-16439,-343,-3,-127,-17
31,427,2142057,1042,-16399,-262,-4,-136,-14
31,428,2142062,1091,-16324,-253,-4,-143,-16
31,429,2142067,1015,-16266,-267,-4,-148,-24
31,430,2142072,989,-16274,-569,-2,-139,-22
31,431,2142077,1095,-16377,-751,1,-116,-21
31,432,2142082,1351,-16273,-426,-4,-84,-30
31,433,2142087,1301,-16331,-550,-3,-67,-36
31,434,2142092,945,-16380,-792,-3,-37,-31
31,435,2142097,995,-16550,-602,-5,-7,-30
31,436,2142102,1263,-16584,-506,-7,11,-28
31,437,2142107,1421,-16627,-25,-10,23,-33
31,438,2142112,1342,-16633,20,-7,12,-37
31,439,2142117,1363,-16591,-281,-4,-2,-33
31,440,2142122,1335,-16532,-318,-5,-1,-32
31,441,2142127,1215,-16574,-317,-4,-8,-28
31,442,2142132,1262,-16462,-285,-6,-16,-27
31,443,2142137,1136,-16372,-170,-6,-28,-31
31,444,2142142,1156,-16450,-352,-4,-40,-28
31,445,2142147,1208,-16315,-348,-2,-37,-27
31,446,2142152,1156,-16378,-408,0,-45,-28
31,447,2142157,1122,-16386,-474,1,-49,-31
31,448,2142162,1118,-16348,-444,1,-51,-28
31,449,2142167,1142,-16364,-411,1,-54,-28
31,450,2142172,1112,-16391,-335,2,-54,-30
31,451,2142177,1104,-16430,-324,3,-57,-28
31,452,2142182,1112,-16520,-458,5,-65,-27
31,453,2142187,1077,-16552,-331,4,-75,-29
31,454,2142192,1081,-16466,-272,5,-89,-30
31,455,2142197,1116,-16459,-470,8,-96,-27
31,456,2142202,1203,-16524,-466,5,-87,-20
31,457,2142207,1220,-16598,-485,8,-83,-21
31,458,2142212,1254,-16602,-378,5,-82,-24
31,459,2142217,1244,-16508,-338,5,-77,-22
31,460,2142222,1301,-16520,-511,5,-63,-20
31,461,2142227,1301,-16575,-443,4,-37,-18
31,462,2142232,1321,-16571,-308,4,-27,-17
31,463,2142237,1258,-16478,-429,-1,-34,-15
31,464,2142242,1218,-16513,-518,1,-36,-13
31,465,2142247,1180,-16454,-467,4,-35,-8
31,466,2142252,1086,-16403,-243,2,-44,-8
31,467,2142257,1056,-16456,-38,-1,-69,-1
31,468,2142262,1083,-16429,-33,0,-101,3
31,469,2142267,876,-16399,-182,4,-132,7
31,470,2142272,524,-16398,-515,4,-169,9
31,471,2142277,351,-16359,-933,8,-207,12
31,472,2142282,591,-16306,-628,5,-217,17
31,473,2142287,1005,-16278,-502,-3,-210,21
31,474,2142292,1222,-16484,-378,-1,-187,23
31,475,2142297,934,-16724,-806,3,-176,27
31,476,2142302,860,-16907,-1124,0,-162,35
31,477,2142307,1036,-16900,-752,-9,-140,43
31,478,2142312,1283,-16841,-270,-19,-119,48
31,479,2142317,1274,-16752,-178,-21,-110,49
31,480,2142322,984,-16768,-156,-20,-115,59
31,481,2142327,849,-16665,-214,-26,-141,72
31,482,2142332,754,-16599,-38,-31,-178,81
31,483,2142337,441,-16636,126,-30,-223,92
31,484,2142342,86,-16542,-34,-34,-275,97
31,485,2142347,-122,-16426,-259,-36,-328,109
31,486,2142352,-207,-16273,-534,-36,-375,119
31,487,2142357,114,-16273,-874,-39,-401,132
31,488,2142362,342,-16127,-735,-58,-392,144
31,489,2142367,36,-16066,-990,-59,-401,147
31,490,2142372,64,-16123,-896,-59,-400,153
31,491,2142377,321,-16287,-1406,-64,-401,172
31,492,2142382,1135,-16479,-908,-71,-380,188
31,493,2142387,1266,-16493,-1005,-82,-366,199
31,494,2142392,1080,-16585,-1047,-85,-353,203
31,495,2142397,551,-16572,-1163,-90,-335,214
31,496,2142402,372,-16628,-1224,-99,-315,229
31,497,2142407,482,-16449,-1210,-107,-282,243
31,498,2142412,645,-16391,-815,-117,-240,252
31,499,2142417,844,-16296,-1132,-123,-215,261
31,500,2142422,1082,-16359,-914,-130,-181,272
31,501,2142427,1043,-16311,-714,-138,-165,281
31,502,2142432,686,-16302,-306,-146,-159,289
31,503,2142437,87,-16314,-685,-146,-169,299
31,504,2142442,-141,-16199,-1021,-153,-173,305
31,505,2142447,-106,-16212,-1287,-159,-170,318
31,506,2142452,60,-16223,-1089,-166,-170,324
31,507,2142457,278,-16206,-813,-174,-183,330
31,508,2142462,458,-16156,-853,-177,-189,334
31,509,2142467,486,-16353,-1170,-172,-181,342
31,510,2142472,219,-16544,-1355,-180,-170,341
31,511,2142477,85,-16623,-1204,-185,-167,345
31,512,2142482,271,-16574,-1065,-188,-175,352
31,513,2142487,649,-16542,-1146,-191,-169,357
31,514,2142492,774,-16408,-1154,-198,-141,359
31,515,2142497,653,-16550,-1039,-201,-132,365
31,516,2142502,487,-16674,-1127,-198,-146,370
31,517,2142507,502,-16694,-731,-209,-155,369
31,518,2142512,504,-16679,-568,-211,-170,374
31,519,2142517,371,-16552,-652,-211,-179,370
31,520,2142522,146,-16441,-968,-206,-196,369
31,521,2142527,39,-16422,-1311,-205,-212,372
31,522,2142532,80,-16348,-1412,-207,-221,371
31,523,2142537,227,-16400,-1131,-213,-223,367
31,524,2142542,227,-16400,-1110,-214,-220,363
31,525,2142547,457,-16500,-1173,-210,-211,359
31,526,2142552,422,-16680,-1318,-209,-195,357
31,527,2142557,440,-16728,-1334,-212,-182,350
31,528,2142562,511,-16657,-1037,-215,-170,347
31,529,2142567,313,-16556,-906,-216,-157,339
31,530,2142572,266,-16496,-873,-216,-144,331
31,531,2142577,67,-16432,-1202,-216,-134,326
31,532,2142582,229,-16383,-1223,-213,-122,321
31,533,2142587,372,-16256,-1268,-212,-115,312
31,534,2142592,369,-16243,-1025,-215,-104,303
31,535,2142597,296,-16239,-898,-217,-99,296
31,536,2142602,159,-16341,-895,-214,-98,287
31,537,2142607,-14,-16469,-912,-213,-102,281
31,538,2142612,2,-16456,-1006,-208,-108,271
31,539,2142617,163,-16442,-1089,-206,-104,264
31,540,2142622,435,-16417,-1244,-207,-91,255
31,541,2142627,419,-16324,-1165,-206,-73,242
31,542,2142632,73,-16341,-1355,-200,-74,229
31,543,2142637,-14,-16319,-1579,-197,-69,218
31,544,2142642,-15,-16408,-1595,-197,-48,210
31,545,2142647,319,-16497,-1316,-196,-18,202
31,546,2142652,536,-16577,-794,-200,9,191
31,547,2142657,431,-16643,-945,-192,11,179
31,548,2142662,199,-16580,-1069,-182,10,168
31,549,2142667,-295,-16466,-1554,-177,1,158
31,550,2142672,-186,-16295,-1474,-174,0,146
31,551,2142677,-62,-16166,-1324,-172,-8,137
31,552,2142682,130,-16137,-976,-169,-16,126
31,553,2142687,-46,-16274,-1094,-162,-24,109
31,554,2142692,-60,-16364,-1233,-150,-36,99
31,555,2142697,-127,-16407,-1554,-144,-35,91
31,556,2142702,122,-16446,-1372,-140,-25,77
31,557,2142707,6,-16486,-1308,-140,-10,65
31,558,2142712,-32,-16498,-1180,-134,-2,50
31,559,2142717,-62,-16510,-1267,-123,-1,36
31,560,2142722,63,-16423,-1306,-116,2,26
31,561,2142727,406,-16406,-1205,-111,10,11
31,562,2142732,470,-16199,-1058,-99,26,-14
31,563,2142737,123,-16063,-1246,-92,23,-34
31,564,2142742,-207,-16210,-1228,-82,21,-50
31,565,2142747,-174,-16325,-1427,-70,15,-60
31,566,2142752,95,-16395,-1476,-65,19,-73
31,567,2142757,146,-16555,-1337,-57,19,-90
31,568,2142762,86,-16694,-1318,-46,4,-108
31,569,2142767,329,-16676,-1165,-37,-6,-123
31,570,2142772,633,-16593,-935,-29,-10,-138
31,571,2142777,444,-16552,-952,-16,-9,-157
31,572,2142782,109,-16715,-1121,0,-20,-177
31,573,2142787,-82,-16842,-1518,11,-40,-196
31,574,2142792,533,-16789,-1207,17,-40,-206
31,575,2142797,1125,-16636,-609,23,-28,-221
31,576,2142802,1186,-16521,-232,34,-30,-244
31,577,2142807,809,-16453,-487,53,-67,-265
31,578,2142812,521,-16323,-999,73,-116,-279
31,579,2142817,528,-16130,-1205,82,-157,-292
31,580,2142822,774,-15946,-863,94,-192,-307
31,581,2142827,783,-15863,-417,107,-241,-328
31,582,2142832,269,-15983,-214,125,-314,-348
31,583,2142837,-185,-16137,-568,145,-387,-368
31,584,2142842,-203,-16220,-955,164,-435,-386
31,585,2142847,-17,-16289,-1106,174,-446,-408
31,586,2142852,87,-16479,-1017,182,-432,-433
31,587,2142857,187,-16635,-1041,195,-410,-461
31,588,2142862,372,-16709,-1320,208,-367,-490
31,589,2142867,661,-16659,-1608,217,-289,-516
31,590,2142872,1052,-16580,-1536,223,-181,-543
31,591,2142877,1406,-16715,-1202,227,-71,-567
31,592,2142882,1692,-16871,-856,229,21,-590
31,593,2142887,2036,-16902,-343,238,105,-611
31,594,2142892,2408,-17104,-28,250,174,-628
31,595,2142897,2525,-17447,66,262,225,-638
31,596,2142902,2473,-17460,292,268,248,-651
31,597,2142907,2262,-17166,553,276,233,-665
31,598,2142912,1786,-16804,544,291,188,-678
31,599,2142917,1333,-16524,150,310,123,-689
31,600,2142922,1357,-16470,-453,336,57,-700
31,601,2142927,1378,-16552,-969,354,-2,-711
31,602,2142932,1333,-16343,208,363,-26,-730
31,603,2142937,1688,-16682,-173,385,-71,-728
31,604,2142942,920,-16993,94,396,-91,-745
31,605,2142947,1578,-16586,-221,426,-85,-763
31,606,2142952,2085,-16871,2050,397,-61,-798
31,607,2142957,1040,-16348,-1219,425,-219,-812
31,608,2142962,1569,-16729,-3179,444,-198,-817
31,609,2142967,424,-16129,472,422,-23,-847
31,610,2142972,1689,-16340,-2722,448,-51,-843
31,611,2142977,1493,-16277,1540,439,136,-859
31,612,2142982,2138,-16853,-1208,468,20,-868
31,613,2142987,1825,-16774,390,471,64,-881
31,614,2142992,2119,-16905,-192,481,5,-881
31,615,2142997,2048,-16777,1050,485,10,-883
31,616,2143002,2638,-16783,-107,497,-42,-888
31,617,2143025,31938,-17518,-32768,-253,-11514,387
31,618,2143026,31938,-17518,-32768,-253,-11514,387
31,619,2143028,16419,-11757,-20636,-686,-5404,-438
31,620,2143029,16419,-11757,-20636,-686,-5404,-438
31,621,2143030,16419,-11757,-20636,-686,-5404,-438
31,622,2143032,16419,-11757,-20636,-686,-5404,-438
31,623,2143037,-10847,-11335,-17850,-547,-684,-777
31,624,2143042,-20613,-15117,-21874,-224,2461,-383
31,625,2143047,-15057,-19299,14402,-198,4651,-8
31,626,2143052,2195,-16694,1906,-209,2976,221
31,627,2143057,16682,-16591,-14264,-444,1505,-5
31,628,2143062,5809,-11956,-6521,-643,2168,-514
31,629,2143067,-11208,-13205,-10688,-418,3384,-450
31,630,2143072,-10663,-15567,-10300,-445,5295,-270
31,631,2143077,3162,-16705,-6243,-564,6696,-194
31,632,2143082,7127,-15619,16348,-621,6807,-353
31,633,2143087,-1690,-13117,32767,-514,4819,-474
31,634,2143092,-5854,-13372,25337,-338,1584,-293
31,635,2143097,1493,-15076,4285,-172,-490,-38
31,636,2143102,7673,-16199,71,-242,-405,-29
31,637,2143107,1004,-15818,7286,-278,-733,-64
31,638,2143112,-1519,-15901,3394,-195,-1756,21
31,639,2143117,2913,-16860,-7342,-85,-2311,125
31,640,2143122,6315,-17396,-14219,-105,-1779,104
31,641,2143127,2918,-17468,-11345,-176,-550,13
31,642,2143132,-2387,-17510,-2899,-203,426,-22
31,643,2143137,-1934,-18039,-1303,-200,628,12
31,644,2143142,2492,-18149,-4681,-193,671,19
31,645,2143147,3575,-17924,-3403,-198,1007,-23
31,646,2143152,154,-17279,1372,-218,1287,-63
31,647,2143157,-1628,-16857,3306,-212,1212,-44
31,648,2143162,811,-16721,945,-182,968,17
31,649,2143167,3712,-16693,-171,-174,834,47
31,650,2143172,3120,-16061,2003,-179,702,28
31,651,2143177,834,-15704,3233,-161,381,35
31,652,2143182,409,-15410,1037,-144,8,74
31,653,2143187,1899,-15731,-2188,-122,-152,128
31,654,2143192,2732,-15762,-2250,-119,-83,143
31,655,2143197,1583,-15765,-353,-110,-65,136
31,656,2143202,551,-15694,-950,-104,-181,136
31,657,2143207,862,-15796,-2599,-96,-210,154
31,658,2143212,1481,-16014,-3474,-97,-54,173
31,659,2143217,1532,-16215,-1683,-105,160,171
31,660,2143222,725,-16326,-440,-107,218,167
31,661,2143227,669,-16303,-535,-107,189,169
31,662,2143232,936,-16334,-1455,-95,195,184
31,663,2143237,1132,-16359,-823,-97,272,190
31,664,2143242,1217,-16332,-215,-98,277,199
31,665,2143247,1158,-16304,40,-95,212,205
31,666,2143252,1333,-16378,-358,-89,117,214
31,667,2143257,1493,-16489,-760,-80,62,228
31,668,2143262,1603,-16510,-544,-71,43,243
31,669,2143267,1620,-16573,-780,-62,7,254
31,670,2143272,1628,-16667,-1101,-61,-21,261
31,671,2143277,1538,-16677,-1334,-57,-29,268
31,672,2143282,1497,-16607,-1434,-52,-14,275
31,673,2143287,1512,-16505,-1382,-46,15,282
31,674,2143292,1657,-16402,-1407,-46,43,288
31,675,2143297,1569,-16408,-1305,-45,68,290
31,676,2143302,1408,-16359,-1129,-43,82,296
31,677,2143307,1276,-16247,-935,-41,88,299
31,678,2143312,1101,-16248,-869,-35,86,305
31,679,2143317,949,-16242,-845,-28,77,308
31,680,2143322,816,-16154,-777,-22,56,312
31,681,2143327,764,-16110,-835,-18,32,314
31,682,2143332,883,-16083,-1036,-11,14,317
31,683,2143337,1234,-16027,-1240,-4,11,321
31,684,2143342,1458,-16059,-1310,6,34,326
31,685,2143347,1476,-16189,-1205,11,60,326
31,686,2143352,1265,-16343,-1121,14,68,325
31,687,2143357,1222,-16440,-1152,16,65,327
31,688,2143362,1272,-16601,-984,20,79,330
31,689,2143367,1234,-16680,-871,28,89,333
31,690,2143372,1234,-16707,-733,31,86,330
31,691,2143377,1147,-16660,-848,41,69,334
31,692,2143382,1219,-16711,-917,49,49,336
31,693,2143387,1412,-16712,-1067,49,31,336
31,694,2143392,1526,-16722,-1048,49,32,337
31,695,2143397,1535,-16713,-910,56,35,333
31,696,2143402,1353,-16693,-953,58,30,333
31,697,2143407,1389,-16543,-955,65,23,328
31,698,2143412,1392,-16552,-1209,69,5,327
31,699,2143417,1112,-16496,-963,68,-3,325
31,700,2143422,1131,-16500,-1149,71,-15,322
31,701,2143427,1204,-16509,-1026,77,0,321
31,702,2143432,1283,-16545,-994,85,8,316
31,703,2143437,1166,-16637,-1023,90,5,308
31,704,2143442,1056,-16686,-933,94,-9,309
31,705,2143447,1107,-16634,-771,95,-21,301
31,706,2143452,1070,-16630,-903,100,-30,297
31,707,2143457,1001,-16556,-1017,106,-23,291
31,708,2143462,803,-16514,-1195,110,-12,283
31,709,2143467,964,-16486,-1329,112,-9,275
31,710,2143472,1124,-16313,-1210,117,3,258
31,711,2143477,1144,-16208,-1215,121,24,248
31,712,2143482,992,-16223,-1319,127,39,244
31,713,2143487,1078,-16283,-1218,126,48,238
31,714,2143492,1150,-16377,-998,122,50,227
31,715,2143497,1175,-16548,-755,126,61,218
31,716,2143502,1082,-16643,-981,133,61,211
31,717,2143507,991,-16686,-1009,136,66,205
31,718,2143512,934,-16666,-1198,138,66,191
31,719,2143517,992,-16653,-1113,137,70,185
31,720,2143522,1136,-16578,-1031,136,75,178
31,721,2143527,1224,-16559,-965,136,84,164
31,722,2143532,1180,-16545,-1104,141,94,156
31,723,2143537,970,-16527,-1047,144,97,149
31,724,2143542,799,-16469,-1122,145,97,137
31,725,2143547,860,-16369,-1100,147,105,127
31,726,2143552,983,-16308,-1009,149,109,118
31,727,2143557,971,-16287,-964,147,111,109
31,728,2143562,838,-16282,-873,151,107,97
31,729,2143567,885,-16326,-955,152,91,92
31,730,2143572,984,-16395,-1110,153,81,83
31,731,2143577,1174,-16441,-968,154,85,72
31,732,2143582,1101,-16607,-827,152,81,66
31,733,2143587,769,-16770,-542,150,68,56
31,734,2143592,670,-16767,-671,156,48,45
31,735,2143597,608,-16760,-771,156,38,38
31,736,2143602,520,-16714,-739,156,26,32
31,737,2143607,549,-16679,-738,154,3,22
31,738,2143612,555,-16621,-651,152,-24,13
31,739,2143617,687,-16507,-891,153,-38,6
31,740,2143622,732,-16372,-1079,157,-30,-9
31,741,2143627,686,-16241,-1201,157,-15,-18
31,742,2143632,668,-16175,-1205,155,4,-25
31,743,2143637,710,-16177,-1136,150,19,-36
31,744,2143642,728,-16178,-1062,148,43,-43
31,745,2143647,781,-16191,-970,150,73,-53
31,746,2143652,778,-16328,-1006,145,95,-59
31,747,2143657,764,-16431,-970,143,113,-65
31,748,2143662,810,-16384,-1016,142,123,-73
31,749,2143667,916,-16418,-960,138,141,-78
31,750,2143672,1049,-16492,-835,134,153,-83
31,751,2143677,950,-16527,-609,130,156,-87
31,752,2143682,767,-16530,-565,130,143,-92
31,753,2143687,752,-16493,-694,125,127,-96
31,754,2143692,613,-16469,-746,127,118,-93
31,755,2143697,634,-16447,-710,126,105,-98
31,756,2143702,503,-16452,-744,122,79,-103
31,757,2143707,511,-16440,-739,122,54,-107
31,758,2143712,501,-16369,-837,120,37,-111
31,759,2143717,484,-16406,-789,118,30,-109
31,760,2143722,574,-16453,-841,115,26,-113
31,761,2143727,572,-16530,-956,111,30,-119
31,762,2143732,606,-16494,-1090,108,39,-118
31,763,2143737,620,-16492,-944,107,59,-121
31,764,2143742,616,-16531,-767,98,77,-125
31,765,2143747,651,-16544,-733,91,90,-130
31,766,2143752,631,-16527,-840,88,110,-126
31,767,2143757,610,-16578,-915,84,132,-125
31,768,2143762,565,-16636,-812,79,143,-127
31,769,2143767,527,-16598,-529,70,141,-132
31,770,2143772,597,-16462,-495,66,132,-128
31,771,2143777,642,-16470,-538,64,131,-124
31,772,2143782,634,-16483,-728,59,123,-123
31,773,2143787,489,-16373,-694,56,111,-122
31,774,2143792,497,-16259,-746,51,88,-120
31,775,2143797,513,-16217,-849,47,67,-116
31,776,2143802,573,-16329,-727,44,62,-114
31,777,2143807,453,-16416,-724,40,52,-112
31,778,2143812,432,-16467,-600,40,41,-109
31,779,2143817,539,-16432,-716,34,30,-106
31,780,2143822,663,-16445,-760,29,28,-104
31,781,2143827,623,-16422,-802,27,27,-101
31,782,2143832,530,-16428,-741,22,26,-98
31,783,2143837,546,-16444,-788,11,17,-90
31,784,2143842,645,-16468,-689,6,24,-87
31,785,2143847,586,-16485,-695,3,27,-83
31,786,2143852,562,-16485,-737,-5,31,-80
31,787,2143857,507,-16546,-816,-7,31,-76
31,788,2143862,488,-16531,-674,-15,28,-73
31,789,2143867,568,-16489,-553,-20,19,-65
31,790,2143872,657,-16493,-489,-22,15,-62
31,791,2143877,647,-16471,-611,-26,3,-57
31,792,2143882,604,-16422,-643,-28,-12,-56
31,793,2143887,577,-16344,-576,-28,-31,-51
31,794,2143892,577,-16381,-551,-31,-44,-45
31,795,2143897,552,-16363,-487,-40,-49,-42
31,796,2143902,583,-16379,-601,-38,-52,-36
31,797,2143907,540,-16431,-776,-43,-50,-35
31,798,2143912,455,-16494,-816,-43,-44,-30
31,799,2143917,580,-16474,-846,-49,-41,-25
31,800,2143922,641,-16418,-915,-56,-27,-25
31,801,2143927,689,-16418,-616,-60,-9,-22
31,802,2143932,698,-16440,-672,-63,-9,-19
31,803,2143937,637,-16463,-673,-65,-4,-18
31,804,2143942,628,-16496,-730,-67,-5,-11
31,805,2143947,677,-16487,-681,-69,-6,-7
31,806,2143952,735,-16543,-536,-69,-6,-2
31,807,2143957,754,-16501,-545,-74,-7,1
31,808,2143962,736,-16460,-517,-72,-14,3
31,809,2143967,684,-16471,-562,-72,-24,7
31,810,2143972,706,-16489,-590,-73,-25,10
31,811,2143977,667,-16395,-639,-74,-28,10
31,812,2143982,632,-16337,-670,-77,-27,13
31,813,2143987,586,-16280,-731,-76,-24,15
31,814,2143992,684,-16253,-751,-78,-18,18
31,815,2143997,790,-16346,-747,-79,-4,21
31,816,2144002,799,-16409,-677,-83,8,20
31,817,2144007,688,-16463,-624,-82,13,19
31,818,2144012,704,-16516,-531,-84,16,21
31,819,2144017,718,-16541,-583,-83,17,23
31,820,2144022,723,-16542,-677,-79,14,25
31,821,2144027,839,-16552,-582,-81,11,25
31,822,2144032,884,-16500,-455,-82,4,28
31,823,2144037,802,-16503,-339,-82,-8,28
31,824,2144042,686,-16513,-389,-79,-19,26
31,825,2144047,697,-16512,-559,-77,-22,28
31,826,2144052,745,-16509,-665,-76,-21,34
31,827,2144057,756,-16458,-601,-74,-19,33
31,828,2144062,742,-16340,-592,-77,-22,28
31,829,2144067,679,-16320,-676,-75,-20,27
31,830,2144072,698,-16349,-762,-69,-11,28
31,831,2144077,834,-16362,-803,-67,4,29
31,832,2144082,875,-16408,-711,-71,11,26
31,833,2144087,745,-16473,-557,-71,10,23
31,834,2144092,616,-16525,-598,-65,5,23
31,835,2144097,724,-16505,-600,-64,10,24
31,836,2144102,842,-16507,-551,-61,10,24
31,837,2144107,920,-16525,-509,-61,8,22
31,838,2144112,882,-16506,-527,-57,-2,20
31,839,2144117,844,-16519,-547,-56,-12,19
31,840,2144122,860,-16502,-646,-53,-14,20
31,841,2144127,880,-16457,-604,-49,-12,20
31,842,2144132,949,-16482,-637,-48,-10,19
31,843,2144137,906,-16439,-626,-47,-10,16
31,844,2144142,836,-16341,-647,-46,-6,14
31,845,2144147,709,-16288,-732,-41,-3,13
31,846,2144152,717,-16282,-730,-38,6,11
31,847,2144157,768,-16296,-681,-41,17,10
31,848,2144162,811,-16306,-685,-40,25,6
31,849,2144167,799,-16398,-591,-35,32,5
31,850,2144172,786,-16473,-644,-32,30,2
31,851,2144177,833,-16532,-598,-28,29,0
31,852,2144182,898,-16552,-670,-27,28,-2
31,853,2144187,922,-16583,-700,-24,26,-2
31,854,2144192,864,-16615,-731,-21,27,-4
31,855,2144197,885,-16566,-752,-20,24,-7
31,856,2144202,894,-16526,-737,-17,25,-5
31,857,2144207,782,-16454,-634,-10,26,-10
31,858,2144212,823,-16524,-715,-7,25,-12
31,859,2144217,853,-16479,-697,-4,28,-11
31,860,2144222,807,-16378,-613,-4,28,-14
31,861,2144227,724,-16286,-555,1,29,-18
31,862,2144232,754,-16324,-665,6,29,-18
31,863,2144237,807,-16371,-760,6,35,-21
31,864,2144242,851,-16417,-800,6,45,-23
31,865,2144247,929,-16403,-710,7,48,-25
31,866,2144252,867,-16397,-618,8,47,-28
31,867,2144257,710,-16412,-614,12,47,-28
31,868,2144262,675,-16427,-648,16,46,-29
31,869,2144267,737,-16437,-636,19,41,-31
31,870,2144272,873,-16425,-625,22,33,-28
31,871,2144277,918,-16452,-552,24,25,-31
31,872,2144282,771,-16502,-532,27,14,-32
31,873,2144287,713,-16506,-607,28,3,-33
31,874,2144292,673,-16512,-731,27,-4,-34
31,875,2144297,722,-16532,-790,33,-2,-32
31,876,2144302,800,-16557,-777,36,2,-31
31,877,2144307,893,-16567,-592,36,5,-34
31,878,2144312,845,-16474,-536,35,11,-35
31,879,2144317,710,-16449,-626,37,13,-36
31,880,2144322,646,-16431,-770,41,23,-34
31,881,2144327,708,-16393,-824,40,36,-34
31,882,2144332,823,-16378,-724,39,47,-37
31,883,2144337,846,-16338,-658,42,48,-38
31,884,2144342,771,-16351,-583,44,47,-40
31,885,2144347,753,-16381,-725,45,50,-38
31,886,2144352,696,-16391,-747,46,49,-36
31,887,2144357,713,-16391,-678,47,47,-36
31,888,2144362,773,-16419,-630,47,45,-38
31,889,2144367,772,-16388,-591,49,44,-36
31,890,2144372,722,-16450,-642,47,46,-33
31,891,2144377,754,-16426,-729,50,49,-34
31,892,2144382,711,-16401,-728,52,49,-33
31,893,2144387,684,-16348,-688,52,45,-32
31,894,2144392,656,-16332,-709,51,46,-31
31,895,2144397,709,-16360,-728,54,51,-32
31,896,2144402,744,-16421,-749,57,54,-29
31,897,2144407,742,-16501,-689,54,58,-26
31,898,2144412,754,-16456,-684,53,58,-25
31,899,2144417,671,-16502,-732,55,62,-25
31,900,2144422,635,-16516,-771,56,65,-24
31,901,2144427,719,-16467,-796,55,70,-23
31,902,2144432,779,-16431,-726,54,71,-21
31,903,2144437,800,-16407,-611,55,69,-16
31,904,2144442,807,-16418,-567,55,67,-19
31,905,2144447,785,-16463,-529,55,64,-18
31,906,2144452,740,-16504,-575,54,57,-13
31,907,2144457,692,-16468,-574,55,50,-14
31,908,2144462,643,-16380,-627,53,41,-12
31,909,2144467,635,-16356,-685,56,34,-9
31,910,2144472,706,-16333,-734,53,33,-8
31,911,2144477,743,-16399,-675,53,36,-5
31,912,2144482,758,-16401,-678,50,34,-6
31,913,2144487,707,-16391,-706,52,29,-3
31,914,2144492,689,-16426,-699,51,29,0
31,915,2144497,726,-16480,-743,51,39,4
31,916,2144502,720,-16472,-710,48,43,3
31,917,2144507,683,-16470,-679,46,41,5
31,918,2144512,673,-16469,-667,45,40,4
31,919,2144517,706,-16441,-634,46,37,7
31,920,2144522,759,-16428,-599,43,36,11
31,921,2144527,787,-16413,-561,40,37,9
31,922,2144532,726,-16413,-681,43,29,12
31,923,2144537,753,-16472,-721,42,24,14
31,924,2144542,854,-16446,-636,39,25,16
31,925,2144547,884,-16456,-541,35,23,20
31,926,2144552,800,-16424,-522,36,16,24
31,927,2144557,709,-16413,-573,35,8,25
31,928,2144562,674,-16378,-673,36,2,26
31,929,2144567,676,-16390,-696,34,-5,26
31,930,2144572,673,-16384,-620,29,-16,30
31,931,2144577,877,-16496,-632,28,-19,31
31,932,2144582,860,-16548,-652,30,-17,32
31,933,2144587,812,-16583,-615,27,-17,33
31,934,2144592,766,-16578,-685,21,-17,31
31,935,2144597,717,-16591,-743,19,-13,35
31,936,2144602,817,-16566,-684,21,-5,37
31,937,2144607,863,-16520,-620,17,2,38
31,938,2144612,866,-16483,-636,17,-1,38
31,939,2144617,816,-16451,-623,16,-6,36
31,940,2144622,775,-16431,-630,14,-8,37
31,941,2144627,782,-16394,-603,13,-9,38
31,942,2144632,739,-16380,-548,10,-15,39
31,943,2144637,735,-16340,-533,11,-26,39
31,944,2144642,741,-16373,-670,9,-28,40
31,945,2144647,836,-16420,-652,6,-23,41
31,946,2144652,927,-16463,-586,3,-17,37
31,947,2144657,848,-16494,-557,3,-13,39
31,948,2144662,767,-16536,-560,5,-15,41
31,949,2144667,688,-16510,-685,2,-13,39
31,950,2144672,692,-16482,-683,-3,-6,40
31,951,2144677,795,-16476,-605,-3,-3,39
31,952,2144682,895,-16388,-530,-5,-1,36
31,953,2144687,859,-16353,-512,-5,-3,36
31,954,2144692,803,-16386,-606,-9,-6,36
31,955,2144697,765,-16398,-591,-8,-11,36
31,956,2144702,726,-16414,-509,-8,-11,36
31,957,2144707,710,-16440,-547,-10,-15,35
31,958,2144712,697,-16431,-569,-10,-18,30
31,959,2144717,765,-16460,-648,-10,-12,33
31,960,2144722,817,-16457,-716,-10,-12,32
31,961,2144727,727,-16397,-655,-14,-9,29
31,962,2144732,663,-16342,-635,-14,-11,26
31,963,2144737,605,-16381,-689,-15,-13,21
31,964,2144742,685,-16401,-642,-14,-10,22
31,965,2144747,813,-16432,-558,-15,-5,20
31,966,2144752,848,-16510,-568,-15,-2,16
31,967,2144757,775,-16557,-553,-15,-6,11
31,968,2144762,757,-16530,-610,-19,-8,12
31,969,2144767,828,-16552,-577,-17,-3,11
31,970,2144772,829,-16518,-528,-18,1,8
31,971,2144777,842,-16473,-516,-18,0,6
31,972,2144782,807,-16434,-626,-19,-2,3
31,973,2144787,757,-16437,-706,-18,-2,2
31,974,2144792,745,-16418,-630,-18,0,-1
31,975,2144797,751,-16411,-566,-19,-4,-2
31,976,2144802,850,-16405,-509,-21,-5,-5
31,977,2144807,806,-16412,-594,-19,-4,-8
31,978,2144812,783,-16455,-636,-18,-3,-12
31,979,2144817,794,-16463,-634,-22,-4,-12
31,980,2144822,821,-16441,-621,-19,-3,-13
31,981,2144827,871,-16498,-582,-17,3,-16
31,982,2144832,880,-16480,-584,-19,6,-20
31,983,2144837,818,-16479,-534,-19,8,-17
31,984,2144842,782,-16487,-556,-19,11,-20
31,985,2144847,783,-16515,-611,-20,10,-23
31,986,2144852,807,-16516,-602,-24,7,-25
31,987,2144857,812,-16466,-580,-18,4,-28
31,988,2144862,824,-16439,-582,-16,6,-30
31,989,2144867,818,-16447,-573,-17,9,-31
31,990,2144872,813,-16428,-572,-18,7,-32
31,991,2144877,804,-16395,-575,-18,8,-34
31,992,2144882,798,-16406,-560,-15,7,-35
31,993,2144887,794,-16409,-565,-19,6,-36
31,994,2144892,811,-16414,-612,-18,7,-40
31,995,2144897,771,-16390,-590,-18,5,-42
31,996,2144902,707,-16347,-584,-18,-3,-40
31,997,2144907,671,-16351,-592,-17,-11,-44
31,998,2144912,671,-16431,-580,-15,-19,-44
31,999,2144917,765,-16496,-573,-15,-16,-42
32,0,2521282,2515,-16033,-2721,-22,169,-28
32,1,2521287,2529,-15997,-2669,-20,159,-29
32,2,2521292,2508,-16007,-2695,-18,143,-26
32,3,2521297,2578,-16081,-2740,-17,129,-26
32,4,2521302,2551,-15979,-2714,-15,114,-21
32,5,2521307,2576,-16062,-2599,-13,95,-18
32,6,2521312,2576,-16019,-2701,-11,77,-16
32,7,2521317,2619,-16017,-2729,-9,60,-10
32,8,2521322,2572,-16022,-2628,-9,45,-8
32,9,2521327,2582,-16061,-2654,-5,22,-7
32,10,2521332,2540,-16005,-2649,-3,1,-6
32,11,2521337,2546,-16005,-2632,0,-19,0
32,12,2521342,2473,-16039,-2636,2,-38,1
32,13,2521347,2399,-16032,-2692,1,-54,1
32,14,2521352,2400,-16050,-2665,7,-73,5
32,15,2521357,2365,-16022,-2681,8,-83,5
32,16,2521362,2265,-16050,-2689,6,-94,7
32,17,2521367,2268,-16089,-2687,9,-104,7
32,18,2521372,2262,-16016,-2729,9,-109,5
32,19,2521377,2342,-16096,-2712,8,-113,6
32,20,2521382,2305,-16008,-2664,7,-113,6
32,21,2521387,2306,-16046,-2699,6,-116,4
32,22,2521392,2336,-16074,-2724,6,-117,6
32,23,2521397,2348,-16040,-2816,8,-112,6
32,24,2521402,2364,-16063,-2746,11,-109,7
32,25,2521407,2351,-16063,-2772,8,-107,6
32,26,2521412,2292,-16071,-2796,7,-99,10
32,27,2521417,2299,-16070,-2742,5,-92,10
32,28,2521422,2234,-16077,-2765,5,-83,6
32,29,2521427,2260,-16080,-2802,6,-77,5
32,30,2521432,2236,-16049,-2815,5,-69,6
32,31,2521437,2247,-16058,-2780,2,-64,3
32,32,2521442,2218,-16068,-2802,2,-58,0
32,33,2521447,2237,-16031,-2795,3,-55,0
32,34,2521452,2283,-16057,-2775,1,-49,0
32,35,2521457,2274,-16069,-2812,2,-44,-2
32,36,2521462,2272,-16041,-2790,2,-41,-1
32,37,2521467,2302,-16050,-2862,0,-40,1
32,38,2521472,2307,-16086,-2787,1,-36,0
32,39,2521477,2276,-16033,-2768,0,-35,-2
32,40,2521482,2271,-16052,-2720,1,-33,-2
32,41,2521487,2307,-16075,-2765,3,-35,0
32,42,2521492,2260,-16086,-2768,2,-33,-1
32,43,2521497,2276,-16060,-2718,2,-30,-2
32,44,2521502,2257,-16077,-2718,3,-34,-4
32,45,2521507,2284,-16055,-2751,2,-35,-2
32,46,2521512,2315,-16084,-2741,0,-39,1
32,47,2521517,2252,-15999,-2745,2,-40,0
32,48,2521522,2270,-16027,-2767,3,-40,1
32,49,2521527,2252,-16080,-2805,3,-43,1
32,50,2521532,2176,-16074,-2751,2,-43,1
32,51,2521537,2217,-16094,-2749,2,-47,-2
32,52,2521542,2162,-16091,-2835,3,-52,1
32,53,2521547,2218,-16077,-2841,4,-49,2
32,54,2521552,2239,-16049,-2814,4,-44,-2
32,55,2521557,2160,-16088,-2789,2,-48,-4
32,56,2521562,2251,-16084,-2857,3,-46,-3
32,57,2521567,2245,-16055,-2892,2,-42,-2
32,58,2521572,2259,-16083,-2862,3,-43,-2
32,59,2521577,2195,-16057,-2796,3,-40,-1
32,60,2521582,2233,-16092,-2946,6,-39,-5
32,61,2521587,2272,-16098,-2957,5,-36,-1
32,62,2521592,2170,-16069,-2840,3,-30,-1
32,63,2521597,2205,-16097,-2845,5,-32,-6
32,64,2521602,2267,-16061,-2957,9,-30,-4
32,65,2521607,2194,-16066,-2870,9,-24,-3
32,66,2521612,2194,-16075,-2765,7,-21,-6
32,67,2521617,2187,-16058,-2780,6,-21,-5
32,68,2521622,2230,-16088,-2856,6,-20,-5
32,69,2521627,2247,-16086,-2855,7,-16,-7
32,70,2521632,2191,-16064,-2771,7,-10,-9
32,71,2521637,2214,-16087,-2739,7,-10,-10
32,72,2521642,2159,-16082,-2717,6,-11,-12
32,73,2521647,2177,-16119,-2727,7,-10,-9
32,74,2521652,2180,-16045,-2707,5,-5,-9
32,75,2521657,2220,-16066,-2717,2,1,-13
32,76,2521662,2266,-15991,-2743,4,4,-14
32,77,2521667,2219,-16130,-2496,6,11,-10
32,78,2521672,2166,-16110,-2670,4,3,-10
32,79,2521677,2309,-16108,-2811,2,-2,-8
32,80,2521682,2247,-15943,-2559,0,7,-12
32,81,2521687,2246,-15996,-2711,0,6,-15
32,82,2521692,2358,-16031,-2790,1,18,-16
32,83,2521697,2251,-16066,-2616,0,26,-17
32,84,2521702,2226,-16182,-2505,0,15,-15
32,85,2521707,2269,-15970,-2824,0,3,-10
32,86,2521712,2352,-16016,-2664,-1,13,-8
32,87,2521717,2301,-16022,-2730,-3,17,-16
32,88,2521722,2257,-16108,-2742,0,17,-16
32,89,2521727,2182,-16105,-2622,-1,11,-15
32,90,2521732,2418,-16099,-2839,-4,7,-10
32,91,2521737,2351,-15966,-2801,-5,18,-9
32,92,2521742,2341,-16053,-2716,-6,14,-11
32,93,2521747,2315,-16013,-2794,0,14,-15
32,94,2521752,2349,-16162,-2764,1,11,-15
32,95,2521757,2300,-16087,-2705,-1,8,-13
32,96,2521762,2279,-16004,-2861,-3,2,-12
32,97,2521767,2390,-16103,-2636,-6,7,-13
32,98,2521772,2377,-15971,-2872,-4,7,-17
32,99,2521777,2262,-16061,-2768,2,0,-10
32,100,2521782,2389,-16052,-2929,0,3,-10
32,101,2521787,2419,-16081,-2651,-2,11,-11
32,102,2521792,2202,-15999,-2604,-1,6,-12
32,103,2521797,2349,-16128,-2789,-1,-4,-11
32,104,2521802,2352,-16068,-2802,-3,1,-11
32,105,2521807,2320,-16014,-2797,-4,2,-10
32,106,2521812,2303,-16034,-2654,-6,7,-11
32,107,2521817,2245,-15975,-2643,-3,4,-14
32,108,2521822,2303,-16115,-2767,-1,-5,-10
32,109,2521827,2286,-16089,-2808,-2,-7,-9
32,110,2521832,2251,-16047,-2570,-4,-5,-8
32,111,2521837,2243,-15977,-2844,-5,-15,-6
32,112,2521842,2420,-16061,-2805,-4,-7,-9
32,113,2521847,2331,-16016,-2796,0,1,-12
32,114,2521852,2304,-16157,-2806,-2,-1,-11
32,115,2521857,2312,-16081,-2785,-2,-1,-9
32,116,2521862,2393,-16043,-2940,-4,-2,-10
32,117,2521867,2433,-16000,-2866,-4,7,-11
32,118,2521872,2328,-15995,-2806,0,8,-12
32,119,2521877,2312,-16146,-2863,3,0,-11
32,120,2521882,2336,-16117,-2969,1,-3,-8
32,121,2521887,2339,-16084,-2946,0,1,-9
32,122,2521892,2267,-16032,-2847,1,2,-10
32,123,2521897,2230,-16030,-2904,1,0,-10
32,124,2521902,2298,-16118,-2942,5,-1,-11
32,125,2521907,2293,-16082,-2934,6,-4,-11
32,126,2521912,2221,-16046,-2891,3,-7,-9
32,127,2521917,2260,-16027,-2908,4,-11,-7
32,128,2521922,2294,-16040,-2941,8,-9,-8
32,129,2521927,2294,-16083,-2812,9,-5,-12
32,130,2521932,2210,-16113,-2787,9,-8,-12
32,131,2521937,2268,-16115,-2887,10,-12,-11
32,132,2521942,2300,-16034,-2953,9,-6,-8
32,133,2521947,2326,-16064,-2784,9,2,-12
32,134,2521952,2254,-16035,-2670,8,2,-15
32,135,2521957,2294,-16109,-2756,8,-1,-13
32,136,2521962,2311,-16078,-2788,9,0,-14
32,137,2521967,2318,-16047,-2733,7,5,-12
32,138,2521972,2309,-16037,-2619,7,7,-10
32,139,2521977,2399,-16016,-2704,8,6,-12
32,140,2521982,2322,-16057,-2652,8,5,-12
32,141,2521987,2349,-16038,-2599,9,1,-11
32,142,2521992,2339,-15988,-2679,8,3,-11
32,143,2521997,2456,-16056,-2658,5,6,-10
32,144,2522002,2375,-15993,-2661,2,12,-11
32,145,2522007,2452,-16045,-2636,5,10,-13
32,146,2522012,2323,-16003,-2614,4,8,-10
32,147,2522017,2408,-16042,-2667,2,5,-8
32,148,2522022,2433,-16051,-2707,3,8,-9
32,149,2522027,2441,-15981,-2687,1,12,-10
32,150,2522032,2470,-16010,-2625,1,9,-6
32,151,2522037,2354,-16020,-2702,1,3,-5
32,152,2522042,2396,-16080,-2744,5,2,-6
32,153,2522047,2442,-16037,-2721,3,8,-5
32,154,2522052,2389,-16014,-2627,0,9,-7
32,155,2522057,2372,-16053,-2617,-1,5,-7
32,156,2522062,2379,-16060,-2767,0,3,-7
32,157,2522067,2400,-16083,-2742,2,1,-3
32,158,2522072,2400,-16047,-2714,1,6,-4
32,159,2522077,2364,-16001,-2706,-1,2,-4
32,160,2522082,2402,-16019,-2776,1,-3,-5
32,161,2522087,2408,-16066,-2819,2,-6,-5
32,162,2522092,2366,-16058,-2738,2,-2,-4
32,163,2522097,2361,-16082,-2772,3,-2,-4
32,164,2522102,2389,-16063,-2750,2,-6,-1
32,165,2522107,2376,-16044,-2772,1,-6,-2
32,166,2522112,2349,-16024,-2803,-1,-6,-4
32,167,2522117,2350,-16035,-2757,0,-7,-4
32,168,2522122,2316,-16066,-2799,2,-11,-2
32,169,2522127,2285,-16090,-2766,2,-14,-3
32,170,2522132,2289,-16055,-2751,1,-14,-5
32,171,2522137,2280,-16006,-2768,2,-12,-2
32,172,2522142,2303,-16036,-2777,2,-15,-2
32,173,2522147,2320,-16067,-2745,2,-12,-5
32,174,2522152,2318,-16037,-2785,3,-11,-3
32,175,2522157,2310,-16045,-2773,2,-8,-5
32,176,2522162,2310,-16090,-2732,3,-10,-5
32,177,2522167,2284,-16066,-2744,0,-9,-7
32,178,2522172,2334,-16067,-2724,2,-5,-4
32,179,2522177,2298,-16045,-2780,0,-3,-5
32,180,2522182,2330,-16053,-2774,-2,-6,-4
32,181,2522187,2277,-16030,-2769,1,-6,-4
32,182,2522192,2307,-16069,-2799,1,-5,-3
32,183,2522197,2297,-16078,-2809,0,-2,-5
32,184,2522202,2301,-16055,-2768,3,-2,-6
32,185,2522207,2295,-16058,-2762,3,-6,-7
32,186,2522212,2308,-16010,-2786,3,-7,-7
32,187,2522217,2342,-16067,-2798,3,-6,-6
32,188,2522222,2346,-16088,-2765,3,-4,-8
32,189,2522227,2300,-16066,-2791,2,-6,-8
32,190,2522232,2339,-16072,-2804,4,-8,-5
32,191,2522237,2315,-16043,-2789,4,-7,-7
32,192,2522242,2293,-16064,-2785,4,-6,-7
32,193,2522247,2277,-16076,-2749,4,-4,-6
32,194,2522252,2305,-16043,-2772,3,-7,-8
32,195,2522257,2345,-16046,-2799,2,-6,-9
32,196,2522262,2286,-16043,-2728,2,-5,-8
32,197,2522267,2376,-16079,-2710,6,-7,-8
32,198,2522272,2362,-16019,-2734,6,-6,-6
32,199,2522277,2363,-16094,-2738,4,-2,-8
32,200,2522282,2334,-16031,-2680,2,0,-8
32,201,2522287,2347,-16063,-2691,3,-1,-10
32,202,2522292,2380,-16063,-2704,4,-1,-9
32,203,2522297,2345,-16006,-2684,0,0,-9
32,204,2522302,2379,-16065,-2611,2,-4,-7
32,205,2522307,2357,-16039,-2650,3,-4,-7
32,206,2522312,2389,-16058,-2639,-1,-6,-5
32,207,2522317,2404,-16082,-2641,-2,-9,-4
32,208,2522322,2350,-16050,-2662,-1,-8,-7
32,209,2522327,2431,-16077,-2692,0,-9,-5
32,210,2522332,2442,-16051,-2699,0,-6,-5
32,211,2522337,2424,-16024,-2744,-2,-9,-6
32,212,2522342,2415,-16040,-2753,2,-8,-6
32,213,2522347,2413,-16043,-2752,1,-4,-9
32,214,2522352,2455,-16056,-2750,-1,-6,-6
32,215,2522357,2432,-16021,-2773,-5,-7,-4
32,216,2522362,2378,-16027,-2788,-3,-7,-3
32,217,2522367,2401,-16042,-2838,-2,-8,-3
32,218,2522372,2393,-16058,-2844,-3,-5,-2
32,219,2522377,2374,-16090,-2809,-3,-7,-2
32,220,2522382,2300,-16094,-2837,-2,-10,-3
32,221,2522387,2352,-16090,-2937,2,-14,-1
32,222,2522392,2326,-16064,-2844,3,-9,-1
32,223,2522397,2315,-16045,-2828,3,-7,-4
32,224,2522402,2321,-16082,-2771,2,-11,-2
32,225,2522407,2321,-16024,-2789,2,-15,-1
32,226,2522412,2353,-16072,-2808,2,-13,-2
32,227,2522417,2322,-16032,-2782,1,-8,-3
32,228,2522422,2369,-16085,-2755,2,-9,0
32,229,2522427,2348,-16056,-2711,3,-8,-3
32,230,2522432,2273,-16021,-2708,3,-7,-5
32,231,2522437,2299,-16032,-2727,3,-8,-4
32,232,2522442,2331,-16041,-2722,3,-4,-3
32,233,2522447,2324,-16045,-2681,3,-1,-2
32,234,2522452,2302,-16032,-2684,-1,-7,-2
32,235,2522457,2302,-16035,-2708,0,-11,-2
32,236,2522462,2332,-16027,-2723,0,-7,-4
32,237,2522467,2333,-16058,-2753,2,-6,-3
32,238,2522472,2330,-16093,-2741,2,-5,-4
32,239,2522477,2312,-16016,-2714,0,-8,-7
32,240,2522482,2331,-16028,-2742,2,-6,-6
32,241,2522487,2358,-16049,-2792,2,-3,-4
32,242,2522492,2313,-16055,-2777,0,-3,-4
32,243,2522497,2303,-16018,-2790,-1,0,-6
32,244,2522502,2368,-16034,-2818,-2,3,-6
32,245,2522507,2321,-16070,-2821,0,2,-6
32,246,2522512,2294,-16046,-2838,0,3,-7
32,247,2522517,2350,-16066,-2818,3,6,-5
32,248,2522522,2386,-16051,-2863,4,7,-7
32,249,2522527,2373,-16062,-2865,4,7,-6
32,250,2522532,2387,-16009,-2824,3,8,-6
32,251,2522537,2369,-16055,-2847,4,8,-4
32,252,2522542,2354,-16070,-2781,4,7,-5
32,253,2522547,2345,-16034,-2773,3,6,-4
32,254,2522552,2358,-16042,-2762,3,8,-4
32,255,2522557,2311,-16064,-2760,6,7,-4
32,256,2522562,2363,-16054,-2730,4,4,-5
32,257,2522567,2356,-16031,-2683,2,3,-7
32,258,2522572,2356,-16023,-2671,4,4,-4
32,259,2522577,2331,-16039,-2635,4,3,-4
32,260,2522582,2323,-16028,-2628,2,4,-4
32,261,2522587,2353,-16018,-2629,4,3,-7
32,262,2522592,2374,-16017,-2586,3,0,-4
32,263,2522597,2358,-16033,-2612,0,-1,-4
32,264,2522602,2380,-16054,-2622,-1,-1,-5
32,265,2522607,2350,-16049,-2597,0,-3,-4
32,266,2522612,2391,-16051,-2589,0,-2,-6
32,267,2522617,2389,-16056,-2617,-2,-2,-5
32,268,2522622,2374,-16064,-2659,0,-3,-5
32,269,2522627,2383,-16040,-2661,0,-1,-5
32,270,2522632,2373,-16056,-2675,-1,-5,-3
32,271,2522637,2337,-16051,-2747,0,-4,-3
32,272,2522642,2337,-16048,-2755,-2,-6,-3
32,273,2522647,2329,-16073,-2769,-2,-8,-1
32,274,2522652,2316,-16036,-2795,-2,-10,-3
32,275,2522657,2293,-16046,-2842,0,-12,-2
32,276,2522662,2313,-16029,-2828,0,-12,-3
32,277,2522667,2307,-16070,-2877,-1,-10,0
32,278,2522672,2297,-16074,-2860,-1,-11,-3
32,279,2522677,2301,-16054,-2843,3,-15,-3
32,280,2522682,2322,-16073,-2850,0,-16,-4
32,281,2522687,2326,-16069,-2836,2,-20,-4
32,282,2522692,2291,-16063,-2839,3,-18,-2
32,283,2522697,2297,-16073,-2832,4,-18,-3
32,284,2522702,2337,-16058,-2803,3,-16,-3
32,285,2522707,2285,-16062,-2827,4,-18,-3
32,286,2522712,2310,-16064,-2789,4,-19,0
32,287,2522717,2324,-16053,-2768,4,-20,-2
32,288,2522722,2352,-16072,-2750,4,-18,-1
32,289,2522727,2312,-16062,-2732,4,-21,-1
32,290,2522732,2306,-16071,-2741,4,-21,-4
32,291,2522737,2346,-16041,-2713,3,-19,-6
32,292,2522742,2337,-16077,-2692,4,-17,-2
32,293,2522747,2308,-16058,-2729,2,-18,-4
32,294,2522752,2284,-16046,-2728,0,-19,-6
32,295,2522757,2376,-16017,-2694,3,-17,-6
32,296,2522762,2359,-16031,-2681,0,-16,-5
32,297,2522767,2326,-16059,-2712,4,-15,-4
32,298,2522772,2348,-16045,-2758,1,-14,-6
32,299,2522777,2359,-16071,-2745,-2,-15,-8
32,300,2522782,2351,-16049,-2759,-1,-10,-8
32,301,2522787,2372,-16056,-2759,-2,-7,-5
32,302,2522792,2372,-16024,-2764,-2,-3,-4
32,303,2522797,2377,-16019,-2754,-2,-4,-6
32,304,2522802,2366,-16048,-2757,-3,-2,-7
32,305,2522807,2353,-16034,-2793,0,-1,-4
32,306,2522812,2339,-16072,-2784,1,-4,-5
32,307,2522817,2331,-16060,-2762,-1,-5,-6
32,308,2522822,2371,-16045,-2769,-1,-3,-3
32,309,2522827,2313,-16015,-2751,0,1,-3
32,310,2522832,2364,-16062,-2747,0,0,-8
32,311,2522837,2354,-16049,-2786,-1,-1,-5
32,312,2522842,2406,-16032,-2748,0,0,-7
32,313,2522847,2336,-16015,-2659,1,1,-6
32,314,2522852,2387,-16100,-2743,1,-2,-5
32,315,2522857,2361,-16060,-2707,0,-2,-4
32,316,2522862,2369,-16017,-2732,0,-4,-3
32,317,2522867,2394,-15999,-2803,0,-5,-5
32,318,2522872,2286,-16033,-2783,-2,2,-7
32,319,2522877,2301,-16076,-2711,-3,3,-7
32,320,2522882,2301,-16079,-2569,0,4,-7
32,321,2522887,2316,-16075,-2697,2,-10,-1
32,322,2522892,2283,-15992,-2715,1,-9,-6
32,323,2522897,2316,-16058,-2744,0,-10,-5
32,324,2522902,2300,-16069,-2767,2,-15,-6
32,325,2522907,2284,-16058,-2756,3,-19,-6
32,326,2522912,2348,-16077,-2778,3,-22,-4
32,327,2522917,2300,-16046,-2817,0,-16,-6
32,328,2522922,2325,-16018,-2795,-1,-10,-8
32,329,2522927,2303,-16076,-2780,2,-12,-9
32,330,2522932,2230,-16068,-2783,2,-16,-5
32,331,2522937,2371,-16112,-2707,-2,-13,-6
32,332,2522942,2274,-16013,-2715,-4,-15,-9
32,333,2522947,2357,-16064,-2643,-3,-16,-10
32,334,2522952,2299,-15979,-2775,3,-15,-9
32,335,2522957,2296,-16085,-2648,1,-10,-10
32,336,2522962,2324,-16045,-2680,1,-10,-10
32,337,2522967,2419,-16056,-2616,0,-15,-7
32,338,2522972,2363,-15959,-2537,-3,-16,-6
32,339,2522977,2486,-16037,-2651,-3,-22,-7
32,340,2522982,2432,-15981,-2614,-3,-15,-8
32,341,2522987,2341,-16023,-2539,-4,-13,-9
32,342,2522992,2053,-15977,-2513,-9,-19,-9
32,343,2522997,2093,-16213,-2105,-9,-20,-12
32,344,2523002,1866,-15975,-2285,-3,-31,-13
32,345,2523007,2304,-16064,-2601,-6,-46,-8
32,346,2523012,2439,-16091,-2229,-11,-35,-3
32,347,2523017,2363,-15836,-2596,-9,-55,-6
32,348,2523022,2453,-16038,-2488,-12,-53,-11
32,349,2523027,2323,-15985,-2708,-8,-50,-12
32,350,2523032,2450,-16180,-2811,-11,-42,-11
32,351,2523037,2325,-16039,-2539,-18,-26,-9
32,352,2523042,2483,-15959,-2594,-18,-36,-3
32,353,2523047,2578,-15996,-2794,-17,-34,-5
32,354,2523052,2478,-15950,-2927,-18,-20,-11
32,355,2523057,2501,-16198,-2830,-19,-8,-10
32,356,2523062,2312,-16058,-3008,-17,-8,-11
32,357,2523067,2471,-16077,-3121,-19,-10,-4
32,358,2523072,2520,-16031,-3112,-17,-2,-6
32,359,2523077,2332,-15940,-3178,-17,10,-11
32,360,2523082,2319,-16151,-3159,-11,13,-12
32,361,2523087,2228,-16145,-3286,-7,17,-10
32,362,2523092,2294,-16154,-3344,-9,20,-6
32,363,2523097,2273,-16046,-3189,-11,24,-9
32,364,2523102,2170,-15939,-3249,-8,18,-10
32,365,2523107,2246,-16144,-3271,-1,20,-11
32,366,2523112,2173,-16137,-3415,3,22,-12
32,367,2523117,2191,-16210,-3363,4,19,-10
32,368,2523122,2209,-16092,-3264,3,18,-10
32,369,2523127,2269,-15994,-3323,7,17,-10
32,370,2523132,2299,-16075,-3201,8,21,-15
32,371,2523137,2211,-16090,-3158,10,22,-16
32,372,2523142,2267,-16174,-3147,14,14,-15
32,373,2523147,2348,-16121,-3140,15,14,-14
32,374,2523152,2418,-16022,-3047,15,23,-15
32,375,2523157,2417,-16022,-2834,16,26,-17
32,376,2523162,2354,-16035,-2780,19,18,-19
32,377,2523167,2433,-16133,-2845,19,13,-17
32,378,2523172,2236,-16082,-2752,18,17,-14
32,379,2523177,1608,-15938,-2543,20,13,-23
32,380,2523182,713,-16002,-2494,22,1,-37
32,381,2523187,-614,-16193,-1699,42,-25,-36
32,382,2523192,-680,-16781,-4392,47,-105,-48
32,383,2523197,-1759,-16437,-3887,12,46,-94
32,384,2523202,-1719,-16544,-4362,14,155,-108
32,385,2523207,-634,-17040,-5238,23,266,-117
32,386,2523212,607,-17000,-3810,1,381,-122
32,387,2523217,2158,-16305,-3387,-25,393,-116
32,388,2523222,2035,-15494,-119,-21,412,-114
32,389,2523227,3119,-15686,-3082,15,235,-111
32,390,2523232,3385,-15853,-2173,-36,347,-163
32,391,2523237,3671,-15611,218,-39,498,-157
32,392,2523242,3821,-15332,16,-3,473,-109
32,393,2523247,4774,-15246,-2537,-43,439,-120
32,394,2523252,11208,-15548,-6946,62,475,-58
32,395,2523257,13529,-17130,-7135,114,434,43
32,396,2523262,9239,-14452,-3675,47,151,31
32,397,2523267,6669,-14352,-644,34,-449,17
32,398,2523272,5062,-15859,-196,116,-881,60
32,399,2523277,3390,-16135,-1109,159,-910,127
32,400,2523282,2887,-15758,1143,131,-685,163
32,401,2523287,1723,-14847,2852,108,-577,163
32,402,2523292,1418,-15676,1734,114,-735,163
32,403,2523297,1446,-16710,-767,129,-960,154
32,404,2523302,960,-16583,-2104,119,-1099,164
32,405,2523307,673,-16231,-2402,118,-1166,195
32,406,2523312,1607,-15867,-3369,126,-1262,209
32,407,2523317,3089,-15960,-3334,137,-1341,206
32,408,2523322,3686,-15989,-3623,155,-1462,209
32,409,2523327,3501,-16131,-3814,168,-1603,212
32,410,2523332,2636,-16168,-2867,176,-1723,221
32,411,2523337,2078,-16303,-3419,188,-1838,237
32,412,2523342,2106,-16305,-4241,189,-1821,242
32,413,2523347,2831,-15989,-4548,191,-1726,252
32,414,2523352,3977,-15921,-4878,190,-1626,255
32,415,2523357,4101,-15875,-4734,191,-1533,239
32,416,2523362,3453,-16042,-5008,209,-1489,218
32,417,2523367,2775,-16453,-5973,209,-1443,210
32,418,2523372,3030,-16590,-7581,202,-1323,220
32,419,2523377,3757,-16531,-7210,180,-1096,220
32,420,2523382,3837,-16089,-4829,156,-850,215
32,421,2523387,3615,-15916,-3270,150,-723,209
32,422,2523392,3056,-15759,-3294,157,-685,195
32,423,2523397,2531,-16173,-3205,171,-601,184
32,424,2523402,1817,-16236,-4372,173,-483,174
32,425,2523407,1083,-16331,-3231,161,-324,178
32,426,2523412,838,-16437,-2065,160,-273,183
32,427,2523417,786,-16434,-3177,140,-329,176
32,428,2523422,244,-15626,-2284,91,-265,153
32,429,2523427,1632,-16188,-4698,124,-202,160
32,430,2523432,1664,-16259,-3248,122,-27,142
32,431,2523437,277,-15695,-2366,166,71,144
32,432,2523442,1445,-16701,-3330,101,74,128
32,433,2523447,2664,-16677,-4970,117,108,144
32,434,2523452,5850,-14994,-14106,-23,187,108
32,435,2523457,2242,-14914,4481,-135,1184,53
32,436,2523462,400,-16068,1319,61,959,96
32,437,2523467,1769,-17223,-4217,79,733,116
32,438,2523472,2351,-15896,-2096,52,919,104
32,439,2523477,3343,-16348,-8638,59,959,103
32,440,2523482,273,-16261,-3054,9,1413,69
32,441,2523487,-1241,-16707,-271,16,1372,71
32,442,2523492,-1094,-17009,-2145,39,1096,96
32,443,2523497,-525,-16528,-2679,50,1006,104
32,444,2523502,-20,-17258,-2519,80,972,108
32,445,2523507,-849,-17772,326,94,958,96
32,446,2523512,-1853,-17913,1064,112,757,96
32,447,2523517,-1586,-17924,-1242,129,468,112
32,448,2523522,-646,-18006,-2170,144,338,126
32,449,2523527,264,-18147,-1813,154,312,134
32,450,2523532,454,-18295,-552,158,304,134
32,451,2523537,75,-18541,135,154,234,128
32,452,2523542,-282,-18656,-846,157,139,127
32,453,2523547,-142,-18827,-1627,166,153,138
32,454,2523552,398,-18883,-1711,161,252,147
32,455,2523557,780,-18958,-1213,151,354,150
32,456,2523562,568,-18904,-592,143,391,145
32,457,2523567,268,-18856,-872,142,353,147
32,458,2523572,38,-18780,-1397,144,315,153
32,459,2523577,108,-18664,-1280,146,312,162
32,460,2523582,162,-18512,-766,141,315,169
32,461,2523587,104,-18336,-231,135,281,173
32,462,2523592,102,-18271,-455,138,219,178
32,463,2523597,435,-18273,-1066,138,201,185
32,464,2523602,670,-18419,-1384,132,252,191
32,465,2523607,592,-18604,-1283,122,329,185
32,466,2523612,-24,-18741,-1180,112,404,180
32,467,2523617,-402,-18775,-1057,101,454,180
32,468,2523622,613,-18866,-993,73,625,189
32,469,2523627,1367,-18820,-790,61,742,188
32,470,2523632,1616,-18771,-618,51,816,189
32,471,2523637,1562,-18663,-293,44,807,197
32,472,2523642,1331,-18323,126,29,725,207
32,473,2523647,1106,-18011,520,25,628,221
32,474,2523652,926,-17720,493,29,536,233
32,475,2523657,914,-17621,334,32,463,247
32,476,2523662,895,-17608,175,32,395,259
32,477,2523667,1165,-17656,-71,26,306,272
32,478,2523672,1580,-17571,-143,20,233,285
32,479,2523677,2021,-17569,-494,20,186,295
32,480,2523682,2309,-17419,-969,22,175,306
32,481,2523687,2241,-17268,-1241,21,183,318
32,482,2523692,2064,-17063,-1770,20,171,328
32,483,2523697,1946,-16923,-2048,16,159,338
32,484,2523702,2069,-16727,-2371,17,156,352
32,485,2523707,2016,-16333,-2785,25,184,363
32,486,2523712,1755,-16158,-3380,37,226,368
32,487,2523717,1314,-16269,-4037,51,270,375
32,488,2523722,916,-16336,-3923,44,338,382
32,489,2523727,1074,-16457,-4311,35,429,379
32,490,2523732,1495,-16850,-3993,40,590,390
32,491,2523737,1644,-16725,-2816,27,798,385
32,492,2523742,950,-16504,-1032,9,970,368
32,493,2523747,273,-16580,-159,14,1046,371
32,494,2523752,80,-16506,92,1,1093,375
32,495,2523757,139,-16311,114,-25,1155,372
32,496,2523762,-184,-15979,835,-31,1236,367
32,497,2523767,-578,-15686,357,-36,1239,361
32,498,2523772,-685,-15506,-239,-41,1205,361
32,499,2523777,-55,-15467,-1349,-40,1140,373
32,500,2523782,542,-15319,-2026,-43,1076,380
32,501,2523787,850,-15186,-1557,-47,1008,377
32,502,2523792,320,-15040,-1560,-42,900,375
32,503,2523797,-162,-15024,-2825,-23,797,374
32,504,2523802,131,-15227,-4378,-5,780,383
32,505,2523807,817,-15288,-4622,-8,871,397
32,506,2523812,398,-14859,-1729,-43,972,379
32,507,2523817,-930,-14535,-183,-50,941,356
32,508,2523822,-1575,-14744,-1915,-18,862,358
32,509,2523827,-868,-15058,-4372,2,915,378
32,510,2523832,276,-14958,-4888,-16,1106,374
32,511,2523837,291,-14832,-3231,-44,1291,349
32,512,2523842,-439,-14773,-2869,-55,1347,328
32,513,2523847,-868,-14733,-4253,-45,1405,318
32,514,2523852,-954,-14722,-5526,-45,1588,311
32,515,2523857,-1122,-14675,-5861,-63,1882,299
32,516,2523862,-1445,-14493,-4695,-92,2200,274
32,517,2523867,-1605,-14535,-4878,-100,2432,258
32,518,2523872,-1523,-14671,-6726,-98,2650,233
32,519,2523877,-1021,-15002,-8984,-91,2954,216
32,520,2523882,-395,-15781,-9082,-96,3349,214
32,521,2523887,-595,-15574,-6449,-151,3717,182
32,522,2523892,-1824,-15286,-3426,-188,3950,137
32,523,2523897,-2528,-15256,-4003,-156,4064,128
32,524,2523902,-1945,-15600,-6461,-128,4209,138
32,525,2523907,-932,-15439,-6029,-148,4449,127
32,526,2523912,-372,-15785,-4152,-172,4553,120
32,527,2523917,-480,-15702,-1389,-198,4545,105
32,528,2523922,-834,-15717,-336,-182,4421,106
32,529,2523927,-1082,-15751,-1447,-156,4299,105
32,530,2523932,-846,-15918,-3030,-152,4248,104
32,531,2523937,-379,-15882,-3561,-169,4230,105
32,532,2523942,10,-15846,-1973,-181,4189,113
32,533,2523947,158,-15828,-592,-176,4046,115
32,534,2523952,216,-15806,-42,-163,3863,112
32,535,2523957,245,-15866,-601,-153,3681,120
32,536,2523962,480,-16069,-1316,-153,3528,129
32,537,2523967,950,-16253,-1060,-158,3394,131
32,538,2523972,892,-16226,412,-164,3244,137
32,539,2523977,1201,-16274,702,-163,3019,147
32,540,2523982,1068,-16328,307,-152,2802,155
32,541,2523987,1404,-16482,-622,-145,2606,164
32,542,2523992,1691,-16846,-1498,-151,2428,175
32,543,2523997,1225,-16952,-2314,-152,2388,177
32,544,2524002,1776,-16858,-2445,-170,2397,163
32,545,2524007,1213,-16902,-3996,-166,2457,166
32,546,2524012,1513,-17056,-4816,-168,2585,151
32,547,2524017,381,-17122,-4876,-183,2748,139
32,548,2524022,526,-16961,-5064,-194,2927,124
32,549,2524027,521,-17557,-4810,-206,3171,124
32,550,2524032,1398,-17695,-4118,-244,3457,104
32,551,2524037,1057,-17221,-2523,-278,3781,64
32,552,2524042,439,-17030,-2621,-275,4009,38
32,553,2524047,-111,-17070,-3342,-271,4170,29
32,554,2524052,159,-16656,-2981,-296,4255,19
32,555,2524057,780,-16661,-749,-323,4273,15
32,556,2524062,1515,-16655,-429,-333,4216,10
32,557,2524067,1711,-17200,1194,-334,4138,8
32,558,2524072,1759,-16716,1041,-329,3980,8
32,559,2524077,2362,-17332,1089,-279,3799,36
32,560,2524082,2264,-17134,-272,-295,3600,28
32,561,2524087,2617,-17278,-582,-313,3457,23
32,562,2524092,2130,-16933,-525,-329,3280,25
32,563,2524097,1982,-17315,2475,-312,3116,54
32,564,2524102,3082,-17025,1755,-312,2837,57
32,565,2524107,3442,-16997,1949,-311,2634,54
32,566,2524112,3860,-16623,1770,-314,2417,47
32,567,2524117,3181,-16566,1223,-314,2169,55
32,568,2524122,2281,-16391,1915,-328,1896,62
32,569,2524127,2557,-16323,2250,-320,1579,80
32,570,2524132,3223,-16541,614,-299,1288,97
32,571,2524137,3235,-16721,907,-295,1124,105
32,572,2524142,2543,-16942,578,-271,915,115
32,573,2524147,1942,-17191,524,-268,699,116
32,574,2524152,1739,-17341,178,-271,513,121
32,575,2524157,2173,-17670,-1206,-260,403,124
32,576,2524162,2341,-17729,-1333,-258,419,122
32,577,2524167,2230,-17687,-1228,-263,447,113
32,578,2524172,2227,-17787,-1275,-272,451,103
32,579,2524177,2006,-17713,-1718,-276,448,96
32,580,2524182,1684,-17795,-2072,-275,470,87
32,581,2524187,2295,-17893,-2899,-276,512,75
32,582,2524192,2089,-18006,-2309,-276,582,75
32,583,2524197,2533,-18082,-2087,-279,597,64
32,584,2524202,1928,-17895,-1422,-274,583,55
32,585,2524207,1505,-17996,-2045,-253,518,53
32,586,2524212,1062,-18041,-2782,-230,493,53
32,587,2524217,1484,-18156,-3145,-226,502,47
32,588,2524222,1723,-18417,-2496,-228,529,40
32,589,2524227,1841,-18557,-2186,-236,537,26
32,590,2524232,1745,-18391,-2065,-246,539,2
32,591,2524237,1254,-18274,-2523,-246,546,-17
32,592,2524242,858,-18258,-2564,-238,573,-29
32,593,2524247,1074,-18313,-2645,-249,584,-38
32,594,2524252,1429,-18221,-2137,-260,589,-45
32,595,2524257,2064,-18222,-1200,-265,578,-59
32,596,2524262,1713,-18214,-777,-252,538,-67
32,597,2524267,1936,-18213,-1033,-254,443,-80
32,598,2524272,1642,-18111,-1213,-252,318,-84
32,599,2524277,1943,-18137,-1878,-247,166,-83
32,600,2524282,1971,-18015,-1986,-241,60,-85
32,601,2524287,2089,-17852,-2232,-234,-21,-91
32,602,2524292,1821,-17627,-2271,-234,-47,-97
32,603,2524297,1755,-17375,-2613,-235,-12,-105
32,604,2524302,1812,-17135,-3070,-231,81,-108
32,605,2524307,1895,-16959,-2933,-236,191,-118
32,606,2524312,1942,-16889,-2653,-236,255,-121
32,607,2524317,1994,-16990,-2533,-244,267,-128
32,608,2524322,1956,-17041,-2189,-243,254,-136
32,609,2524327,1818,-16920,-1845,-230,223,-138
32,610,2524332,1631,-16866,-2113,-226,189,-143
32,611,2524337,1389,-16901,-2151,-227,183,-147
32,612,2524342,1424,-16864,-2075,-230,182,-152
32,613,2524347,1622,-16890,-1915,-232,165,-153
32,614,2524352,1896,-16970,-1675,-232,133,-158
32,615,2524357,1948,-17069,-1792,-225,83,-163
32,616,2524362,1806,-17563,-2919,-210,-20,-171
32,617,2524367,1899,-17519,-3697,-220,-36,-178
32,618,2524372,1748,-17332,-3838,-226,34,-188
32,619,2524377,1630,-17146,-3967,-228,135,-201
32,620,2524382,1478,-16996,-4293,-230,257,-212
32,621,2524387,1578,-16999,-4250,-233,391,-219
32,622,2524392,1857,-17008,-3843,-242,506,-231
32,623,2524397,2123,-17218,-3070,-249,585,-241
32,624,2524402,2040,-17162,-1982,-252,611,-250
32,625,2524407,1775,-17087,-1258,-251,563,-260
32,626,2524412,1624,-16862,-1057,-248,467,-263
32,627,2524417,1778,-16818,-890,-245,346,-262
32,628,2524440,2203,-16795,-1663,-223,-163,-251
32,629,2524441,1858,-16842,-2177,-214,-269,-249
32,630,2524444,1858,-16842,-2177,-214,-269,-249
32,631,2524444,1858,-16842,-2177,-214,-269,-249
32,632,2524445,1858,-16842,-2177,-214,-269,-249
32,633,2524447,1756,-16754,-3061,-212,-319,-250
32,634,2524452,1857,-16763,-3759,-217,-283,-254
32,635,2524457,1916,-16747,-4405,-224,-198,-263
32,636,2524462,1817,-16741,-4563,-232,-87,-277
32,637,2524467,1614,-16628,-4556,-224,-1,-286
32,638,2524472,1633,-16509,-5314,-218,72,-295
32,639,2524477,1635,-16397,-5555,-226,204,-309
32,640,2524482,1645,-16244,-5293,-228,371,-326
32,641,2524487,1705,-16114,-5100,-231,535,-340
32,642,2524492,1714,-16061,-4429,-232,685,-351
32,643,2524497,1837,-15992,-4459,-225,770,-363
32,644,2524502,1797,-16056,-4209,-235,837,-379
32,645,2524507,1889,-16074,-2966,-225,887,-384
32,646,2524512,2205,-16166,-2398,-220,858,-384
32,647,2524517,2451,-16035,-1690,-220,817,-397
32,648,2524522,2590,-15764,-1072,-213,737,-401
32,649,2524527,2610,-15516,-991,-202,610,-397
32,650,2524532,2513,-15421,-447,-198,472,-393
32,651,2524537,2873,-15117,36,-180,285,-384
32,652,2524542,3421,-15211,-741,-207,99,-373
32,653,2524547,3721,-15137,113,-206,2,-369
32,654,2524552,3942,-14937,-75,-183,-157,-361
32,655,2524557,3939,-15143,-1041,-181,-330,-352
32,656,2524562,3777,-15130,-1900,-179,-462,-343
32,657,2524567,3552,-15320,-3287,-171,-542,-339
32,658,2524572,3315,-15363,-4522,-189,-502,-345
32,659,2524577,3072,-15376,-5081,-199,-338,-353
32,660,2524582,2907,-15382,-5273,-208,-116,-362
32,661,2524587,2839,-15335,-5144,-219,131,-376
32,662,2524592,2905,-15303,-4808,-228,368,-393
32,663,2524597,2938,-15279,-4434,-239,562,-410
32,664,2524602,2921,-15296,-3821,-239,715,-422
32,665,2524607,2896,-15087,-3307,-249,811,-434
32,666,2524612,2944,-15028,-2606,-252,850,-440
32,667,2524617,3139,-15033,-1971,-242,822,-441
32,668,2524622,3475,-15174,-1605,-235,733,-443
32,669,2524627,3613,-15227,-887,-230,614,-440
32,670,2524632,3702,-15119,-722,-218,459,-442
32,671,2524637,3642,-14966,-1330,-212,311,-440
32,672,2524642,3343,-14940,-1722,-204,199,-436
32,673,2524647,3181,-14948,-2301,-202,97,-435
32,674,2524652,3388,-14975,-3152,-202,16,-434
32,675,2524657,3622,-14977,-3578,-201,-7,-437
32,676,2524662,3578,-14958,-3880,-200,14,-446
32,677,2524667,3335,-15036,-4383,-196,74,-454
32,678,2524672,3239,-15098,-4666,-194,165,-463
32,679,2524677,3336,-15087,-4600,-201,282,-474
32,680,2524682,3501,-14938,-4215,-209,399,-487
32,681,2524687,3519,-14814,-3673,-209,495,-496
32,682,2524692,3608,-14740,-3559,-204,552,-509
32,683,2524697,3710,-14709,-3724,-197,583,-516
32,684,2524702,3702,-14697,-3816,-193,605,-521
32,685,2524707,3608,-14668,-3467,-196,623,-528
32,686,2524712,3625,-14608,-2984,-198,627,-532
32,687,2524717,3745,-14583,-2614,-192,621,-541
32,688,2524722,3942,-14519,-2503,-185,609,-545
32,689,2524727,4101,-14392,-2280,-181,560,-552
32,690,2524732,4224,-14295,-1993,-182,504,-555
32,691,2524737,4341,-14208,-1777,-180,429,-555
32,692,2524742,4593,-14107,-1933,-172,353,-555
32,693,2524747,4875,-14082,-2311,-169,280,-553
32,694,2524752,4972,-14050,-2772,-171,229,-552
32,695,2524757,4952,-14038,-2785,-172,199,-552
32,696,2524762,4987,-13900,-3004,-166,169,-549
32,697,2524767,5503,-13813,-3753,-168,162,-547
32,698,2524772,7007,-13773,-4266,-172,221,-562
32,699,2524777,5781,-13717,-2989,-178,315,-591
32,700,2524782,2947,-13860,-2750,-169,322,-592
32,701,2524787,3342,-13824,-4568,-160,317,-576
32,702,2524792,6093,-13664,-5123,-173,444,-572
32,703,2524797,6744,-13659,-2918,-198,600,-587
32,704,2524802,5822,-13821,-899,-196,579,-600
32,705,2524807,5777,-13845,-976,-176,412,-607
32,706,2524812,6288,-13670,-1689,-152,260,-610
32,707,2524817,6491,-13345,-2491,-150,177,-613
32,708,2524822,6616,-13219,-2074,-163,159,-615
32,709,2524827,6914,-13127,-933,-169,115,-617
32,710,2524832,7261,-13130,-1000,-159,5,-619
32,711,2524837,7891,-13318,-2071,-154,-90,-632
32,712,2524842,8121,-13654,-2508,-157,-114,-650
32,713,2524847,7429,-13855,-2278,-163,-104,-664
32,714,2524852,6550,-13886,-2055,-169,-96,-670
32,715,2524857,6721,-13799,-2442,-176,-81,-673
32,716,2524862,7439,-13814,-2622,-181,-20,-683
32,717,2524867,7420,-13810,-2201,-192,32,-699
32,718,2524872,7049,-13928,-1887,-203,8,-717
32,719,2524877,7014,-14075,-1734,-214,-74,-732
32,720,2524882,7077,-14061,-2090,-223,-159,-744
32,721,2524887,7165,-14019,-2742,-228,-203,-761
32,722,2524892,7047,-14101,-3212,-242,-196,-781
32,723,2524897,6895,-14126,-3515,-257,-182,-795
32,724,2524902,6938,-14011,-3789,-279,-179,-813
32,725,2524907,6949,-14021,-3688,-299,-171,-826
32,726,2524912,6896,-13923,-3682,-319,-180,-840
32,727,2524917,6876,-13811,-3984,-335,-191,-854
32,728,2524922,6814,-13679,-4233,-347,-204,-862
32,729,2524927,7062,-13693,-4791,-362,-225,-872
32,730,2524932,7237,-13786,-5219,-393,-229,-888
32,731,2524937,7104,-13668,-4523,-435,-205,-906
32,732,2524942,7439,-13722,-4543,-457,-206,-913
32,733,2524947,7547,-13591,-4637,-481,-209,-921
32,734,2524952,7448,-13524,-4497,-501,-231,-931
32,735,2524957,7585,-13440,-4775,-514,-293,-935
32,736,2524962,7778,-13373,-4988,-532,-364,-942
32,737,2524967,7620,-13236,-4923,-557,-423,-951
32,738,2524972,7539,-13023,-4940,-578,-470,-956
32,739,2524977,7534,-12771,-5168,-592,-488,-961
32,740,2524982,7388,-12508,-4869,-610,-487,-964
32,741,2524987,7519,-12319,-4883,-621,-504,-964
32,742,2524992,7832,-12149,-4821,-633,-527,-964
32,743,2524997,8211,-12119,-5246,-645,-578,-965
32,744,2525002,8058,-12039,-5458,-656,-635,-967
32,745,2525007,7876,-12053,-5660,-671,-681,-967
32,746,2525012,7849,-12174,-6072,-681,-675,-968
32,747,2525017,7834,-12173,-6587,-692,-603,-972
32,748,2525022,7721,-12209,-6747,-705,-494,-973
32,749,2525027,7612,-12214,-6586,-716,-391,-975
32,750,2525032,7577,-12124,-6465,-727,-316,-978
32,751,2525037,7634,-12035,-6492,-735,-257,-981
32,752,2525042,7649,-11979,-6506,-741,-207,-983
32,753,2525047,7616,-11892,-6223,-744,-171,-984
32,754,2525052,7755,-11842,-6003,-749,-165,-979
32,755,2525057,7953,-11822,-5739,-755,-174,-978
32,756,2525062,8160,-11824,-5614,-756,-187,-974
32,757,2525067,8331,-11777,-5441,-760,-207,-970
32,758,2525072,8396,-11723,-5183,-764,-243,-963
32,759,2525077,8572,-11598,-5153,-766,-299,-952
32,760,2525082,8590,-11418,-5026,-770,-361,-942
32,761,2525087,8385,-11231,-4965,-775,-425,-930
32,762,2525092,8295,-11139,-5296,-776,-484,-919
32,763,2525097,8493,-11071,-5963,-783,-511,-898
32,764,2525102,8667,-11023,-5989,-794,-492,-886
32,765,2525107,8739,-10951,-5983,-798,-466,-879
32,766,2525112,8687,-10830,-5991,-804,-445,-870
32,767,2525117,8691,-10668,-5984,-808,-426,-861
32,768,2525122,8777,-10487,-6288,-801,-409,-851
32,769,2525127,8937,-10327,-6334,-799,-386,-839
32,770,2525132,9089,-10176,-6192,-802,-371,-823
32,771,2525137,9258,-10087,-6142,-803,-374,-813
32,772,2525142,9364,-10063,-6075,-801,-396,-799
32,773,2525147,9352,-10109,-6078,-797,-431,-783
32,774,2525152,9165,-10315,-6293,-792,-471,-763
32,775,2525157,9161,-10540,-6541,-791,-496,-745
32,776,2525162,9251,-10691,-6720,-793,-506,-728
32,777,2525167,9091,-10720,-6799,-794,-511,-716
32,778,2525172,8895,-10764,-6919,-789,-508,-699
32,779,2525177,8791,-10754,-7025,-784,-497,-679
32,780,2525182,8902,-10853,-7365,-785,-479,-662
32,781,2525187,9013,-10741,-7129,-797,-432,-648
32,782,2525192,9175,-10454,-7001,-791,-409,-632
32,783,2525197,9148,-10452,-7133,-798,-399,-621
32,784,2525202,9164,-10147,-7289,-796,-386,-607
32,785,2525207,9124,-10120,-7547,-800,-352,-593
32,786,2525212,9006,-9927,-7311,-795,-307,-579
32,787,2525217,9025,-9761,-7420,-793,-282,-570
32,788,2525222,8985,-9632,-7256,-793,-266,-561
32,789,2525227,9168,-9460,-7166,-784,-277,-547
32,790,2525232,9305,-9222,-7425,-780,-285,-534
32,791,2525237,9292,-9142,-7603,-786,-270,-524
32,792,2525242,9101,-9116,-7359,-786,-250,-512
32,793,2525247,9143,-9113,-7411,-781,-252,-497
32,794,2525252,9238,-9055,-7510,-782,-247,-488
32,795,2525257,9184,-9014,-7326,-785,-225,-480
32,796,2525262,9158,-9122,-7688,-782,-221,-467
32,797,2525267,9014,-9130,-7129,-779,-211,-454
32,798,2525272,9547,-9154,-7732,-766,-243,-435
32,799,2525277,9976,-9044,-8220,-770,-229,-430
32,800,2525282,9832,-9071,-7468,-766,-196,-418
32,801,2525287,9621,-9150,-7719,-752,-219,-406
32,802,2525292,9438,-9157,-8366,-746,-231,-400
32,803,2525297,9437,-9090,-8659,-742,-209,-397
32,804,2525302,9495,-9032,-9352,-735,-153,-387
32,805,2525307,9472,-9071,-9667,-729,-55,-376
32,806,2525312,9572,-8829,-9595,-726,43,-372
32,807,2525317,9419,-8589,-9752,-731,135,-378
32,808,2525322,9310,-8561,-9606,-726,232,-376
32,809,2525327,9411,-8494,-9292,-709,321,-368
32,810,2525332,9776,-8554,-9382,-696,387,-367
32,811,2525337,9159,-8223,-6567,-677,455,-362
32,812,2525342,10151,-8972,-7743,-595,287,-322
32,813,2525347,10827,-8579,-9261,-606,186,-331
32,814,2525352,10356,-8427,-8849,-652,210,-354
32,815,2525357,10258,-8283,-9222,-653,235,-360
32,816,2525362,9871,-8151,-8346,-671,291,-359
32,817,2525367,9767,-8138,-8478,-680,274,-358
32,818,2525372,10559,-8129,-8579,-657,222,-351
32,819,2525377,10290,-7975,-7958,-635,167,-339
32,820,2525382,10022,-8258,-8894,-589,63,-314
32,821,2525387,10134,-8263,-9308,-568,-28,-307
32,822,2525392,10117,-8249,-9390,-554,-78,-296
32,823,2525397,9997,-8100,-9535,-531,-95,-290
32,824,2525402,10004,-8070,-9201,-500,-107,-278
32,825,2525407,10182,-7945,-9471,-495,-136,-278
32,826,2525412,10234,-7868,-9565,-499,-143,-280
32,827,2525417,10148,-7834,-9849,-509,-151,-284
32,828,2525422,10231,-7802,-9756,-514,-161,-283
32,829,2525427,10243,-7817,-9595,-515,-190,-281
32,830,2525432,9930,-7818,-9725,-507,-229,-276
32,831,2525437,9820,-7871,-10089,-489,-249,-265
32,832,2525442,10150,-7918,-10045,-472,-245,-253
32,833,2525447,10349,-7985,-9850,-451,-241,-244
32,834,2525452,10261,-7987,-9665,-435,-252,-235
32,835,2525457,10399,-7988,-9937,-427,-275,-226
32,836,2525462,10532,-7980,-10061,-419,-284,-220
32,837,2525467,10752,-7672,-10472,-410,-292,-209
32,838,2525472,10747,-7551,-9963,-408,-282,-203
32,839,2525477,10270,-7403,-10157,-400,-288,-201
32,840,2525482,10089,-7368,-10201,-388,-276,-196
32,841,2525487,10408,-7312,-10544,-380,-247,-191
32,842,2525492,10589,-7315,-10095,-375,-220,-185
32,843,2525497,10288,-7221,-9725,-371,-244,-182
32,844,2525502,10322,-7171,-10207,-369,-304,-173
32,845,2525507,10422,-7101,-9825,-366,-337,-163
32,846,2525512,10685,-7141,-10556,-355,-381,-148
32,847,2525517,10893,-7184,-9451,-346,-411,-143
32,848,2525522,10452,-7172,-9504,-335,-491,-135
32,849,2525527,10231,-7244,-10355,-321,-564,-124
32,850,2525532,10275,-7261,-10400,-306,-591,-114
32,851,2525537,10278,-7295,-10329,-290,-602,-107
32,852,2525542,10255,-7366,-10363,-281,-615,-100
32,853,2525547,10311,-7413,-10488,-276,-633,-93
32,854,2525552,10280,-7408,-10818,-276,-638,-85
32,855,2525557,10118,-7651,-10950,-285,-621,-77
32,856,2525562,9995,-7583,-10360,-280,-589,-74
32,857,2525567,10095,-7606,-10722,-275,-582,-67
32,858,2525572,10282,-7523,-10521,-276,-564,-63
32,859,2525577,10401,-7525,-10926,-269,-561,-59
32,860,2525582,10134,-7428,-10613,-262,-547,-55
32,861,2525587,9848,-7392,-10531,-248,-540,-49
32,862,2525592,9745,-7362,-10754,-239,-521,-42
32,863,2525597,9789,-7258,-10596,-235,-492,-36
32,864,2525602,9915,-7219,-10419,-236,-481,-30
32,865,2525607,10119,-7223,-10082,-238,-497,-27
32,866,2525612,10307,-7175,-10089,-239,-543,-23
32,867,2525617,10080,-7132,-10257,-235,-590,-17
32,868,2525622,9494,-7151,-10651,-226,-637,-11
32,869,2525627,9370,-7113,-11065,-213,-674,-5
32,870,2525632,9535,-7108,-11366,-195,-687,4
32,871,2525637,9699,-7308,-11602,-175,-673,8
32,872,2525642,9624,-7503,-11738,-165,-655,10
32,873,2525647,9374,-7538,-12187,-162,-631,13
32,874,2525652,9218,-7581,-12699,-174,-584,11
32,875,2525657,9434,-7585,-12509,-169,-512,9
32,876,2525662,9643,-7546,-12836,-162,-452,1
32,877,2525667,9285,-7502,-13132,-166,-397,-5
32,878,2525672,7830,-7169,-12906,-166,-368,-4
32,879,2525677,9134,-7417,-12175,-177,-321,-1
32,880,2525682,11092,-7595,-12277,-161,-198,-6
32,881,2525687,9745,-7460,-12179,-140,-151,-10
32,882,2525692,8923,-7365,-11604,-138,-234,-15
32,883,2525697,8772,-7223,-11842,-144,-341,-16
32,884,2525702,8904,-7119,-12176,-137,-365,-13
32,885,2525707,9377,-7015,-11448,-126,-296,-3
32,886,2525712,9808,-7126,-10656,-118,-280,3
32,887,2525717,9939,-7082,-10212,-109,-364,2
32,888,2525722,9771,-7078,-10558,-100,-487,1
32,889,2525727,9507,-7117,-11132,-88,-580,1
32,890,2525732,9275,-7166,-11194,-73,-638,2
32,891,2525737,9382,-7223,-10948,-58,-696,8
32,892,2525742,9326,-7249,-10999,-52,-762,13
32,893,2525747,9277,-7357,-11314,-40,-815,15
32,894,2525752,9254,-7330,-11650,-34,-826,20
32,895,2525757,9051,-7356,-11887,-27,-814,21
32,896,2525762,8887,-7371,-11994,-21,-795,19
32,897,2525767,8860,-7423,-12272,-18,-777,15
32,898,2525772,8824,-7376,-12557,-13,-747,11
32,899,2525777,8825,-7340,-12738,-6,-705,8
32,900,2525782,8743,-7317,-12854,2,-649,9
32,901,2525787,8480,-7261,-12796,6,-588,2
32,902,2525792,8438,-7184,-12744,9,-533,0
32,903,2525797,8620,-7119,-12818,10,-468,3
32,904,2525802,8671,-7201,-12793,9,-396,4
32,905,2525807,8712,-7182,-12510,12,-335,4
32,906,2525812,8649,-7205,-12414,14,-307,2
32,907,2525817,8554,-7228,-12413,17,-290,2
32,908,2525822,8457,-7251,-12493,20,-278,3
32,909,2525827,8435,-7219,-12458,24,-264,5
32,910,2525832,8317,-7183,-12432,32,-254,11
32,911,2525837,8462,-7085,-12228,43,-270,19
32,912,2525842,8448,-7012,-12175,48,-289,23
32,913,2525847,8556,-7039,-12175,50,-301,22
32,914,2525852,8532,-7051,-12228,57,-314,25
32,915,2525857,8368,-6989,-12452,61,-330,25
32,916,2525862,8203,-6919,-12498,63,-334,26
32,917,2525867,8312,-6979,-12725,68,-317,27
32,918,2525872,8357,-7034,-12758,68,-279,22
32,919,2525877,8357,-7070,-12575,74,-235,23
32,920,2525882,8168,-7071,-12616,73,-191,22
32,921,2525887,8094,-6993,-12561,66,-149,17
32,922,2525892,8325,-6987,-12330,59,-98,14
32,923,2525897,8453,-7099,-12112,57,-55,9
32,924,2525902,8447,-7083,-12211,59,-35,4
32,925,2525907,8280,-7012,-12106,56,-37,1
32,926,2525912,8233,-6968,-11994,58,-59,1
32,927,2525917,8157,-7034,-11991,61,-78,3
32,928,2525922,8162,-7016,-11846,66,-83,4
32,929,2525927,8434,-6996,-11567,72,-104,6
32,930,2525932,8218,-7003,-11845,77,-149,7
32,931,2525937,8502,-6994,-11693,80,-201,6
32,932,2525942,8265,-6842,-11707,80,-240,5
32,933,2525947,8108,-6793,-12221,83,-276,5
32,934,2525952,8275,-6857,-12204,89,-281,5
32,935,2525957,8251,-6882,-12341,92,-283,1
32,936,2525962,8146,-6898,-12492,93,-288,1
32,937,2525967,8077,-6869,-12720,93,-278,0
32,938,2525972,8123,-6911,-13035,93,-240,-4
32,939,2525977,8114,-6983,-13043,89,-181,-10
32,940,2525982,8006,-7140,-12941,82,-121,-14
32,941,2525987,7976,-7204,-13023,76,-71,-22
32,942,2525992,8111,-7291,-13134,72,-18,-29
32,943,2525997,8045,-7231,-12838,68,52,-35
32,944,2526002,8162,-7186,-12659,65,109,-43
32,945,2526007,8151,-7253,-12529,60,137,-49
32,946,2526012,8084,-7258,-12269,53,152,-55
32,947,2526017,8183,-7269,-12105,52,156,-57
32,948,2526022,8376,-7225,-11875,55,149,-57
32,949,2526027,8314,-7218,-11601,57,130,-55
32,950,2526032,8333,-7201,-11318,56,80,-54
32,951,2526037,8579,-7254,-11263,56,14,-51
32,952,2526042,8580,-7345,-11265,62,-54,-50
32,953,2526047,8555,-7442,-11242,63,-123,-47
32,954,2526052,8473,-7457,-11486,63,-182,-46
32,955,2526057,8288,-7438,-11774,68,-224,-40
32,956,2526062,8162,-7441,-11989,72,-241,-41
32,957,2526067,8222,-7482,-12245,68,-238,-43
32,958,2526072,8360,-7548,-12528,68,-220,-43
32,959,2526077,8378,-7585,-12562,65,-190,-44
32,960,2526082,8276,-7592,-12638,56,-164,-48
32,961,2526087,8263,-7619,-12745,47,-129,-52
32,962,2526092,8290,-7612,-12700,38,-85,-55
32,963,2526097,8187,-7589,-12606,31,-43,-60
32,964,2526102,8176,-7565,-12390,28,-13,-60
32,965,2526107,8338,-7589,-12212,26,2,-64
32,966,2526112,8389,-7666,-12064,27,2,-65
32,967,2526117,8264,-7710,-11990,29,-17,-61
32,968,2526122,8124,-7674,-11984,26,-53,-62
32,969,2526127,8107,-7612,-12130,30,-88,-59
32,970,2526132,8135,-7562,-12245,38,-101,-53
32,971,2526137,8199,-7569,-12204,44,-98,-51
32,972,2526142,8242,-7555,-12171,47,-89,-49
32,973,2526147,8295,-7593,-12299,50,-95,-48
32,974,2526152,8256,-7552,-12475,47,-103,-51
32,975,2526157,8240,-7519,-12697,43,-100,-50
32,976,2526162,8209,-7563,-12885,41,-83,-55
32,977,2526167,8155,-7584,-13034,36,-50,-56
32,978,2526172,8020,-7570,-12953,37,-7,-58
32,979,2526177,7959,-7545,-12907,34,36,-62
32,980,2526182,8077,-7547,-12765,33,73,-65
32,981,2526187,8140,-7580,-12675,33,108,-66
32,982,2526192,8013,-7658,-12645,28,130,-72
32,983,2526197,8012,-7712,-12728,29,137,-73
32,984,2526202,8144,-7670,-12886,35,166,-74
32,985,2526207,8040,-7655,-12831,39,193,-73
32,986,2526212,7995,-7644,-12758,43,212,-71
32,987,2526217,8053,-7596,-12630,41,231,-78
32,988,2526222,8167,-7630,-12478,40,250,-79
32,989,2526227,8297,-7650,-12405,33,263,-79
32,990,2526232,8266,-7610,-12276,28,259,-83
32,991,2526237,8201,-7549,-12194,30,246,-83
32,992,2526242,8212,-7452,-12364,35,225,-82
32,993,2526247,8250,-7471,-12599,40,220,-82
32,994,2526252,8292,-7536,-12767,49,224,-77
32,995,2526257,8229,-7560,-12832,53,231,-76
32,996,2526262,8167,-7565,-12869,55,240,-75
32,997,2526267,8214,-7601,-12880,56,256,-74
32,998,2526272,8163,-7633,-12813,54,296,-76
32,999,2526277,8114,-7574,-12732,52,349,-85
