event_id,seq,ts_ms,ax,ay,az,gx,gy,gz
8,0,933902,1948,-15936,-2686,9,-22,-28
8,1,933907,1989,-15971,-2750,11,-36,-26
8,2,933912,1975,-16071,-2867,12,-46,-27
8,3,933917,1980,-16161,-2847,14,-48,-28
8,4,933922,1916,-16246,-2858,7,-42,-34
8,5,933927,1931,-16268,-2875,6,-37,-32
8,6,933932,1937,-16254,-2994,5,-25,-33
8,7,933937,1927,-16332,-2949,6,-11,-35
8,8,933942,1900,-16364,-2841,7,-11,-32
8,9,933947,1907,-16351,-2843,6,-13,-32
8,10,933952,1955,-16344,-2882,7,-14,-34
8,11,933957,2040,-16321,-2858,8,-9,-36
8,12,933962,2013,-16320,-2797,5,-1,-36
8,13,933967,1990,-16342,-2760,5,-3,-36
8,14,933972,1985,-16312,-2735,5,-9,-35
8,15,933977,2005,-16286,-2732,6,-16,-34
8,16,933982,1998,-16345,-2692,6,-18,-34
8,17,933987,1984,-16334,-2665,7,-21,-33
8,18,933992,2021,-16236,-2665,5,-25,-34
8,19,933997,2065,-16249,-2709,3,-33,-34
8,20,934002,2051,-16316,-2685,8,-35,-33
8,21,934007,1982,-16357,-2549,7,-43,-31
8,22,934012,1859,-16452,-2505,4,-52,-34
8,23,934017,1826,-16477,-2567,4,-68,-36
8,24,934022,1915,-16433,-2648,4,-67,-37
8,25,934027,1964,-16415,-2658,5,-56,-36
8,26,934032,1953,-16363,-2588,6,-49,-35
8,27,934037,1909,-16342,-2563,4,-52,-33
8,28,934042,1932,-16287,-2643,1,-58,-36
8,29,934047,2041,-16190,-2683,2,-60,-38
8,30,934052,2129,-16104,-2719,3,-61,-40
8,31,934057,2149,-15978,-2766,0,-64,-38
8,32,934062,2156,-15934,-2823,3,-67,-37
8,33,934067,2200,-15905,-2857,3,-70,-37
8,34,934072,2134,-15901,-2755,3,-73,-35
8,35,934077,2062,-15957,-2724,6,-76,-34
8,36,934082,2091,-15978,-2804,6,-74,-35
8,37,934087,2171,-15975,-2836,2,-63,-34
8,38,934092,2168,-15930,-2796,3,-55,-34
8,39,934097,2123,-15934,-2706,4,-47,-33
8,40,934102,2062,-15965,-2601,4,-48,-32
8,41,934107,2051,-16072,-2574,4,-56,-32
8,42,934112,2065,-16128,-2558,6,-63,-33
8,43,934117,2082,-16102,-2543,3,-72,-32
8,44,934122,2090,-16071,-2546,4,-79,-31
8,45,934127,2086,-16061,-2566,5,-84,-30
8,46,934132,2060,-16076,-2579,7,-96,-29
8,47,934137,2029,-16114,-2602,7,-106,-29
8,48,934142,2088,-16125,-2597,7,-114,-31
8,49,934147,2077,-16068,-2708,9,-118,-29
8,50,934152,2068,-16026,-2817,9,-117,-30
8,51,934157,2087,-15967,-2814,9,-113,-27
8,52,934162,2092,-16025,-2801,9,-112,-28
8,53,934167,2012,-16048,-2776,12,-115,-29
8,54,934172,1897,-16106,-2783,13,-119,-29
8,55,934177,1813,-16123,-2888,13,-121,-27
8,56,934182,1839,-16085,-3015,16,-110,-31
8,57,934187,1931,-16078,-3079,13,-94,-32
8,58,934192,1985,-16050,-3092,12,-72,-34
8,59,934197,1923,-16004,-3045,13,-50,-40
8,60,934202,1917,-15981,-3002,13,-35,-39
8,61,934207,1900,-15965,-2938,15,-25,-38
8,62,934212,1921,-15933,-2798,19,-25,-39
8,63,934217,1901,-15899,-2732,22,-38,-37
8,64,934222,1831,-15935,-2754,21,-55,-37
8,65,934227,1864,-15907,-2883,21,-66,-40
8,66,934232,1949,-15844,-2997,26,-67,-38
8,67,934237,2066,-15797,-2992,28,-61,-38
8,68,934242,2058,-15849,-2955,29,-50,-39
8,69,934247,2050,-15921,-2929,31,-44,-40
8,70,934252,2055,-15948,-2941,34,-48,-38
8,71,934257,2057,-15909,-2929,35,-47,-38
8,72,934262,2136,-15856,-2870,38,-43,-38
8,73,934267,2136,-15898,-2792,39,-45,-37
8,74,934272,2110,-16008,-2682,40,-56,-36
8,75,934277,2055,-16020,-2644,44,-67,-34
8,76,934282,2089,-16029,-2692,48,-82,-35
8,77,934287,2051,-15957,-2800,51,-83,-33
8,78,934292,2036,-15917,-2756,50,-72,-34
8,79,934297,2013,-15887,-2725,51,-67,-36
8,80,934302,1959,-15907,-2734,53,-68,-36
8,81,934307,1912,-15912,-2799,54,-67,-36
8,82,934312,1872,-15904,-2841,58,-63,-35
8,83,934317,1842,-15886,-2896,59,-60,-37
8,84,934322,1878,-15929,-2881,60,-53,-37
8,85,934327,1923,-15934,-2975,64,-44,-37
8,86,934332,1956,-15932,-2969,62,-31,-39
8,87,934337,1929,-15912,-2917,67,-19,-41
8,88,934342,1965,-15918,-2907,69,-19,-44
8,89,934347,1943,-15902,-2950,71,-22,-45
8,90,934352,1972,-15913,-3017,76,-26,-43
8,91,934357,2002,-15902,-3096,77,-17,-42
8,92,934362,2061,-15886,-3078,75,-3,-45
8,93,934367,2068,-15905,-2983,78,8,-44
8,94,934372,1992,-15974,-2849,82,8,-46
8,95,934377,1925,-16021,-2735,82,-1,-48
8,96,934382,1877,-16038,-2707,84,-9,-50
8,97,934387,1954,-15975,-2830,88,-9,-49
8,98,934392,1952,-15970,-2946,91,-1,-50
8,99,934397,1955,-16005,-2893,92,4,-50
8,100,934402,1922,-15992,-2845,89,10,-53
8,101,934407,1911,-15954,-2783,93,14,-54
8,102,934412,1964,-15955,-2841,96,23,-55
8,103,934417,1958,-15986,-2952,95,35,-59
8,104,934422,1920,-16001,-2892,93,45,-60
8,105,934427,1961,-16000,-2762,94,50,-61
8,106,934432,1965,-15995,-2803,94,54,-62
8,107,934437,2041,-15999,-2871,97,54,-63
8,108,934442,2074,-15924,-2901,102,65,-65
8,109,934447,2081,-15863,-2933,99,77,-66
8,110,934452,2069,-15829,-2878,99,76,-69
8,111,934457,2139,-15804,-2802,99,71,-68
8,112,934462,2186,-15891,-2724,99,70,-67
8,113,934467,2206,-15821,-2692,103,69,-72
8,114,934472,2163,-15790,-2727,103,65,-68
8,115,934477,2115,-15888,-2591,104,61,-68
8,116,934482,2087,-16038,-2552,106,49,-68
8,117,934487,2088,-16035,-2479,106,39,-70
8,118,934492,2196,-16118,-2615,106,37,-69
8,119,934497,2230,-16177,-2641,106,48,-75
8,120,934502,2257,-16203,-2633,104,59,-76
8,121,934507,2186,-16118,-2528,102,66,-76
8,122,934512,2238,-16044,-2565,105,69,-78
8,123,934517,2322,-16009,-2637,105,77,-75
8,124,934522,2335,-16053,-2462,101,86,-74
8,125,934527,2279,-16057,-2331,100,84,-78
8,126,934532,2263,-16021,-2326,104,64,-80
8,127,934537,2347,-16018,-2430,103,51,-77
8,128,934542,2469,-15987,-2517,98,57,-74
8,129,934547,2473,-15929,-2477,98,65,-75
8,130,934552,2484,-15949,-2393,99,61,-74
8,131,934557,2414,-15973,-2387,98,52,-71
8,132,934562,2419,-16087,-2383,99,47,-68
8,133,934567,2407,-16125,-2414,96,52,-71
8,134,934572,2508,-16130,-2432,95,55,-73
8,135,934577,2563,-16127,-2447,96,58,-71
8,136,934582,2597,-16163,-2470,95,66,-73
8,137,934587,2559,-16189,-2357,90,67,-72
8,138,934592,2540,-16160,-2240,91,63,-71
8,139,934597,2558,-16144,-2253,89,64,-71
8,140,934602,2627,-16199,-2300,90,67,-67
8,141,934607,2579,-16182,-2236,90,64,-67
8,142,934612,2560,-16189,-2245,89,55,-64
8,143,934617,2635,-16170,-2271,88,49,-60
8,144,934622,2754,-16184,-2285,84,57,-61
8,145,934627,2730,-16194,-2244,83,62,-61
8,146,934632,2643,-16202,-2106,82,67,-60
8,147,934637,2586,-16203,-2001,80,60,-59
8,148,934642,2639,-16199,-2089,80,52,-55
8,149,934647,2635,-16186,-2099,76,55,-55
8,150,934652,2615,-16161,-2042,76,54,-56
8,151,934657,2638,-16306,-2054,75,45,-51
8,152,934662,2574,-16361,-2042,69,38,-53
8,153,934667,2574,-16386,-1996,68,31,-51
8,154,934672,2608,-16384,-2092,68,27,-46
8,155,934677,2680,-16368,-2169,66,31,-48
8,156,934682,2754,-16342,-2200,62,39,-47
8,157,934687,2689,-16244,-2028,63,35,-49
8,158,934692,2610,-16236,-2015,60,23,-46
8,159,934697,2617,-16255,-2180,60,8,-42
8,160,934702,2587,-16229,-2167,59,3,-43
8,161,934707,2606,-16161,-2126,58,5,-43
8,162,934712,2551,-16087,-2187,61,1,-40
8,163,934717,2616,-16157,-2303,57,1,-39
8,164,934722,2673,-16145,-2355,54,8,-38
8,165,934727,2714,-16141,-2255,53,22,-38
8,166,934732,2693,-16090,-2126,52,30,-37
8,167,934737,2702,-16032,-2048,50,31,-36
8,168,934742,2645,-16041,-2067,47,26,-37
8,169,934747,2631,-16055,-1975,45,11,-36
8,170,934752,2564,-16093,-1923,43,-2,-34
8,171,934757,2543,-16157,-1924,44,-14,-34
8,172,934762,2563,-16156,-2025,41,-16,-36
8,173,934767,2605,-16103,-2209,40,-10,-38
8,174,934772,2621,-16034,-2238,35,-7,-37
8,175,934777,2627,-15948,-2199,34,0,-35
8,176,934782,2691,-15895,-2172,34,7,-32
8,177,934787,2727,-15877,-2152,31,17,-32
8,178,934792,2741,-15849,-2051,31,17,-32
8,179,934797,2718,-15781,-1979,30,6,-29
8,180,934802,2704,-15768,-1972,29,-12,-25
8,181,934807,2821,-15759,-2016,27,-22,-24
8,182,934812,2858,-15750,-1959,27,-24,-24
8,183,934817,2750,-15820,-1847,27,-33,-24
8,184,934822,2661,-15851,-1873,26,-48,-23
8,185,934827,2724,-15853,-1966,22,-59,-20
8,186,934832,2787,-15849,-1984,19,-53,-19
8,187,934837,2747,-15872,-1959,17,-42,-18
8,188,934842,2664,-15871,-1966,14,-35,-19
8,189,934847,2641,-15855,-2049,16,-42,-18
8,190,934852,2669,-15802,-2122,13,-47,-16
8,191,934857,2708,-15675,-2170,11,-45,-19
8,192,934862,2687,-15596,-2214,7,-38,-18
8,193,934867,2677,-15538,-2227,8,-38,-15
8,194,934872,2641,-15480,-2177,7,-46,-13
8,195,934877,2577,-15531,-2130,8,-59,-15
8,196,934882,2644,-15587,-2206,11,-73,-12
8,197,934887,2713,-15565,-2203,11,-78,-10
8,198,934892,2618,-15646,-2113,11,-85,-11
8,199,934897,2443,-15697,-2071,9,-99,-8
8,200,934902,2466,-15711,-2155,9,-111,-7
8,201,934907,2604,-15809,-2205,11,-112,-6
8,202,934912,2618,-15876,-2139,8,-99,-6
8,203,934917,2516,-15963,-2075,7,-94,-9
8,204,934922,2454,-16035,-2047,5,-101,-9
8,205,934927,2497,-16138,-2081,7,-113,-7
8,206,934932,2530,-16327,-1982,6,-113,-6
8,207,934937,2438,-16495,-1861,4,-108,-11
8,208,934942,2407,-16572,-1899,-1,-102,-12
8,209,934947,2497,-16607,-2086,-2,-97,-14
8,210,934952,2543,-16609,-2178,-3,-89,-12
8,211,934957,2553,-16612,-2120,-6,-78,-13
8,212,934962,2527,-16592,-1996,-9,-70,-15
8,213,934967,2504,-16617,-2020,-9,-70,-15
8,214,934972,2498,-16595,-2113,-6,-73,-12
8,215,934977,2491,-16633,-2145,-4,-76,-11
8,216,934982,2553,-16739,-2071,-7,-80,-9
8,217,934987,2612,-16800,-2018,-6,-87,-10
8,218,934992,2629,-16836,-2026,-6,-87,-13
8,219,934997,2585,-16969,-2146,-6,-87,-13
8,220,935002,2608,-16956,-2180,-7,-89,-13
8,221,935007,2611,-16937,-2084,-10,-88,-12
8,222,935012,2598,-16918,-2111,-11,-86,-13
8,223,935017,2662,-16916,-2193,-11,-76,-15
8,224,935022,2656,-16904,-2198,-11,-62,-15
8,225,935027,2646,-16741,-2164,-14,-46,-13
8,226,935032,2787,-16708,-2218,-16,-32,-12
8,227,935037,2861,-16677,-2195,-16,-19,-14
8,228,935042,2789,-16688,-2053,-17,-12,-13
8,229,935047,2755,-16669,-1935,-19,-9,-13
8,230,935052,2703,-16607,-1968,-20,-19,-11
8,231,935057,2798,-16549,-1984,-17,-25,-11
8,232,935062,2849,-16521,-1939,-19,-24,-11
8,233,935067,2770,-16458,-1865,-21,-31,-10
8,234,935072,2786,-16421,-1937,-20,-39,-7
8,235,935077,2834,-16422,-2004,-20,-46,-8
8,236,935082,2898,-16467,-1990,-24,-40,-6
8,237,935087,2841,-16423,-1915,-28,-33,-10
8,238,935092,2814,-16347,-1883,-29,-34,-10
8,239,935097,2826,-16284,-1963,-29,-38,-10
8,240,935102,2802,-16188,-2013,-29,-38,-10
8,241,935107,2785,-16097,-1959,-35,-35,-11
8,242,935112,2820,-16107,-1893,-37,-39,-11
8,243,935117,2879,-16080,-1957,-37,-47,-9
8,244,935122,2883,-16015,-1961,-37,-52,-8
8,245,935127,2787,-15941,-1960,-37,-58,-9
8,246,935132,2746,-15859,-1993,-37,-68,-7
8,247,935137,2802,-15888,-2021,-39,-80,-4
8,248,935142,2786,-15910,-2037,-42,-91,-6
8,249,935147,2702,-15894,-2015,-41,-95,-7
8,250,935152,2638,-15902,-2092,-43,-95,-6
8,251,935157,2588,-15972,-2236,-44,-94,-7
8,252,935162,2629,-16088,-2296,-47,-86,-8
8,253,935167,2640,-16140,-2237,-47,-75,-11
8,254,935172,2641,-16096,-2181,-49,-68,-12
8,255,935177,2653,-16094,-2193,-48,-62,-15
8,256,935182,2652,-16083,-2227,-51,-58,-16
8,257,935187,2640,-16006,-2174,-52,-59,-17
8,258,935192,2649,-16003,-2055,-52,-68,-17
8,259,935197,2605,-16045,-2036,-53,-85,-16
8,260,935202,2573,-16084,-2083,-54,-102,-16
8,261,935207,2562,-15987,-2271,-54,-118,-20
8,262,935212,2672,-15942,-2398,-51,-123,-20
8,263,935217,2706,-15887,-2526,-53,-119,-19
8,264,935222,2690,-15934,-2536,-52,-113,-23
8,265,935227,2542,-15979,-2510,-55,-102,-25
8,266,935232,2486,-15999,-2512,-53,-93,-25
8,267,935237,2501,-16025,-2531,-53,-80,-26
8,268,935242,2542,-16077,-2413,-55,-59,-27
8,269,935247,2565,-16079,-2312,-56,-41,-32
8,270,935252,2531,-16085,-2138,-56,-45,-34
8,271,935257,2501,-16087,-2174,-54,-62,-34
8,272,935262,2523,-16146,-2192,-49,-78,-32
8,273,935267,2521,-16168,-2251,-52,-83,-34
8,274,935272,2554,-16109,-2309,-55,-91,-34
8,275,935277,2592,-16179,-2340,-52,-95,-37
8,276,935282,2590,-16188,-2384,-52,-93,-38
8,277,935287,2593,-16160,-2394,-54,-87,-38
8,278,935292,2502,-16168,-2366,-50,-84,-40
8,279,935297,2529,-16167,-2410,-48,-83,-43
8,280,935302,2623,-16089,-2462,-50,-77,-44
8,281,935307,2666,-16115,-2462,-50,-68,-46
8,282,935312,2577,-16169,-2388,-52,-64,-48
8,283,935317,2502,-16179,-2395,-49,-62,-48
8,284,935322,2523,-16124,-2523,-46,-56,-48
8,285,935327,2542,-16115,-2485,-48,-47,-51
8,286,935332,2501,-16089,-2430,-47,-41,-52
8,287,935337,2489,-16043,-2411,-44,-43,-52
8,288,935342,2482,-16052,-2500,-41,-49,-53
8,289,935347,2537,-16063,-2508,-41,-47,-54
8,290,935352,2559,-16124,-2551,-40,-38,-56
8,291,935357,2538,-16091,-2526,-42,-26,-59
8,292,935362,2527,-16064,-2487,-39,-20,-60
8,293,935367,2574,-16077,-2439,-39,-25,-58
8,294,935372,2543,-16073,-2417,-40,-29,-60
8,295,935377,2569,-16100,-2358,-37,-25,-63
8,296,935382,2647,-16045,-2359,-34,-20,-63
8,297,935387,2706,-16047,-2313,-33,-22,-62
8,298,935392,2715,-16045,-2275,-33,-24,-65
8,299,935397,2580,-16010,-2216,-28,-49,-62
8,300,935402,2585,-15999,-2331,-27,-52,-62
8,301,935407,2651,-15974,-2454,-28,-46,-62
8,302,935412,2692,-15941,-2476,-26,-37,-62
8,303,935417,2695,-15885,-2430,-28,-34,-64
8,304,935422,2703,-15850,-2500,-30,-29,-67
8,305,935427,2772,-15815,-2509,-26,-19,-65
8,306,935432,2804,-15804,-2452,-23,-8,-66
8,307,935437,2775,-15864,-2346,-24,-1,-66
8,308,935442,2736,-15878,-2267,-22,-4,-65
8,309,935447,2768,-15886,-2114,-20,-14,-64
8,310,935452,2740,-15904,-2100,-19,-26,-65
8,311,935457,2756,-15945,-2229,-17,-39,-64
8,312,935462,2843,-15956,-2262,-16,-43,-62
8,313,935467,2884,-15963,-2304,-17,-43,-62
8,314,935472,2912,-16013,-2304,-16,-39,-62
8,315,935477,2929,-15994,-2350,-16,-37,-65
8,316,935482,2901,-16022,-2314,-17,-29,-61
8,317,935487,2880,-15995,-2296,-17,-22,-60
8,318,935492,2930,-15937,-2280,-15,-22,-64
8,319,935497,2913,-15921,-2243,-14,-28,-60
8,320,935502,2948,-15908,-2245,-11,-41,-55
8,321,935507,3026,-15839,-2298,-10,-54,-55
8,322,935512,3042,-15768,-2319,-8,-60,-53
8,323,935517,3048,-15789,-2341,-8,-62,-51
8,324,935522,2944,-15899,-2378,-5,-62,-48
8,325,935527,2872,-15984,-2364,-8,-62,-51
8,326,935532,2903,-16043,-2354,-8,-59,-51
8,327,935537,2976,-16064,-2357,-6,-49,-51
8,328,935542,3016,-16150,-2350,-3,-34,-50
8,329,935547,2976,-16117,-2288,-5,-27,-49
8,330,935552,2976,-16106,-2202,-6,-35,-50
8,331,935557,2977,-16082,-2100,-4,-47,-46
8,332,935562,2914,-16073,-2119,-4,-58,-45
8,333,935567,2902,-16058,-2240,-3,-68,-44
8,334,935572,2939,-15995,-2265,-2,-78,-44
8,335,935577,2951,-15927,-2373,0,-88,-39
8,336,935582,3008,-15825,-2489,0,-93,-40
8,337,935587,3024,-15796,-2489,0,-88,-41
8,338,935592,3011,-15791,-2558,3,-81,-39
8,339,935597,2950,-15847,-2513,3,-76,-39
8,340,935602,2903,-15819,-2447,4,-77,-35
8,341,935607,2936,-15794,-2457,4,-77,-34
8,342,935612,2976,-15799,-2527,5,-77,-34
8,343,935617,2914,-15805,-2485,7,-79,-33
8,344,935622,2828,-15907,-2343,8,-86,-33
8,345,935627,2794,-16014,-2338,10,-102,-31
8,346,935632,2805,-16084,-2418,12,-114,-31
8,347,935637,2813,-16093,-2478,9,-113,-32
8,348,935642,2757,-16098,-2559,10,-103,-35
8,349,935647,2763,-16112,-2610,11,-91,-35
8,350,935652,2800,-16089,-2571,11,-84,-33
8,351,935657,2881,-16091,-2518,10,-77,-35
8,352,935662,2854,-16103,-2475,13,-72,-34
8,353,935667,2779,-16101,-2475,12,-71,-33
8,354,935672,2762,-16097,-2515,13,-73,-34
8,355,935677,2833,-16072,-2506,14,-77,-31
8,356,935682,2932,-16034,-2537,14,-82,-31
8,357,935687,2975,-16057,-2562,16,-86,-32
8,358,935692,2975,-16015,-2608,15,-88,-34
8,359,935697,2958,-15971,-2649,21,-88,-29
8,360,935702,2908,-15931,-2636,21,-92,-31
8,361,935707,2872,-15964,-2569,19,-92,-31
8,362,935712,2784,-16015,-2617,19,-93,-27
8,363,935717,2766,-16067,-2680,22,-87,-27
8,364,935722,2824,-16017,-2670,19,-77,-30
8,365,935727,2822,-16047,-2731,22,-70,-30
8,366,935732,2749,-16115,-2719,24,-58,-29
8,367,935737,2665,-16124,-2734,23,-52,-32
8,368,935742,2657,-16130,-2755,21,-46,-31
8,369,935747,2671,-16062,-2744,21,-28,-32
8,370,935752,2727,-16012,-2718,22,-11,-33
8,371,935757,2750,-16039,-2695,25,3,-34
8,372,935762,2787,-16007,-2540,20,5,-31
8,373,935767,2882,-15962,-2519,26,0,-32
8,374,935772,2936,-15901,-2521,24,0,-32
8,375,935777,2916,-15919,-2466,25,-7,-30
8,376,935782,2841,-15922,-2442,29,-25,-30
8,377,935787,2825,-15964,-2428,25,-46,-26
8,378,935792,2898,-15950,-2476,28,-59,-26
8,379,935797,2923,-15899,-2558,28,-59,-25
8,380,935802,2914,-15908,-2573,29,-58,-22
8,381,935807,2804,-15935,-2490,28,-62,-22
8,382,935812,2770,-15990,-2480,28,-66,-21
8,383,935817,2701,-15990,-2541,26,-70,-21
8,384,935822,2731,-15967,-2609,24,-65,-21
8,385,935827,2735,-16005,-2699,25,-47,-21
8,386,935832,2677,-16044,-2668,21,-31,-24
8,387,935837,2695,-16058,-2699,23,-19,-23
8,388,935842,2723,-16061,-2708,20,-9,-23
8,389,935847,2799,-16087,-2669,22,10,-20
8,390,935852,2770,-16100,-2657,22,28,-21
8,391,935857,2699,-16094,-2447,21,38,-25
8,392,935862,2698,-16096,-2345,19,36,-24
8,393,935867,2772,-16063,-2352,19,22,-19
8,394,935872,2916,-16040,-2290,19,9,-16
8,395,935877,2975,-16033,-2237,20,-5,-18
8,396,935882,2930,-16016,-2266,23,-22,-16
8,397,935887,2943,-15917,-2317,23,-43,-13
8,398,935892,2912,-16008,-2387,22,-67,-10
8,399,935897,2900,-16047,-2416,21,-77,-7
8,400,935902,2928,-16036,-2473,23,-76,-8
8,401,935907,2918,-15974,-2627,23,-72,-8
8,402,935912,2858,-16011,-2739,22,-59,-4
8,403,935917,2787,-16033,-2741,20,-46,-6
8,404,935922,2808,-16108,-2665,17,-30,-5
8,405,935927,2814,-16127,-2603,17,-14,-7
8,406,935932,2763,-16112,-2619,19,4,-6
8,407,935937,2734,-16130,-2650,17,27,-5
8,408,935942,2721,-16153,-2560,14,40,-6
8,409,935947,2718,-16154,-2402,9,42,-5
8,410,935952,2777,-16190,-2291,9,37,-2
8,411,935957,2807,-16154,-2305,9,37,-3
8,412,935962,2768,-16127,-2298,10,34,-3
8,413,935967,2813,-16068,-2307,10,25,-1
8,414,935972,2921,-16044,-2295,8,17,2
8,415,935977,2949,-16023,-2297,6,6,4
8,416,935982,2989,-15980,-2281,2,-2,3
8,417,935987,2945,-16020,-2343,4,-13,5
8,418,935992,2934,-16032,-2383,5,-20,9
8,419,935997,2889,-15973,-2458,4,-28,9
8,420,936002,2906,-15951,-2458,3,-29,11
8,421,936007,2923,-15940,-2528,2,-21,10
8,422,936012,2945,-15979,-2522,1,-19,10
8,423,936017,2887,-15950,-2486,1,-14,10
8,424,936022,2832,-15930,-2437,-2,-9,12
8,425,936027,2825,-15922,-2417,-3,-8,13
8,426,936032,2851,-15967,-2400,-3,-6,14
8,427,936037,2749,-16003,-2473,-5,-7,12
8,428,936042,2694,-15998,-2438,-3,-10,13
8,429,936047,2690,-15993,-2510,-3,-15,15
8,430,936052,2800,-15935,-2574,-5,-13,15
8,431,936057,2801,-15922,-2587,-8,-1,12
8,432,936062,2731,-15946,-2526,-10,4,11
8,433,936067,2731,-15932,-2468,-11,5,13
8,434,936072,2712,-15930,-2531,-10,7,14
8,435,936077,2787,-15930,-2499,-13,7,16
8,436,936082,2849,-15905,-2406,-13,3,18
8,437,936087,2848,-15881,-2314,-13,-7,17
8,438,936092,2812,-15895,-2322,-14,-24,16
8,439,936097,2797,-15919,-2416,-14,-44,19
8,440,936102,2807,-15916,-2522,-12,-57,25
8,441,936107,2784,-15917,-2488,-16,-58,28
8,442,936112,2729,-15952,-2490,-15,-63,32
8,443,936117,2749,-16006,-2540,-21,-63,33
8,444,936122,2980,-15958,-2408,-28,-55,38
8,445,936127,3064,-15940,-2149,-30,-44,39
8,446,936132,2695,-15837,-2260,-30,-65,46
8,447,936137,2559,-15817,-2401,-30,-84,50
8,448,936142,2505,-15862,-2514,-32,-93,54
8,449,936147,2522,-15861,-2485,-40,-90,56
8,450,936152,2525,-15785,-2559,-43,-80,58
8,451,936157,2448,-15737,-2761,-39,-65,61
8,452,936162,2240,-15702,-2866,-46,-52,67
8,453,936167,2049,-15738,-2781,-52,-52,71
8,454,936172,2016,-15860,-2704,-53,-52,82
8,455,936177,2146,-15983,-2636,-58,-43,88
8,456,936182,2247,-16120,-2524,-64,-35,93
8,457,936187,2204,-16323,-2411,-70,-31,104
8,458,936192,2265,-16499,-2061,-81,-43,110
8,459,936197,2522,-16614,-1754,-92,-60,119
8,460,936202,2840,-16642,-1594,-103,-66,135
8,461,936207,3173,-16669,-1362,-111,-65,146
8,462,936212,3042,-16641,-1518,-115,-89,157
8,463,936217,2958,-16479,-1464,-122,-155,173
8,464,936222,2832,-16206,-1294,-134,-253,194
8,465,936227,2718,-16158,-1609,-135,-349,217
8,466,936232,2829,-16150,-2210,-141,-397,239
8,467,936237,2991,-16137,-2869,-149,-408,259
8,468,936242,2948,-15855,-2690,-158,-403,277
8,469,936247,2495,-15804,-2589,-167,-427,293
8,470,936252,2298,-15806,-3182,-173,-466,314
8,471,936257,2269,-15840,-3407,-184,-468,337
8,472,936262,2197,-15731,-3170,-196,-440,356
8,473,936267,2106,-15705,-3037,-207,-430,375
8,474,936272,1918,-15680,-3126,-218,-440,396
8,475,936277,2012,-15661,-3385,-226,-458,418
8,476,936282,1989,-15583,-3516,-237,-449,436
8,477,936287,1830,-15507,-3461,-248,-422,453
8,478,936292,1520,-15454,-3405,-255,-401,474
8,479,936297,1368,-15563,-3777,-265,-394,493
8,480,936302,1407,-15430,-3728,-278,-376,511
8,481,936307,1399,-15200,-3344,-296,-358,528
8,482,936312,1214,-15382,-3538,-298,-363,545
8,483,936317,1045,-15465,-3552,-302,-381,568
8,484,936322,980,-15374,-3204,-315,-415,586
8,485,936327,920,-15495,-3480,-326,-462,607
8,486,936332,914,-15661,-3728,-332,-481,627
8,487,936337,752,-15645,-3625,-340,-481,648
8,488,936342,536,-15671,-3787,-349,-483,663
8,489,936347,630,-15569,-3505,-359,-476,683
8,490,936352,483,-15528,-3559,-374,-447,704
8,491,936357,827,-16026,-4850,-378,-408,723
8,492,936362,888,-15734,-4451,-395,-333,741
8,493,936367,453,-15523,-3337,-415,-325,750
8,494,936372,-8,-15541,-3367,-416,-394,769
8,495,936377,21,-15630,-3884,-414,-453,792
8,496,936382,191,-15769,-4516,-417,-465,814
8,497,936387,153,-15791,-4636,-431,-434,828
8,498,936392,18,-15743,-4356,-447,-404,842
8,499,936397,-103,-15765,-4549,-453,-388,856
8,500,936402,-155,-15813,-5004,-459,-357,874
8,501,936407,-160,-15788,-4979,-469,-302,889
8,502,936412,-130,-15737,-4384,-485,-252,904
8,503,936417,-66,-15704,-3860,-490,-253,920
8,504,936422,-135,-15729,-3789,-494,-294,933
8,505,936427,-372,-15776,-4113,-496,-345,946
8,506,936432,-551,-15784,-4439,-497,-388,967
8,507,936437,-532,-15802,-4551,-501,-410,987
8,508,936442,-436,-15991,-4569,-509,-419,1001
8,509,936447,-612,-16154,-4729,-517,-415,1010
8,510,936452,-895,-16235,-4997,-524,-397,1016
8,511,936457,-1089,-16162,-5325,-529,-362,1026
8,512,936462,-961,-16126,-5376,-538,-303,1037
8,513,936467,-967,-16058,-5156,-548,-237,1043
8,514,936472,-1133,-16038,-4812,-553,-201,1049
8,515,936477,-1303,-16088,-4841,-557,-193,1057
8,516,936482,-1267,-16028,-5030,-560,-186,1065
8,517,936487,-1156,-16013,-4917,-567,-172,1073
8,518,936492,-1095,-15979,-4645,-569,-167,1078
8,519,936497,-1126,-15934,-4596,-571,-184,1086
8,520,936502,-1433,-16010,-4842,-571,-238,1096
8,521,936507,-1535,-16030,-4764,-575,-259,1102
8,522,936512,-1503,-16006,-4837,-578,-276,1109
8,523,936517,-1405,-15931,-4922,-578,-281,1114
8,524,936522,-1476,-15937,-4943,-581,-277,1117
8,525,936527,-1761,-16012,-4959,-583,-287,1118
8,526,936532,-2046,-15967,-4905,-585,-305,1119
8,527,936537,-2133,-15947,-5170,-585,-317,1122
8,528,936542,-2117,-15954,-5407,-584,-306,1123
8,529,936547,-2220,-15910,-5507,-585,-274,1117
8,530,936552,-2479,-15827,-5603,-590,-244,1110
8,531,936557,-2577,-15744,-5707,-586,-219,1109
8,532,936562,-2451,-15725,-5850,-592,-196,1106
8,533,936567,-2383,-15629,-5409,-590,-159,1099
8,534,936572,-2662,-15671,-5560,-582,-151,1095
8,535,936577,-2898,-15675,-5642,-585,-148,1086
8,536,936582,-2695,-15519,-5647,-588,-153,1082
8,537,936587,-2546,-15410,-5751,-584,-150,1078
8,538,936592,-2749,-15391,-5590,-581,-134,1064
8,539,936597,-2955,-15365,-5716,-576,-128,1055
8,540,936602,-2932,-15295,-5913,-572,-130,1053
8,541,936607,-2827,-15279,-5693,-572,-120,1044
8,542,936612,-2898,-15306,-5527,-567,-116,1032
8,543,936617,-3198,-15346,-5432,-565,-124,1018
8,544,936622,-3460,-15339,-5640,-558,-139,1008
8,545,936627,-3463,-15384,-5960,-550,-150,1001
8,546,936632,-3401,-15457,-6007,-549,-140,990
8,547,936637,-3520,-15470,-5935,-546,-126,973
8,548,936642,-3746,-15563,-6137,-545,-105,959
8,549,936647,-3739,-15588,-6430,-541,-71,944
8,550,936652,-3418,-15486,-6341,-539,-20,931
8,551,936657,-3373,-15388,-6038,-535,27,912
8,552,936662,-3628,-15409,-5871,-531,42,893
8,553,936667,-3731,-15431,-6025,-522,30,876
8,554,936672,-3597,-15294,-6207,-515,16,863
8,555,936677,-3420,-15218,-6166,-512,18,848
8,556,936682,-3272,-15158,-6178,-504,28,833
8,557,936687,-3303,-15138,-6156,-493,37,815
8,558,936692,-3382,-15057,-6289,-487,33,797
8,559,936697,-3455,-14976,-6213,-482,27,782
8,560,936702,-3407,-14946,-6090,-475,24,769
8,561,936707,-3449,-14929,-5965,-462,18,751
8,562,936712,-3654,-14883,-5988,-449,-1,732
8,563,936717,-3954,-14914,-6268,-438,-30,716
8,564,936722,-3983,-14921,-6543,-433,-38,700
8,565,936727,-3838,-14931,-6648,-430,-17,681
8,566,936732,-3726,-14850,-6546,-421,36,657
8,567,936737,-3867,-14780,-6546,-412,81,632
8,568,936742,-4148,-14690,-6553,-402,108,607
8,569,936747,-4204,-14599,-6522,-393,118,586
8,570,936752,-4128,-14621,-6365,-383,117,567
8,571,936757,-4160,-14613,-6115,-373,113,542
8,572,936762,-4034,-14567,-6233,-364,98,516
8,573,936767,-4373,-14541,-6455,-350,85,491
8,574,936772,-4458,-14474,-6709,-338,84,466
8,575,936777,-4282,-14371,-6921,-335,95,444
8,576,936782,-3963,-14281,-6853,-323,124,423
8,577,936787,-3892,-14194,-6554,-312,160,390
8,578,936792,-4153,-14201,-6487,-295,170,362
8,579,936797,-4361,-14238,-6671,-276,152,338
8,580,936802,-4325,-14189,-6493,-269,135,315
8,581,936807,-4061,-14215,-6379,-261,118,297
8,582,936812,-4035,-14248,-6241,-247,108,268
8,583,936817,-4118,-14246,-6323,-231,91,240
8,584,936822,-4181,-14274,-6545,-218,74,216
8,585,936827,-4157,-14330,-6721,-205,68,191
8,586,936832,-4149,-14271,-6702,-195,72,162
8,587,936837,-4039,-14268,-6797,-183,86,138
8,588,936842,-3904,-14216,-6986,-164,108,107
8,589,936847,-3993,-14205,-7051,-151,131,75
8,590,936852,-4131,-14134,-6868,-139,143,47
8,591,936857,-4111,-14080,-6784,-123,143,21
8,592,936862,-4001,-14045,-6828,-109,145,-9
8,593,936867,-4299,-14074,-6778,-69,147,-70
8,594,936872,-4646,-14187,-6958,-51,115,-95
8,595,936877,-4590,-14349,-7401,-40,102,-121
8,596,936882,-4152,-14472,-7569,-28,139,-149
8,597,936887,-3873,-14444,-7465,-17,214,-184
8,598,936892,-3988,-14419,-7120,-1,278,-217
8,599,936897,-4172,-14361,-6895,15,302,-247
8,600,936902,-4126,-14330,-6858,28,294,-275
8,601,936924,-3652,-14195,-6430,94,238,-389
8,602,936925,-3652,-14195,-6430,94,238,-389
8,603,936926,-3652,-14195,-6430,94,238,-389
8,604,936927,-3474,-14066,-6747,113,200,-413
8,605,936928,-3474,-14066,-6747,113,200,-413
8,606,936932,-3263,-13907,-6756,124,185,-438
8,607,936937,-3149,-13826,-6620,135,190,-465
8,608,936942,-3145,-13724,-6486,153,192,-491
8,609,936947,-3349,-13764,-6330,175,177,-519
8,610,936952,-3462,-13941,-6553,193,138,-542
8,611,936957,-3224,-13968,-6702,204,104,-562
8,612,936962,-2893,-13950,-6605,217,103,-587
8,613,936967,-3024,-13979,-6657,234,128,-616
8,614,936972,-3364,-14113,-6883,249,156,-644
8,615,936977,-3295,-14220,-7070,256,184,-664
8,616,936982,-2841,-14190,-6931,260,230,-687
8,617,936987,-2446,-14141,-6464,271,282,-712
8,618,936992,-2538,-14110,-6224,285,319,-741
8,619,936997,-2747,-14118,-6210,302,326,-770
8,620,937002,-2742,-14109,-6187,319,299,-789
8,621,937007,-2558,-14185,-5962,325,267,-804
8,622,937012,-2215,-14204,-5813,337,237,-829
8,623,937017,-2150,-14183,-5913,355,216,-850
8,624,937022,-2199,-14148,-6197,370,199,-871
8,625,937027,-2060,-14143,-6407,380,186,-889
8,626,937032,-2071,-14201,-6230,394,175,-906
8,627,937037,-2014,-14458,-6018,403,155,-928
8,628,937042,-1776,-14517,-6109,415,142,-945
8,629,937047,-1615,-14507,-6083,422,136,-966
8,630,937052,-1833,-14607,-6025,430,132,-987
8,631,937057,-2102,-14733,-5925,440,112,-1003
8,632,937062,-1947,-14782,-5880,450,89,-1017
8,633,937067,-1773,-14872,-6035,461,75,-1037
8,634,937072,-1981,-15134,-5964,467,80,-1060
8,635,937077,-2224,-15380,-6255,475,74,-1082
8,636,937082,-1955,-15373,-6697,476,90,-1100
8,637,937087,-1489,-15327,-6668,477,148,-1118
8,638,937092,-1194,-15311,-6556,484,215,-1139
8,639,937097,-1281,-15338,-6115,491,256,-1166
8,640,937102,-1474,-15304,-5600,503,229,-1182
8,641,937107,-1320,-15246,-5719,520,156,-1194
8,642,937112,-1234,-15379,-5716,534,93,-1208
8,643,937117,-1384,-15637,-5723,545,34,-1221
8,644,937122,-1371,-15792,-5972,556,-27,-1242
8,645,937127,-1355,-15858,-6421,557,-68,-1258
8,646,937132,-1408,-15859,-7059,566,-60,-1278
8,647,937137,-1325,-15918,-7330,577,-3,-1298
8,648,937142,-1229,-16032,-7401,581,83,-1319
8,649,937147,-1530,-16206,-6980,585,174,-1345
8,650,937152,-2162,-16644,-6334,585,236,-1364
8,651,937157,-1794,-17038,-6474,576,265,-1373
8,652,937162,-436,-16900,-5685,569,322,-1388
8,653,937167,193,-16765,-4526,575,366,-1409
8,654,937172,-377,-16711,-4113,597,316,-1435
8,655,937177,-1017,-16728,-4670,615,190,-1448
8,656,937182,-707,-16620,-5326,622,79,-1446
8,657,937187,251,-16576,-5438,614,42,-1451
8,658,937192,766,-16419,-5010,613,74,-1470
8,659,937197,690,-16257,-5038,622,94,-1489
8,660,937202,364,-16103,-5577,644,85,-1500
8,661,937207,554,-15896,-6143,652,71,-1505
8,662,937212,773,-15885,-6026,642,85,-1513
8,663,937217,557,-15796,-5162,645,131,-1528
8,664,937222,-72,-16136,-5025,650,127,-1533
8,665,937227,56,-16397,-5541,655,114,-1528
8,666,937232,1276,-16328,-5202,644,129,-1525
8,667,937237,1156,-16727,-3634,638,174,-1546
8,668,937242,1158,-16680,-4313,646,139,-1553
8,669,937247,1660,-16477,-4645,637,146,-1549
8,670,937252,2028,-16507,-4263,635,176,-1546
8,671,937257,1896,-16312,-3282,631,186,-1551
8,672,937262,1938,-16213,-3133,627,138,-1551
8,673,937267,2198,-16044,-3749,638,82,-1543
8,674,937272,2631,-15965,-3917,646,52,-1534
8,675,937277,2572,-15904,-3392,639,18,-1531
8,676,937282,2542,-15752,-3442,643,-56,-1524
8,677,937287,2472,-15656,-4033,646,-130,-1517
8,678,937292,2344,-15630,-4928,648,-142,-1512
8,679,937297,1814,-15736,-4883,642,-101,-1507
8,680,937302,1908,-15697,-4668,630,-78,-1489
8,681,937307,2916,-15564,-4485,617,-38,-1478
8,682,937312,3159,-15629,-3853,619,23,-1476
8,683,937317,2860,-15686,-4028,615,42,-1473
8,684,937322,650,-16298,-4200,614,41,-1460
8,685,937327,1936,-30849,-14748,781,376,-1432
8,686,937332,-12692,-13018,-32744,1108,1997,-1656
8,687,937337,-32115,-10084,-1633,-627,6692,-1049
8,688,937342,-32768,3560,32767,-889,12843,-269
8,689,937347,5050,-10869,29123,-285,8687,878
8,690,937352,32767,-21708,25026,-376,5499,767
8,691,937357,12926,-13410,23255,513,1396,306
8,692,937362,-31500,-8241,19112,530,-7597,519
8,693,937367,-20975,-5540,10337,185,-11959,1261
8,694,937372,16264,-17824,-11677,213,-12323,1517
8,695,937377,30282,-18074,-32768,125,-9991,630
8,696,937382,-4698,-12900,-31925,-138,-2777,197
8,697,937387,-30335,-11204,-24902,-46,-533,495
8,698,937392,-4846,-12685,-5627,-211,922,736
8,699,937397,17789,-15034,-18292,-68,2021,724
8,700,937402,13672,-15761,-9747,-117,3403,263
8,701,937407,-14995,-12274,10478,5,3823,79
8,702,937412,-16792,-11736,7383,20,2000,349
8,703,937417,4451,-13392,-6148,-7,385,597
8,704,937422,14017,-15382,5758,-126,365,504
8,705,937427,4238,-15721,9910,-154,-301,297
8,706,937432,-7402,-14772,2321,0,-1280,281
8,707,937437,-4562,-14802,-9996,161,-1854,443
8,708,937442,5893,-15630,-18638,140,-1575,517
8,709,937447,7798,-16826,-11932,-44,-499,402
8,710,937452,830,-16970,-855,-142,329,249
8,711,937457,-2973,-16763,-4054,-51,395,221
8,712,937462,-192,-17109,-10548,54,442,270
8,713,937467,3730,-17334,-9301,-8,663,265
8,714,937472,3577,-17478,-3044,-123,785,210
8,715,937477,602,-17348,3373,-126,710,176
8,716,937482,657,-17678,-249,11,324,197
8,717,937487,2625,-18061,-7282,101,61,216
8,718,937492,3142,-18216,-7108,38,99,190
8,719,937497,1971,-18013,-3495,-57,148,163
8,720,937502,1840,-17986,-1807,-51,130,159
8,721,937507,3070,-18203,-4889,32,143,155
8,722,937512,3396,-18192,-7435,73,312,127
8,723,937517,2201,-17935,-6026,27,463,98
8,724,937522,1436,-17516,-3209,-15,466,97
8,725,937527,2612,-17349,-2141,-9,357,107
8,726,937532,3628,-17390,-3244,38,316,95
8,727,937537,3310,-17238,-4667,66,341,66
8,728,937542,1869,-16885,-3666,59,331,51
8,729,937547,1855,-16524,-3462,44,192,59
8,730,937552,3321,-16432,-3914,37,125,63
8,731,937557,3946,-16417,-4558,49,190,45
8,732,937562,3092,-16210,-4369,64,315,16
8,733,937567,1941,-15889,-3984,68,355,3
8,734,937572,2253,-15635,-3903,60,305,9
8,735,937577,3317,-15493,-3886,52,270,10
8,736,937582,3559,-15510,-3137,54,295,-7
8,737,937587,2726,-15408,-2650,71,297,-28
8,738,937592,2089,-15260,-3079,89,237,-32
8,739,937597,2482,-15215,-3874,85,163,-26
8,740,937602,3144,-15239,-3798,70,148,-29
8,741,937607,2706,-15180,-2771,70,177,-61
8,742,937612,2485,-15191,-3558,84,158,-65
8,743,937617,2645,-15122,-4039,86,152,-68
8,744,937622,2821,-15078,-3518,74,155,-77
8,745,937627,2779,-15088,-2789,66,146,-84
8,746,937632,2688,-15104,-2688,75,119,-92
8,747,937637,2620,-15188,-3437,87,96,-96
8,748,937642,2641,-15261,-3647,92,83,-101
8,749,937647,2610,-15409,-3143,80,62,-107
8,750,937652,2655,-15434,-2814,75,22,-112
8,751,937657,2828,-15498,-3097,78,6,-117
8,752,937662,2770,-15606,-3553,87,18,-121
8,753,937667,2565,-15741,-3426,90,38,-127
8,754,937672,2546,-15772,-2997,81,29,-129
8,755,937677,2810,-15838,-2815,75,-4,-130
8,756,937682,2997,-15939,-2933,82,-19,-133
8,757,937687,2910,-16027,-3074,89,-16,-140
8,758,937692,2702,-16016,-3086,91,-26,-144
8,759,937697,2645,-16114,-2923,91,-54,-139
8,760,937702,2840,-16153,-3062,87,-92,-135
8,761,937707,2919,-16230,-3128,90,-104,-140
8,762,937712,2695,-16299,-3192,95,-100,-146
8,763,937717,2546,-16331,-3461,98,-103,-148
8,764,937722,2623,-16342,-3647,98,-105,-141
8,765,937727,2873,-16345,-3787,94,-98,-141
8,766,937732,2901,-16350,-3682,93,-72,-146
8,767,937737,2724,-16373,-3597,95,-46,-150
8,768,937742,2508,-16399,-3773,99,-34,-149
8,769,937747,2560,-16412,-3965,101,-28,-146
8,770,937752,2751,-16347,-3912,98,-11,-148
8,771,937757,2813,-16306,-3722,97,10,-148
8,772,937762,2719,-16309,-3708,99,28,-152
8,773,937767,2682,-16230,-3863,105,38,-152
8,774,937772,2722,-16223,-3771,110,45,-150
8,775,937777,2725,-16223,-3606,107,49,-152
8,776,937782,2651,-16190,-3491,108,38,-150
8,777,937787,2659,-16128,-3570,113,22,-144
8,778,937792,2670,-16144,-3678,116,13,-145
8,779,937797,2561,-16127,-3663,120,6,-146
8,780,937802,2403,-16085,-3551,119,-11,-144
8,781,937807,2465,-16081,-3604,122,-30,-144
8,782,937812,2528,-16117,-3793,124,-35,-143
8,783,937817,2485,-16135,-3791,123,-22,-145
8,784,937822,2460,-16065,-3767,122,-8,-143
8,785,937827,2469,-16030,-3686,119,-2,-144
8,786,937832,2562,-15996,-3749,122,2,-142
8,787,937837,2640,-15912,-3799,121,13,-144
8,788,937842,2620,-15845,-3647,122,23,-145
8,789,937847,2549,-15817,-3622,123,18,-142
8,790,937852,2578,-15856,-3565,123,9,-140
8,791,937857,2567,-15877,-3496,122,-8,-138
8,792,937862,2496,-15929,-3483,122,-24,-137
8,793,937867,2405,-15921,-3560,122,-32,-139
8,794,937872,2431,-15963,-3646,120,-33,-136
8,795,937877,2505,-16026,-3722,120,-29,-135
8,796,937882,2581,-16088,-3679,117,-15,-137
8,797,937887,2588,-16128,-3587,114,-7,-138
8,798,937892,2658,-16139,-3609,113,-4,-136
8,799,937897,2670,-16194,-3553,115,-7,-134
8,800,937902,2634,-16103,-3500,116,-12,-133
8,801,937907,2586,-16053,-3413,115,-22,-130
8,802,937912,2662,-16042,-3376,114,-40,-128
8,803,937917,2746,-16045,-3592,113,-53,-124
8,804,937922,2859,-16009,-3611,112,-59,-121
8,805,937927,2915,-15998,-3444,110,-66,-118
8,806,937932,2913,-15981,-3358,109,-73,-115
8,807,937937,2927,-15957,-3400,108,-70,-113
8,808,937942,2853,-15905,-3418,106,-63,-108
8,809,937947,2748,-15974,-3434,104,-60,-105
8,810,937952,2697,-16016,-3435,102,-59,-100
8,811,937957,2813,-15912,-3434,94,-52,-100
8,812,937962,2974,-15818,-3553,96,-35,-97
8,813,937967,3014,-15821,-3624,94,-7,-94
8,814,937972,2886,-15862,-3512,89,18,-92
8,815,937977,2662,-15756,-3215,79,4,-86
8,816,937982,2797,-15675,-3338,78,1,-83
8,817,937987,2897,-15641,-3416,78,9,-81
8,818,937992,2818,-15594,-3357,76,15,-79
8,819,937997,2895,-15549,-3368,72,7,-74
8,820,938002,3055,-15610,-3408,71,1,-66
8,821,938007,3147,-15596,-3349,71,5,-66
8,822,938012,3002,-15606,-3183,68,11,-64
8,823,938017,2912,-15558,-3079,65,3,-59
8,824,938022,2999,-15620,-3147,63,-12,-51
8,825,938027,3151,-15722,-3107,59,-21,-50
8,826,938032,3054,-15817,-2963,57,-24,-44
8,827,938037,2881,-15858,-2941,55,-35,-42
8,828,938042,2816,-15852,-3185,53,-50,-41
8,829,938047,2967,-15748,-3332,50,-53,-36
8,830,938052,3023,-15662,-3299,47,-42,-32
8,831,938057,2947,-15593,-3186,43,-39,-29
8,832,938062,2933,-15538,-3296,44,-42,-29
8,833,938067,2979,-15547,-3476,44,-44,-24
8,834,938072,3090,-15507,-3563,43,-42,-24
8,835,938077,3140,-15467,-3449,38,-32,-19
8,836,938082,3157,-15395,-3356,34,-31,-16
8,837,938087,3123,-15367,-3207,32,-34,-13
8,838,938092,3064,-15510,-3223,34,-42,-10
8,839,938097,2954,-15662,-3160,31,-54,-6
8,840,938102,2879,-15671,-3003,27,-65,-6
8,841,938107,2895,-15575,-3072,24,-75,-4
8,842,938112,2939,-15631,-3228,28,-81,-2
8,843,938117,2863,-15708,-3260,27,-78,0
8,844,938122,2763,-15733,-3205,24,-86,2
8,845,938127,2644,-15752,-3260,20,-104,2
8,846,938132,2720,-15714,-3463,20,-115,4
8,847,938137,2897,-15636,-3656,20,-106,6
8,848,938142,3008,-15552,-3691,18,-89,6
8,849,938147,2970,-15509,-3602,17,-84,7
8,850,938152,2883,-15522,-3492,19,-90,7
8,851,938157,2822,-15528,-3480,18,-98,9
8,852,938162,2839,-15618,-3398,18,-100,10
8,853,938167,2807,-15651,-3388,17,-95,9
8,854,938172,2832,-15624,-3457,15,-93,13
8,855,938177,2888,-15608,-3491,14,-87,7
8,856,938182,2938,-15566,-3533,13,-74,9
8,857,938187,2948,-15570,-3533,11,-60,12
8,858,938192,2843,-15635,-3376,8,-47,12
8,859,938197,2872,-15657,-3291,7,-41,13
8,860,938202,3019,-15661,-3281,5,-38,16
8,861,938207,3084,-15633,-3276,4,-39,18
8,862,938212,3045,-15687,-3325,9,-46,18
8,863,938217,2892,-15726,-3369,7,-52,20
8,864,938222,2874,-15709,-3374,3,-60,21
8,865,938227,2951,-15730,-3423,4,-59,23
8,866,938232,3004,-15715,-3443,6,-47,28
8,867,938237,3041,-15721,-3354,5,-39,25
8,868,938242,2939,-15708,-3254,5,-40,25
8,869,938247,2742,-15780,-3226,6,-52,26
8,870,938252,2677,-15834,-3329,6,-64,28
8,871,938257,2845,-15839,-3387,3,-62,31
8,872,938262,2959,-15780,-3290,2,-50,31
8,873,938267,2946,-15726,-3313,-2,-40,28
8,874,938272,2791,-15711,-3456,-3,-33,30
8,875,938277,2786,-15698,-3601,-4,-22,30
8,876,938282,2895,-15685,-3549,-7,0,32
8,877,938287,2974,-15672,-3361,-12,19,31
8,878,938292,2928,-15728,-3167,-13,26,30
8,879,938297,2928,-15749,-3174,-12,19,30
8,880,938302,2915,-15721,-3185,-11,7,30
8,881,938307,2961,-15737,-3177,-12,-3,33
8,882,938312,3025,-15752,-3184,-17,-12,34
8,883,938317,2991,-15763,-3185,-12,-17,36
8,884,938322,2993,-15777,-3220,-13,-26,37
8,885,938327,2908,-15758,-3271,-18,-35,38
8,886,938332,2868,-15688,-3322,-17,-36,37
8,887,938337,2834,-15642,-3320,-15,-40,40
8,888,938342,2694,-15825,-3301,-18,-51,39
8,889,938347,2753,-15817,-3329,-19,-54,44
8,890,938352,2826,-15801,-3286,-17,-55,41
8,891,938357,2857,-15857,-3340,-18,-50,39
8,892,938362,2766,-15838,-3343,-21,-39,39
8,893,938367,2672,-15855,-3288,-21,-41,37
8,894,938372,2604,-15861,-3381,-20,-41,39
8,895,938377,2685,-15899,-3319,-22,-33,37
8,896,938382,2694,-15904,-3214,-24,-26,31
8,897,938387,2670,-15878,-3254,-28,-22,34
8,898,938392,2699,-15825,-3397,-27,-17,30
8,899,938397,2777,-15841,-3489,-29,-12,34
8,900,938402,2771,-15855,-3390,-29,1,33
8,901,938407,2681,-15893,-3156,-27,9,31
8,902,938412,2579,-16028,-3064,-29,3,28
8,903,938417,2674,-16041,-3159,-32,1,30
8,904,938422,2888,-16044,-3156,-33,2,31
8,905,938427,2928,-15971,-2978,-35,2,32
8,906,938432,2877,-15927,-2862,-34,-7,29
8,907,938437,2776,-15976,-2917,-31,-30,29
8,908,938442,2743,-16043,-3064,-30,-54,33
8,909,938447,2842,-16077,-3126,-32,-63,37
8,910,938452,2862,-16154,-3063,-37,-65,36
8,911,938457,2855,-16173,-3167,-35,-72,34
8,912,938462,2837,-16061,-3333,-34,-72,33
8,913,938467,2798,-16034,-3456,-36,-65,34
8,914,938472,2819,-16036,-3448,-35,-42,36
8,915,938477,2764,-16039,-3342,-37,-23,36
8,916,938482,2779,-16028,-3222,-37,-12,34
8,917,938487,2736,-15986,-3193,-38,-9,31
8,918,938492,2754,-15951,-3220,-41,-6,31
8,919,938497,2776,-15931,-3151,-41,-10,32
8,920,938502,2783,-15950,-3143,-40,-16,32
8,921,938507,2766,-15948,-3135,-42,-31,30
8,922,938512,2703,-15915,-3249,-40,-45,29
8,923,938517,2669,-15955,-3344,-40,-46,27
8,924,938522,2682,-15986,-3418,-42,-44,29
8,925,938527,2733,-15956,-3414,-41,-38,32
8,926,938532,2787,-15946,-3432,-45,-25,27
8,927,938537,2770,-15911,-3405,-43,-17,25
8,928,938542,2786,-15878,-3416,-42,-14,26
8,929,938547,2773,-15849,-3422,-41,-13,25
8,930,938552,2801,-15776,-3325,-42,-17,26
8,931,938557,2811,-15735,-3200,-41,-24,26
8,932,938562,2732,-15742,-3223,-38,-40,28
8,933,938567,2668,-15735,-3343,-35,-62,28
8,934,938572,2652,-15786,-3400,-34,-73,26
8,935,938577,2665,-15727,-3453,-33,-77,25
8,936,938582,2675,-15788,-3515,-34,-73,24
8,937,938587,2599,-15832,-3517,-33,-62,26
8,938,938592,2545,-15904,-3559,-32,-53,22
8,939,938597,2586,-15812,-3525,-33,-38,22
8,940,938602,2656,-15873,-3451,-32,-19,20
8,941,938607,2711,-15936,-3412,-33,-3,18
8,942,938612,2623,-15903,-3341,-33,9,12
8,943,938617,2533,-15863,-3342,-30,0,14
8,944,938622,2491,-15825,-3344,-30,-15,17
8,945,938627,2522,-15876,-3396,-27,-22,18
8,946,938632,2546,-15904,-3413,-27,-24,13
8,947,938637,2525,-15904,-3384,-26,-28,11
8,948,938642,2505,-15900,-3467,-26,-29,11
8,949,938647,2571,-15870,-3614,-23,-27,9
8,950,938652,2649,-15833,-3599,-21,-16,8
8,951,938657,2642,-15762,-3491,-21,-10,9
8,952,938662,2603,-15783,-3426,-21,-13,8
8,953,938667,2564,-15801,-3462,-14,-18,7
8,954,938672,2563,-15750,-3503,-12,-24,6
8,955,938677,2561,-15764,-3513,-11,-30,5
8,956,938682,2576,-15777,-3493,-12,-32,4
8,957,938687,2614,-15862,-3496,-9,-29,5
8,958,938692,2538,-15966,-3554,-8,-29,2
8,959,938697,2530,-15975,-3609,-8,-22,1
8,960,938702,2488,-15962,-3648,-6,-4,2
8,961,938707,2521,-15976,-3598,-6,17,3
8,962,938712,2548,-15984,-3436,-6,43,-4
8,963,938717,2515,-15963,-3419,-6,46,-6
8,964,938722,2535,-15968,-3448,-5,44,-7
8,965,938727,2555,-15948,-3449,-6,50,-5
8,966,938732,2602,-15915,-3336,-6,55,-8
8,967,938737,2604,-15901,-3309,-4,59,-13
8,968,938742,2716,-15878,-3331,-5,60,-10
8,969,938747,2752,-15795,-3268,-5,64,-11
8,970,938752,2801,-15725,-3173,-3,65,-8
8,971,938757,2812,-15655,-3113,-1,54,-7
8,972,938762,2807,-15675,-3078,-1,30,-5
8,973,938767,2808,-15715,-3087,0,5,-2
8,974,938772,2755,-15689,-3076,4,-20,0
8,975,938777,2704,-15702,-3123,8,-40,-1
8,976,938782,2628,-15777,-3314,9,-50,2
8,977,938787,2637,-15770,-3461,3,-55,1
8,978,938792,2661,-15765,-3525,-1,-46,-2
8,979,938797,2620,-15775,-3521,4,-32,-1
8,980,938802,2567,-15859,-3597,4,-11,-3
8,981,938807,2456,-15916,-3614,5,11,-5
8,982,938812,2451,-15917,-3529,1,34,-5
8,983,938817,2513,-15860,-3484,0,53,-7
8,984,938822,2575,-15860,-3395,1,68,-8
8,985,938827,2594,-15863,-3296,1,76,-9
8,986,938832,2585,-15858,-3251,2,74,-12
8,987,938837,2614,-15865,-3155,1,61,-10
8,988,938842,2657,-15797,-3116,2,48,-11
8,989,938847,2723,-15827,-3147,2,35,-9
8,990,938852,2737,-15833,-3089,1,22,-7
8,991,938857,2828,-15764,-3127,2,4,-6
8,992,938862,2853,-15826,-3175,4,-16,-2
8,993,938867,2837,-15840,-3254,8,-33,0
8,994,938872,2786,-15846,-3341,8,-42,-2
8,995,938877,2755,-15941,-3336,5,-43,0
8,996,938882,2715,-15970,-3364,9,-47,2
8,997,938887,2656,-15983,-3497,8,-46,1
8,998,938892,2608,-16003,-3587,9,-39,2
8,999,938897,2641,-16017,-3573,11,-27,2
9,0,945637,2595,-15940,-4462,-12,-9,24
9,1,945642,2667,-16002,-4493,-11,12,28
9,2,945647,2696,-16003,-4472,-10,45,28
9,3,945652,2592,-16057,-4289,-6,82,25
9,4,945657,2428,-16134,-4104,-3,114,21
9,5,945662,2296,-16221,-3867,-2,128,21
9,6,945667,2311,-16172,-3611,-2,125,24
9,7,945672,2378,-16100,-3484,-1,120,21
9,8,945677,2382,-16082,-3372,1,112,22
9,9,945682,2307,-16067,-3268,1,91,23
9,10,945687,2299,-16074,-3320,5,62,23
9,11,945692,2321,-15947,-3369,6,45,21
9,12,945697,2369,-15874,-3535,7,41,23
9,13,945702,2397,-15813,-3620,3,52,21
9,14,945707,2383,-15752,-3496,12,64,22
9,15,945712,2357,-15738,-3389,6,63,21
9,16,945717,2528,-15625,-3472,9,58,21
9,17,945722,2462,-15641,-3502,11,57,19
9,18,945727,2307,-15578,-3470,12,50,21
9,19,945732,2413,-15597,-3667,12,37,23
9,20,945737,2549,-15558,-3729,6,42,21
9,21,945742,2557,-15559,-3597,9,54,19
9,22,945747,2383,-15512,-3612,13,60,18
9,23,945752,2334,-15460,-3735,14,58,21
9,24,945757,2436,-15457,-3891,13,62,21
9,25,945762,2524,-15493,-3748,12,76,20
9,26,945767,2466,-15498,-3510,13,83,15
9,27,945772,2363,-15535,-3505,15,80,14
9,28,945777,2372,-15578,-3762,16,74,16
9,29,945782,2458,-15535,-3878,15,76,16
9,30,945787,2579,-15463,-3800,12,85,17
9,31,945792,2648,-15378,-3691,15,88,17
9,32,945797,2647,-15401,-3738,20,84,14
9,33,945802,2705,-15485,-3936,22,84,17
9,34,945807,2850,-15533,-3981,22,94,19
9,35,945812,2885,-15545,-3811,25,99,18
9,36,945817,2850,-15638,-3689,26,99,20
9,37,945822,2754,-15814,-3836,27,93,23
9,38,945827,2764,-15875,-3891,30,92,24
9,39,945832,2864,-15866,-3822,29,105,24
9,40,945837,2954,-15823,-3751,30,120,24
9,41,945842,2954,-15832,-3651,30,129,26
9,42,945847,2923,-15850,-3553,33,128,26
9,43,945852,2908,-15861,-3411,36,113,27
9,44,945857,2854,-15861,-3241,39,84,34
9,45,945862,2838,-15930,-3213,41,44,40
9,46,945867,2825,-15971,-3304,44,2,44
9,47,945872,2735,-16006,-3451,47,-23,45
9,48,945877,2573,-16082,-3618,51,-44,43
9,49,945882,2501,-16169,-3852,52,-51,43
9,50,945887,2459,-16189,-4015,51,-40,43
9,51,945892,2417,-16148,-4177,52,-3,40
9,52,945897,2367,-16120,-4223,54,45,38
9,53,945902,2353,-16047,-4177,53,94,35
9,54,945907,2377,-15990,-3997,52,137,33
9,55,945912,2357,-15914,-3764,50,170,28
9,56,945917,2342,-15861,-3578,51,185,25
9,57,945922,2430,-15765,-3386,51,185,25
9,58,945927,2544,-15682,-3152,48,173,24
9,59,945932,2541,-15621,-3069,51,150,25
9,60,945937,2545,-15622,-3105,53,120,27
9,61,945942,2562,-15716,-3152,56,92,24
9,62,945947,2619,-15745,-3239,54,75,28
9,63,945952,2647,-15724,-3248,51,64,25
9,64,945957,2700,-15723,-3277,49,67,23
9,65,945962,2683,-15757,-3350,49,71,29
9,66,945967,2670,-15803,-3321,52,76,28
9,67,945972,2641,-15826,-3187,49,76,28
9,68,945977,2661,-15865,-3094,50,72,30
9,69,945982,2663,-15960,-3117,47,67,27
9,70,945987,2601,-16042,-3165,47,68,25
9,71,945992,2534,-16052,-3145,45,66,24
9,72,945997,2533,-15986,-3057,42,62,25
9,73,946002,2568,-15957,-3147,42,60,26
9,74,946007,2592,-16007,-3168,43,64,24
9,75,946012,2537,-15981,-3123,42,67,26
9,76,946017,2455,-15960,-3146,40,60,25
9,77,946022,2473,-15909,-3283,38,45,26
9,78,946027,2579,-15912,-3407,37,44,25
9,79,946032,2612,-15935,-3409,37,51,25
9,80,946037,2619,-15963,-3364,36,62,22
9,81,946042,2589,-15947,-3289,37,65,24
9,82,946047,2575,-15932,-3294,33,61,23
9,83,946052,2577,-15926,-3276,31,58,20
9,84,946057,2625,-15950,-3170,32,57,24
9,85,946062,2656,-15933,-3107,30,53,25
9,86,946067,2624,-15984,-3079,27,44,22
9,87,946072,2535,-16060,-3105,25,30,23
9,88,946077,2463,-16140,-3167,28,16,24
9,89,946082,2414,-16222,-3105,25,12,24
9,90,946087,2465,-16243,-3190,22,21,19
9,91,946092,2383,-16270,-3283,22,32,17
9,92,946097,2396,-16205,-3235,20,39,17
9,93,946102,2429,-16128,-3131,19,43,16
9,94,946107,2453,-16096,-3132,17,43,13
9,95,946112,2373,-16098,-3112,18,35,15
9,96,946117,2244,-16092,-3128,18,14,14
9,97,946122,2267,-16010,-3265,17,-10,14
9,98,946127,2359,-15961,-3403,16,-21,12
9,99,946132,2341,-15973,-3510,18,-24,12
9,100,946137,2249,-15944,-3622,16,-13,6
9,101,946142,2216,-15871,-3669,13,-1,6
9,102,946147,2274,-15830,-3655,9,17,5
9,103,946152,2275,-15762,-3618,9,30,6
9,104,946157,2283,-15785,-3578,10,42,4
9,105,946162,2228,-15833,-3524,11,43,2
9,106,946167,2188,-15815,-3517,8,37,-2
9,107,946172,2228,-15812,-3533,8,31,-3
9,108,946177,2249,-15830,-3520,8,36,-3
9,109,946182,2304,-15844,-3458,11,42,-5
9,110,946187,2277,-15880,-3438,11,43,-5
9,111,946192,2236,-15848,-3406,7,44,-7
9,112,946197,2307,-15798,-3333,7,39,-6
9,113,946202,2319,-15823,-3276,8,36,-4
9,114,946207,2293,-15816,-3333,9,31,-6
9,115,946212,2315,-15787,-3466,10,21,-7
9,116,946217,2376,-15777,-3574,9,19,-2
9,117,946222,2454,-15724,-3620,10,27,-3
9,118,946227,2462,-15681,-3635,8,41,-3
9,119,946232,2498,-15736,-3554,6,54,-1
9,120,946237,2470,-15736,-3493,7,61,0
9,121,946242,2480,-15743,-3454,5,59,-3
9,122,946247,2499,-15724,-3369,7,51,0
9,123,946252,2504,-15739,-3347,8,45,1
9,124,946257,2482,-15755,-3296,8,40,2
9,125,946262,2482,-15805,-3328,8,29,3
9,126,946267,2508,-15798,-3356,5,22,6
9,127,946272,2556,-15752,-3361,4,16,8
9,128,946277,2564,-15728,-3399,1,17,11
9,129,946282,2615,-15733,-3408,1,24,12
9,130,946287,2592,-15725,-3441,2,27,13
9,131,946292,2607,-15765,-3399,4,33,16
9,132,946297,2624,-15768,-3296,1,31,19
9,133,946302,2657,-15726,-3279,-3,30,20
9,134,946307,2660,-15683,-3256,0,32,23
9,135,946312,2702,-15684,-3209,-1,32,26
9,136,946317,2591,-15714,-3195,-4,23,27
9,137,946322,2566,-15741,-3220,-4,9,28
9,138,946327,2605,-15703,-3294,-5,-2,36
9,139,946332,2622,-15708,-3365,-5,0,40
9,140,946337,2568,-15744,-3357,-5,6,39
9,141,946342,2513,-15838,-3268,-5,6,42
9,142,946347,2455,-15852,-3322,-4,-1,44
9,143,946352,2444,-15880,-3327,-6,0,44
9,144,946357,2380,-15943,-3239,-9,1,49
9,145,946362,2371,-15990,-3254,-7,1,50
9,146,946367,2395,-15992,-3266,-4,-2,53
9,147,946372,2378,-16055,-3260,-7,-3,54
9,148,946377,2390,-16052,-3180,-12,1,56
9,149,946382,2406,-16030,-3146,-11,0,56
9,150,946387,2357,-16064,-3145,-11,1,56
9,151,946392,2370,-15983,-3212,-9,-3,57
9,152,946397,2414,-15901,-3265,-13,-3,62
9,153,946402,2421,-15949,-3286,-14,-8,61
9,154,946407,2414,-15991,-3243,-13,-13,63
9,155,946412,2370,-15996,-3240,-14,-20,65
9,156,946417,2332,-16030,-3312,-12,-25,67
9,157,946422,2284,-16057,-3394,-12,-24,68
9,158,946427,2287,-16045,-3337,-13,-19,68
9,159,946432,2257,-16049,-3280,-16,-22,68
9,160,946437,2257,-16060,-3279,-16,-27,69
9,161,946442,2217,-16097,-3343,-14,-27,70
9,162,946447,2174,-16123,-3395,-14,-20,72
9,163,946452,2103,-16129,-3304,-14,-9,70
9,164,946457,2108,-16071,-3286,-14,-4,69
9,165,946462,2171,-16081,-3323,-17,3,69
9,166,946467,2117,-16091,-3260,-14,5,69
9,167,946472,2114,-16124,-3234,-15,-6,70
9,168,946477,2203,-16042,-3267,-17,-21,69
9,169,946482,2270,-16004,-3324,-17,-33,69
9,170,946487,2230,-15972,-3375,-13,-40,72
9,171,946492,2173,-15929,-3474,-10,-49,71
9,172,946497,2142,-15919,-3463,-13,-49,72
9,173,946502,2187,-15895,-3463,-14,-48,71
9,174,946507,2162,-15905,-3423,-13,-46,68
9,175,946512,2102,-15911,-3435,-13,-45,69
9,176,946517,2040,-15914,-3441,-13,-46,69
9,177,946522,2069,-15878,-3554,-14,-47,69
9,178,946527,2142,-15827,-3582,-13,-39,67
9,179,946532,2158,-15867,-3535,-13,-21,68
9,180,946537,2102,-15888,-3544,-12,-7,64
9,181,946542,2080,-15884,-3424,-15,-1,63
9,182,946547,2052,-15879,-3335,-15,-3,64
9,183,946552,2062,-15877,-3379,-15,-4,64
9,184,946557,2023,-15842,-3375,-16,-3,63
9,185,946562,2034,-15755,-3353,-16,-4,59
9,186,946567,2091,-15854,-3379,-15,-13,57
9,187,946572,2131,-15880,-3405,-16,-19,58
9,188,946577,2110,-15807,-3425,-15,-22,58
9,189,946582,2036,-15787,-3449,-14,-22,57
9,190,946587,1988,-15839,-3534,-13,-26,56
9,191,946592,2035,-15837,-3655,-14,-27,56
9,192,946597,2064,-15850,-3603,-12,-20,54
9,193,946602,2063,-15859,-3576,-13,-12,53
9,194,946607,2014,-15894,-3562,-13,-5,49
9,195,946612,2006,-15904,-3580,-13,-5,51
9,196,946617,2020,-15881,-3547,-13,-4,49
9,197,946622,2075,-15858,-3520,-11,-2,48
9,198,946627,2047,-15834,-3457,-9,-5,48
9,199,946632,2000,-15883,-3576,-7,-9,47
9,200,946637,1988,-15910,-3655,-6,-6,45
9,201,946642,1973,-15916,-3595,-5,0,43
9,202,946647,1973,-15858,-3562,-7,3,43
9,203,946652,1958,-15852,-3684,-6,12,40
9,204,946657,2027,-15837,-3751,-6,24,38
9,205,946662,1956,-15884,-3699,-3,33,36
9,206,946667,1893,-15889,-3692,-5,36,35
9,207,946672,1911,-15899,-3721,-5,38,33
9,208,946677,1932,-15936,-3729,-2,44,33
9,209,946682,1973,-15972,-3733,0,62,32
9,210,946687,2055,-15979,-3643,0,78,30
9,211,946692,2064,-16016,-3477,-2,88,24
9,212,946697,2067,-16025,-3292,-2,87,25
9,213,946702,2102,-16009,-3188,0,75,26
9,214,946707,2109,-16017,-3167,3,59,26
9,215,946712,2151,-16015,-3197,4,38,26
9,216,946717,2179,-15976,-3193,7,15,26
9,217,946722,2127,-15950,-3285,10,-9,25
9,218,946727,2094,-15991,-3455,9,-19,27
9,219,946732,2107,-16030,-3542,9,-12,25
9,220,946737,2129,-16102,-3550,9,0,25
9,221,946742,2128,-16140,-3509,9,16,24
9,222,946747,2173,-16060,-3503,8,28,20
9,223,946752,2218,-16074,-3533,7,46,19
9,224,946757,2228,-16051,-3462,9,59,18
9,225,946762,2186,-16008,-3263,9,66,19
9,226,946767,2150,-16013,-3078,8,57,16
9,227,946772,2200,-15955,-3105,9,38,18
9,228,946777,2261,-15956,-3110,9,23,16
9,229,946782,2245,-15928,-3190,11,11,17
9,230,946787,2224,-15942,-3180,14,-1,20
9,231,946792,2214,-16049,-3219,13,-14,22
9,232,946797,2219,-16134,-3240,11,-18,20
9,233,946802,2152,-16123,-3329,10,-11,14
9,234,946807,2104,-16103,-3333,10,4,16
9,235,946812,2123,-16078,-3303,10,16,15
9,236,946817,2155,-16089,-3255,11,23,13
9,237,946822,2095,-16122,-3160,5,24,11
9,238,946827,2158,-16075,-3158,5,13,10
9,239,946832,2225,-16088,-3189,8,5,11
9,240,946837,2239,-16096,-3197,7,2,7
9,241,946842,2158,-16118,-3130,5,-9,9
9,242,946847,2089,-16132,-3110,2,-17,9
9,243,946852,2143,-16157,-3330,2,-21,6
9,244,946857,2208,-16125,-3370,4,-13,5
9,245,946862,2197,-16112,-3292,3,-5,5
9,246,946867,2158,-16044,-3269,2,-6,4
9,247,946872,2209,-15996,-3259,3,-15,3
9,248,946877,2268,-15941,-3273,4,-18,3
9,249,946882,2255,-16005,-3253,4,-18,1
9,250,946887,2190,-16016,-3182,3,-29,3
9,251,946892,2142,-16034,-3202,4,-50,3
9,252,946897,2126,-16018,-3399,4,-64,3
9,253,946902,2070,-16074,-3495,4,-64,2
9,254,946907,2043,-16173,-3552,3,-59,0
9,255,946912,1998,-16217,-3597,5,-52,-3
9,256,946917,2029,-16150,-3650,-2,-35,-6
9,257,946922,2153,-16065,-3744,-3,-8,-9
9,258,946927,2176,-16058,-3717,-1,24,-11
9,259,946932,2142,-16110,-3523,-1,46,-15
9,260,946937,2151,-16136,-3283,-5,45,-20
9,261,946942,2214,-16064,-3235,-4,28,-20
9,262,946947,2227,-16000,-3192,-2,15,-17
9,263,946952,2231,-15996,-3173,0,5,-17
9,264,946957,2170,-16002,-3184,-3,-10,-18
9,265,946962,2187,-15972,-3187,-2,-32,-17
9,266,946967,2221,-15966,-3238,-5,-44,-17
9,267,946972,2192,-16012,-3381,-5,-45,-18
9,268,946977,2164,-16016,-3462,-4,-35,-20
9,269,946982,2160,-15922,-3478,-5,-21,-22
9,270,946987,2161,-15897,-3371,-8,-12,-25
9,271,946992,2121,-15917,-3317,-12,-12,-25
9,272,946997,2086,-15893,-3269,-12,-15,-27
9,273,947002,2159,-15844,-3265,-12,-19,-26
9,274,947007,2129,-15849,-3286,-11,-26,-27
9,275,947012,2161,-15882,-3376,-12,-36,-26
9,276,947017,2182,-15832,-3433,-12,-46,-28
9,277,947022,2167,-15894,-3524,-10,-48,-30
9,278,947027,2066,-15946,-3639,-12,-41,-31
9,279,947032,2021,-15952,-3691,-15,-24,-34
9,280,947037,2048,-15880,-3662,-16,-2,-36
9,281,947042,2153,-15857,-3560,-18,15,-38
9,282,947047,2108,-15889,-3408,-20,26,-39
9,283,947052,2000,-15960,-3326,-19,25,-41
9,284,947057,2001,-15926,-3263,-19,16,-41
9,285,947062,2091,-15892,-3214,-22,3,-42
9,286,947067,2160,-15881,-3237,-20,-8,-40
9,287,947072,2118,-15895,-3221,-19,-19,-40
9,288,947077,2025,-15914,-3281,-19,-35,-40
9,289,947082,2093,-15947,-3424,-22,-50,-41
9,290,947087,2107,-15987,-3492,-17,-48,-41
9,291,947092,2145,-16030,-3554,-20,-39,-46
9,292,947097,2146,-15959,-3555,-20,-28,-44
9,293,947102,2080,-15970,-3569,-19,-25,-45
9,294,947107,2085,-15982,-3581,-20,-23,-45
9,295,947112,2103,-15947,-3573,-17,-16,-45
9,296,947117,2117,-15937,-3494,-19,-11,-45
9,297,947122,2066,-16000,-3438,-20,-11,-43
9,298,947127,2014,-16036,-3463,-19,-23,-41
9,299,947132,2025,-16011,-3562,-17,-29,-43
9,300,947137,2076,-16011,-3577,-18,-27,-46
9,301,947142,2055,-15976,-3612,-19,-17,-44
9,302,947147,2044,-15976,-3644,-16,-6,-44
9,303,947152,2034,-15931,-3663,-18,5,-45
9,304,947157,2121,-15890,-3592,-18,7,-45
9,305,947162,2189,-15862,-3503,-15,8,-48
9,306,947167,2118,-15856,-3462,-16,6,-46
9,307,947172,2107,-15882,-3464,-12,-6,-44
9,308,947177,2080,-15871,-3427,-11,-13,-43
9,309,947182,2142,-15887,-3590,-10,-22,-41
9,310,947187,2156,-15862,-3522,-12,-25,-39
9,311,947192,2044,-15978,-3594,-10,-32,-37
9,312,947197,2133,-15952,-3768,-8,-29,-36
9,313,947202,2184,-15911,-3684,-6,-8,-40
9,314,947207,2133,-15940,-3506,-7,11,-38
9,315,947212,2015,-15926,-3391,-10,17,-37
9,316,947217,2033,-15937,-3334,-8,16,-37
9,317,947222,2170,-15929,-3336,-8,18,-36
9,318,947227,2144,-15909,-3237,-8,16,-34
9,319,947232,2120,-15869,-3133,-7,-4,-32
9,320,947237,2058,-15873,-3205,-6,-30,-32
9,321,947242,2135,-15898,-3377,-6,-46,-26
9,322,947247,2186,-15899,-3488,-4,-44,-25
9,323,947252,2164,-15969,-3494,-3,-31,-25
9,324,947257,2111,-15973,-3514,-3,-25,-23
9,325,947262,2129,-15979,-3603,-5,-21,-23
9,326,947267,2183,-15961,-3588,-7,-8,-22
9,327,947272,2162,-15941,-3502,-6,10,-23
9,328,947277,2211,-15931,-3373,-5,24,-22
9,329,947282,2241,-15895,-3301,-5,24,-22
9,330,947287,2181,-15904,-3211,-6,15,-20
9,331,947292,2126,-15919,-3144,-5,-4,-20
9,332,947297,2088,-15932,-3216,-6,-18,-18
9,333,947302,2258,-15971,-3328,-6,-28,-16
9,334,947307,2388,-15969,-3486,-5,-30,-14
9,335,947312,2331,-15894,-3473,-4,-22,-14
9,336,947317,2218,-15923,-3482,-3,-17,-14
9,337,947322,2222,-15929,-3581,-3,-11,-13
9,338,947327,2294,-15894,-3604,-8,5,-12
9,339,947332,2261,-15893,-3525,-6,18,-10
9,340,947337,2256,-15867,-3375,-6,21,-10
9,341,947342,2300,-15866,-3320,-7,13,-8
9,342,947347,2303,-15873,-3377,-2,-2,-4
9,343,947352,2278,-15939,-3360,-3,-13,-7
9,344,947357,2203,-15899,-3308,-3,-21,-5
9,345,947362,2177,-15871,-3317,-2,-30,-4
9,346,947367,2176,-15924,-3373,-2,-36,-3
9,347,947372,2186,-15937,-3495,-3,-45,0
9,348,947377,2227,-15867,-3518,-1,-43,-1
9,349,947382,2290,-15839,-3507,-2,-32,-2
9,350,947387,2278,-15791,-3508,-2,-28,0
9,351,947392,2258,-15815,-3581,-4,-23,-2
9,352,947397,2272,-15844,-3608,-4,-19,-3
9,353,947402,2409,-15834,-3569,-5,-19,-1
9,354,947407,2341,-15830,-3438,-7,-16,-1
9,355,947412,2191,-15815,-3522,-5,-20,-3
9,356,947417,2115,-15793,-3580,-5,-25,-2
9,357,947422,2148,-15769,-3530,-7,-26,2
9,358,947427,2206,-15761,-3592,-5,-22,3
9,359,947432,2264,-15739,-3530,-4,-15,0
9,360,947437,2254,-15742,-3486,-6,-12,-2
9,361,947442,2275,-15751,-3510,-6,-14,0
9,362,947447,2243,-15755,-3510,-6,-18,1
9,363,947452,2197,-15763,-3426,-7,-23,0
9,364,947457,2119,-15902,-3421,-4,-34,1
9,365,947462,2070,-15913,-3568,-3,-44,2
9,366,947467,2154,-15879,-3626,-6,-44,0
9,367,947472,2211,-15844,-3666,-6,-35,0
9,368,947477,2221,-15866,-3700,-7,-18,-2
9,369,947482,2184,-15880,-3653,-7,-8,-4
9,370,947487,2195,-15889,-3628,-5,0,-3
9,371,947492,2153,-15929,-3451,-6,2,-2
9,372,947497,2176,-15934,-3460,-9,0,-6
9,373,947502,2199,-15902,-3518,-7,-2,-3
9,374,947507,2184,-15882,-3480,-4,-8,-2
9,375,947512,2199,-15830,-3443,-6,-12,-7
9,376,947517,2279,-15800,-3502,-7,-18,-7
9,377,947522,2315,-15804,-3524,-8,-22,-3
9,378,947527,2252,-15830,-3444,-5,-25,-2
9,379,947532,2149,-15842,-3422,-3,-30,2
9,380,947537,2128,-15841,-3439,-4,-40,1
9,381,947542,2132,-15901,-3527,-1,-54,2
9,382,947547,2141,-15956,-3611,-4,-58,2
9,383,947552,2227,-15953,-3700,-2,-51,0
9,384,947557,2166,-15943,-3695,-3,-38,-2
9,385,947562,2047,-15978,-3700,-4,-23,-1
9,386,947567,2119,-15968,-3700,-4,-12,-1
9,387,947572,2137,-15951,-3607,-1,-6,0
9,388,947577,2095,-15961,-3638,-3,-4,-4
9,389,947582,2048,-15931,-3637,0,-8,-4
9,390,947587,2112,-15817,-3690,0,-4,-2
9,391,947592,2229,-15787,-3734,2,8,-1
9,392,947597,2256,-15853,-3593,2,22,-2
9,393,947602,2137,-15896,-3381,2,18,0
9,394,947607,2033,-15888,-3393,3,-3,2
9,395,947612,2101,-15880,-3479,5,-17,3
9,396,947617,2307,-15891,-3575,7,-14,3
9,397,947622,2325,-15920,-3493,6,-5,5
9,398,947627,2191,-15931,-3366,4,-11,2
9,399,947632,2148,-15979,-3464,5,-27,2
9,400,947637,2134,-16008,-3591,10,-31,6
9,401,947642,2148,-15961,-3554,8,-18,6
9,402,947647,2207,-15911,-3554,7,-3,3
9,403,947652,2145,-15930,-3443,8,3,4
9,404,947657,2059,-15983,-3461,10,-6,6
9,405,947662,2098,-15988,-3542,8,-1,9
9,406,947667,2320,-15962,-3501,9,15,6
9,407,947672,2301,-15925,-3335,10,30,8
9,408,947677,2094,-15927,-3184,9,26,5
9,409,947682,1985,-15997,-3236,10,5,6
9,410,947687,2034,-15957,-3330,8,-11,10
9,411,947692,2205,-15951,-3412,8,-8,10
9,412,947697,2250,-15961,-3456,10,5,10
9,413,947702,2186,-15910,-3393,10,7,5
9,414,947707,2214,-15921,-3543,12,2,8
9,415,947712,2304,-15933,-3562,10,5,9
9,416,947717,2299,-15956,-3346,9,19,9
9,417,947722,2185,-15986,-3296,12,20,6
9,418,947727,2123,-15976,-3259,11,14,8
9,419,947732,2161,-15995,-3358,9,-2,8
9,420,947737,2283,-16010,-3390,6,-9,9
9,421,947742,2331,-15949,-3335,6,-8,10
9,422,947747,2343,-15985,-3279,9,-5,7
9,423,947752,2355,-15997,-3301,11,-7,8
9,424,947757,2292,-15992,-3344,10,-13,11
9,425,947762,2225,-15967,-3283,7,-23,11
9,426,947767,2256,-15946,-3262,7,-37,10
9,427,947772,2259,-15907,-3277,9,-47,12
9,428,947777,2187,-15923,-3412,13,-52,10
9,429,947782,2155,-15986,-3451,11,-53,11
9,430,947787,2147,-15938,-3558,9,-51,11
9,431,947792,2239,-15933,-3638,9,-43,10
9,432,947797,2306,-15898,-3654,10,-26,7
9,433,947802,2241,-15896,-3633,9,-10,8
9,434,947807,2043,-15933,-3505,8,-10,5
9,435,947812,2061,-15950,-3518,7,-16,8
9,436,947817,2122,-16009,-3520,3,-13,6
9,437,947822,2164,-16013,-3512,5,-8,3
9,438,947827,2127,-15937,-3467,12,-11,1
9,439,947832,2092,-15904,-3538,10,-17,2
9,440,947837,2150,-15864,-3531,8,-23,2
9,441,947842,2192,-15837,-3518,8,-21,2
9,442,947847,2242,-15792,-3448,6,-20,3
9,443,947852,2222,-15764,-3403,8,-22,1
9,444,947857,2171,-15767,-3415,6,-32,0
9,445,947862,2097,-15788,-3452,8,-46,0
9,446,947867,2122,-15863,-3394,10,-55,2
9,447,947872,2126,-15885,-3421,7,-57,1
9,448,947877,2088,-15863,-3515,7,-55,-1
9,449,947882,2036,-15881,-3668,7,-50,-4
9,450,947887,1949,-15923,-3681,11,-39,-2
9,451,947892,1962,-15946,-3652,8,-30,-2
9,452,947897,1978,-15891,-3583,5,-13,-5
9,453,947902,1964,-15855,-3494,8,2,-8
9,454,947907,1883,-15874,-3481,6,4,-9
9,455,947912,1750,-15933,-3428,6,1,-7
9,456,947917,1775,-15944,-3373,2,-10,-5
9,457,947922,1887,-15933,-3234,-4,-12,-5
9,458,947927,2027,-15917,-3031,-7,-3,0
9,459,947932,2049,-15887,-2952,-13,-9,2
9,460,947937,2084,-15874,-2854,-17,-27,7
9,461,947942,2021,-15903,-2728,-17,-53,10
9,462,947947,1940,-15997,-2778,-21,-89,17
9,463,947952,1928,-16096,-2890,-23,-127,27
9,464,947957,2070,-16211,-2980,-27,-164,38
9,465,947962,1925,-16348,-3009,-31,-194,43
9,466,947967,1859,-16360,-3199,-40,-219,48
9,467,947972,1929,-16300,-3307,-47,-225,57
9,468,947977,1966,-16256,-3560,-51,-217,68
9,469,947982,1862,-16266,-3570,-59,-202,73
9,470,947987,1735,-16292,-3515,-71,-197,83
9,471,947992,1774,-16202,-3502,-82,-198,99
9,472,947997,2095,-16051,-3269,-89,-203,108
9,473,948002,1849,-15905,-3256,-97,-221,117
9,474,948007,1624,-15746,-3410,-100,-257,127
9,475,948012,1611,-15631,-3443,-105,-313,149
9,476,948017,1663,-15690,-3546,-117,-370,169
9,477,948022,1694,-15760,-3699,-125,-414,186
9,478,948027,1797,-15692,-3953,-135,-436,199
9,479,948032,1663,-15521,-4176,-142,-448,213
9,480,948037,1461,-15369,-4407,-148,-456,230
9,481,948042,1223,-15312,-4473,-159,-462,248
9,482,948047,1155,-15295,-4646,-172,-458,265
9,483,948052,1309,-15223,-4526,-187,-432,280
9,484,948057,1185,-15248,-4410,-194,-413,295
9,485,948062,1009,-15238,-4591,-204,-403,310
9,486,948067,894,-15217,-4569,-218,-401,329
9,487,948072,867,-15146,-4304,-233,-397,347
9,488,948077,886,-15202,-4303,-243,-402,366
9,489,948082,579,-15265,-4376,-253,-402,384
9,490,948087,488,-15224,-4492,-263,-417,403
9,491,948092,456,-15060,-4523,-280,-430,418
9,492,948097,519,-15208,-4871,-292,-435,438
9,493,948102,398,-15386,-4903,-302,-423,455
9,494,948107,298,-15354,-4883,-320,-406,472
9,495,948112,130,-15484,-4992,-332,-397,489
9,496,948117,74,-15492,-5060,-345,-387,508
9,497,948122,-84,-15577,-5021,-355,-373,523
9,498,948127,-32,-15550,-5192,-369,-359,537
9,499,948132,-83,-15595,-5262,-382,-341,556
9,500,948137,-78,-15700,-5299,-391,-329,576
9,501,948142,-166,-15734,-5387,-402,-322,590
9,502,948147,-296,-15784,-5552,-417,-313,605
9,503,948152,-207,-15717,-5716,-428,-293,622
9,504,948157,-193,-15612,-5696,-440,-259,639
9,505,948162,-319,-15677,-5588,-450,-233,654
9,506,948167,-476,-15748,-5612,-458,-224,672
9,507,948172,-495,-15683,-5512,-470,-224,691
9,508,948177,-499,-15652,-5480,-481,-228,706
9,509,948182,-530,-15601,-5579,-492,-224,718
9,510,948187,-669,-15582,-5517,-502,-215,733
9,511,948192,-720,-15678,-5507,-506,-224,754
9,512,948197,-769,-15690,-5552,-516,-242,772
9,513,948202,-801,-15743,-5570,-524,-257,785
9,514,948207,-868,-15750,-5923,-528,-261,801
9,515,948212,-951,-15793,-6147,-538,-234,817
9,516,948217,-1000,-15885,-6231,-551,-196,831
9,517,948222,-973,-15945,-6145,-564,-158,840
9,518,948227,-1058,-15852,-5836,-571,-134,852
9,519,948232,-1112,-15865,-5916,-575,-127,862
9,520,948237,-1194,-15810,-6277,-584,-111,871
9,521,948242,-1246,-15833,-6143,-592,-81,882
9,522,948247,-1327,-15774,-5907,-595,-73,897
9,523,948252,-1274,-15904,-5793,-602,-81,908
9,524,948257,-1186,-15875,-6245,-605,-91,918
9,525,948262,-1167,-15778,-5796,-608,-44,922
9,526,948267,-1373,-15820,-5872,-623,-40,930
9,527,948272,-1387,-15847,-5985,-620,-69,943
9,528,948277,-1363,-15813,-5265,-621,-79,952
9,529,948282,-1338,-15897,-5709,-621,-118,962
9,530,948287,-1351,-15961,-6131,-621,-129,970
9,531,948292,-1477,-15914,-6199,-623,-115,971
9,532,948297,-1626,-15903,-6201,-635,-89,984
9,533,948302,-1428,-15828,-6173,-638,-63,989
9,534,948307,-1362,-15775,-5985,-635,-28,991
9,535,948312,-1576,-15714,-5953,-632,-6,989
9,536,948317,-1753,-15729,-6024,-639,-7,991
9,537,948322,-1838,-15718,-5929,-640,-13,993
9,538,948327,-1664,-15655,-5994,-637,-16,995
9,539,948332,-1654,-15537,-5995,-638,4,991
9,540,948337,-1775,-15526,-5958,-637,29,984
9,541,948342,-1989,-15482,-6203,-632,28,983
9,542,948347,-2110,-15449,-6255,-633,23,980
9,543,948352,-1855,-15325,-6248,-635,22,976
9,544,948357,-1756,-15155,-6383,-629,39,966
9,545,948362,-1994,-15014,-6104,-623,77,954
9,546,948367,-2084,-14980,-6409,-611,73,952
9,547,948372,-2174,-15002,-6228,-608,56,945
9,548,948377,-2153,-14983,-5884,-605,24,937
9,549,948382,-2157,-15056,-6062,-595,-18,931
9,550,948387,-2169,-15204,-6369,-590,-30,922
9,551,948392,-2043,-15201,-6520,-585,-20,909
9,552,948397,-1930,-15118,-6532,-582,4,896
9,553,948402,-2089,-15082,-6249,-577,31,880
9,554,948407,-2303,-15075,-6183,-569,37,867
9,555,948412,-2215,-15043,-6433,-567,45,854
9,556,948417,-2057,-14987,-6286,-560,68,836
9,557,948422,-2043,-14853,-5941,-550,76,818
9,558,948427,-2125,-14806,-5839,-544,52,802
9,559,948432,-2115,-14766,-6041,-539,11,788
9,560,948437,-2027,-14747,-6185,-525,-11,773
9,561,948442,-1956,-14654,-5952,-515,-15,759
9,562,948447,-1865,-14610,-5945,-503,-32,740
9,563,948452,-1746,-14484,-6148,-492,-54,719
9,564,948457,-1701,-14359,-6282,-481,-74,703
9,565,948462,-1761,-14209,-6240,-474,-88,686
9,566,948467,-1959,-14176,-6066,-458,-104,666
9,567,948472,-2227,-14245,-6128,-444,-126,647
9,568,948477,-2422,-14309,-6350,-434,-151,630
9,569,948482,-2254,-14433,-6591,-422,-161,611
9,570,948487,-2102,-14511,-6521,-416,-142,587
9,571,948492,-2157,-14589,-6460,-402,-120,565
9,572,948497,-2279,-14605,-6601,-391,-99,540
9,573,948502,-2324,-14622,-6682,-380,-69,512
9,574,948507,-2480,-14731,-6677,-370,-39,488
9,575,948512,-2443,-14772,-6397,-363,-23,460
9,576,948517,-2509,-14762,-6243,-349,-28,437
9,577,948522,-2601,-14717,-6164,-334,-31,410
9,578,948527,-2636,-14850,-6568,-316,-56,385
9,579,948532,-2610,-14761,-6687,-299,-77,358
9,580,948537,-2580,-14644,-6498,-290,-79,330
9,581,948542,-2525,-14619,-6754,-275,-85,298
9,582,948547,-2406,-14548,-6895,-258,-75,272
9,583,948552,-2414,-14475,-6773,-237,-66,242
9,584,948557,-2533,-14302,-6746,-219,-82,212
9,585,948562,-2732,-14169,-6768,-202,-112,187
9,586,948567,-2691,-14061,-6916,-184,-139,164
9,587,948572,-2702,-14111,-7099,-163,-149,136
9,588,948577,-2700,-14130,-7079,-145,-152,109
9,589,948582,-2675,-14017,-7076,-129,-156,81
9,590,948587,-2669,-13987,-7386,-108,-149,49
9,591,948592,-2750,-14023,-7458,-92,-128,18
9,592,948597,-2970,-14131,-7371,-76,-101,-11
9,593,948602,-3009,-14225,-7346,-59,-82,-44
9,594,948607,-2841,-14258,-7258,-42,-57,-75
9,595,948612,-2853,-14155,-7154,-24,-37,-109
9,596,948617,-2988,-14071,-7193,-3,-21,-143
9,597,948622,-3072,-14064,-7249,17,-25,-173
9,598,948627,-2985,-14057,-7200,36,-35,-201
9,599,948632,-2886,-14042,-7145,52,-45,-234
9,600,948637,-2873,-14103,-7230,72,-52,-266
9,601,948659,-2816,-13931,-7777,186,-23,-428
9,602,948660,-2816,-13931,-7777,186,-23,-428
9,603,948661,-2816,-13931,-7777,186,-23,-428
9,604,948662,-2816,-13931,-7777,186,-23,-428
9,605,948663,-2754,-13967,-7461,208,-1,-460
9,606,948667,-2751,-14039,-7579,232,1,-491
9,607,948672,-2812,-14088,-7313,252,-1,-526
9,608,948677,-2780,-14066,-7364,275,-16,-557
9,609,948682,-2776,-14132,-7545,300,-15,-590
9,610,948687,-2830,-14138,-7622,322,1,-622
9,611,948692,-2781,-14134,-7730,342,23,-653
9,612,948697,-2569,-14183,-7584,360,60,-684
9,613,948702,-2514,-14275,-7449,379,100,-717
9,614,948707,-2713,-14435,-7171,402,133,-754
9,615,948712,-2841,-14484,-7279,423,142,-787
9,616,948717,-2663,-14467,-7456,441,157,-816
9,617,948722,-2319,-14568,-7510,465,183,-845
9,618,948727,-2125,-14623,-7248,485,216,-880
9,619,948732,-2325,-14702,-6908,507,233,-917
9,620,948737,-2433,-14838,-6960,529,226,-946
9,621,948742,-2380,-14872,-6868,549,225,-975
9,622,948747,-2246,-15002,-6842,571,225,-1007
9,623,948752,-2207,-15045,-6758,593,230,-1033
9,624,948757,-2204,-15094,-6745,614,225,-1063
9,625,948762,-2108,-15127,-6836,632,222,-1091
9,626,948767,-2002,-15228,-7018,646,242,-1118
9,627,948772,-1735,-15267,-7028,661,280,-1146
9,628,948777,-1494,-15333,-6701,680,331,-1174
9,629,948782,-1363,-15310,-6394,697,365,-1201
9,630,948787,-1544,-15392,-6145,719,372,-1226
9,631,948792,-1682,-15388,-6363,741,355,-1250
9,632,948797,-1365,-15366,-6287,749,350,-1269
9,633,948802,-804,-15243,-6082,760,372,-1290
9,634,948807,-741,-15286,-5422,779,394,-1315
9,635,948812,-1020,-15463,-5307,800,368,-1334
9,636,948817,-1127,-15637,-5168,817,314,-1347
9,637,948822,-710,-15820,-5220,823,261,-1356
9,638,948827,-293,-15974,-5103,826,251,-1381
9,639,948832,-549,-15976,-4708,833,256,-1406
9,640,948837,-935,-15893,-4848,848,232,-1423
9,641,948842,-734,-15830,-5414,859,197,-1432
9,642,948847,-497,-15864,-5402,870,197,-1443
9,643,948852,-276,-15778,-4876,864,218,-1462
9,644,948857,-281,-15764,-4665,870,225,-1477
9,645,948862,-263,-15753,-5077,873,224,-1490
9,646,948867,-351,-15782,-4841,883,238,-1500
9,647,948872,-438,-15951,-4538,890,216,-1506
9,648,948877,-292,-16194,-4581,892,170,-1509
9,649,948882,179,-16163,-4610,890,147,-1515
9,650,948887,545,-16124,-4838,894,165,-1526
9,651,948892,571,-16167,-4613,892,204,-1536
9,652,948897,404,-16143,-4579,896,207,-1541
9,653,948902,372,-16202,-4264,896,183,-1539
9,654,948907,435,-16296,-4385,899,136,-1534
9,655,948912,803,-16338,-4231,898,109,-1533
9,656,948917,1023,-16292,-4076,895,85,-1534
9,657,948922,1186,-16230,-4394,897,56,-1536
9,658,948927,1195,-16154,-4513,900,44,-1531
9,659,948932,1084,-16216,-4725,895,27,-1520
9,660,948937,1175,-16235,-4515,888,17,-1516
9,661,948942,1346,-16138,-4610,880,3,-1511
9,662,948947,1358,-16143,-4497,886,14,-1504
9,663,948952,1335,-16095,-4735,887,11,-1498
9,664,948957,1440,-16147,-5099,880,1,-1485
9,665,948962,1440,-16151,-4937,876,13,-1476
9,666,948967,1173,-16455,-4632,873,33,-1464
9,667,948972,1406,-16594,-4948,858,46,-1444
9,668,948977,2441,-16619,-4839,841,103,-1426
9,669,948982,3024,-16498,-4085,830,179,-1419
9,670,948987,1955,-17287,-4097,833,213,-1410
9,671,948992,1329,-23710,-11858,880,347,-1377
9,672,948997,5515,-31372,-28153,990,1544,-1368
9,673,949002,-23708,-19257,-29169,625,4090,-1178
9,674,949007,-32768,-12573,-6804,-225,4637,-242
9,675,949012,-12689,-5448,24296,-767,2353,845
9,676,949017,32767,-13142,32767,-817,1384,1040
9,677,949022,24375,-21700,30214,-484,1464,610
9,678,949027,-19981,-12897,-4630,449,-3070,66
9,679,949032,-32768,-10672,-24864,155,-6828,655
9,680,949037,32767,-15120,-27889,-396,-4125,969
9,681,949042,12342,-16012,-1744,-409,1727,409
9,682,949047,-21765,-13543,267,-227,2153,176
9,683,949052,-18698,-12105,-23702,-68,60,551
9,684,949057,6725,-12823,-16060,-298,87,801
9,685,949062,17019,-14192,3471,-449,1053,625
9,686,949067,2508,-14793,11257,-423,1553,338
9,687,949072,-12007,-13960,286,-230,776,304
9,688,949077,-6587,-14091,-13703,-91,-371,548
9,689,949082,4832,-14265,-8248,-228,-710,651
9,690,949087,6956,-15324,627,-370,-535,546
9,691,949092,1149,-15847,1023,-362,-208,415
9,692,949097,-3485,-15542,-8193,-216,-229,382
9,693,949102,-2395,-15029,-17640,-133,-296,445
9,694,949107,1125,-15079,-9649,-243,159,478
9,695,949112,3720,-15413,-360,-387,540,428
9,696,949117,2429,-16463,-87,-365,542,362
9,697,949122,-388,-16248,-4827,-236,331,321
9,698,949127,-1225,-15794,-7820,-170,67,338
9,699,949132,57,-15718,-6338,-223,17,371
9,700,949137,2555,-16072,-3992,-306,160,365
9,701,949142,3081,-16369,-2244,-295,282,327
9,702,949147,1829,-16281,-4456,-227,216,285
9,703,949152,193,-16085,-6668,-183,161,277
9,704,949157,563,-16132,-6320,-206,199,290
9,705,949162,2287,-16254,-5049,-249,283,296
9,706,949167,3090,-16384,-2998,-255,374,271
9,707,949172,2079,-16514,-3000,-217,380,236
9,708,949177,712,-16487,-4538,-183,326,224
9,709,949182,788,-16408,-5447,-181,272,235
9,710,949187,2021,-16424,-4435,-206,269,241
9,711,949192,2774,-16601,-3179,-221,305,222
9,712,949197,2198,-16671,-3111,-206,334,194
9,713,949202,1308,-16573,-4160,-166,319,183
9,714,949207,1302,-16442,-4702,-156,281,188
9,715,949212,2097,-16393,-4435,-170,256,190
9,716,949217,2720,-16346,-3495,-182,273,179
9,717,949222,2586,-16311,-3206,-171,291,158
9,718,949227,2102,-16212,-3793,-147,285,146
9,719,949232,1886,-16222,-4347,-129,241,148
9,720,949237,2133,-16151,-4115,-135,191,152
9,721,949242,2585,-16056,-3554,-137,159,149
9,722,949247,2664,-16016,-3702,-130,153,138
9,723,949252,2383,-15892,-4162,-114,174,125
9,724,949257,2170,-15832,-4402,-99,182,120
9,725,949262,2242,-15803,-4348,-99,160,117
9,726,949267,2446,-15698,-3938,-99,144,111
9,727,949272,2467,-15648,-3958,-95,145,99
9,728,949277,2193,-15563,-4185,-84,174,86
9,729,949282,2021,-15456,-4442,-72,200,78
9,730,949287,2106,-15310,-4254,-66,198,74
9,731,949292,2355,-15240,-3878,-65,173,69
9,732,949297,2427,-15210,-3803,-60,147,62
9,733,949302,2229,-15206,-3891,-51,136,53
9,734,949307,1943,-15217,-3976,-34,118,46
9,735,949312,1936,-15267,-4100,-27,75,42
9,736,949317,2111,-15205,-4059,-25,37,38
9,737,949322,2201,-15213,-4106,-17,13,31
9,738,949327,2073,-15328,-4242,-9,12,19
9,739,949332,1891,-15339,-4517,3,20,11
9,740,949337,1901,-15281,-4562,9,28,4
9,741,949342,1977,-15304,-4425,12,27,0
9,742,949347,2041,-15399,-4320,15,35,-10
9,743,949352,1973,-15457,-4335,22,43,-23
9,744,949357,1757,-15555,-4487,32,54,-31
9,745,949362,1722,-15550,-4739,40,65,-38
9,746,949367,1799,-15489,-4705,40,82,-46
9,747,949372,1867,-15501,-4614,43,104,-54
9,748,949377,1870,-15460,-4567,44,133,-63
9,749,949382,1747,-15551,-4552,52,156,-75
9,750,949387,1731,-15570,-4615,61,160,-82
9,751,949392,1788,-15566,-4540,66,152,-83
9,752,949397,1878,-15551,-4504,72,143,-90
9,753,949402,1777,-15519,-4719,86,134,-104
9,754,949407,1746,-15574,-4798,89,135,-109
9,755,949412,1756,-15639,-4760,90,142,-111
9,756,949417,1922,-15729,-4668,91,143,-117
9,757,949422,1996,-15825,-4533,97,146,-123
9,758,949427,1806,-15889,-4542,104,150,-131
9,759,949432,1644,-15840,-4772,111,149,-137
9,760,949437,1821,-15791,-4866,111,159,-137
9,761,949442,1899,-15803,-4645,110,176,-138
9,762,949447,1890,-15866,-4464,113,185,-143
9,763,949452,1838,-15876,-4469,117,187,-147
9,764,949457,1968,-15782,-4631,119,184,-149
9,765,949462,2153,-15732,-4662,124,195,-148
9,766,949467,2205,-15715,-4372,124,208,-149
9,767,949472,2069,-15773,-4055,125,194,-151
9,768,949477,2005,-15861,-4099,128,164,-148
9,769,949482,2041,-15820,-4232,131,132,-149
9,770,949487,2070,-15761,-4242,132,106,-146
9,771,949492,2090,-15791,-4317,133,87,-143
9,772,949497,2102,-15835,-4350,132,77,-142
9,773,949502,2169,-15815,-4472,130,78,-142
9,774,949507,2172,-15752,-4522,127,95,-141
9,775,949512,2066,-15779,-4496,126,113,-139
9,776,949517,2071,-15810,-4475,122,123,-138
9,777,949522,2116,-15740,-4344,121,135,-139
9,778,949527,2120,-15631,-4320,116,138,-138
9,779,949532,2123,-15569,-4357,117,144,-134
9,780,949537,2116,-15585,-4349,118,148,-134
9,781,949542,2136,-15690,-4348,113,147,-133
9,782,949547,2229,-15725,-4244,108,140,-129
9,783,949552,2333,-15666,-4125,106,131,-123
9,784,949557,2429,-15587,-4149,105,126,-119
9,785,949562,2412,-15561,-4134,106,120,-116
9,786,949567,2338,-15613,-3987,106,102,-109
9,787,949572,2239,-15684,-3967,103,66,-109
9,788,949577,2267,-15654,-4011,98,24,-102
9,789,949582,2364,-15626,-4169,99,-1,-95
9,790,949587,2368,-15554,-4374,100,-8,-89
9,791,949592,2241,-15540,-4394,100,-7,-89
9,792,949597,2149,-15520,-4455,96,-12,-86
9,793,949602,2120,-15550,-4389,94,-23,-80
9,794,949607,2170,-15636,-4313,92,-28,-75
9,795,949612,2226,-15686,-4308,92,-26,-75
9,796,949617,2161,-15701,-4268,90,-23,-75
9,797,949622,2057,-15665,-4302,91,-31,-70
9,798,949627,1989,-15734,-4429,90,-35,-64
9,799,949632,1997,-15794,-4430,87,-30,-63
9,800,949637,2071,-15759,-4351,81,-19,-63
9,801,949642,2084,-15751,-4315,78,-7,-65
9,802,949647,2029,-15746,-4369,78,-1,-62
9,803,949652,2022,-15726,-4480,76,0,-59
9,804,949657,2071,-15714,-4407,74,-1,-56
9,805,949662,2135,-15657,-4235,73,-3,-53
9,806,949667,2051,-15808,-4208,72,-9,-51
9,807,949672,1945,-15897,-4345,69,-20,-49
9,808,949677,1984,-15898,-4416,68,-23,-51
9,809,949682,2045,-15832,-4465,62,-24,-50
9,810,949687,2145,-15794,-4459,60,-17,-45
9,811,949692,2031,-15805,-4484,62,-4,-41
9,812,949697,1887,-15812,-4443,62,11,-44
9,813,949702,1853,-15855,-4413,58,16,-43
9,814,949707,2006,-15907,-4353,53,17,-40
9,815,949712,2135,-15885,-4248,49,23,-41
9,816,949717,2215,-15797,-4192,51,22,-40
9,817,949722,2065,-15773,-4202,56,17,-40
9,818,949727,1920,-15786,-4258,54,-2,-36
9,819,949732,1873,-15810,-4278,49,-23,-33
9,820,949737,1991,-15823,-4414,49,-29,-34
9,821,949742,2129,-15788,-4480,46,-20,-32
9,822,949747,2015,-15753,-4491,47,2,-33
9,823,949752,1952,-15672,-4546,45,17,-37
9,824,949757,1974,-15590,-4504,44,23,-36
9,825,949762,2049,-15531,-4387,42,31,-33
9,826,949767,2178,-15523,-4146,39,32,-30
9,827,949772,2055,-15602,-4086,44,1,-27
9,828,949777,2036,-15583,-4242,40,-27,-25
9,829,949782,2069,-15552,-4266,38,-41,-21
9,830,949787,2144,-15577,-4326,35,-35,-19
9,831,949792,2180,-15625,-4381,32,-16,-17
9,832,949797,2104,-15681,-4352,33,-4,-19
9,833,949802,1996,-15689,-4345,32,-4,-19
9,834,949807,2028,-15705,-4408,29,-5,-16
9,835,949812,2138,-15673,-4463,25,6,-20
9,836,949817,2148,-15660,-4290,27,25,-19
9,837,949822,2013,-15650,-4267,24,36,-20
9,838,949827,1981,-15643,-4231,25,35,-20
9,839,949832,2002,-15629,-4158,23,25,-19
9,840,949837,2029,-15676,-4202,22,21,-17
9,841,949842,2080,-15766,-4115,20,25,-14
9,842,949847,2203,-15774,-3998,18,23,-13
9,843,949852,2267,-15722,-3870,13,18,-11
9,844,949857,2266,-15733,-3866,14,9,-8
9,845,949862,2212,-15747,-3964,17,-4,-6
9,846,949867,2195,-15785,-3959,16,-9,-5
9,847,949872,2234,-15749,-3904,8,-16,-3
9,848,949877,2335,-15716,-3856,6,-28,1
9,849,949882,2329,-15717,-3888,10,-41,1
9,850,949887,2253,-15754,-4039,11,-50,5
9,851,949892,2199,-15792,-4118,8,-53,6
9,852,949897,2184,-15771,-4120,7,-49,9
9,853,949902,2196,-15719,-4104,3,-46,9
9,854,949907,2079,-15748,-4122,3,-47,11
9,855,949912,1988,-15763,-4257,2,-45,12
9,856,949917,2008,-15741,-4283,-2,-41,12
9,857,949922,2035,-15674,-4277,-4,-33,11
9,858,949927,2114,-15720,-4274,-5,-16,12
9,859,949932,2053,-15723,-4238,-4,-7,12
9,860,949937,1938,-15723,-4207,-3,-3,10
9,861,949942,1924,-15678,-4276,-5,-9,12
9,862,949947,1967,-15697,-4290,-5,-11,17
9,863,949952,2043,-15710,-4229,-7,-4,14
9,864,949957,2060,-15722,-4162,-7,-5,14
9,865,949962,2045,-15786,-4175,-5,-14,15
9,866,949967,2058,-15762,-4246,-4,-22,13
9,867,949972,2068,-15721,-4270,-7,-20,14
9,868,949977,2136,-15662,-4278,-7,-14,16
9,869,949982,2095,-15713,-4231,-6,-8,17
9,870,949987,1985,-15791,-4214,-6,-12,16
9,871,949992,1969,-15850,-4269,-7,-26,18
9,872,949997,2025,-15820,-4314,-6,-36,19
9,873,950002,2142,-15815,-4374,-6,-27,18
9,874,950007,2112,-15798,-4430,-7,-9,17
9,875,950012,1998,-15775,-4391,-6,6,14
9,876,950017,1996,-15670,-4341,-4,10,17
9,877,950022,2045,-15602,-4300,-6,11,18
9,878,950027,2095,-15625,-4205,-4,15,19
9,879,950032,2005,-15783,-4088,-3,14,16
9,880,950037,1871,-16010,-4130,-6,-4,18
9,881,950042,1984,-16045,-4180,-6,-21,17
9,882,950047,2129,-15933,-4257,-7,-20,18
9,883,950052,2179,-15830,-4364,-6,2,15
9,884,950057,2087,-15835,-4285,-4,27,15
9,885,950062,2027,-15819,-4121,-8,36,15
9,886,950067,2066,-15739,-4082,-8,22,13
9,887,950072,2191,-15622,-4026,-7,12,15
9,888,950077,2253,-15512,-4079,-6,7,17
9,889,950082,2268,-15402,-4040,-3,-4,18
9,890,950087,2275,-15325,-4080,-2,-26,18
9,891,950092,2296,-15332,-4160,0,-58,24
9,892,950097,2193,-15535,-4068,3,-84,29
9,893,950102,1890,-15909,-4056,3,-105,31
9,894,950107,1753,-16186,-4354,-1,-117,24
9,895,950112,2024,-16173,-4601,-2,-97,21
9,896,950117,2267,-16058,-4788,-3,-44,22
9,897,950122,2297,-16000,-4765,-4,28,14
9,898,950127,2023,-16008,-4407,-4,86,10
9,899,950132,1892,-15994,-4059,-5,102,14
9,900,950137,1944,-15876,-3781,-9,95,12
9,901,950142,2051,-15755,-3792,-4,48,14
9,902,950147,2047,-15666,-3839,-4,13,12
9,903,950152,2058,-15598,-4047,-1,-22,17
9,904,950157,2098,-15600,-4217,-1,-35,18
9,905,950162,2131,-15714,-4261,-1,-27,18
9,906,950167,2036,-15816,-4146,-3,-11,16
9,907,950172,1952,-15893,-4115,0,-14,17
9,908,950177,2069,-15943,-4262,-1,-20,18
9,909,950182,2132,-15954,-4277,-1,-12,15
9,910,950187,2122,-15900,-4215,-3,2,15
9,911,950192,2046,-15844,-4175,-2,17,12
9,912,950197,2051,-15750,-4207,-1,22,11
9,913,950202,2107,-15669,-4189,0,24,13
9,914,950207,2122,-15611,-4066,4,17,13
9,915,950212,2072,-15615,-3971,2,10,10
9,916,950217,2093,-15669,-4002,1,-6,10
9,917,950222,2143,-15642,-4054,3,-20,13
9,918,950227,2214,-15694,-4079,5,-26,15
9,919,950232,2096,-15781,-4114,7,-27,15
9,920,950237,1987,-15838,-4181,5,-27,11
9,921,950242,1985,-15837,-4279,1,-21,11
9,922,950247,2039,-15827,-4284,0,2,9
9,923,950252,2138,-15811,-4224,1,26,9
9,924,950257,2087,-15779,-4058,0,44,4
9,925,950262,2005,-15723,-3917,-1,37,3
9,926,950267,1995,-15669,-3910,3,17,5
9,927,950272,2036,-15642,-3990,2,-3,6
9,928,950277,2081,-15638,-4002,5,-18,8
9,929,950282,2108,-15661,-4130,4,-26,9
9,930,950287,2164,-15656,-4218,6,-32,8
9,931,950292,2079,-15674,-4230,8,-35,7
9,932,950297,2018,-15715,-4345,6,-21,3
9,933,950302,2002,-15689,-4355,1,-5,2
9,934,950307,2092,-15638,-4313,4,12,1
9,935,950312,2089,-15642,-4248,5,29,2
9,936,950317,2025,-15650,-4167,7,31,2
9,937,950322,1995,-15692,-4066,7,22,-1
9,938,950327,2039,-15792,-4037,9,15,2
9,939,950332,2103,-15742,-4062,8,8,1
9,940,950337,2088,-15695,-4005,10,4,1
9,941,950342,1999,-15789,-4039,10,-1,2
9,942,950347,2004,-15893,-4134,9,-11,0
9,943,950352,2114,-15965,-4251,9,-17,-2
9,944,950357,2170,-15910,-4243,9,-12,-3
9,945,950362,2089,-15844,-4210,11,8,-5
9,946,950367,2000,-15796,-4262,11,20,-5
9,947,950372,2013,-15766,-4241,8,27,-6
9,948,950377,2047,-15767,-4106,9,28,-5
9,949,950382,2095,-15755,-4002,9,19,-5
9,950,950387,2103,-15844,-3929,12,7,-9
9,951,950392,2023,-15850,-4048,13,-6,-6
9,952,950397,2023,-15872,-4180,11,-12,-6
9,953,950402,2146,-15838,-4199,14,-12,-6
9,954,950407,2261,-15784,-4102,12,-5,-7
9,955,950412,2187,-15783,-4079,13,3,-8
9,956,950417,2006,-15815,-4121,14,-3,-9
9,957,950422,2012,-15834,-4114,13,-12,-9
9,958,950427,2046,-15837,-4157,12,-21,-4
9,959,950432,2144,-15805,-4176,14,-23,-5
9,960,950437,2093,-15762,-4213,15,-20,-9
9,961,950442,2044,-15781,-4273,18,-16,-10
9,962,950447,1962,-15811,-4304,16,-14,-10
9,963,950452,2024,-15764,-4351,14,-9,-10
9,964,950457,2122,-15726,-4207,14,3,-14
9,965,950462,2100,-15689,-4074,16,12,-10
9,966,950467,2040,-15695,-4116,14,6,-13
9,967,950472,2060,-15654,-4126,16,1,-12
9,968,950477,2155,-15640,-4028,18,1,-9
9,969,950482,2144,-15629,-3972,16,-4,-12
9,970,950487,2071,-15663,-3971,16,-14,-14
9,971,950492,1963,-15744,-4050,18,-30,-11
9,972,950497,2022,-15784,-4191,15,-39,-13
9,973,950502,2135,-15702,-4187,12,-32,-13
9,974,950507,2066,-15770,-4232,14,-7,-13
9,975,950512,1994,-15751,-4212,16,-4,-15
9,976,950517,2008,-15748,-4139,14,-7,-17
9,977,950522,2035,-15778,-4174,14,-4,-14
9,978,950527,2079,-15773,-4077,15,-1,-15
9,979,950532,2115,-15777,-4004,15,0,-17
9,980,950537,2015,-15797,-4047,17,-10,-14
9,981,950542,1997,-15782,-4075,17,-21,-15
9,982,950547,2091,-15762,-4205,15,-23,-19
9,983,950552,2142,-15730,-4177,14,-9,-17
9,984,950557,2047,-15700,-4191,15,5,-17
9,985,950562,2068,-15636,-4156,15,17,-17
9,986,950567,2121,-15619,-4077,14,18,-16
9,987,950572,2051,-15678,-3998,10,16,-16
9,988,950577,1999,-15784,-3979,10,1,-15
9,989,950582,2088,-15785,-4025,12,-8,-17
9,990,950587,2220,-15751,-4087,11,-7,-16
9,991,950592,2226,-15724,-4106,12,-3,-17
9,992,950597,2080,-15715,-4070,12,-2,-16
9,993,950602,1958,-15821,-4007,11,-7,-14
9,994,950607,1921,-15955,-4058,10,-12,-15
9,995,950612,2039,-15955,-4062,10,-8,-14
9,996,950617,2139,-15912,-4116,10,1,-16
9,997,950622,2131,-15887,-4181,8,9,-18
9,998,950627,2064,-15834,-4149,7,15,-17
9,999,950632,2047,-15783,-4081,9,13,-15
10,0,957572,2970,-15552,-4021,8,-26,9
10,1,957577,2955,-15545,-4102,6,-24,10
10,2,957582,2938,-15524,-4053,5,-20,9
10,3,957587,2939,-15516,-4055,4,-20,7
10,4,957592,2919,-15502,-4045,5,-23,10
10,5,957597,2925,-15544,-4031,7,-20,9
10,6,957602,2848,-15540,-4013,3,-17,8
10,7,957607,2801,-15564,-4055,2,-15,7
10,8,957612,2800,-15580,-4012,1,-10,4
10,9,957617,2808,-15640,-3948,1,-7,6
10,10,957622,2802,-15650,-3897,-1,-5,5
10,11,957627,2759,-15692,-3974,0,-6,2
10,12,957632,2794,-15709,-3966,1,-10,1
10,13,957637,2800,-15742,-3935,2,-12,5
10,14,957642,2807,-15749,-3907,1,-12,4
10,15,957647,2828,-15817,-3967,3,-14,1
10,16,957652,2838,-15800,-3992,0,-12,-1
10,17,957657,2844,-15823,-3965,-3,-10,-1
10,18,957662,2847,-15786,-3941,1,-14,0
10,19,957667,2958,-15819,-3929,1,-15,1
10,20,957672,2969,-15786,-3960,0,-17,-2
10,21,957677,2963,-15727,-3987,0,-19,0
10,22,957682,2932,-15719,-4016,-3,-23,2
10,23,957687,2948,-15669,-4022,-3,-24,0
10,24,957692,2942,-15605,-4016,1,-24,-1
10,25,957697,2939,-15551,-3995,2,-24,0
10,26,957702,2907,-15496,-4039,4,-23,4
10,27,957707,2871,-15485,-4030,2,-23,2
10,28,957712,2808,-15524,-3915,0,-28,2
10,29,957717,2781,-15495,-3901,0,-36,5
10,30,957722,2747,-15480,-3998,2,-49,4
10,31,957727,2773,-15417,-4129,1,-51,2
10,32,957732,2795,-15402,-4162,3,-43,1
10,33,957737,2804,-15431,-4183,6,-37,4
10,34,957742,2811,-15449,-4218,5,-29,4
10,35,957747,2832,-15441,-4189,5,-24,2
10,36,957752,2787,-15499,-4134,6,-18,4
10,37,957757,2780,-15543,-4115,6,-15,6
10,38,957762,2776,-15583,-4115,6,-11,5
10,39,957767,2797,-15652,-4086,10,-12,6
10,40,957772,2788,-15682,-4057,10,-7,8
10,41,957777,2821,-15747,-4059,8,-3,9
10,42,957782,2798,-15709,-4000,8,10,7
10,43,957787,2818,-15747,-3929,11,20,8
10,44,957792,2810,-15824,-3858,11,28,9
10,45,957797,2775,-15829,-3703,12,24,9
10,46,957802,2721,-15826,-3617,10,14,10
10,47,957807,2754,-15891,-3602,12,-1,12
10,48,957812,2840,-15934,-3709,14,-9,14
10,49,957817,2889,-15963,-3755,13,-12,12
10,50,957822,2857,-15935,-3675,10,-16,16
10,51,957827,2864,-15903,-3797,10,-20,18
10,52,957832,2911,-15908,-3924,11,-17,18
10,53,957837,2919,-15911,-4046,14,-4,20
10,54,957842,2890,-15865,-4045,11,11,21
10,55,957847,2871,-15818,-4007,10,22,21
10,56,957852,2910,-15748,-4012,10,31,21
10,57,957857,2898,-15643,-3948,11,42,25
10,58,957862,2875,-15613,-3810,13,52,26
10,59,957867,2846,-15669,-3790,11,53,26
10,60,957872,2918,-15575,-3669,10,42,31
10,61,957877,2870,-15492,-3532,10,28,32
10,62,957882,2891,-15579,-3622,14,5,34
10,63,957887,2823,-15610,-3658,12,-3,38
10,64,957892,2850,-15665,-3663,8,-19,42
10,65,957897,2961,-15681,-3756,11,-38,42
10,66,957902,2968,-15704,-3892,12,-45,41
10,67,957907,2996,-15709,-3991,11,-41,44
10,68,957912,2992,-15725,-4014,13,-43,47
10,69,957917,2961,-15765,-4059,14,-48,50
10,70,957922,2912,-15890,-4040,14,-48,51
10,71,957927,2837,-15955,-4000,17,-46,52
10,72,957932,2789,-15980,-3984,19,-36,51
10,73,957937,2737,-16001,-3951,17,-26,53
10,74,957942,2712,-16016,-3907,17,-14,52
10,75,957947,2695,-16053,-3841,19,-7,53
10,76,957952,2633,-16067,-3795,15,-2,52
10,77,957957,2572,-16079,-3762,13,2,52
10,78,957962,2645,-16040,-3781,11,8,51
10,79,957967,2700,-16003,-3748,11,13,51
10,80,957972,2739,-15963,-3623,10,11,50
10,81,957977,2734,-15932,-3670,7,3,50
10,82,957982,2738,-15881,-3709,8,-15,51
10,83,957987,2836,-15810,-3870,12,-33,52
10,84,957992,2926,-15771,-4076,11,-40,54
10,85,957997,2917,-15716,-4185,13,-38,57
10,86,958002,2850,-15709,-4239,11,-38,54
10,87,958007,2802,-15619,-4264,9,-31,55
10,88,958012,2810,-15559,-4239,8,-18,54
10,89,958017,2827,-15521,-4161,10,1,55
10,90,958022,2756,-15526,-4046,9,10,56
10,91,958027,2739,-15573,-3888,8,10,55
10,92,958032,2721,-15553,-3853,7,-1,56
10,93,958037,2698,-15518,-3828,7,-12,54
10,94,958042,2721,-15527,-3905,8,-17,55
10,95,958047,2675,-15555,-3905,6,-11,57
10,96,958052,2652,-15464,-3824,3,-10,54
10,97,958057,2663,-15464,-3851,-2,-12,53
10,98,958062,2686,-15467,-3914,-4,-9,51
10,99,958067,2630,-15479,-3920,-3,-4,53
10,100,958072,2556,-15545,-3926,-6,-1,55
10,101,958077,2535,-15613,-3939,-5,-9,54
10,102,958082,2501,-15637,-4000,-6,-13,48
10,103,958087,2529,-15664,-4071,-5,-4,50
10,104,958092,2497,-15712,-4097,-9,12,49
10,105,958097,2528,-15760,-4026,-14,31,46
10,106,958102,2583,-15745,-3881,-15,39,45
10,107,958107,2623,-15702,-3887,-16,40,42
10,108,958112,2613,-15712,-3947,-16,38,42
10,109,958117,2589,-15693,-3948,-18,36,42
10,110,958122,2602,-15667,-3926,-19,30,43
10,111,958127,2702,-15689,-3957,-17,25,43
10,112,958132,2697,-15717,-3891,-17,16,42
10,113,958137,2675,-15753,-3973,-19,10,39
10,114,958142,2627,-15789,-4023,-17,5,45
10,115,958147,2557,-15887,-4062,-21,8,45
10,116,958152,2568,-15976,-4109,-24,14,40
10,117,958157,2553,-15981,-4088,-25,18,42
10,118,958162,2535,-15997,-4116,-26,26,40
10,119,958167,2538,-15960,-4102,-24,40,38
10,120,958172,2486,-15982,-4026,-29,54,37
10,121,958177,2412,-16012,-3967,-27,59,37
10,122,958182,2338,-16081,-3838,-29,60,35
10,123,958187,2414,-16119,-3898,-29,47,37
10,124,958192,2448,-16104,-3959,-27,43,37
10,125,958197,2405,-16119,-3970,-28,42,36
10,126,958202,2388,-16084,-3944,-31,41,36
10,127,958207,2492,-16015,-3885,-31,40,36
10,128,958212,2554,-16019,-3883,-31,41,36
10,129,958217,2488,-16024,-3876,-30,37,37
10,130,958222,2459,-15975,-3919,-26,24,37
10,131,958227,2500,-15896,-3954,-32,7,37
10,132,958232,2505,-15878,-4052,-32,-4,40
10,133,958237,2463,-15920,-4144,-27,-11,41
10,134,958242,2396,-15943,-4277,-26,-2,39
10,135,958247,2330,-15918,-4476,-26,17,38
10,136,958252,2278,-15904,-4635,-26,99,35
10,137,958257,2279,-15974,-4502,-28,145,35
10,138,958262,2338,-15991,-4186,-33,186,31
10,139,958267,2283,-16027,-3893,-36,207,26
10,140,958272,2221,-15915,-3755,-33,213,26
10,141,958277,2232,-15862,-3528,-33,205,28
10,142,958282,2449,-15807,-3421,-36,188,28
10,143,958287,2536,-15739,-3256,-37,162,30
10,144,958292,2536,-15688,-3264,-34,120,34
10,145,958297,2527,-15535,-3505,-32,74,36
10,146,958302,2620,-15477,-3823,-29,39,43
10,147,958307,2683,-15513,-4066,-28,22,47
10,148,958312,2699,-15577,-4289,-32,18,49
10,149,958317,2727,-15586,-4396,-29,21,49
10,150,958322,2711,-15636,-4487,-23,31,50
10,151,958327,2689,-15687,-4751,-20,53,49
10,152,958332,2714,-15632,-4783,-19,83,50
10,153,958337,2717,-15609,-4656,-20,118,53
10,154,958342,2694,-15632,-4391,-23,143,54
10,155,958347,2619,-15613,-4156,-22,156,54
10,156,958352,2444,-15582,-4058,-18,154,54
10,157,958357,2324,-15610,-4098,-15,143,55
10,158,958362,2327,-15575,-4040,-17,144,56
10,159,958367,2316,-15555,-4010,-19,146,55
10,160,958372,2244,-15525,-4008,-18,148,52
10,161,958377,2154,-15513,-4079,-17,149,54
10,162,958382,2113,-15542,-4060,-17,150,53
10,163,958387,2142,-15543,-4092,-18,146,56
10,164,958392,2216,-15541,-4023,-17,149,52
10,165,958397,2279,-15527,-4056,-15,146,49
10,166,958402,2295,-15505,-4194,-14,140,47
10,167,958407,2300,-15434,-4358,-13,135,47
10,168,958412,2259,-15394,-4132,-14,140,46
10,169,958417,2210,-15289,-4162,-14,139,44
10,170,958422,2228,-15220,-4086,-12,143,44
10,171,958427,2227,-15140,-4206,-8,149,45
10,172,958432,2170,-15123,-4106,-7,156,42
10,173,958437,2178,-15136,-4074,-10,155,38
10,174,958442,2117,-15182,-4014,-8,151,37
10,175,958447,2053,-15233,-4034,-6,153,34
10,176,958452,2020,-15272,-4124,-7,168,30
10,177,958457,2038,-15350,-4130,-7,193,28
10,178,958462,2182,-15431,-4094,-10,216,26
10,179,958467,2334,-15504,-3963,-12,235,21
10,180,958472,2458,-15494,-3885,-11,245,15
10,181,958477,2533,-15464,-3759,-11,247,12
10,182,958482,2612,-15461,-3711,-11,238,11
10,183,958487,2661,-15529,-3556,-13,219,15
10,184,958492,2735,-15627,-3529,-14,188,18
10,185,958497,2783,-15752,-3511,-11,151,18
10,186,958502,2827,-15910,-3654,-8,117,18
10,187,958507,2854,-15979,-3806,-6,98,22
10,188,958512,2850,-16056,-4060,-5,94,20
10,189,958517,2844,-16146,-4230,-7,99,18
10,190,958522,2915,-16270,-4172,-7,115,20
10,191,958527,2778,-16451,-3971,-10,128,20
10,192,958532,2495,-16532,-3870,-9,126,15
10,193,958537,2342,-16537,-3937,-7,118,13
10,194,958542,2375,-16480,-4153,-8,116,16
10,195,958547,2525,-16487,-4139,-8,123,11
10,196,958552,2597,-16411,-4111,-9,127,10
10,197,958557,2668,-16332,-4026,-8,128,6
10,198,958562,2628,-16346,-4264,-6,127,3
10,199,958567,2645,-16379,-4439,-4,133,7
10,200,958572,2735,-16409,-4203,-9,148,2
10,201,958577,2797,-16381,-4178,-4,146,3
10,202,958582,2942,-16355,-4126,-3,141,3
10,203,958587,3114,-16393,-4143,0,132,2
10,204,958592,3102,-16464,-3952,2,123,3
10,205,958597,2994,-16595,-3805,3,99,8
10,206,958602,2917,-16719,-3732,3,65,9
10,207,958607,2887,-16637,-3871,2,35,9
10,208,958612,2873,-16577,-3961,5,21,12
10,209,958617,2964,-16504,-4110,3,53,15
10,210,958622,2965,-16415,-4007,-3,80,12
10,211,958627,2856,-16282,-3828,-6,97,10
10,212,958632,2816,-16171,-3801,-7,106,11
10,213,958637,2859,-16076,-3821,-7,110,15
10,214,958642,2926,-15916,-3799,-9,109,13
10,215,958647,2912,-15787,-3698,-9,97,12
10,216,958652,2847,-15646,-3818,-7,78,14
10,217,958657,2824,-15591,-4018,-10,71,13
10,218,958662,2766,-15524,-4120,-12,73,15
10,219,958667,2781,-15480,-3984,-13,82,13
10,220,958672,2725,-15470,-3879,-13,92,14
10,221,958677,2677,-15438,-3898,-13,97,15
10,222,958682,2602,-15378,-3887,-14,99,11
10,223,958687,2547,-15340,-3837,-16,104,12
10,224,958692,2509,-15305,-3831,-18,104,13
10,225,958697,2539,-15322,-3663,-22,105,9
10,226,958702,2527,-15276,-3586,-24,98,11
10,227,958707,2529,-15236,-3660,-26,90,7
10,228,958712,2471,-15181,-3610,-24,79,10
10,229,958717,2423,-15186,-3560,-23,62,12
10,230,958722,2509,-15161,-3641,-25,39,10
10,231,958727,2547,-15202,-3628,-25,15,12
10,232,958732,2553,-15272,-3852,-20,-6,12
10,233,958737,2517,-15363,-4057,-18,-16,13
10,234,958742,2511,-15427,-4098,-21,-17,11
10,235,958747,2484,-15506,-4237,-26,-8,11
10,236,958752,2536,-15581,-4382,-21,13,12
10,237,958757,2499,-15638,-4328,-21,49,10
10,238,958762,2545,-15688,-4182,-23,80,9
10,239,958767,2462,-15773,-3984,-24,95,10
10,240,958772,2462,-15821,-3937,-23,98,13
10,241,958777,2420,-15822,-3917,-23,95,13
10,242,958782,2376,-15854,-3863,-20,88,12
10,243,958787,2383,-15900,-3966,-22,75,14
10,244,958792,2431,-15844,-4071,-21,64,13
10,245,958797,2616,-15810,-4353,-17,67,14
10,246,958802,2758,-15751,-4398,-16,86,13
10,247,958807,2632,-15803,-4231,-16,110,13
10,248,958812,2367,-15858,-4103,-18,113,15
10,249,958817,2257,-15806,-4012,-15,103,18
10,250,958822,2363,-15798,-4011,-12,94,19
10,251,958827,2577,-15825,-4016,-10,93,21
10,252,958832,2571,-15867,-3914,-10,87,20
10,253,958837,2371,-15775,-3875,-9,72,19
10,254,958842,2335,-15657,-3962,-8,53,22
10,255,958847,2406,-15604,-4111,-7,52,24
10,256,958852,2414,-15603,-3890,-5,63,25
10,257,958857,2346,-15563,-3695,-5,62,23
10,258,958862,2239,-15555,-3796,-4,41,23
10,259,958867,2264,-15516,-3890,-7,25,24
10,260,958872,2350,-15537,-3973,-3,22,27
10,261,958877,2265,-15525,-3829,-5,30,24
10,262,958882,2268,-15595,-3830,-6,26,23
10,263,958887,2237,-15519,-3965,-3,19,23
10,264,958892,2346,-15534,-3951,-5,16,24
10,265,958897,2306,-15541,-3882,-8,27,23
10,266,958902,2296,-15510,-3701,-10,36,20
10,267,958907,2229,-15513,-3635,-11,31,18
10,268,958912,2192,-15427,-3623,-11,15,19
10,269,958917,2151,-15448,-3655,-10,-1,18
10,270,958922,2057,-15487,-3596,-16,-18,17
10,271,958927,2172,-15488,-3607,-15,-35,18
10,272,958932,2190,-15426,-3743,-14,-43,16
10,273,958937,2152,-15423,-3776,-16,-52,16
10,274,958942,2056,-15466,-3841,-16,-60,15
10,275,958947,2091,-15502,-3893,-19,-62,15
10,276,958952,2231,-15503,-3902,-22,-57,12
10,277,958957,2307,-15445,-3847,-21,-50,9
10,278,958962,2338,-15510,-3786,-19,-43,9
10,279,958967,2343,-15520,-3816,-19,-41,9
10,280,958972,2336,-15524,-3756,-22,-50,11
10,281,958977,2344,-15588,-3742,-22,-64,11
10,282,958982,2336,-15638,-3804,-22,-72,9
10,283,958987,2197,-15756,-4025,-22,-79,13
10,284,958992,2278,-15743,-4072,-24,-73,11
10,285,958997,2358,-15794,-4225,-23,-57,11
10,286,959002,2355,-15813,-4313,-23,-32,12
10,287,959007,2371,-15804,-4259,-23,-6,10
10,288,959012,2470,-15790,-4165,-26,12,10
10,289,959017,2508,-15792,-4112,-24,26,12
10,290,959022,2501,-15726,-3968,-25,31,13
10,291,959027,2450,-15705,-3877,-24,25,16
10,292,959032,2546,-15692,-3894,-23,9,17
10,293,959037,2583,-15703,-3927,-24,-9,21
10,294,959042,2579,-15726,-3972,-22,-20,22
10,295,959047,2535,-15744,-3982,-18,-34,25
10,296,959052,2533,-15788,-4101,-15,-40,25
10,297,959057,2531,-15889,-4161,-16,-38,30
10,298,959062,2512,-15981,-4118,-16,-31,32
10,299,959067,2464,-16022,-4073,-16,-22,34
10,300,959072,2400,-15983,-4028,-17,-17,30
10,301,959077,2379,-15957,-4104,-17,-10,31
10,302,959082,2370,-15949,-4100,-16,0,33
10,303,959087,2413,-15898,-4019,-14,8,34
10,304,959092,2360,-15877,-3927,-16,1,33
10,305,959097,2359,-15874,-3987,-11,-15,35
10,306,959102,2379,-15816,-4017,-10,-28,38
10,307,959107,2312,-15772,-4103,-11,-35,39
10,308,959112,2333,-15776,-4159,-9,-35,40
10,309,959117,2397,-15848,-4124,-10,-34,42
10,310,959122,2432,-15891,-4191,-13,-32,40
10,311,959127,2422,-15817,-4205,-12,-19,39
10,312,959132,2458,-15770,-4229,-12,-5,39
10,313,959137,2536,-15749,-4229,-12,13,39
10,314,959142,2563,-15806,-4061,-13,24,40
10,315,959147,2515,-15813,-3820,-16,16,42
10,316,959152,2379,-15811,-3681,-16,-9,42
10,317,959157,2327,-15911,-3778,-13,-31,43
10,318,959162,2348,-15876,-3883,-14,-40,43
10,319,959167,2335,-15856,-3937,-15,-46,44
10,320,959172,2353,-15842,-4030,-15,-50,44
10,321,959177,2301,-15917,-4185,-14,-49,45
10,322,959182,2329,-15982,-4300,-17,-39,44
10,323,959187,2401,-15912,-4266,-21,-21,45
10,324,959192,2423,-15763,-4158,-18,-1,42
10,325,959197,2330,-15709,-4115,-18,10,42
10,326,959202,2329,-15739,-4076,-19,5,39
10,327,959207,2394,-15704,-3980,-18,-7,43
10,328,959212,2362,-15706,-3870,-19,-24,43
10,329,959217,2389,-15688,-3875,-18,-46,45
10,330,959222,2379,-15721,-4031,-16,-60,43
10,331,959227,2339,-15733,-4203,-15,-67,44
10,332,959232,2303,-15729,-4206,-17,-71,42
10,333,959237,2252,-15730,-4191,-18,-69,39
10,334,959242,2183,-15744,-4314,-20,-61,41
10,335,959247,2184,-15782,-4419,-19,-44,41
10,336,959252,2155,-15806,-4368,-18,-30,37
10,337,959257,2132,-15774,-4259,-20,-22,34
10,338,959262,2168,-15816,-4296,-22,-15,32
10,339,959267,2135,-15790,-4383,-23,-8,30
10,340,959272,2113,-15817,-4350,-22,6,26
10,341,959277,2149,-15783,-4277,-24,15,24
10,342,959282,2228,-15716,-4241,-24,19,27
10,343,959287,2263,-15725,-4357,-25,22,22
10,344,959292,2293,-15728,-4312,-22,24,22
10,345,959297,2294,-15697,-4211,-22,23,22
10,346,959302,2380,-15687,-4193,-22,14,22
10,347,959307,2521,-15661,-4267,-22,12,24
10,348,959312,2576,-15691,-4234,-21,9,24
10,349,959317,2450,-15701,-4139,-21,0,24
10,350,959322,2401,-15711,-4153,-17,-13,26
10,351,959327,2395,-15677,-4238,-16,-29,24
10,352,959332,2369,-15724,-4280,-16,-29,25
10,353,959337,2432,-15726,-4247,-16,-26,24
10,354,959342,2478,-15741,-4247,-18,-21,22
10,355,959347,2411,-15755,-4239,-17,-19,24
10,356,959352,2306,-15745,-4226,-16,-20,22
10,357,959357,2263,-15815,-4159,-13,-27,20
10,358,959362,2254,-15808,-4188,-14,-32,20
10,359,959367,2231,-15776,-4237,-15,-36,20
10,360,959372,2249,-15747,-4375,-13,-33,20
10,361,959377,2290,-15742,-4475,-14,-22,19
10,362,959382,2255,-15737,-4369,-14,-8,17
10,363,959387,2223,-15715,-4312,-14,1,14
10,364,959392,2222,-15701,-4363,-12,6,15
10,365,959397,2259,-15649,-4348,-12,15,12
10,366,959402,2326,-15576,-4277,-12,19,10
10,367,959407,2348,-15613,-4155,-12,18,11
10,368,959412,2365,-15573,-4087,-14,9,11
10,369,959417,2363,-15597,-4145,-9,-7,10
10,370,959422,2346,-15651,-4114,-8,-20,10
10,371,959427,2346,-15640,-4145,-9,-30,11
10,372,959432,2397,-15618,-4111,-8,-34,12
10,373,959437,2432,-15570,-4116,-7,-39,12
10,374,959442,2403,-15616,-4186,-7,-40,9
10,375,959447,2290,-15626,-4158,-4,-40,10
10,376,959452,2273,-15688,-4213,-6,-44,13
10,377,959457,2278,-15742,-4157,-8,-42,10
10,378,959462,2267,-15729,-4123,-9,-31,7
10,379,959467,2240,-15714,-4232,-5,-21,6
10,380,959472,2188,-15677,-4207,-8,-5,6
10,381,959477,2148,-15663,-4127,-10,4,3
10,382,959482,2215,-15651,-4083,-11,3,1
10,383,959487,2233,-15663,-4060,-10,-5,3
10,384,959492,2273,-15671,-4089,-8,-14,1
10,385,959497,2247,-15631,-4182,-6,-23,1
10,386,959502,2273,-15607,-4193,-5,-25,3
10,387,959507,2286,-15563,-4214,-6,-27,2
10,388,959512,2334,-15546,-4235,-5,-28,0
10,389,959517,2342,-15574,-4238,-5,-25,0
10,390,959522,2296,-15637,-4213,-2,-26,1
10,391,959527,2276,-15637,-4164,-4,-31,1
10,392,959532,2263,-15792,-4207,-4,-43,2
10,393,959537,2343,-15867,-4348,-1,-43,0
10,394,959542,2302,-15835,-4337,-4,-30,-2
10,395,959547,2254,-15841,-4344,-2,-17,-2
10,396,959552,2231,-15900,-4289,1,5,-3
10,397,959557,2193,-15947,-4230,0,18,-6
10,398,959562,2195,-15959,-4164,-3,20,-5
10,399,959567,2187,-15949,-4122,-4,21,-9
10,400,959572,2314,-15856,-4135,-2,19,-8
10,401,959577,2369,-15783,-4131,1,19,-9
10,402,959582,2336,-15756,-4103,-1,15,-9
10,403,959587,2255,-15775,-4011,0,1,-6
10,404,959592,2248,-15770,-3999,2,-19,-6
10,405,959597,2310,-15797,-4071,0,-34,-7
10,406,959602,2275,-15816,-4153,3,-43,-5
10,407,959607,2259,-15809,-4280,5,-47,-4
10,408,959612,2211,-15819,-4377,8,-48,-7
10,409,959617,2262,-15871,-4411,7,-42,-10
10,410,959622,2265,-15861,-4417,3,-17,-14
10,411,959627,2212,-15902,-4402,3,8,-12
10,412,959632,2183,-15919,-4266,4,24,-15
10,413,959637,2169,-15835,-4139,4,29,-13
10,414,959642,2205,-15755,-4046,3,25,-12
10,415,959647,2229,-15782,-3981,2,18,-14
10,416,959652,2195,-15815,-3952,4,-1,-17
10,417,959657,2215,-15765,-3963,4,-19,-15
10,418,959662,2208,-15706,-4080,4,-30,-16
10,419,959667,2230,-15675,-4200,6,-32,-15
10,420,959672,2165,-15711,-4191,6,-26,-15
10,421,959677,2186,-15732,-4164,4,-23,-15
10,422,959682,2159,-15727,-4143,5,-25,-14
10,423,959687,2244,-15715,-4267,2,-20,-15
10,424,959692,2299,-15672,-4279,1,-11,-17
10,425,959697,2236,-15680,-4159,5,-5,-16
10,426,959702,2259,-15688,-3985,7,-9,-14
10,427,959707,2287,-15714,-3974,5,-23,-15
10,428,959712,2242,-15776,-4032,5,-34,-16
10,429,959717,2159,-15823,-4063,7,-39,-16
10,430,959722,2087,-15790,-4029,6,-46,-16
10,431,959727,2147,-15804,-4241,4,-37,-16
10,432,959732,2142,-15827,-4197,5,-23,-21
10,433,959737,2087,-15847,-4136,2,-8,-20
10,434,959742,2114,-15799,-4106,4,-6,-19
10,435,959747,2176,-15773,-4098,4,0,-21
10,436,959752,2172,-15756,-4065,2,6,-21
10,437,959757,2116,-15764,-4080,2,6,-21
10,438,959762,2119,-15707,-4072,0,1,-21
10,439,959767,2159,-15678,-4170,4,-8,-19
10,440,959772,2279,-15624,-4146,4,-7,-20
10,441,959777,2276,-15596,-4134,1,-8,-22
10,442,959782,2185,-15613,-4133,1,-14,-21
10,443,959787,2190,-15603,-4202,4,-23,-19
10,444,959792,2231,-15558,-4195,3,-26,-18
10,445,959797,2194,-15597,-4192,3,-27,-19
10,446,959802,2189,-15609,-4199,3,-24,-19
10,447,959807,2158,-15633,-4148,3,-27,-17
10,448,959812,2119,-15665,-4153,0,-25,-17
10,449,959817,2144,-15659,-4123,1,-24,-18
10,450,959822,2127,-15649,-4089,2,-22,-15
10,451,959827,2046,-15647,-4135,0,-24,-16
10,452,959832,2039,-15582,-4186,1,-26,-13
10,453,959837,2055,-15560,-4173,-1,-23,-15
10,454,959842,2084,-15569,-4201,-3,-26,-13
10,455,959847,2099,-15547,-4161,-5,-23,-11
10,456,959852,2007,-15474,-4097,-6,-20,-9
10,457,959857,2077,-15439,-4144,-10,-21,-4
10,458,959862,2172,-15361,-4037,-15,-16,1
10,459,959867,2139,-15350,-4025,-17,-8,3
10,460,959872,1892,-15392,-4093,-18,-9,7
10,461,959877,2017,-15356,-4323,-27,-2,12
10,462,959882,2336,-15210,-4233,-36,29,19
10,463,959887,2435,-15127,-3995,-41,65,23
10,464,959892,2245,-15041,-3854,-44,82,26
10,465,959897,2043,-14872,-3809,-50,67,35
10,466,959902,2033,-14728,-3680,-56,35,44
10,467,959907,2078,-14690,-3554,-58,-7,59
10,468,959912,2061,-14755,-3519,-60,-55,72
10,469,959917,1778,-14846,-3620,-61,-118,85
10,470,959922,1470,-14968,-3957,-62,-189,96
10,471,959927,1542,-15145,-4585,-64,-240,111
10,472,959932,1716,-15253,-4823,-74,-233,125
10,473,959937,1876,-15277,-4780,-89,-193,132
10,474,959942,1940,-15262,-4435,-91,-157,140
10,475,959947,1732,-15262,-4315,-98,-141,157
10,476,959952,1529,-15485,-4421,-104,-151,173
10,477,959957,1543,-15750,-4288,-114,-167,194
10,478,959962,1682,-15907,-3876,-126,-181,209
10,479,959967,1792,-15934,-3928,-133,-201,225
10,480,959972,1689,-15924,-4131,-135,-220,240
10,481,959977,1571,-15915,-4458,-140,-236,255
10,482,959982,1364,-15938,-4461,-151,-247,277
10,483,959987,1528,-15975,-4480,-164,-263,301
10,484,959992,1522,-15990,-4286,-170,-271,321
10,485,959997,1426,-16016,-4633,-172,-281,335
10,486,960002,1283,-15984,-4861,-179,-282,353
10,487,960007,1158,-15965,-4975,-190,-289,377
10,488,960012,1341,-15851,-4837,-205,-297,400
10,489,960017,1519,-15736,-4908,-220,-297,417
10,490,960022,1361,-15621,-4740,-225,-288,436
10,491,960027,999,-15514,-4950,-225,-305,456
10,492,960032,755,-15429,-4935,-233,-332,480
10,493,960037,854,-15353,-5031,-248,-362,509
10,494,960042,980,-15306,-4903,-258,-367,528
10,495,960047,829,-15299,-5004,-269,-373,544
10,496,960052,380,-15222,-5254,-271,-377,566
10,497,960057,141,-15210,-5543,-280,-377,586
10,498,960062,223,-15237,-5698,-297,-368,608
10,499,960067,383,-15267,-5564,-312,-331,623
10,500,960072,243,-15322,-5237,-321,-287,641
10,501,960077,-50,-15309,-5455,-328,-271,655
10,502,960082,-177,-15290,-5730,-338,-266,676
10,503,960087,-155,-15258,-5577,-352,-256,695
10,504,960092,-61,-15264,-5377,-381,-222,733
10,505,960097,-302,-15341,-5289,-390,-218,746
10,506,960102,-471,-15365,-5422,-396,-239,770
10,507,960107,-342,-15266,-5581,-412,-265,790
10,508,960112,-173,-15200,-5429,-423,-272,811
10,509,960117,-76,-15189,-5529,-436,-270,828
10,510,960122,-354,-15204,-5546,-446,-265,842
10,511,960127,-687,-15320,-5731,-450,-278,863
10,512,960132,-706,-15349,-5861,-464,-306,885
10,513,960137,-536,-15306,-5801,-481,-317,903
10,514,960142,-487,-15337,-5843,-484,-316,920
10,515,960147,-708,-15419,-6072,-490,-310,936
10,516,960152,-1001,-15514,-6454,-499,-299,950
10,517,960157,-1075,-15638,-6543,-511,-295,966
10,518,960162,-1097,-15640,-6359,-525,-287,983
10,519,960167,-1076,-15630,-6416,-537,-254,994
10,520,960172,-1153,-15573,-6556,-544,-206,1004
10,521,960177,-1409,-15535,-6580,-552,-164,1014
10,522,960182,-1624,-15539,-6315,-560,-157,1025
10,523,960187,-1642,-15626,-6176,-570,-181,1039
10,524,960192,-1539,-15767,-6193,-581,-206,1054
10,525,960197,-1545,-15725,-6238,-585,-216,1063
10,526,960202,-1732,-15657,-6390,-587,-224,1071
10,527,960207,-1871,-15572,-6691,-586,-234,1083
10,528,960212,-1862,-15595,-6921,-589,-235,1094
10,529,960217,-1789,-15698,-6994,-604,-218,1098
10,530,960222,-1865,-15694,-6708,-610,-192,1101
10,531,960227,-2077,-15682,-6556,-605,-181,1105
10,532,960232,-2184,-15692,-6826,-605,-184,1106
10,533,960237,-2222,-15728,-7196,-606,-191,1114
10,534,960242,-2249,-15798,-7108,-611,-186,1119
10,535,960247,-2353,-15851,-6938,-618,-178,1117
10,536,960252,-2397,-15854,-7112,-615,-159,1116
10,537,960257,-2214,-15797,-7471,-610,-122,1116
10,538,960262,-2364,-15773,-7486,-614,-73,1112
10,539,960267,-2675,-15732,-7305,-614,-44,1106
10,540,960272,-2896,-15649,-7147,-617,-21,1102
10,541,960277,-2616,-15523,-7226,-619,-1,1097
10,542,960282,-2401,-15469,-7202,-619,36,1090
10,543,960287,-2524,-15390,-6978,-612,66,1080
10,544,960292,-2837,-15252,-6845,-609,46,1070
10,545,960297,-2901,-15235,-7005,-605,-2,1066
10,546,960302,-2722,-15099,-7151,-603,-23,1061
10,547,960307,-2689,-14961,-7162,-598,4,1045
10,548,960312,-3051,-14908,-6914,-593,30,1033
10,549,960317,-2963,-14947,-7467,-578,9,1028
10,550,960322,-3012,-14939,-7067,-575,11,1016
10,551,960327,-2983,-15059,-7083,-571,5,1001
10,552,960332,-3009,-15043,-7448,-570,8,980
10,553,960337,-2985,-14832,-7257,-568,51,966
10,554,960342,-3056,-14822,-7285,-557,86,951
10,555,960347,-3191,-14792,-7212,-552,112,930
10,556,960352,-3160,-14806,-7033,-548,109,911
10,557,960357,-3085,-14694,-7037,-542,89,895
10,558,960362,-2963,-14624,-7231,-531,88,877
10,559,960367,-2957,-14507,-7448,-520,116,853
10,560,960372,-2945,-14339,-7301,-511,147,833
10,561,960377,-2976,-14139,-7305,-502,153,815
10,562,960382,-3025,-14090,-7109,-496,153,792
10,563,960387,-3086,-13955,-6949,-481,141,770
10,564,960392,-3118,-13934,-6961,-466,113,748
10,565,960397,-3420,-13972,-7122,-452,75,728
10,566,960402,-3692,-13908,-7074,-438,42,706
10,567,960407,-3725,-14114,-6531,-406,12,708
10,568,960412,-3094,-14280,-7717,-378,-34,695
10,569,960417,-2897,-14240,-7444,-372,31,659
10,570,960422,-3383,-14312,-6883,-360,68,627
10,571,960427,-3542,-14458,-8024,-364,47,592
10,572,960432,-3443,-14244,-7422,-377,108,551
10,573,960437,-3230,-14287,-6767,-368,149,526
10,574,960442,-3073,-14260,-7543,-352,143,499
10,575,960447,-3114,-14107,-7115,-336,178,460
10,576,960452,-3226,-14070,-7279,-322,166,431
10,577,960457,-3043,-14051,-7545,-311,159,408
10,578,960462,-2756,-13775,-7049,-281,168,350
10,579,960467,-2853,-13559,-6966,-255,163,322
10,580,960472,-2921,-13457,-7095,-225,128,303
10,581,960477,-2951,-13296,-6902,-210,87,274
10,582,960482,-2943,-13334,-6888,-187,37,255
10,583,960487,-2876,-13458,-7143,-164,8,233
10,584,960492,-2897,-13515,-7055,-144,13,206
10,585,960497,-3068,-13606,-7038,-122,17,179
10,586,960502,-3171,-13850,-7120,-109,19,153
10,587,960507,-2926,-13978,-7162,-98,37,123
10,588,960512,-2575,-14039,-7117,-83,79,94
10,589,960517,-2584,-14022,-6801,-66,133,59
10,590,960522,-2822,-14074,-6679,-44,155,28
10,591,960527,-3029,-14113,-6612,-23,149,1
10,592,960532,-2863,-14089,-6618,-7,127,-26
10,593,960537,-2550,-14079,-6511,12,116,-55
10,594,960542,-2516,-14065,-6364,32,109,-84
10,595,960547,-2572,-13975,-6470,54,83,-119
10,596,960552,-2618,-13876,-6817,80,51,-147
10,597,960557,-2619,-13755,-6900,104,27,-168
10,598,960562,-2570,-13655,-6833,123,7,-199
10,599,960567,-2664,-13660,-6780,146,-4,-231
10,600,960572,-2983,-13746,-6918,173,-22,-260
10,601,960594,-2756,-14067,-7682,253,29,-380
10,602,960595,-2617,-14097,-7467,267,105,-416
10,603,960596,-2617,-14097,-7467,267,105,-416
10,604,960596,-2617,-14097,-7467,267,105,-416
10,605,960598,-2617,-14097,-7467,267,105,-416
10,606,960602,-2731,-14074,-7344,295,160,-450
10,607,960607,-2808,-14080,-7170,315,193,-482
10,608,960612,-2891,-13944,-6861,336,200,-510
10,609,960617,-2845,-14185,-6617,363,192,-529
10,610,960622,-2631,-14196,-6631,389,178,-559
10,611,960627,-2546,-14077,-6493,409,167,-587
10,612,960632,-2479,-14136,-6631,432,140,-616
10,613,960637,-2472,-14179,-6655,458,105,-642
10,614,960642,-2440,-14169,-6618,477,76,-677
10,615,960647,-2431,-14239,-6877,494,58,-708
10,616,960652,-2447,-14231,-6701,521,60,-738
10,617,960657,-2364,-14326,-7012,545,48,-765
10,618,960662,-2464,-14339,-6944,556,59,-797
10,619,960667,-2583,-14450,-6739,579,64,-826
10,620,960672,-2410,-14494,-7213,599,65,-853
10,621,960677,-2345,-14611,-6783,610,105,-881
10,622,960682,-2404,-14698,-6958,630,118,-911
10,623,960687,-2556,-14751,-6709,652,138,-934
10,624,960692,-2502,-14797,-6992,674,136,-952
10,625,960697,-2222,-14929,-7222,687,164,-973
10,626,960702,-2067,-14934,-6963,696,220,-1005
10,627,960707,-2082,-14991,-6662,719,258,-1031
10,628,960712,-2156,-15030,-6657,737,262,-1053
10,629,960717,-2029,-14993,-6783,755,254,-1075
10,630,960722,-1798,-15030,-6861,773,256,-1096
10,631,960727,-1730,-15044,-6592,790,278,-1119
10,632,960732,-1686,-15037,-6407,805,292,-1140
10,633,960737,-1627,-15037,-6368,824,285,-1159
10,634,960742,-1689,-15194,-6200,842,270,-1176
10,635,960747,-1846,-15492,-6225,856,242,-1195
10,636,960752,-1812,-15712,-6437,870,220,-1210
10,637,960757,-1493,-15687,-6597,879,237,-1229
10,638,960762,-1261,-15663,-6874,893,299,-1250
10,639,960767,-1201,-15654,-6876,906,382,-1269
10,640,960772,-1312,-15693,-6650,913,452,-1287
10,641,960777,-1273,-15783,-6595,918,502,-1306
10,642,960782,-1131,-15867,-6427,925,551,-1322
10,643,960787,-997,-15871,-6176,935,603,-1338
10,644,960792,-898,-15851,-6053,953,640,-1353
10,645,960797,-813,-15889,-6006,960,660,-1364
10,646,960802,-675,-15928,-6070,967,680,-1376
10,647,960807,-444,-15915,-5771,971,725,-1393
10,648,960812,-480,-16045,-5356,982,764,-1399
10,649,960817,-466,-16227,-5148,990,777,-1403
10,650,960822,18,-16200,-5032,989,773,-1407
10,651,960827,468,-16064,-4285,984,764,-1409
10,652,960832,790,-16180,-3865,997,702,-1411
10,653,960837,944,-16107,-3600,1000,639,-1407
10,654,960842,1267,-16107,-3916,1001,544,-1396
10,655,960847,1619,-16158,-3598,999,476,-1390
10,656,960852,1564,-16178,-3476,994,404,-1388
10,657,960857,1455,-16146,-3789,1002,336,-1385
10,658,960862,1468,-16080,-4247,1003,275,-1377
10,659,960867,1535,-16192,-4738,996,238,-1371
10,660,960872,1479,-16308,-4836,986,240,-1370
10,661,960877,1444,-16451,-4726,979,258,-1363
10,662,960882,1592,-16519,-4769,969,294,-1361
10,663,960887,1699,-16564,-4489,962,330,-1356
10,664,960892,1673,-16875,-4531,951,336,-1347
10,665,960897,1755,-17078,-3785,932,324,-1337
10,666,960902,2249,-17077,-3454,918,275,-1324
10,667,960907,2791,-17072,-3442,910,238,-1316
10,668,960912,2772,-17047,-3647,910,210,-1308
10,669,960917,2589,-17070,-3612,902,178,-1296
10,670,960922,2688,-16960,-3757,880,115,-1277
10,671,960927,3024,-17025,-3537,868,69,-1260
10,672,960932,3093,-17090,-3595,860,37,-1248
10,673,960937,2977,-17005,-3586,854,16,-1234
10,674,960942,2987,-16743,-3802,843,-19,-1221
10,675,960947,3135,-16648,-4286,826,-53,-1208
10,676,960952,3157,-16555,-4358,807,-47,-1197
10,677,960957,2956,-16432,-3802,795,-44,-1185
10,678,960962,2345,-16534,-4594,790,-76,-1172
10,679,960967,9080,-26910,-7020,846,65,-1173
10,680,960972,-14406,-25882,-29613,947,1312,-1110
10,681,960977,-32768,-15093,-32768,212,2362,-312
10,682,960982,-20094,-4001,810,-731,3158,696
10,683,960987,27319,-10055,32767,-1130,3140,895
10,684,960992,23987,-19621,32767,-588,2281,679
10,685,960997,-7448,-17424,-519,333,-1541,208
10,686,961002,-26460,-10607,-32768,379,-5905,427
10,687,961007,-2576,-10844,-28489,-221,-6892,851
10,688,961012,25136,-13535,-22385,-420,-4250,827
10,689,961017,16981,-16686,-7664,-394,1164,466
10,690,961022,-10157,-14548,-3015,-300,2928,95
10,691,961027,-18695,-12008,-16702,-111,1201,302
10,692,961032,-2315,-12468,-8118,-274,146,596
10,693,961037,13465,-14450,6558,-395,192,558
10,694,961042,9886,-15890,5971,-353,533,340
10,695,961047,-5267,-14781,-2801,-240,428,181
10,696,961052,-9664,-14601,-10361,-135,-395,318
10,697,961057,162,-14650,-9964,-196,-942,488
10,698,961062,8366,-16628,-1961,-313,-620,447
10,699,961067,4896,-17715,-1472,-340,-56,282
10,700,961072,-1890,-17251,-6492,-237,165,179
10,701,961077,-4589,-16112,-11442,-165,55,219
10,702,961082,354,-16136,-9119,-221,155,297
10,703,961087,5548,-16791,-3097,-338,500,281
10,704,961092,4760,-17294,2319,-367,642,190
10,705,961097,944,-16913,-1705,-257,263,139
10,706,961102,-1101,-16881,-5563,-155,-100,170
10,707,961107,1054,-17150,-5679,-195,-231,213
10,708,961112,4052,-17555,-5570,-278,-159,209
10,709,961117,3911,-17428,-1553,-299,80,158
10,710,961122,2456,-17002,-2712,-236,71,120
10,711,961127,1493,-16693,-6621,-179,42,118
10,712,961132,2204,-16475,-7583,-199,150,125
10,713,961137,3150,-16318,-4436,-257,313,125
10,714,961142,3608,-16347,-1727,-268,338,109
10,715,961147,3109,-16385,-2055,-228,285,91
10,716,961152,2305,-16392,-4374,-180,235,77
10,717,961157,1936,-16167,-4883,-173,217,81
10,718,961162,2389,-16027,-3294,-198,184,91
10,719,961167,3259,-16019,-2307,-211,131,85
10,720,961172,3498,-15984,-3095,-189,127,67
10,721,961177,3012,-15778,-4331,-158,175,50
10,722,961182,2327,-15501,-4180,-148,203,49
10,723,961187,2509,-15367,-3452,-156,157,60
10,724,961192,3361,-15377,-3112,-165,109,61
10,725,961197,3755,-15351,-2939,-156,124,47
10,726,961202,2570,-15072,-2974,-112,105,35
10,727,961207,2677,-15111,-2817,-109,-9,46
10,728,961212,3172,-15252,-2826,-110,-108,48
10,729,961217,3345,-15356,-2550,-102,-139,39
10,730,961222,2857,-15287,-2907,-83,-144,26
10,731,961227,2304,-15267,-3482,-64,-149,23
10,732,961232,2278,-15199,-3898,-61,-159,26
10,733,961237,2665,-15079,-3785,-73,-139,24
10,734,961242,3070,-14947,-3378,-77,-80,17
10,735,961247,3047,-14777,-3291,-60,-4,7
10,736,961252,2721,-14723,-3239,-47,39,-4
10,737,961257,2333,-14786,-3174,-39,23,-5
10,738,961262,2351,-14820,-2873,-41,-32,-4
10,739,961267,2573,-14847,-2609,-37,-89,-5
10,740,961272,2637,-14887,-2837,-28,-108,-10
10,741,961277,2595,-14859,-3266,-16,-112,-14
10,742,961282,2626,-14818,-3472,-13,-118,-14
10,743,961287,2736,-14888,-3265,-14,-131,-13
10,744,961292,2868,-14998,-3079,-10,-148,-15
10,745,961297,2707,-15126,-3076,4,-151,-21
10,746,961302,2261,-15336,-3171,16,-156,-23
10,747,961307,1847,-15436,-3437,24,-182,-25
10,748,961312,1945,-15504,-3821,28,-210,-23
10,749,961317,2223,-15534,-4006,27,-192,-25
10,750,961322,2265,-15593,-4156,32,-137,-32
10,751,961327,2074,-15647,-4300,44,-64,-44
10,752,961332,1933,-15695,-4443,50,-7,-49
10,753,961337,1970,-15701,-4381,48,38,-51
10,754,961342,2039,-15773,-4042,48,79,-53
10,755,961347,1942,-15820,-3799,51,112,-62
10,756,961352,1919,-15834,-3689,64,129,-66
10,757,961357,2180,-15785,-3746,69,128,-61
10,758,961362,2406,-15774,-3605,70,120,-60
10,759,961367,2463,-15760,-3307,78,95,-60
10,760,961372,2312,-15759,-3248,85,52,-61
10,761,961377,2172,-15813,-3485,94,4,-59
10,762,961382,2159,-15954,-3915,104,-33,-56
10,763,961387,2245,-16041,-4064,107,-47,-51
10,764,961392,2417,-16055,-4092,105,-40,-51
10,765,961397,2455,-16070,-4074,108,-15,-53
10,766,961402,2305,-16083,-4310,115,21,-57
10,767,961407,2120,-16069,-4411,119,54,-56
10,768,961412,2157,-16078,-4273,116,86,-55
10,769,961417,2355,-16068,-4050,114,111,-51
10,770,961422,2378,-16042,-3774,119,121,-50
10,771,961427,2308,-16064,-3744,125,114,-52
10,772,961432,2184,-15995,-3839,129,99,-50
10,773,961437,2189,-15890,-3880,131,80,-46
10,774,961442,2265,-15825,-3962,134,65,-43
10,775,961447,2349,-15809,-3895,135,63,-41
10,776,961452,2440,-15755,-3876,134,57,-38
10,777,961457,2445,-15706,-3791,138,47,-36
10,778,961462,2356,-15705,-3806,145,27,-33
10,779,961467,2229,-15794,-3968,145,5,-30
10,780,961472,2266,-15844,-4077,142,-9,-29
10,781,961477,2308,-15755,-4080,138,-9,-27
10,782,961482,2241,-15669,-4174,137,1,-25
10,783,961487,2288,-15620,-4274,139,15,-26
10,784,961492,2279,-15578,-4264,140,30,-22
10,785,961497,2253,-15588,-4050,138,39,-23
10,786,961502,2222,-15593,-4054,138,43,-23
10,787,961507,2272,-15592,-3989,138,48,-21
10,788,961512,2187,-15619,-4085,136,46,-17
10,789,961517,2175,-15600,-4055,133,44,-17
10,790,961522,2154,-15581,-3966,131,30,-17
10,791,961527,2192,-15546,-3998,130,27,-14
10,792,961532,2238,-15564,-3998,131,30,-13
10,793,961537,2195,-15609,-3968,133,30,-14
10,794,961542,2091,-15631,-3878,132,20,-12
10,795,961547,2157,-15656,-3841,131,-3,-8
10,796,961552,2364,-15694,-3758,126,-18,-4
10,797,961557,2436,-15780,-3645,126,-17,-4
10,798,961562,2420,-15878,-3554,130,-30,-3
10,799,961567,2279,-15917,-3715,121,-85,3
10,800,961572,2273,-15951,-3874,119,-101,4
10,801,961577,2355,-16008,-3875,116,-93,3
10,802,961582,2288,-16011,-3808,113,-75,5
10,803,961587,2323,-16050,-4091,113,-66,7
10,804,961592,2352,-15985,-4116,108,-45,3
10,805,961597,2337,-15913,-3934,102,-27,4
10,806,961602,2187,-16014,-3809,101,-13,7
10,807,961607,2192,-16088,-3664,96,-2,6
10,808,961612,2294,-16053,-3651,92,-2,7
10,809,961617,2343,-15987,-3616,88,-7,10
10,810,961622,2358,-15947,-3488,84,-20,10
10,811,961627,2302,-15946,-3566,85,-44,9
10,812,961632,2216,-15977,-3656,82,-66,14
10,813,961637,2273,-15964,-3784,80,-80,17
10,814,961642,2242,-15955,-3956,78,-81,17
10,815,961647,2252,-15901,-3982,75,-73,16
10,816,961652,2226,-15900,-4065,75,-64,15
10,817,961657,2094,-15987,-4110,70,-50,13
10,818,961662,2085,-15997,-4109,68,-35,14
10,819,961667,2155,-15980,-4011,62,-21,15
10,820,961672,2154,-16021,-3930,61,-8,15
10,821,961677,2142,-16017,-3856,56,-4,9
10,822,961682,2124,-15957,-3893,52,-4,8
10,823,961687,2172,-15973,-3852,53,-3,11
10,824,961692,2233,-15946,-3924,48,-5,10
10,825,961697,2131,-15925,-3861,47,5,8
10,826,961702,2142,-15883,-3882,45,10,5
10,827,961707,2164,-15810,-3905,42,13,7
10,828,961712,2259,-15831,-3827,40,12,9
10,829,961717,2243,-15824,-3703,40,9,8
10,830,961722,2207,-15825,-3649,37,-7,6
10,831,961727,2146,-15823,-3708,37,-27,7
10,832,961732,2171,-15802,-3805,34,-41,5
10,833,961737,2129,-15840,-3952,33,-44,3
10,834,961742,2154,-15901,-3916,32,-41,7
10,835,961747,2216,-15917,-3737,23,-35,7
10,836,961752,2132,-15975,-3701,20,-33,2
10,837,961757,2001,-16029,-3831,20,-31,-1
10,838,961762,1960,-15984,-3976,20,-22,0
10,839,961767,2112,-16009,-4047,16,-8,1
10,840,961772,2204,-15953,-3841,9,12,-1
10,841,961777,2196,-15934,-3658,8,27,-5
10,842,961782,2091,-15944,-3550,6,30,-8
10,843,961787,1985,-15963,-3663,4,19,-9
10,844,961792,2102,-15978,-3675,3,12,-9
10,845,961797,2182,-15954,-3554,-1,7,-8
10,846,961802,2263,-15916,-3536,-5,-1,-9
10,847,961807,2231,-15927,-3593,-4,-10,-10
10,848,961812,2203,-15920,-3694,-4,-18,-11
10,849,961817,2208,-15883,-3640,-8,-20,-12
10,850,961822,2197,-15879,-3594,-8,-22,-12
10,851,961827,2260,-15936,-3577,-12,-25,-11
10,852,961832,2301,-15962,-3575,-10,-36,-7
10,853,961837,2274,-16028,-3599,-10,-49,-6
10,854,961842,2255,-16062,-3651,-14,-58,-11
10,855,961847,2264,-15995,-3687,-17,-61,-12
10,856,961852,2282,-15950,-3703,-19,-59,-10
10,857,961857,2299,-15983,-3734,-17,-53,-9
10,858,961862,2292,-16046,-3705,-21,-50,-9
10,859,961867,2221,-16067,-3593,-23,-51,-8
10,860,961872,2229,-16110,-3603,-26,-51,-9
10,861,961877,2236,-16160,-3725,-27,-39,-11
10,862,961882,2268,-16156,-3780,-29,-22,-13
10,863,961887,2240,-16087,-3681,-29,-4,-12
10,864,961892,2153,-16086,-3646,-34,10,-14
10,865,961897,2206,-16078,-3638,-35,19,-12
10,866,961902,2272,-16048,-3580,-36,32,-14
10,867,961907,2268,-16020,-3435,-38,40,-15
10,868,961912,2278,-15926,-3379,-40,32,-12
10,869,961917,2325,-15889,-3383,-42,4,-8
10,870,961922,2362,-15860,-3431,-43,-21,-8
10,871,961927,2318,-15805,-3465,-41,-37,-7
10,872,961932,2301,-15758,-3437,-41,-52,-5
10,873,961937,2324,-15676,-3663,-43,-75,0
10,874,961942,2367,-15697,-3678,-40,-82,5
10,875,961947,2302,-15790,-3663,-41,-80,1
10,876,961952,2214,-15886,-3670,-41,-85,0
10,877,961957,2163,-15875,-3641,-41,-88,2
10,878,961962,2156,-15867,-3743,-41,-82,2
10,879,961967,2129,-15869,-3851,-40,-68,0
10,880,961972,2080,-15862,-3834,-42,-52,0
10,881,961977,2065,-15871,-3843,-41,-43,3
10,882,961982,2024,-15874,-3799,-43,-30,-2
10,883,961987,2016,-15883,-3752,-41,-16,0
10,884,961992,2017,-15846,-3764,-42,-1,-2
10,885,961997,2055,-15812,-3727,-42,11,-3
10,886,962002,2124,-15846,-3651,-42,15,-3
10,887,962007,2118,-15894,-3467,-48,9,-3
10,888,962012,2162,-15909,-3382,-43,-6,-5
10,889,962017,2155,-15869,-3454,-44,-21,-4
10,890,962022,2207,-15818,-3578,-45,-37,0
10,891,962027,2227,-15804,-3548,-45,-46,0
10,892,962032,2318,-15763,-3587,-44,-55,0
10,893,962037,2317,-15734,-3684,-42,-62,2
10,894,962042,2280,-15680,-3778,-37,-66,4
10,895,962047,2296,-15682,-3782,-40,-66,4
10,896,962052,2267,-15673,-3698,-41,-64,6
10,897,962057,2241,-15719,-3619,-37,-74,9
10,898,962062,2226,-15798,-3664,-36,-83,12
10,899,962067,2183,-15834,-3755,-33,-85,14
10,900,962072,2033,-15876,-3774,-34,-83,8
10,901,962077,1936,-15931,-3892,-32,-80,9
10,902,962082,1985,-15972,-4030,-31,-68,10
10,903,962087,2063,-15925,-4060,-34,-43,7
10,904,962092,2100,-15887,-3973,-32,-12,6
10,905,962097,2012,-15880,-3813,-31,9,3
10,906,962102,1974,-15912,-3661,-30,17,5
10,907,962107,1924,-15969,-3634,-28,9,7
10,908,962112,1938,-15996,-3590,-27,-7,5
10,909,962117,2008,-15942,-3614,-27,-20,1
10,910,962122,2044,-15935,-3673,-23,-32,6
10,911,962127,2098,-15976,-3796,-24,-39,5
10,912,962132,2078,-15959,-3826,-22,-35,4
10,913,962137,2085,-15963,-3832,-22,-29,3
10,914,962142,2128,-15870,-3884,-21,-20,3
10,915,962147,2161,-15869,-3997,-17,-14,2
10,916,962152,2187,-15823,-3923,-17,-7,3
10,917,962157,2138,-15780,-3773,-18,-7,2
10,918,962162,2091,-15785,-3668,-17,-13,5
10,919,962167,2130,-15786,-3727,-13,-21,6
10,920,962172,2108,-15775,-3836,-11,-24,5
10,921,962177,1979,-15770,-3884,-8,-25,4
10,922,962182,1947,-15800,-3899,-8,-26,4
10,923,962187,1963,-15836,-3963,-8,-28,5
10,924,962192,2019,-15877,-4021,-7,-16,1
10,925,962197,2066,-15812,-3940,-4,9,4
10,926,962202,1996,-15773,-3861,-4,26,1
10,927,962207,1951,-15802,-3807,-4,30,-3
10,928,962212,1920,-15832,-3795,-4,26,-3
10,929,962217,1906,-15827,-3720,-3,14,-5
10,930,962222,1950,-15807,-3750,1,6,-2
10,931,962227,2016,-15847,-3809,0,6,-3
10,932,962232,2087,-15859,-3840,0,8,-4
10,933,962237,2083,-15798,-3893,3,10,-4
10,934,962242,2082,-15769,-3902,2,15,-6
10,935,962247,2071,-15824,-3909,3,24,-6
10,936,962252,2149,-15756,-3887,4,31,-9
10,937,962257,2140,-15819,-3778,4,30,-5
10,938,962262,2151,-15893,-3702,4,24,-6
10,939,962267,2143,-15822,-3773,6,18,-8
10,940,962272,2196,-15807,-3878,8,17,-7
10,941,962277,2234,-15827,-3889,8,24,-6
10,942,962282,2245,-15821,-3778,9,30,-9
10,943,962287,2207,-15788,-3723,8,29,-9
10,944,962292,2143,-15804,-3807,11,24,-6
10,945,962297,2166,-15836,-3826,12,31,-6
10,946,962302,2215,-15852,-3707,12,38,-4
10,947,962307,2203,-15800,-3458,14,13,-5
10,948,962312,2114,-15834,-3521,14,-9,-3
10,949,962317,2103,-15851,-3679,17,-26,-1
10,950,962322,2142,-15820,-3680,19,-38,-2
10,951,962327,2186,-15833,-3724,22,-43,-1
10,952,962332,2172,-15911,-3891,20,-41,0
10,953,962337,2163,-15986,-4050,19,-31,-3
10,954,962342,2169,-15917,-4070,20,-12,-6
10,955,962347,2208,-15871,-4038,19,11,-6
10,956,962352,2241,-15835,-3938,20,35,-5
10,957,962357,2252,-15783,-3831,19,52,-5
10,958,962362,2213,-15803,-3639,21,50,-7
10,959,962367,2172,-15786,-3566,21,33,-5
10,960,962372,2125,-15884,-3548,23,7,-1
10,961,962377,2210,-15931,-3608,20,-10,-1
10,962,962382,2317,-15916,-3629,20,-13,1
10,963,962387,2342,-15892,-3692,22,-12,-1
10,964,962392,2298,-15870,-3748,21,-11,-4
10,965,962397,2154,-15883,-3752,20,-12,-3
10,966,962402,2065,-15938,-3754,20,-12,-1
10,967,962407,2057,-15980,-3671,21,-9,0
10,968,962412,2106,-15941,-3702,22,-4,1
10,969,962417,2145,-15957,-3721,20,-5,-3
10,970,962422,2179,-15900,-3657,16,-7,-3
10,971,962427,2155,-15818,-3628,20,-11,-2
10,972,962432,2136,-15826,-3628,19,-15,-7
10,973,962437,2113,-15814,-3698,20,-16,-4
10,974,962442,2095,-15756,-3694,18,-24,-5
10,975,962447,2134,-15712,-3733,17,-30,-4
10,976,962452,2215,-15710,-3740,15,-35,-1
10,977,962457,2225,-15728,-3833,18,-37,-2
10,978,962462,2175,-15727,-3861,20,-31,-4
10,979,962467,2133,-15724,-3798,21,-31,-5
10,980,962472,2105,-15828,-3820,18,-32,-3
10,981,962477,2103,-15870,-3791,17,-29,-5
10,982,962482,2072,-15838,-3861,18,-23,-7
10,983,962487,2097,-15859,-3870,16,-9,-9
10,984,962492,2106,-15904,-3849,14,1,-8
10,985,962497,2055,-15963,-3787,12,5,-8
10,986,962502,2059,-15944,-3664,11,9,-12
10,987,962507,2093,-15951,-3695,10,9,-14
10,988,962512,2078,-15931,-3766,12,11,-14
10,989,962517,2132,-15914,-3790,10,12,-14
10,990,962522,2181,-15880,-3740,8,10,-16
10,991,962527,2166,-15818,-3686,7,-3,-15
10,992,962532,2127,-15811,-3782,11,-12,-14
10,993,962537,2175,-15811,-3904,11,-9,-12
10,994,962542,2212,-15796,-3856,8,-6,-11
10,995,962547,2265,-15770,-3766,8,-9,-15
10,996,962552,2226,-15728,-3762,7,-22,-11
10,997,962557,2231,-15788,-3780,9,-28,-12
10,998,962562,2205,-15856,-3877,13,-28,-12
10,999,962567,2137,-15895,-3850,9,-22,-11
11,0,1103727,1996,-15900,-3650,-36,-21,40
11,1,1103732,2020,-15962,-3675,-39,-13,44
11,2,1103737,1987,-15939,-3712,-41,4,39
11,3,1103742,1924,-15898,-3622,-41,13,38
11,4,1103747,1840,-15981,-3559,-41,15,40
11,5,1103752,1858,-15912,-3507,-43,15,40
11,6,1103757,1829,-15898,-3415,-43,11,38
11,7,1103762,1781,-15972,-3404,-39,-1,39
11,8,1103767,1768,-15944,-3563,-38,-13,36
11,9,1103772,1804,-15930,-3580,-41,-17,36
11,10,1103777,1852,-15939,-3664,-41,-16,38
11,11,1103782,1872,-15936,-3594,-43,-11,37
11,12,1103787,1791,-15876,-3492,-41,-11,35
11,13,1103792,1783,-15847,-3530,-40,-12,34
11,14,1103797,1769,-15824,-3660,-37,-22,35
11,15,1103802,1829,-15815,-3675,-38,-28,36
11,16,1103807,1880,-15832,-3621,-39,-32,35
11,17,1103812,1947,-15857,-3552,-37,-39,37
11,18,1103817,1906,-15940,-3683,-35,-48,36
11,19,1103822,1866,-15937,-3804,-33,-52,32
11,20,1103827,1829,-15851,-3824,-34,-47,35
11,21,1103832,1864,-15840,-3834,-34,-42,32
11,22,1103837,1824,-15852,-3811,-32,-32,32
11,23,1103842,1710,-15946,-3738,-31,-22,31
11,24,1103847,1624,-15989,-3816,-33,-14,28
11,25,1103852,1678,-15959,-3879,-32,-9,28
11,26,1103857,1728,-15897,-3876,-33,7,24
11,27,1103862,1699,-15854,-3705,-32,41,22
11,28,1103867,1656,-15786,-3570,-33,40,21
11,29,1103872,1690,-15819,-3534,-31,26,20
11,30,1103877,1749,-15887,-3497,-26,9,18
11,31,1103882,1735,-15863,-3488,-28,-9,19
11,32,1103887,1730,-15891,-3543,-25,-28,23
11,33,1103892,1738,-15946,-3688,-24,-40,20
11,34,1103897,1750,-15978,-3769,-21,-43,17
11,35,1103902,1727,-15998,-3861,-21,-39,17
11,36,1103907,1719,-16072,-3870,-21,-26,18
11,37,1103912,1754,-16072,-3764,-21,-9,17
11,38,1103917,1762,-16135,-3749,-24,4,15
11,39,1103922,1740,-16130,-3680,-22,11,12
11,40,1103927,1675,-16084,-3607,-22,11,9
11,41,1103932,1644,-16038,-3681,-21,8,10
11,42,1103937,1681,-16020,-3776,-18,11,11
11,43,1103942,1723,-15996,-3743,-17,14,9
11,44,1103947,1735,-15931,-3668,-18,16,6
11,45,1103952,1676,-15844,-3649,-17,10,7
11,46,1103957,1573,-15905,-3741,-14,6,8
11,47,1103962,1583,-15907,-3796,-14,6,6
11,48,1103967,1691,-15866,-3716,-12,13,5
11,49,1103972,1728,-15875,-3661,-12,17,6
11,50,1103977,1686,-15872,-3667,-12,12,4
11,51,1103982,1644,-15901,-3703,-7,6,0
11,52,1103987,1638,-15889,-3785,-4,2,2
11,53,1103992,1673,-15830,-3830,-5,0,4
11,54,1103997,1738,-15884,-3751,-5,1,4
11,55,1104002,1671,-15904,-3725,-3,-3,0
11,56,1104007,1612,-15937,-3713,-6,-12,2
11,57,1104012,1595,-15921,-3729,-2,-14,1
11,58,1104017,1617,-15921,-3832,0,-12,-1
11,59,1104022,1632,-15976,-3859,1,-5,0
11,60,1104027,1686,-15953,-3810,1,-2,-2
11,61,1104032,1618,-15953,-3833,2,-4,-1
11,62,1104037,1611,-15972,-3928,4,3,-3
11,63,1104042,1633,-15973,-3965,4,19,-2
11,64,1104047,1707,-15893,-3903,6,37,-5
11,65,1104052,1770,-15873,-3810,4,52,-9
11,66,1104057,1718,-15941,-3695,7,52,-5
11,67,1104062,1599,-15934,-3591,7,42,-5
11,68,1104067,1555,-15912,-3577,8,26,-7
11,69,1104072,1654,-15898,-3646,10,10,-4
11,70,1104077,1753,-15918,-3734,12,7,-5
11,71,1104082,1767,-15962,-3769,12,16,-7
11,72,1104087,1694,-15935,-3754,15,19,-8
11,73,1104092,1686,-15926,-3689,14,13,-9
11,74,1104097,1725,-15916,-3695,13,11,-7
11,75,1104102,1767,-15898,-3584,15,16,-6
11,76,1104107,1820,-15912,-3506,16,14,-8
11,77,1104112,1753,-15874,-3495,14,-3,-7
11,78,1104117,1759,-15852,-3574,12,-21,-7
11,79,1104122,1760,-15809,-3744,17,-26,-8
11,80,1104127,1770,-15817,-3833,17,-17,-6
11,81,1104132,1760,-15888,-3789,15,-2,-3
11,82,1104137,1732,-15897,-3740,17,6,-5
11,83,1104142,1698,-15893,-3820,18,6,-7
11,84,1104147,1694,-15907,-3939,20,11,-7
11,85,1104152,1610,-15970,-3964,20,22,-10
11,86,1104157,1616,-15959,-3901,20,33,-10
11,87,1104162,1675,-15908,-3882,17,44,-10
11,88,1104167,1746,-15964,-3939,21,57,-11
11,89,1104172,1782,-15974,-3897,19,74,-15
11,90,1104177,1692,-15950,-3694,18,82,-18
11,91,1104182,1662,-15913,-3520,18,69,-17
11,92,1104187,1757,-15894,-3518,15,47,-13
11,93,1104192,1805,-15892,-3587,19,25,-12
11,94,1104197,1808,-15908,-3623,23,14,-11
11,95,1104202,1827,-15938,-3604,22,9,-11
11,96,1104207,1796,-15945,-3644,21,-3,-10
11,97,1104212,1800,-15942,-3685,22,-6,-9
11,98,1104217,1830,-15946,-3756,22,-1,-7
11,99,1104222,1814,-15962,-3692,20,5,-8
11,100,1104227,1740,-15998,-3658,22,5,-7
11,101,1104232,1720,-15967,-3792,18,6,-8
11,102,1104237,1761,-15934,-3873,19,18,-11
11,103,1104242,1762,-15946,-3910,17,35,-13
11,104,1104247,1720,-15913,-3794,14,48,-15
11,105,1104252,1739,-15912,-3773,14,53,-14
11,106,1104257,1724,-15948,-3717,15,55,-12
11,107,1104262,1734,-15916,-3633,15,53,-12
11,108,1104267,1719,-15884,-3642,17,48,-14
11,109,1104272,1767,-15856,-3726,14,40,-13
11,110,1104277,1828,-15818,-3794,16,32,-13
11,111,1104282,1791,-15822,-3807,16,24,-14
11,112,1104287,1849,-15840,-3780,15,17,-13
11,113,1104292,1897,-15851,-3737,15,10,-12
11,114,1104297,1927,-15846,-3659,17,8,-11
11,115,1104302,1918,-15833,-3627,17,2,-12
11,116,1104307,1838,-15841,-3630,21,-9,-9
11,117,1104312,1816,-15907,-3731,18,-16,-6
11,118,1104317,1763,-15978,-3768,18,-21,-7
11,119,1104322,1823,-16005,-3802,18,-21,-7
11,120,1104327,1886,-16012,-3835,19,-9,-5
11,121,1104332,1847,-16063,-3846,18,5,-7
11,122,1104337,1776,-16069,-3886,16,22,-10
11,123,1104342,1746,-16022,-3799,14,36,-9
11,124,1104347,1736,-15998,-3719,11,45,-11
11,125,1104352,1639,-16029,-3645,11,49,-8
11,126,1104357,1655,-16045,-3623,16,51,-10
11,127,1104362,1712,-16021,-3525,13,42,-11
11,128,1104367,1713,-15986,-3539,12,34,-11
11,129,1104372,1741,-15966,-3666,10,28,-12
11,130,1104377,1749,-15961,-3684,10,31,-11
11,131,1104382,1812,-15921,-3635,11,32,-11
11,132,1104387,1836,-15873,-3589,9,31,-14
11,133,1104392,1788,-15819,-3493,8,24,-12
11,134,1104397,1832,-15756,-3540,8,10,-9
11,135,1104402,1886,-15723,-3578,7,0,-8
11,136,1104407,1938,-15728,-3607,10,-8,-7
11,137,1104412,1913,-15772,-3586,10,-23,-5
11,138,1104417,1825,-15809,-3659,9,-43,-4
11,139,1104422,1759,-15824,-3770,9,-53,-2
11,140,1104427,1775,-15817,-3948,7,-44,-4
11,141,1104432,1767,-15883,-3984,10,-20,-8
11,142,1104437,1771,-15885,-3934,8,4,-5
11,143,1104442,1718,-15896,-3805,5,23,-6
11,144,1104447,1731,-15933,-3663,3,29,-9
11,145,1104452,1705,-15933,-3542,2,31,-11
11,146,1104457,1675,-15936,-3404,1,32,-6
11,147,1104462,1688,-15978,-3504,2,23,-7
11,148,1104467,1714,-15974,-3539,1,16,-8
11,149,1104472,1754,-15954,-3588,1,10,-6
11,150,1104477,1750,-15955,-3642,-3,7,-8
11,151,1104482,1724,-15905,-3627,3,4,-8
11,152,1104487,1739,-15969,-3661,2,6,-5
11,153,1104492,1725,-15989,-3688,1,11,-11
11,154,1104497,1673,-16013,-3637,0,8,-9
11,155,1104502,1716,-15930,-3607,-3,2,-7
11,156,1104507,1789,-15876,-3595,-4,0,-6
11,157,1104512,1875,-15863,-3553,-3,-3,-7
11,158,1104517,1825,-15865,-3632,-3,-11,-7
11,159,1104522,1776,-15858,-3664,1,-17,-8
11,160,1104527,1833,-15803,-3794,0,-24,-7
11,161,1104532,1891,-15804,-3820,-2,-20,-5
11,162,1104537,1939,-15801,-3853,-3,-6,-4
11,163,1104542,1837,-15789,-3757,-2,9,-4
11,164,1104547,1804,-15825,-3711,-2,16,-6
11,165,1104552,1780,-15771,-3712,-3,20,-6
11,166,1104557,1820,-15799,-3691,-3,26,-4
11,167,1104562,1871,-15762,-3648,-6,29,-4
11,168,1104567,1866,-15718,-3455,-8,30,-2
11,169,1104572,1775,-15729,-3394,-5,23,-1
11,170,1104577,1705,-15798,-3525,-3,3,0
11,171,1104582,1737,-15841,-3629,-4,-9,0
11,172,1104587,1742,-15851,-3747,-3,-13,4
11,173,1104592,1756,-15923,-3798,-5,-5,2
11,174,1104597,1754,-15924,-3757,-5,8,1
11,175,1104602,1763,-15970,-3639,-4,37,1
11,176,1104607,1804,-15998,-3537,-6,34,1
11,177,1104612,1772,-16061,-3349,-4,14,2
11,178,1104617,1780,-16079,-3382,-2,-6,4
11,179,1104622,1783,-16059,-3504,-6,-15,6
11,180,1104627,1766,-16028,-3611,-3,-18,5
11,181,1104632,1850,-15989,-3684,-4,-10,8
11,182,1104637,1859,-15961,-3734,-4,-4,6
11,183,1104642,1822,-15951,-3733,-4,-2,3
11,184,1104647,1795,-15915,-3738,-6,-1,5
11,185,1104652,1826,-15865,-3768,-4,-1,6
11,186,1104657,1791,-15884,-3759,-1,5,7
11,187,1104662,1770,-15918,-3682,-3,17,5
11,188,1104667,1743,-15939,-3678,-2,17,5
11,189,1104672,1733,-15931,-3608,-1,10,7
11,190,1104677,1730,-15895,-3564,-2,10,9
11,191,1104682,1760,-15909,-3538,-1,11,6
11,192,1104687,1768,-15930,-3520,-4,8,3
11,193,1104692,1756,-15942,-3487,2,-2,4
11,194,1104697,1672,-15984,-3521,0,-13,7
11,195,1104702,1725,-16010,-3578,0,-25,7
11,196,1104707,1728,-16000,-3637,-1,-30,4
11,197,1104712,1698,-16006,-3724,0,-22,5
11,198,1104717,1757,-16010,-3802,1,-13,2
11,199,1104722,1763,-16003,-3813,3,-5,3
11,200,1104727,1745,-16009,-3828,3,3,1
11,201,1104732,1739,-15964,-3718,3,6,4
11,202,1104737,1677,-15915,-3669,4,8,2
11,203,1104742,1723,-15912,-3708,5,5,3
11,204,1104747,1750,-15901,-3648,7,1,4
11,205,1104752,1745,-15953,-3646,6,-9,4
11,206,1104757,1689,-15948,-3651,6,-20,2
11,207,1104762,1698,-16015,-3783,8,-23,2
11,208,1104767,1751,-15992,-3853,9,-13,2
11,209,1104772,1794,-15929,-3872,10,7,2
11,210,1104777,1754,-15911,-3735,9,28,-2
11,211,1104782,1732,-15852,-3614,6,39,-4
11,212,1104787,1712,-15842,-3536,5,36,-2
11,213,1104792,1751,-15849,-3444,7,27,-3
11,214,1104797,1775,-15818,-3483,9,17,-5
11,215,1104802,1748,-15818,-3589,10,7,-3
11,216,1104807,1806,-15825,-3636,11,4,-3
11,217,1104812,1855,-15848,-3651,8,7,-2
11,218,1104817,1909,-15806,-3685,8,15,-2
11,219,1104822,1900,-15845,-3638,9,27,-4
11,220,1104827,1867,-15860,-3558,8,31,-5
11,221,1104832,1861,-15871,-3477,8,30,-3
11,222,1104837,1947,-15909,-3406,7,26,1
11,223,1104842,1989,-15872,-3390,7,15,-2
11,224,1104847,1938,-15923,-3436,10,2,-1
11,225,1104852,1907,-15933,-3486,9,-10,2
11,226,1104857,1969,-15940,-3596,9,-14,3
11,227,1104862,1952,-16010,-3613,9,-12,0
11,228,1104867,1999,-16039,-3610,9,-5,5
11,229,1104872,1968,-16055,-3581,7,0,4
11,230,1104877,1942,-16037,-3612,10,1,3
11,231,1104882,1912,-16039,-3559,7,-2,4
11,232,1104887,1816,-16017,-3527,6,-6,4
11,233,1104892,1851,-16034,-3533,8,-9,6
11,234,1104897,1861,-16006,-3538,7,-15,6
11,235,1104902,1899,-16011,-3601,10,-21,3
11,236,1104907,1861,-16045,-3678,9,-22,2
11,237,1104912,1818,-16051,-3744,10,-24,3
11,238,1104917,1816,-16047,-3802,10,-20,2
11,239,1104922,1848,-15995,-3731,10,-10,1
11,240,1104927,1786,-16017,-3709,9,-7,-2
11,241,1104932,1808,-16008,-3720,8,-3,1
11,242,1104937,1788,-15992,-3725,11,1,0
11,243,1104942,1800,-15988,-3738,10,3,-1
11,244,1104947,1825,-15976,-3696,8,6,-1
11,245,1104952,1840,-16023,-3576,8,8,-2
11,246,1104957,1881,-16022,-3478,8,1,-3
11,247,1104962,1864,-16062,-3540,9,-7,-3
11,248,1104967,1834,-16021,-3620,13,-21,-2
11,249,1104972,1876,-15929,-3623,10,-28,-2
11,250,1104977,1861,-15945,-3596,10,-33,-2
11,251,1104982,1847,-16000,-3635,9,-39,-2
11,252,1104987,1913,-15976,-3721,12,-49,-2
11,253,1104992,1846,-15954,-3801,14,-49,-1
11,254,1104997,1788,-15992,-3838,14,-38,-4
11,255,1105002,1751,-15979,-3767,13,-31,-5
11,256,1105007,1699,-16018,-3693,12,-25,-4
11,257,1105012,1690,-16018,-3741,11,-19,-3
11,258,1105017,1721,-16040,-3729,12,-17,-7
11,259,1105022,1692,-16062,-3725,10,-10,-11
11,260,1105027,1675,-16030,-3769,10,-2,-12
11,261,1105032,1655,-16024,-3694,11,7,-13
11,262,1105037,1683,-16011,-3688,10,14,-13
11,263,1105042,1720,-16001,-3657,10,15,-14
11,264,1105047,1679,-15987,-3632,9,17,-15
11,265,1105052,1700,-15977,-3654,12,12,-16
11,266,1105057,1720,-15954,-3703,12,4,-14
11,267,1105062,1736,-15909,-3800,13,-1,-16
11,268,1105067,1817,-15902,-3812,11,2,-16
11,269,1105072,1910,-15884,-3780,14,10,-15
11,270,1105077,1815,-15913,-3724,15,15,-14
11,271,1105082,1754,-15940,-3674,12,19,-18
11,272,1105087,1740,-15965,-3652,12,20,-21
11,273,1105092,1817,-15962,-3618,15,14,-19
11,274,1105097,1861,-15956,-3603,10,11,-18
11,275,1105102,1831,-15937,-3559,11,12,-18
11,276,1105107,1784,-15934,-3513,13,11,-21
11,277,1105112,1763,-15875,-3545,11,3,-19
11,278,1105117,1771,-15897,-3603,15,-4,-14
11,279,1105122,1843,-15895,-3618,15,-4,-14
11,280,1105127,1868,-15869,-3514,13,-7,-17
11,281,1105132,1747,-15939,-3492,11,-12,-19
11,282,1105137,1662,-15944,-3647,12,-23,-19
11,283,1105142,1675,-15924,-3711,12,-18,-17
11,284,1105147,1700,-15946,-3749,11,-5,-14
11,285,1105152,1749,-15927,-3673,10,13,-20
11,286,1105157,1732,-15864,-3535,11,22,-21
11,287,1105162,1750,-15836,-3484,5,20,-23
11,288,1105167,1772,-15851,-3553,6,14,-22
11,289,1105172,1701,-15923,-3496,8,9,-18
11,290,1105177,1660,-15981,-3458,8,-1,-18
11,291,1105182,1723,-16029,-3491,6,-13,-21
11,292,1105187,1790,-16002,-3607,5,-14,-20
11,293,1105192,1906,-15995,-3749,6,-4,-17
11,294,1105197,1921,-16024,-3709,4,14,-21
11,295,1105202,1811,-16054,-3601,2,24,-22
11,296,1105207,1785,-16015,-3570,1,22,-19
11,297,1105212,1820,-16003,-3563,-1,18,-20
11,298,1105217,1836,-15964,-3523,0,19,-23
11,299,1105222,1873,-15948,-3495,1,17,-17
11,300,1105227,1835,-15874,-3533,1,10,-19
11,301,1105232,1824,-15808,-3545,2,3,-19
11,302,1105237,1883,-15800,-3592,-2,3,-18
11,303,1105242,1902,-15834,-3545,-2,4,-16
11,304,1105247,1897,-15858,-3477,-2,-1,-13
11,305,1105252,1851,-15820,-3430,0,-12,-11
11,306,1105257,1823,-15853,-3526,1,-29,-12
11,307,1105262,1814,-15923,-3588,-1,-41,-9
11,308,1105267,1786,-15971,-3658,-5,-41,-9
11,309,1105272,1763,-16005,-3708,-1,-40,-7
11,310,1105277,1725,-16025,-3729,1,-33,-12
11,311,1105282,1671,-16033,-3865,1,-24,-13
11,312,1105287,1693,-16016,-3925,-2,-8,-14
11,313,1105292,1658,-15962,-3864,-5,16,-14
11,314,1105297,1721,-15926,-3733,-6,32,-15
11,315,1105302,1754,-15925,-3637,-4,35,-13
11,316,1105307,1738,-15890,-3619,-4,36,-15
11,317,1105312,1789,-15826,-3591,-6,33,-16
11,318,1105317,1808,-15815,-3656,-3,25,-14
11,319,1105322,1897,-15839,-3717,-3,17,-11
11,320,1105327,1951,-15797,-3734,-3,18,-11
11,321,1105332,1852,-15825,-3732,-4,19,-11
11,322,1105337,1763,-15816,-3807,1,20,-11
11,323,1105342,1792,-15870,-3801,-3,31,-10
11,324,1105347,1853,-15888,-3782,-4,39,-12
11,325,1105352,1850,-15858,-3668,-1,38,-11
11,326,1105357,1758,-15906,-3599,1,30,-9
11,327,1105362,1717,-15929,-3722,4,27,-7
11,328,1105367,1757,-15981,-3667,2,33,-7
11,329,1105372,1748,-15971,-3629,1,42,-7
11,330,1105377,1822,-15953,-3578,0,45,-8
11,331,1105382,1817,-15967,-3529,1,38,-8
11,332,1105387,1783,-15945,-3509,1,30,-9
11,333,1105392,1706,-15968,-3504,2,22,-9
11,334,1105397,1686,-16063,-3478,4,11,-3
11,335,1105402,1720,-16050,-3516,5,5,-3
11,336,1105407,1787,-15997,-3627,4,2,-4
11,337,1105412,1821,-16006,-3758,7,6,-3
11,338,1105417,1799,-16035,-3733,6,17,-6
11,339,1105422,1797,-16067,-3638,4,22,-4
11,340,1105427,1865,-16082,-3543,4,26,-4
11,341,1105432,1952,-15987,-3506,2,22,-3
11,342,1105437,2004,-15926,-3451,6,16,-3
11,343,1105442,1898,-15949,-3391,8,5,-3
11,344,1105447,1844,-15928,-3381,9,-13,1
11,345,1105452,1810,-15942,-3521,9,-28,3
11,346,1105457,1900,-15913,-3625,10,-32,7
11,347,1105462,1961,-15965,-3684,8,-19,6
11,348,1105467,1971,-15985,-3687,5,-2,6
11,349,1105472,1954,-15917,-3601,6,11,4
11,350,1105477,1858,-15872,-3488,7,18,3
11,351,1105482,1793,-15825,-3380,4,17,8
11,352,1105487,1787,-15857,-3296,3,10,9
11,353,1105492,1783,-15875,-3208,8,-10,9
11,354,1105497,1780,-15841,-3243,8,-37,10
11,355,1105502,1820,-15879,-3379,3,-59,13
11,356,1105507,1804,-15838,-3534,5,-72,13
11,357,1105512,1793,-15807,-3618,9,-73,13
11,358,1105517,1779,-15850,-3632,8,-65,15
11,359,1105522,1765,-15858,-3674,7,-60,16
11,360,1105527,1762,-15789,-3641,7,-53,17
11,361,1105532,1767,-15731,-3609,7,-52,19
11,362,1105537,1686,-15754,-3605,7,-55,18
11,363,1105542,1603,-15747,-3623,7,-57,23
11,364,1105547,1642,-15725,-3596,6,-63,23
11,365,1105552,1677,-15735,-3584,5,-66,23
11,366,1105557,1655,-15753,-3603,3,-63,27
11,367,1105562,1578,-15900,-3566,0,-56,29
11,368,1105567,1584,-15964,-3588,-4,-43,35
11,369,1105572,1797,-15968,-3565,-11,-24,39
11,370,1105577,1974,-15984,-3342,-18,2,45
11,371,1105582,2176,-16002,-3025,-24,23,52
11,372,1105587,2268,-15985,-2513,-27,27,60
11,373,1105592,2221,-15940,-2275,-30,-6,69
11,374,1105597,2137,-15913,-2217,-35,-60,83
11,375,1105602,2174,-15756,-2212,-40,-124,98
11,376,1105607,2172,-15676,-2301,-41,-193,114
11,377,1105612,2036,-15644,-2557,-42,-258,127
11,378,1105617,1919,-15623,-2853,-46,-303,142
11,379,1105622,1882,-15546,-3159,-52,-330,161
11,380,1105627,1835,-15471,-3249,-54,-342,178
11,381,1105632,1758,-15510,-3311,-58,-348,195
11,382,1105637,1638,-15709,-3393,-64,-357,210
11,383,1105642,1603,-15744,-3533,-72,-373,223
11,384,1105647,1653,-15658,-3563,-76,-388,239
11,385,1105652,1622,-15548,-3580,-80,-387,256
11,386,1105657,1400,-15519,-3543,-83,-379,274
11,387,1105662,1075,-15578,-3625,-88,-367,291
11,388,1105667,797,-15608,-3768,-95,-372,308
11,389,1105672,864,-15554,-3797,-103,-375,331
11,390,1105677,1068,-15488,-3820,-113,-366,346
11,391,1105682,1045,-15459,-3728,-118,-346,362
11,392,1105687,794,-15497,-3758,-119,-339,377
11,393,1105692,369,-15541,-3798,-124,-346,390
11,394,1105697,119,-15627,-3906,-129,-369,411
11,395,1105702,161,-15606,-3879,-137,-383,427
11,396,1105707,328,-15724,-3734,-147,-386,465
11,397,1105712,243,-15746,-3838,-148,-401,477
11,398,1105717,118,-15740,-3960,-149,-425,496
11,399,1105722,-31,-15721,-4152,-157,-451,514
11,400,1105727,-240,-15721,-4187,-162,-463,531
11,401,1105732,-187,-15727,-4231,-167,-460,549
11,402,1105737,-40,-15634,-4280,-172,-448,562
11,403,1105742,-153,-15630,-4303,-174,-435,582
11,404,1105747,-403,-15692,-4454,-178,-442,596
11,405,1105752,-624,-15587,-4526,-183,-452,610
11,406,1105757,-719,-15619,-4689,-189,-456,625
11,407,1105762,-723,-15776,-4921,-191,-440,644
11,408,1105767,-685,-15808,-4777,-199,-405,656
11,409,1105772,-856,-15735,-4541,-203,-385,666
11,410,1105777,-1075,-15767,-4679,-209,-378,677
11,411,1105782,-1184,-15763,-4948,-213,-364,688
11,412,1105787,-1220,-15731,-5109,-222,-333,698
11,413,1105792,-1242,-15761,-5159,-231,-294,711
11,414,1105797,-1142,-15745,-4993,-239,-261,724
11,415,1105802,-1132,-15604,-4821,-247,-246,730
11,416,1105807,-1295,-15561,-4805,-252,-252,739
11,417,1105812,-1494,-15587,-4865,-251,-268,752
11,418,1105817,-1618,-15652,-4974,-255,-280,766
11,419,1105822,-1570,-15606,-5027,-262,-289,778
11,420,1105827,-1437,-15541,-4956,-270,-292,789
11,421,1105832,-1411,-15599,-4944,-275,-293,799
11,422,1105837,-1631,-15640,-4987,-277,-294,805
11,423,1105842,-1757,-15584,-5112,-284,-304,813
11,424,1105847,-1811,-15487,-5254,-287,-310,822
11,425,1105852,-1755,-15507,-5354,-292,-304,830
11,426,1105857,-1791,-15525,-5333,-299,-295,839
11,427,1105862,-1901,-15505,-5204,-301,-289,844
11,428,1105867,-2103,-15521,-5367,-302,-295,851
11,429,1105872,-2156,-15500,-5614,-308,-292,855
11,430,1105877,-2189,-15539,-5704,-314,-270,859
11,431,1105882,-2090,-15624,-6000,-316,-238,867
11,432,1105887,-2167,-15548,-5508,-329,-169,861
11,433,1105892,-2425,-15539,-5274,-340,-154,864
11,434,1105897,-2329,-15594,-5750,-341,-176,869
11,435,1105902,-2316,-15668,-5282,-341,-151,872
11,436,1105907,-2336,-15716,-5269,-345,-143,872
11,437,1105912,-2410,-15686,-5560,-350,-149,875
11,438,1105917,-2552,-15731,-5263,-355,-161,874
11,439,1105922,-2693,-15820,-5608,-354,-186,877
11,440,1105927,-2601,-15800,-5820,-360,-180,880
11,441,1105932,-2461,-15760,-5738,-362,-147,876
11,442,1105937,-2406,-15777,-5790,-366,-114,871
11,443,1105942,-2551,-15764,-5826,-367,-87,866
11,444,1105947,-2746,-15803,-5900,-368,-80,864
11,445,1105952,-2808,-15812,-5776,-377,-78,860
11,446,1105957,-2678,-15757,-5481,-380,-73,857
11,447,1105962,-2550,-15808,-5413,-380,-74,856
11,448,1105967,-2472,-15744,-5099,-378,-77,851
11,449,1105972,-2536,-15816,-5094,-369,-108,847
11,450,1105977,-2631,-15914,-5619,-368,-150,841
11,451,1105982,-2714,-15957,-5811,-370,-171,836
11,452,1105987,-2882,-15956,-5947,-370,-176,830
11,453,1105992,-2992,-15974,-6031,-371,-152,822
11,454,1105997,-2952,-15986,-6141,-375,-110,811
11,455,1106002,-2818,-15932,-6217,-374,-55,800
11,456,1106007,-2755,-15872,-5992,-374,8,787
11,457,1106012,-2813,-15904,-5793,-376,41,768
11,458,1106017,-2956,-15940,-5760,-372,49,760
11,459,1106022,-2989,-15976,-5739,-374,49,751
11,460,1106027,-2896,-15984,-5656,-373,54,737
11,461,1106032,-2834,-15957,-5635,-372,66,722
11,462,1106037,-2799,-15848,-5458,-370,84,710
11,463,1106042,-2797,-15767,-5464,-365,85,695
11,464,1106047,-2726,-15736,-5652,-356,73,685
11,465,1106052,-2703,-15691,-5550,-351,66,667
11,466,1106057,-2791,-15680,-5186,-355,52,656
11,467,1106062,-2803,-15672,-5414,-353,9,643
11,468,1106067,-2852,-15616,-5216,-345,-13,627
11,469,1106072,-2744,-15537,-5342,-340,-27,612
11,470,1106077,-2408,-15469,-5617,-329,-7,582
11,471,1106082,-2456,-15430,-5381,-325,-8,567
11,472,1106087,-2524,-15393,-5424,-324,-15,549
11,473,1106092,-2511,-15274,-5474,-319,-13,532
11,474,1106097,-2442,-15129,-5509,-311,-1,516
11,475,1106102,-2554,-15043,-5658,-305,20,500
11,476,1106107,-2684,-15004,-5666,-300,35,478
11,477,1106112,-2715,-14888,-5664,-294,37,457
11,478,1106117,-2711,-14817,-5553,-289,42,438
11,479,1106122,-2760,-14819,-5453,-281,43,417
11,480,1106127,-3046,-14910,-5403,-268,34,399
11,481,1106132,-3187,-14968,-5415,-263,12,379
11,482,1106137,-2978,-15083,-5598,-260,-8,362
11,483,1106142,-2631,-15054,-5703,-254,-1,342
11,484,1106147,-2621,-15062,-5500,-247,21,319
11,485,1106152,-2935,-15144,-5385,-237,35,289
11,486,1106157,-3186,-15208,-5668,-227,30,269
11,487,1106162,-3136,-15238,-5885,-219,27,249
11,488,1106167,-3069,-15291,-5867,-214,42,227
11,489,1106172,-2945,-15331,-5758,-208,76,201
11,490,1106177,-2846,-15403,-5617,-200,106,176
11,491,1106182,-2769,-15366,-5708,-193,129,148
11,492,1106187,-2803,-15334,-5774,-182,146,122
11,493,1106192,-2889,-15249,-5666,-174,154,99
11,494,1106197,-2806,-15116,-5529,-167,155,79
11,495,1106202,-2672,-15070,-5382,-155,147,59
11,496,1106207,-2543,-15099,-5228,-145,133,36
11,497,1106212,-2521,-15033,-5151,-130,106,14
11,498,1106217,-2569,-14926,-5185,-119,64,-9
11,499,1106222,-2545,-14858,-5408,-106,14,-29
11,500,1106227,-2525,-14746,-5607,-95,-17,-51
11,501,1106232,-2568,-14568,-5611,-84,-31,-72
11,502,1106237,-2607,-14596,-5782,-69,-44,-95
11,503,1106242,-2578,-14616,-5925,-59,-52,-116
11,504,1106247,-2563,-14570,-5922,-47,-54,-139
11,505,1106252,-2635,-14543,-5832,-33,-54,-164
11,506,1106257,-2796,-14573,-5819,-23,-59,-190
11,507,1106262,-3090,-14647,-5924,-8,-66,-212
11,508,1106267,-3381,-14929,-6297,4,-68,-233
11,509,1106272,-3071,-15002,-6835,12,-35,-256
11,510,1106277,-2421,-14906,-6699,13,47,-286
11,511,1106282,-2124,-14943,-6314,24,154,-316
11,512,1106287,-2347,-15020,-5962,35,224,-350
11,513,1106292,-2855,-15007,-5732,50,239,-379
11,514,1106297,-3136,-14988,-5730,64,214,-399
11,515,1106302,-2784,-14994,-5792,73,190,-416
11,516,1106307,-2292,-14970,-5380,81,181,-434
11,517,1106312,-2059,-14996,-5012,97,164,-460
11,518,1106317,-2158,-15079,-5117,117,127,-487
11,519,1106322,-2308,-15075,-5493,138,78,-508
11,520,1106327,-2363,-15013,-5852,148,39,-527
11,521,1106332,-2505,-15103,-5737,155,21,-547
11,522,1106337,-2623,-15358,-5614,163,9,-567
11,523,1106342,-2219,-15330,-5786,170,13,-584
11,524,1106347,-1784,-15237,-5974,183,51,-608
11,525,1106352,-1741,-15317,-6180,194,106,-633
11,526,1106357,-2137,-15365,-6051,204,154,-660
11,527,1106362,-2499,-15456,-5834,211,169,-683
11,528,1106367,-2381,-15451,-5856,219,169,-702
11,529,1106372,-2084,-15380,-5712,226,188,-723
11,530,1106377,-1825,-15359,-5494,234,220,-747
11,531,1106382,-1840,-15338,-5332,247,231,-769
11,532,1106387,-1807,-15230,-5349,260,205,-788
11,533,1106392,-1683,-15087,-5446,273,168,-804
11,534,1106397,-1695,-15050,-5147,278,145,-821
11,535,1106402,-1693,-15067,-5037,289,104,-834
11,536,1106407,-1576,-15097,-5086,301,63,-849
11,537,1106412,-1337,-15137,-5436,313,34,-869
11,538,1106417,-1250,-15186,-5816,324,30,-887
11,539,1106422,-1436,-15261,-5838,328,48,-909
11,540,1106427,-1514,-15273,-5781,337,68,-923
11,541,1106432,-1386,-15137,-5733,341,94,-942
11,542,1106437,-1284,-15057,-5516,345,128,-959
11,543,1106442,-1399,-15146,-5349,355,152,-977
11,544,1106447,-1640,-15669,-5612,373,134,-1005
11,545,1106452,-1074,-15809,-5547,371,144,-1017
11,546,1106457,-542,-15858,-4909,369,184,-1035
11,547,1106462,-613,-15909,-4204,376,208,-1055
11,548,1106467,-1036,-15943,-4022,394,180,-1067
11,549,1106472,-1286,-16046,-4324,409,109,-1076
11,550,1106477,-1128,-16114,-4701,412,34,-1083
11,551,1106482,-809,-16240,-4612,412,-9,-1089
11,552,1106487,-609,-16210,-4359,418,-41,-1100
11,553,1106492,-310,-16182,-4587,422,-57,-1113
11,554,1106497,-313,-16121,-5010,431,-46,-1126
11,555,1106502,-239,-15981,-5405,439,-20,-1135
11,556,1106507,-505,-16020,-5177,439,3,-1142
11,557,1106512,-392,-15852,-4806,437,-2,-1153
11,558,1106517,-343,-15647,-4603,439,-27,-1161
11,559,1106522,-315,-15507,-4835,455,-49,-1172
11,560,1106527,-817,-15551,-5181,467,-47,-1181
11,561,1106532,-1030,-15625,-5679,474,-45,-1188
11,562,1106537,-514,-15491,-6001,469,-30,-1189
11,563,1106542,147,-15410,-5494,464,32,-1196
11,564,1106547,39,-15612,-4771,464,98,-1208
11,565,1106552,-303,-15795,-4526,473,126,-1219
11,566,1106557,-266,-15838,-4479,481,120,-1220
11,567,1106562,39,-15911,-4556,476,105,-1224
11,568,1106567,305,-15954,-4130,482,97,-1226
11,569,1106572,362,-15987,-3256,480,75,-1227
11,570,1106577,514,-15994,-3637,486,5,-1226
11,571,1106582,710,-16061,-3673,496,-40,-1229
11,572,1106587,625,-16151,-4081,498,-89,-1228
11,573,1106592,437,-16117,-4092,495,-112,-1230
11,574,1106597,381,-16009,-3731,495,-142,-1226
11,575,1106602,731,-15909,-4236,495,-178,-1221
11,576,1106607,960,-15911,-4513,497,-167,-1220
11,577,1106612,691,-15850,-4642,499,-152,-1223
11,578,1106617,350,-15806,-4792,507,-155,-1225
11,579,1106622,179,-15796,-4809,507,-151,-1223
11,580,1106627,112,-16125,-5265,499,-140,-1219
11,581,1106632,375,-16395,-5373,498,-84,-1214
11,582,1106637,1197,-16155,-5091,482,3,-1213
11,583,1106642,1617,-15961,-4232,479,97,-1212
11,584,1106647,1382,-16005,-4044,489,138,-1214
11,585,1106652,991,-16157,-4113,496,137,-1209
11,586,1106657,942,-16157,-3961,495,123,-1198
11,587,1106662,1291,-16260,-3572,492,93,-1182
11,588,1106667,1661,-16226,-3302,480,55,-1174
11,589,1106672,1806,-16102,-2727,490,27,-1165
11,590,1106677,1869,-16058,-3716,499,-24,-1154
11,591,1106682,1724,-16195,-4155,505,-21,-1141
11,592,1106687,1640,-16208,-4267,500,-14,-1128
11,593,1106692,1595,-16302,-3782,487,-15,-1113
11,594,1106697,1791,-16455,-3414,486,-24,-1101
11,595,1106702,2041,-16409,-3643,494,-34,-1090
11,596,1106707,1923,-16303,-3888,505,-16,-1077
11,597,1106712,416,-15049,-4791,514,-8,-1059
11,598,1106717,-342,-23194,-18283,597,207,-1021
11,599,1106722,-1315,-23450,-32768,902,2418,-1285
11,600,1106727,-32768,-14023,-5691,-594,6202,-1099
11,601,1106750,-10645,-12621,6715,525,-6405,208
11,602,1106751,-10645,-12621,6715,525,-6405,208
11,603,1106753,-10645,-12621,6715,525,-6405,208
11,604,1106754,-24927,-14483,-19726,414,-10379,687
11,605,1106754,-24927,-14483,-19726,414,-10379,687
11,606,1106757,-24927,-14483,-19726,414,-10379,687
11,607,1106762,-15652,-15548,-18423,167,-10452,1021
11,608,1106767,27081,-15441,-32768,-121,-9354,643
11,609,1106772,21716,-16060,-32768,-301,-1519,409
11,610,1106777,-3467,-17752,-10496,-328,4308,56
11,611,1106782,-22166,-12698,-6226,-124,3505,129
11,612,1106787,-8949,-15063,-3977,-37,1869,420
11,613,1106792,7289,-14159,-597,-28,1648,486
11,614,1106797,15590,-15059,14408,-155,1883,357
11,615,1106802,4371,-14800,12373,-118,1275,304
11,616,1106807,-6862,-16232,6176,-7,-28,351
11,617,1106812,3008,-15673,-11518,33,-2187,528
11,618,1106817,8845,-16257,-14044,-75,-1478,517
11,619,1106822,6976,-15914,-6900,-174,-249,369
11,620,1106827,-866,-15740,-2561,-100,367,304
11,621,1106832,-3627,-16089,-8112,10,269,320
11,622,1106837,-1069,-16015,-10757,-25,335,358
11,623,1106842,3724,-16076,-7525,-132,600,373
11,624,1106847,3847,-15891,3097,-227,759,340
11,625,1106852,2158,-15796,6053,-169,311,316
11,626,1106857,567,-16053,1226,-23,-304,333
11,627,1106862,652,-16179,-7162,43,-645,343
11,628,1106867,1327,-16377,-11632,8,-511,356
11,629,1106872,1431,-16111,-7019,-107,-92,341
11,630,1106877,1753,-15957,-1947,-150,95,321
11,631,1106882,2353,-15935,-1759,-115,97,299
11,632,1106887,2460,-16134,-5237,-47,170,279
11,633,1106892,1263,-16023,-6404,-23,342,260
11,634,1106897,470,-15877,-4587,-54,364,261
11,635,1106902,996,-15788,-1997,-100,188,274
11,636,1106907,2544,-16033,-1178,-112,-28,279
11,637,1106912,3197,-16161,-2178,-72,-117,264
11,638,1106917,2406,-16220,-3726,-21,-82,244
11,639,1106922,961,-16159,-5036,-3,-47,234
11,640,1106927,848,-16186,-6171,-27,-62,240
11,641,1106932,1864,-16095,-5704,-74,-29,238
11,642,1106937,2960,-16002,-4045,-93,75,223
11,643,1106942,2822,-16016,-2502,-76,176,203
11,644,1106947,2003,-16007,-2846,-34,186,186
11,645,1106952,1390,-15950,-4381,-11,127,177
11,646,1106957,1450,-15938,-5156,-29,74,180
11,647,1106962,1907,-15958,-4212,-56,61,181
11,648,1106967,2458,-15948,-2620,-67,54,177
11,649,1106972,2706,-15941,-2366,-45,36,164
11,650,1106977,2498,-16023,-3610,-16,26,155
11,651,1106982,1962,-16016,-4814,-2,37,146
11,652,1106987,1705,-15965,-4992,-18,53,139
11,653,1106992,1963,-15907,-4047,-44,57,136
11,654,1106997,2519,-15896,-3023,-51,61,132
11,655,1107002,2674,-15954,-2861,-36,68,124
11,656,1107007,2221,-16179,-3344,-15,85,110
11,657,1107012,1718,-16197,-4129,-4,77,101
11,658,1107017,1673,-16090,-4348,-18,58,99
11,659,1107022,2175,-16058,-3968,-35,57,95
11,660,1107027,2697,-16077,-3187,-38,86,91
11,661,1107032,2699,-16047,-2671,-26,107,80
11,662,1107037,2358,-16031,-3016,-8,91,72
11,663,1107042,2026,-16006,-3768,0,51,67
11,664,1107047,2028,-15941,-4204,-8,16,67
11,665,1107052,2288,-15960,-3801,-25,5,65
11,666,1107057,2605,-15893,-3009,-31,9,61
11,667,1107062,2596,-15879,-2888,-21,7,52
11,668,1107067,2315,-15928,-3516,-6,1,47
11,669,1107072,1990,-15861,-4263,-3,-3,45
11,670,1107077,1990,-15754,-4545,-8,-5,44
11,671,1107082,2178,-15778,-4035,-22,4,42
11,672,1107087,2385,-15832,-3409,-27,15,37
11,673,1107092,2334,-15859,-3331,-19,24,28
11,674,1107097,2143,-15722,-3757,-6,31,24
11,675,1107102,1911,-15713,-4259,-2,43,21
11,676,1107107,1847,-15793,-4316,-9,52,19
11,677,1107112,2091,-15756,-3924,-19,52,18
11,678,1107117,2335,-15726,-3430,-21,52,17
11,679,1107122,2388,-15748,-3341,-11,54,13
11,680,1107127,2174,-15782,-3634,-1,54,8
11,681,1107132,1891,-15820,-4026,-3,49,4
11,682,1107137,1869,-15786,-3983,-10,37,7
11,683,1107142,2010,-15836,-3774,-14,21,5
11,684,1107147,2217,-15834,-3514,-16,15,4
11,685,1107152,2175,-15806,-3442,-9,20,-2
11,686,1107157,1837,-15843,-3798,0,20,-4
11,687,1107162,1633,-15838,-4193,-2,21,-6
11,688,1107167,1753,-15791,-4206,-7,23,-4
11,689,1107172,1989,-15768,-3760,-16,33,-2
11,690,1107177,2138,-15751,-3310,-19,35,-4
11,691,1107182,1707,-15723,-3699,-2,4,-10
11,692,1107187,1552,-15748,-4078,-3,-16,-8
11,693,1107192,1668,-15780,-4192,-10,-23,-8
11,694,1107197,1927,-15759,-3894,-16,-12,-6
11,695,1107202,2056,-15699,-3648,-17,1,-9
11,696,1107207,1946,-15777,-3682,-7,9,-11
11,697,1107212,1628,-15897,-3875,0,2,-11
11,698,1107217,1370,-15909,-4061,-4,-13,-10
11,699,1107222,1513,-15855,-4022,-11,-26,-7
11,700,1107227,1856,-15844,-3781,-14,-18,-4
11,701,1107232,1896,-15983,-3492,-12,-7,-9
11,702,1107237,1720,-16079,-3635,-6,-8,-14
11,703,1107242,1437,-16075,-4028,-3,-21,-13
11,704,1107247,1340,-16047,-4260,-5,-28,-11
11,705,1107252,1490,-16054,-4209,-13,-11,-11
11,706,1107257,1649,-16061,-3846,-18,17,-16
11,707,1107262,1577,-16092,-3525,-14,23,-17
11,708,1107267,1365,-16048,-3787,-7,8,-18
11,709,1107272,1266,-16000,-4220,-4,-6,-19
11,710,1107277,1263,-16016,-4452,-5,-2,-17
11,711,1107282,1415,-15938,-4245,-11,18,-16
11,712,1107287,1499,-15878,-3912,-14,33,-15
11,713,1107292,1571,-15881,-3820,-12,33,-18
11,714,1107297,1519,-15867,-3939,-6,26,-17
11,715,1107302,1450,-15803,-4017,-3,17,-22
11,716,1107307,1473,-15750,-3955,-4,1,-21
11,717,1107312,1528,-15827,-3875,-6,-19,-13
11,718,1107317,1512,-15878,-3767,-8,-41,-10
11,719,1107322,1472,-15862,-3930,-2,-58,-13
11,720,1107327,1369,-15843,-4270,3,-59,-12
11,721,1107332,1415,-15860,-4533,2,-38,-10
11,722,1107337,1446,-15854,-4560,-1,-7,-11
11,723,1107342,1473,-15856,-4299,-3,20,-13
11,724,1107347,1417,-15859,-4021,-3,29,-15
11,725,1107352,1309,-15948,-3870,-1,22,-13
11,726,1107357,1186,-15981,-4012,3,13,-13
11,727,1107362,1283,-16031,-4127,3,5,-10
11,728,1107367,1435,-15969,-4147,0,13,-8
11,729,1107372,1469,-15923,-4048,-2,25,-12
11,730,1107377,1397,-15958,-3971,0,35,-10
11,731,1107382,1415,-16046,-4056,4,38,-9
11,732,1107387,1474,-16056,-4120,4,43,-9
11,733,1107392,1457,-15987,-3924,1,43,-11
11,734,1107397,1382,-16042,-3750,0,31,-8
11,735,1107402,1440,-16034,-3731,-1,13,-4
11,736,1107407,1539,-15951,-3767,3,-2,-7
11,737,1107412,1538,-15909,-3874,5,-9,-5
11,738,1107417,1493,-15878,-4028,5,-11,0
11,739,1107422,1448,-15804,-4108,5,-10,2
11,740,1107427,1418,-15799,-4076,1,-11,2
11,741,1107432,1520,-15774,-4085,0,-8,4
11,742,1107437,1587,-15737,-3989,1,8,5
11,743,1107442,1601,-15695,-3930,1,16,8
11,744,1107447,1528,-15666,-3862,2,17,5
11,745,1107452,1429,-15595,-3839,-1,8,7
11,746,1107457,1438,-15557,-3873,3,-6,7
11,747,1107462,1440,-15565,-3903,3,-18,9
11,748,1107467,1445,-15646,-3937,1,-25,11
11,749,1107472,1510,-15691,-4076,3,-28,15
11,750,1107477,1533,-15665,-4164,3,-23,13
11,751,1107482,1549,-15670,-4220,2,-8,11
11,752,1107487,1459,-15787,-4162,2,9,14
11,753,1107492,1359,-15853,-3910,-2,19,11
11,754,1107497,1307,-15833,-3731,-2,18,10
11,755,1107502,1265,-15830,-3789,-2,9,12
11,756,1107507,1418,-15843,-3983,2,12,12
11,757,1107512,1506,-15800,-4037,3,21,10
11,758,1107517,1461,-15806,-3986,2,27,9
11,759,1107522,1484,-15825,-3950,0,28,11
11,760,1107527,1526,-15836,-3875,-3,26,12
11,761,1107532,1542,-15776,-3781,-2,35,12
11,762,1107537,1523,-15790,-3710,1,41,11
11,763,1107542,1520,-15832,-3679,0,34,14
11,764,1107547,1596,-15795,-3694,-1,14,15
11,765,1107552,1622,-15779,-3692,-2,-30,13
11,766,1107557,1579,-15789,-3693,-1,-34,14
11,767,1107562,1493,-15768,-3782,1,-33,16
11,768,1107567,1446,-15831,-3984,0,-30,17
11,769,1107572,1522,-15932,-4014,-1,-21,16
11,770,1107577,1543,-15984,-3903,-1,-9,16
11,771,1107582,1570,-16007,-3800,-4,-4,15
11,772,1107587,1591,-16003,-3865,-6,8,11
11,773,1107592,1555,-16006,-4005,-1,19,12
11,774,1107597,1557,-15979,-4016,-3,24,10
11,775,1107602,1509,-15925,-4005,-3,27,9
11,776,1107607,1466,-15923,-3875,-4,28,10
11,777,1107612,1485,-15933,-3864,-7,28,11
11,778,1107617,1438,-15897,-3860,-4,34,8
11,779,1107622,1513,-15890,-3951,1,33,6
11,780,1107627,1568,-15854,-3949,-1,32,7
11,781,1107632,1619,-15906,-3933,-1,29,6
11,782,1107637,1545,-15879,-3825,-4,28,4
11,783,1107642,1575,-15798,-3654,-2,22,4
11,784,1107647,1587,-15780,-3604,-2,15,8
11,785,1107652,1628,-15812,-3693,0,-2,7
11,786,1107657,1655,-15861,-3864,4,-16,7
11,787,1107662,1615,-15875,-3959,2,-26,7
11,788,1107667,1630,-15893,-4039,2,-36,8
11,789,1107672,1566,-15889,-4092,4,-33,8
11,790,1107677,1542,-15864,-4165,2,-16,8
11,791,1107682,1558,-15914,-4143,1,10,4
11,792,1107687,1447,-15940,-4078,2,31,3
11,793,1107692,1491,-15964,-4045,2,37,1
11,794,1107697,1525,-15989,-3922,-1,37,3
11,795,1107702,1496,-15976,-3880,-1,34,1
11,796,1107707,1471,-16001,-3818,1,30,2
11,797,1107712,1412,-15994,-3779,6,21,2
11,798,1107717,1396,-16020,-3909,7,6,1
11,799,1107722,1474,-15988,-4038,6,-1,2
11,800,1107727,1554,-15942,-4037,7,4,1
11,801,1107732,1593,-15952,-4050,4,19,2
11,802,1107737,1571,-16107,-4051,5,34,0
11,803,1107742,1601,-16212,-4029,9,41,-4
11,804,1107747,1609,-16201,-3959,5,36,0
11,805,1107752,1598,-16148,-3837,0,25,-2
11,806,1107757,1660,-16157,-3889,5,16,-2
11,807,1107762,1729,-16126,-3857,7,24,-3
11,808,1107767,1733,-16046,-3872,6,30,-1
11,809,1107772,1709,-15955,-3909,11,24,0
11,810,1107777,1711,-15861,-3883,11,14,-1
11,811,1107782,1783,-15721,-3822,9,0,6
11,812,1107787,1762,-15729,-3728,6,-8,5
11,813,1107792,1539,-15811,-3735,9,-20,6
11,814,1107797,1477,-15922,-3933,10,-37,6
11,815,1107802,1438,-15901,-4105,10,-47,5
11,816,1107807,1488,-15859,-4299,7,-34,3
11,817,1107812,1423,-15886,-4301,6,0,4
11,818,1107817,1441,-15828,-4222,1,36,-3
11,819,1107822,1496,-15768,-4053,0,65,-6
11,820,1107827,1515,-15711,-3976,2,72,-4
11,821,1107832,1509,-15703,-3875,-1,66,-6
11,822,1107837,1485,-15674,-3775,2,53,-9
11,823,1107842,1461,-15629,-3733,2,34,-5
11,824,1107847,1467,-15640,-3785,4,11,-3
11,825,1107852,1510,-15734,-3950,5,-1,-3
11,826,1107857,1580,-15749,-4112,3,-1,-3
11,827,1107862,1611,-15730,-4082,3,3,-6
11,828,1107867,1581,-15724,-3968,0,14,-9
11,829,1107872,1536,-15764,-3910,-1,18,-9
11,830,1107877,1491,-15767,-3788,-1,19,-10
11,831,1107882,1540,-15772,-3767,3,15,-6
11,832,1107887,1588,-15792,-3708,-1,3,-5
11,833,1107892,1549,-15823,-3691,0,-17,-5
11,834,1107897,1451,-15867,-3776,-1,-34,-8
11,835,1107902,1470,-15865,-3922,-1,-41,-7
11,836,1107907,1527,-15847,-4119,-3,-29,-8
11,837,1107912,1565,-15892,-4215,-5,0,-10
11,838,1107917,1428,-15958,-3899,-8,40,-13
11,839,1107922,1372,-15918,-3884,-6,42,-13
11,840,1107927,1371,-15890,-3903,-8,44,-16
11,841,1107932,1430,-15911,-3927,-9,50,-15
11,842,1107937,1568,-15902,-3853,-8,53,-13
11,843,1107942,1609,-15938,-3709,-9,50,-15
11,844,1107947,1637,-15952,-3658,-10,33,-15
11,845,1107952,1601,-15991,-3663,-9,15,-13
11,846,1107957,1604,-16008,-3727,-7,0,-14
11,847,1107962,1629,-15992,-3828,-7,-14,-13
11,848,1107967,1614,-16019,-3862,-5,-27,-11
11,849,1107972,1666,-16083,-3851,-5,-35,-8
11,850,1107977,1697,-16092,-3882,-7,-36,-11
11,851,1107982,1623,-16067,-3950,-6,-35,-10
11,852,1107987,1591,-16088,-4075,-6,-22,-12
11,853,1107992,1639,-16093,-4143,-6,-10,-10
11,854,1107997,1648,-16031,-4092,-8,-3,-12
11,855,1108002,1632,-16025,-3947,-9,5,-11
11,856,1108007,1497,-16039,-3850,-10,4,-13
11,857,1108012,1465,-15981,-3904,-9,1,-13
11,858,1108017,1580,-15958,-4005,-7,5,-11
11,859,1108022,1686,-15899,-3984,-7,15,-8
11,860,1108027,1618,-15892,-3890,-10,19,-9
11,861,1108032,1528,-15848,-3802,-9,5,-12
11,862,1108037,1481,-15841,-3844,-6,-13,-9
11,863,1108042,1485,-15853,-4044,-2,-22,-7
11,864,1108047,1554,-15809,-4095,-3,-14,-9
11,865,1108052,1547,-15811,-4120,-3,-4,-9
11,866,1108057,1511,-15811,-4061,-2,-3,-8
11,867,1108062,1475,-15843,-3993,-3,-2,-8
11,868,1108067,1464,-15862,-4030,-1,2,-8
11,869,1108072,1462,-15821,-3921,1,5,-9
11,870,1108077,1476,-15827,-3909,2,5,-8
11,871,1108082,1532,-15865,-3940,0,-4,-9
11,872,1108087,1622,-15877,-3928,1,-17,-9
11,873,1108092,1652,-15852,-3961,2,-25,-8
11,874,1108097,1628,-15863,-3984,5,-29,-5
11,875,1108102,1565,-15900,-4053,6,-23,-8
11,876,1108107,1514,-15968,-4194,4,-17,-10
11,877,1108112,1520,-15936,-4207,4,4,-5
11,878,1108117,1542,-15877,-4134,3,21,-8
11,879,1108122,1482,-15852,-4044,3,34,-7
11,880,1108127,1429,-15813,-3965,3,46,-10
11,881,1108132,1370,-15794,-3899,4,51,-10
11,882,1108137,1458,-15765,-3932,5,52,-10
11,883,1108142,1589,-15685,-3790,4,50,-11
11,884,1108147,1611,-15668,-3621,4,35,-10
11,885,1108152,1570,-15679,-3603,6,10,-8
11,886,1108157,1562,-15714,-3673,8,-20,-4
11,887,1108162,1550,-15689,-3812,10,-43,-5
11,888,1108167,1565,-15754,-3905,11,-57,-4
11,889,1108172,1596,-15751,-4048,10,-59,-4
11,890,1108177,1599,-15727,-4139,8,-52,-3
11,891,1108182,1526,-15806,-4067,11,-41,0
11,892,1108187,1495,-15831,-4126,12,-25,-2
11,893,1108192,1471,-15825,-4006,12,-11,-5
11,894,1108197,1516,-15864,-3950,11,-2,-5
11,895,1108202,1469,-15859,-3928,8,2,-4
11,896,1108207,1489,-15861,-3912,13,4,-3
11,897,1108212,1433,-15827,-3971,13,11,-7
11,898,1108217,1383,-15822,-3996,8,17,-5
11,899,1108222,1412,-15859,-3973,11,22,-5
11,900,1108227,1527,-15849,-3970,12,27,-5
11,901,1108232,1531,-15850,-3931,8,33,-6
11,902,1108237,1548,-15793,-3896,9,30,-4
11,903,1108242,1527,-15762,-3849,11,27,-4
11,904,1108247,1543,-15784,-3848,12,26,-6
11,905,1108252,1577,-15843,-3870,14,20,-4
11,906,1108257,1607,-15873,-3773,13,15,-2
11,907,1108262,1628,-15879,-3743,12,5,2
11,908,1108267,1629,-15858,-3742,12,-4,3
11,909,1108272,1549,-15887,-3786,14,-10,1
11,910,1108277,1508,-15889,-3975,14,-13,1
11,911,1108282,1548,-15862,-4008,16,-8,2
11,912,1108287,1481,-15950,-3984,16,7,2
11,913,1108292,1543,-15989,-4008,14,16,1
11,914,1108297,1573,-15953,-3913,14,26,2
11,915,1108302,1527,-15940,-3867,13,30,-1
11,916,1108307,1504,-15959,-3830,12,28,2
11,917,1108312,1576,-15929,-3771,13,25,4
11,918,1108317,1586,-15940,-3766,14,17,3
11,919,1108322,1636,-15943,-3777,13,6,6
11,920,1108327,1649,-15920,-3682,14,-3,8
11,921,1108332,1652,-15917,-3728,13,-15,10
11,922,1108337,1598,-15940,-3738,15,-24,10
11,923,1108342,1602,-15924,-3862,17,-35,9
11,924,1108347,1627,-15896,-3895,14,-39,11
11,925,1108352,1669,-15950,-3929,15,-38,15
11,926,1108357,1619,-16019,-3986,16,-31,12
11,927,1108362,1538,-16049,-3901,14,-27,11
11,928,1108367,1485,-15998,-3886,13,-25,13
11,929,1108372,1436,-16048,-3969,13,-12,12
11,930,1108377,1449,-16045,-4036,13,3,10
11,931,1108382,1513,-16032,-3963,12,16,10
11,932,1108387,1531,-15966,-3872,11,22,7
11,933,1108392,1485,-15914,-3817,11,17,11
11,934,1108397,1446,-15851,-3825,13,10,12
11,935,1108402,1490,-15806,-3914,14,11,9
11,936,1108407,1510,-15812,-3901,13,7,13
11,937,1108412,1534,-15758,-3967,13,1,13
11,938,1108417,1563,-15692,-4024,11,-5,13
11,939,1108422,1565,-15682,-4022,11,-4,11
11,940,1108427,1523,-15733,-4013,14,-1,11
11,941,1108432,1442,-15796,-4021,12,-2,11
11,942,1108437,1452,-15781,-4034,15,1,13
11,943,1108442,1581,-15721,-4017,13,9,13
11,944,1108447,1551,-15795,-4020,16,15,12
11,945,1108452,1495,-15873,-3960,14,26,11
11,946,1108457,1469,-15901,-3839,16,27,10
11,947,1108462,1495,-15928,-3746,17,18,9
11,948,1108467,1494,-15996,-3707,11,5,12
11,949,1108472,1545,-16049,-3655,11,-2,13
11,950,1108477,1545,-16046,-3716,10,-5,10
11,951,1108482,1548,-16063,-3825,11,-6,10
11,952,1108487,1526,-16106,-3936,11,-2,13
11,953,1108492,1517,-16024,-4032,12,5,11
11,954,1108497,1536,-16000,-3940,8,14,10
11,955,1108502,1544,-15959,-3922,6,19,10
11,956,1108507,1583,-15961,-3870,8,22,11
11,957,1108512,1654,-15941,-3852,9,26,11
11,958,1108517,1636,-15884,-3828,10,24,11
11,959,1108522,1544,-15890,-3892,11,12,9
11,960,1108527,1476,-15958,-3960,10,0,11
11,961,1108532,1453,-16041,-4020,8,-3,11
11,962,1108537,1489,-16006,-4062,7,6,10
11,963,1108542,1531,-15945,-4095,6,22,9
11,964,1108547,1526,-15916,-4078,5,45,5
11,965,1108552,1442,-15967,-3939,6,61,2
11,966,1108557,1417,-16012,-3763,3,61,6
11,967,1108562,1491,-16000,-3658,2,46,4
11,968,1108567,1593,-16014,-3660,3,29,8
11,969,1108572,1634,-15987,-3717,4,22,5
11,970,1108577,1535,-16005,-3737,6,13,2
11,971,1108582,1529,-16030,-3773,6,1,5
11,972,1108587,1529,-15984,-3849,4,-5,7
11,973,1108592,1593,-16002,-3976,4,-4,8
11,974,1108597,1657,-16006,-3895,1,6,4
11,975,1108602,1712,-15928,-3774,1,13,2
11,976,1108607,1649,-15870,-3743,-2,13,1
11,977,1108612,1604,-15863,-3785,0,1,3
11,978,1108617,1552,-15870,-3875,3,-17,3
11,979,1108622,1543,-15863,-3823,5,-28,5
11,980,1108627,1604,-15966,-3806,1,-37,8
11,981,1108632,1616,-15949,-3902,2,-45,5
11,982,1108637,1540,-15908,-3989,2,-40,5
11,983,1108642,1424,-15939,-4125,2,-28,2
11,984,1108647,1427,-15900,-4194,2,-5,2
11,985,1108652,1517,-15875,-4081,1,19,3
11,986,1108657,1511,-15806,-3769,-3,36,-1
11,987,1108662,1434,-15787,-3708,-1,28,-3
11,988,1108667,1419,-15773,-3785,-3,12,-5
11,989,1108672,1484,-15782,-3806,-2,5,-4
11,990,1108677,1539,-15788,-3808,-1,-2,-3
11,991,1108682,1590,-15814,-3788,-3,-6,-4
11,992,1108687,1580,-15829,-3796,-3,-13,-2
11,993,1108692,1589,-15818,-3782,-2,-21,0
11,994,1108697,1608,-15840,-3779,-3,-19,-4
11,995,1108702,1587,-15887,-3834,-1,-22,-5
11,996,1108707,1619,-15866,-3871,-2,-21,0
11,997,1108712,1640,-15916,-3917,-3,-26,-2
11,998,1108717,1658,-15903,-3871,-4,-26,-5
11,999,1108722,1584,-15892,-3809,-3,-18,-1
12,0,1119832,1394,-16285,-2337,-106,-81,16
12,1,1119837,1463,-16334,-2275,-105,-58,16
12,2,1119842,1493,-16362,-2215,-106,-49,16
12,3,1119847,1529,-16377,-2113,-108,-51,14
12,4,1119852,1513,-16359,-1992,-109,-65,13
12,5,1119857,1461,-16381,-2069,-107,-87,12
12,6,1119862,1440,-16328,-2089,-107,-98,11
12,7,1119867,1476,-16354,-2148,-107,-112,12
12,8,1119872,1537,-16402,-2203,-110,-120,9
12,9,1119877,1543,-16427,-2246,-111,-122,7
12,10,1119882,1552,-16389,-2367,-109,-124,8
12,11,1119887,1484,-16391,-2383,-109,-118,11
12,12,1119892,1545,-16401,-2459,-108,-103,8
12,13,1119897,1596,-16385,-2553,-107,-86,4
12,14,1119902,1572,-16437,-2457,-111,-77,5
12,15,1119907,1595,-16439,-2403,-112,-77,4
12,16,1119912,1563,-16403,-2315,-112,-81,1
12,17,1119917,1413,-16505,-2404,-106,-86,3
12,18,1119922,1383,-16537,-2522,-104,-88,2
12,19,1119927,1383,-16561,-2540,-105,-85,3
12,20,1119932,1479,-16526,-2628,-107,-83,2
12,21,1119937,1433,-16519,-2571,-105,-71,-2
12,22,1119942,1392,-16563,-2657,-103,-59,-4
12,23,1119947,1376,-16536,-2741,-105,-42,-3
12,24,1119952,1361,-16514,-2752,-105,-18,-7
12,25,1119957,1422,-16473,-2659,-103,0,-6
12,26,1119962,1412,-16507,-2560,-104,16,-11
12,27,1119967,1418,-16534,-2396,-106,25,-11
12,28,1119972,1460,-16531,-2277,-104,20,-12
12,29,1119977,1557,-16495,-2385,-103,16,-11
12,30,1119982,1580,-16449,-2426,-101,13,-10
12,31,1119987,1646,-16418,-2539,-97,-1,-8
12,32,1119992,1769,-16395,-2574,-94,-19,-5
12,33,1119997,1758,-16387,-2645,-95,-29,-2
12,34,1120002,1747,-16431,-2663,-93,-33,-3
12,35,1120007,1667,-16461,-2654,-94,-29,-2
12,36,1120012,1626,-16445,-2661,-90,-24,-2
12,37,1120017,1599,-16460,-2765,-89,-13,0
12,38,1120022,1620,-16457,-2757,-91,0,-3
12,39,1120027,1626,-16454,-2728,-95,14,-3
12,40,1120032,1651,-16434,-2629,-93,25,-4
12,41,1120037,1627,-16403,-2647,-87,34,0
12,42,1120042,1741,-16451,-2722,-85,43,0
12,43,1120047,1768,-16451,-2700,-86,48,2
12,44,1120052,1780,-16427,-2613,-88,50,3
12,45,1120057,1764,-16421,-2548,-85,44,4
12,46,1120062,1714,-16464,-2580,-83,38,6
12,47,1120067,1637,-16516,-2606,-85,33,6
12,48,1120072,1545,-16478,-2659,-84,30,5
12,49,1120077,1500,-16442,-2646,-85,33,5
12,50,1120082,1596,-16388,-2756,-87,62,7
12,51,1120087,1676,-16323,-2556,-89,90,6
12,52,1120092,1646,-16233,-2338,-90,100,3
12,53,1120097,1534,-16174,-2243,-90,89,5
12,54,1120102,1551,-16139,-2155,-88,70,8
12,55,1120107,1573,-16082,-2058,-92,52,7
12,56,1120112,1577,-16042,-2054,-94,31,9
12,57,1120117,1554,-16014,-2167,-93,2,7
12,58,1120122,1515,-15999,-2418,-91,-23,9
12,59,1120127,1468,-15948,-2607,-93,-26,9
12,60,1120132,1466,-15934,-2816,-94,-17,8
12,61,1120137,1530,-15906,-2855,-98,15,7
12,62,1120142,1554,-15885,-2840,-105,48,6
12,63,1120147,1458,-15906,-2636,-108,78,4
12,64,1120152,1336,-15928,-2407,-105,82,2
12,65,1120157,1286,-15899,-2288,-103,72,3
12,66,1120162,1249,-15921,-2303,-103,54,4
12,67,1120167,1291,-15984,-2452,-104,36,6
12,68,1120172,1368,-16014,-2361,-104,31,6
12,69,1120177,1426,-16070,-2364,-108,19,5
12,70,1120182,1470,-16141,-2511,-109,1,3
12,71,1120187,1515,-16117,-2630,-106,-13,4
12,72,1120192,1512,-16189,-2752,-109,-21,2
12,73,1120197,1499,-16276,-2782,-108,-25,3
12,74,1120202,1413,-16440,-2764,-109,-28,4
12,75,1120207,1420,-16496,-2761,-109,-32,7
12,76,1120212,1433,-16639,-2737,-107,-32,7
12,77,1120217,1398,-16716,-2733,-105,-30,6
12,78,1120222,1253,-16760,-2735,-104,-28,4
12,79,1120227,1150,-16781,-2891,-103,-29,4
12,80,1120232,1108,-16794,-2951,-102,-23,5
12,81,1120237,1107,-16823,-2919,-105,-7,6
12,82,1120242,1116,-16768,-2874,-108,12,1
12,83,1120247,1122,-16662,-2843,-103,28,-1
12,84,1120252,1179,-16562,-2904,-105,45,-3
12,85,1120257,1198,-16433,-3021,-106,62,-4
12,86,1120262,1201,-16371,-2968,-103,72,-5
12,87,1120267,1224,-16274,-2944,-103,69,-7
12,88,1120272,1253,-16154,-3094,-101,59,-8
12,89,1120277,1344,-16014,-3336,-98,57,-8
12,90,1120282,1510,-15896,-3615,-93,75,-8
12,91,1120287,1665,-15799,-3583,-94,103,-7
12,92,1120292,1744,-15780,-3399,-92,121,-5
12,93,1120297,1748,-15756,-3208,-88,121,-3
12,94,1120302,1666,-15728,-3053,-87,114,-4
12,95,1120307,1571,-15692,-2941,-82,95,-2
12,96,1120312,1597,-15728,-2854,-82,82,3
12,97,1120317,1621,-15760,-2810,-74,59,6
12,98,1120322,1569,-15798,-2841,-69,29,6
12,99,1120327,1418,-15847,-3010,-68,2,7
12,100,1120332,1377,-15829,-3255,-66,-13,10
12,101,1120337,1439,-15816,-3442,-63,-1,10
12,102,1120342,1516,-15861,-3650,-63,32,7
12,103,1120347,1456,-15861,-3545,-61,66,6
12,104,1120352,1402,-15890,-3525,-61,87,4
12,105,1120357,1314,-15844,-3616,-61,97,0
12,106,1120362,1451,-15808,-3685,-60,119,1
12,107,1120367,1580,-15755,-3616,-61,154,-2
12,108,1120372,1584,-15705,-3425,-60,181,-4
12,109,1120377,1576,-15666,-3380,-60,190,-3
12,110,1120382,1644,-15644,-3386,-56,188,-4
12,111,1120387,1679,-15561,-3383,-55,181,-4
12,112,1120392,1704,-15503,-3215,-53,176,-2
12,113,1120397,1603,-15557,-3149,-48,161,0
12,114,1120402,1645,-15638,-3193,-44,142,1
12,115,1120407,1702,-15686,-3245,-44,127,4
12,116,1120412,1719,-15765,-3279,-41,114,3
12,117,1120417,1644,-15839,-3321,-37,101,6
12,118,1120422,1598,-15842,-3353,-33,96,4
12,119,1120427,1675,-15870,-3497,-30,104,3
12,120,1120432,1815,-15966,-3437,-32,126,6
12,121,1120437,1885,-16022,-3277,-33,149,3
12,122,1120442,1910,-16048,-3101,-31,154,5
12,123,1120447,1911,-16048,-2950,-30,140,6
12,124,1120452,1792,-16068,-2903,-24,99,8
12,125,1120457,1757,-16025,-2885,-25,87,9
12,126,1120462,1793,-15994,-2948,-25,78,13
12,127,1120467,1805,-15942,-3056,-23,75,14
12,128,1120472,1697,-15871,-3140,-21,80,13
12,129,1120477,1628,-15882,-3184,-21,92,10
12,130,1120482,1526,-15840,-3214,-22,104,11
12,131,1120487,1461,-15774,-3122,-24,115,14
12,132,1120492,1446,-15774,-3118,-25,124,15
12,133,1120497,1456,-15717,-3183,-20,134,13
12,134,1120502,1542,-15568,-3151,-21,144,9
12,135,1120507,1555,-15465,-3131,-20,148,8
12,136,1120512,1530,-15432,-3043,-18,145,9
12,137,1120517,1485,-15411,-2970,-16,138,8
12,138,1120522,1460,-15407,-3037,-16,127,9
12,139,1120527,1501,-15350,-3154,-13,112,11
12,140,1120532,1561,-15317,-3203,-9,102,9
12,141,1120537,1601,-15304,-3314,-8,101,9
12,142,1120542,1670,-15275,-3264,-9,103,8
12,143,1120547,1611,-15307,-3262,-8,107,6
12,144,1120552,1600,-15283,-3246,-4,111,8
12,145,1120557,1616,-15309,-3164,-3,114,10
12,146,1120562,1611,-15319,-2997,-4,107,10
12,147,1120567,1621,-15377,-2971,-3,91,11
12,148,1120572,1587,-15491,-2967,0,73,14
12,149,1120577,1512,-15585,-2954,2,56,14
12,150,1120582,1388,-15683,-3110,5,44,16
12,151,1120587,1420,-15700,-3251,3,40,12
12,152,1120592,1510,-15702,-3352,8,49,12
12,153,1120597,1574,-15711,-3525,11,71,13
12,154,1120602,1637,-15683,-3597,10,102,12
12,155,1120607,1614,-15666,-3602,10,138,9
12,156,1120612,1582,-15636,-3494,9,164,7
12,157,1120617,1489,-15563,-3329,12,180,8
12,158,1120622,1406,-15556,-3231,15,182,3
12,159,1120627,1428,-15605,-3317,18,183,7
12,160,1120632,1516,-15619,-3317,18,191,9
12,161,1120637,1597,-15520,-3200,19,188,8
12,162,1120642,1748,-15468,-3131,22,181,9
12,163,1120647,1819,-15515,-3059,25,170,11
12,164,1120652,1821,-15534,-2988,29,156,14
12,165,1120657,1741,-15482,-2942,31,137,15
12,166,1120662,1676,-15536,-2946,36,108,15
12,167,1120667,1624,-15608,-3022,39,80,21
12,168,1120672,1635,-15699,-3144,41,60,23
12,169,1120677,1519,-15848,-3217,43,51,23
12,170,1120682,1380,-15997,-3203,43,47,17
12,171,1120687,1286,-16087,-3422,46,46,19
12,172,1120692,1224,-16130,-3669,47,62,19
12,173,1120697,1143,-16199,-3850,47,101,14
12,174,1120702,1143,-16261,-3840,44,149,11
12,175,1120707,1250,-16216,-3598,41,190,4
12,176,1120712,1333,-16149,-3407,41,220,3
12,177,1120717,1384,-16157,-3200,43,233,2
12,178,1120722,1289,-16163,-3028,48,226,0
12,179,1120727,1254,-16156,-2996,51,195,1
12,180,1120732,1392,-16117,-2944,52,164,3
12,181,1120737,1653,-16012,-2993,54,137,4
12,182,1120742,1775,-16042,-3029,59,119,5
12,183,1120747,1723,-16090,-2851,63,99,6
12,184,1120752,1574,-16130,-2895,63,66,5
12,185,1120757,1437,-16111,-2935,65,39,7
12,186,1120762,1405,-16167,-3033,65,23,9
12,187,1120767,1443,-16222,-3101,64,21,9
12,188,1120772,1456,-16250,-3059,65,32,10
12,189,1120777,1432,-16308,-3055,65,33,11
12,190,1120782,1365,-16303,-3133,68,40,8
12,191,1120787,1396,-16338,-3224,68,49,5
12,192,1120792,1461,-16352,-3193,65,64,4
12,193,1120797,1467,-16373,-2954,64,76,5
12,194,1120802,1447,-16362,-2813,64,74,6
12,195,1120807,1414,-16366,-2807,65,61,5
12,196,1120812,1374,-16319,-2860,67,48,3
12,197,1120817,1386,-16300,-2726,65,38,4
12,198,1120822,1349,-16433,-2627,64,14,6
12,199,1120827,1249,-16485,-2552,64,-10,6
12,200,1120832,1211,-16537,-2631,67,-35,10
12,201,1120837,1284,-16491,-2541,63,-48,9
12,202,1120842,1401,-16485,-2591,63,-58,12
12,203,1120847,1385,-16440,-2543,64,-58,8
12,204,1120852,1277,-16469,-2385,64,-68,11
12,205,1120857,1170,-16548,-2621,65,-94,11
12,206,1120862,1134,-16605,-2684,62,-114,10
12,207,1120867,1129,-16600,-2763,59,-122,10
12,208,1120872,1261,-16532,-2844,60,-118,9
12,209,1120877,1342,-16503,-2899,58,-104,10
12,210,1120882,1380,-16406,-3051,58,-86,6
12,211,1120887,1372,-16354,-3148,59,-68,5
12,212,1120892,1346,-16303,-3109,56,-57,8
12,213,1120897,1376,-16246,-2915,54,-54,8
12,214,1120902,1320,-16339,-2705,53,-50,6
12,215,1120907,1310,-16402,-2684,53,-59,8
12,216,1120912,1239,-16297,-2803,57,-65,9
12,217,1120917,1141,-16196,-2932,56,-65,8
12,218,1120922,1215,-16225,-3102,52,-56,8
12,219,1120927,1378,-16145,-2995,46,-35,9
12,220,1120932,1445,-16047,-2697,43,-11,6
12,221,1120937,1346,-16026,-2545,43,-5,4
12,222,1120942,1302,-16017,-2629,44,-9,7
12,223,1120947,1268,-15873,-2542,45,-16,7
12,224,1120952,1293,-15864,-2537,43,-31,7
12,225,1120957,1290,-15868,-2431,37,-45,9
12,226,1120962,1374,-15852,-2223,33,-59,11
12,227,1120967,1387,-15826,-2330,35,-77,11
12,228,1120972,1382,-15789,-2595,40,-95,10
12,229,1120977,1428,-15755,-2830,38,-104,14
12,230,1120982,1513,-15681,-2873,35,-106,17
12,231,1120987,1561,-15717,-2760,32,-110,20
12,232,1120992,1550,-15768,-2717,29,-119,20
12,233,1120997,1410,-15810,-2730,31,-128,21
12,234,1121002,1319,-15897,-2954,35,-129,20
12,235,1121007,1271,-15862,-3119,34,-114,20
12,236,1121012,1357,-15780,-3147,29,-94,21
12,237,1121017,1408,-15783,-3013,24,-68,18
12,238,1121022,1385,-15782,-2941,19,-47,19
12,239,1121027,1271,-15728,-2889,23,-32,18
12,240,1121032,1243,-15723,-2903,24,-25,16
12,241,1121037,1213,-15725,-2866,20,-17,17
12,242,1121042,1188,-15737,-2690,18,-20,17
12,243,1121047,1212,-15782,-2724,19,-33,17
12,244,1121052,1264,-15765,-2837,19,-39,18
12,245,1121057,1289,-15790,-3008,20,-42,19
12,246,1121062,1409,-15839,-3130,21,-40,20
12,247,1121067,1500,-15846,-3147,19,-35,22
12,248,1121072,1539,-15914,-3093,18,-36,21
12,249,1121077,1545,-15923,-3089,21,-38,20
12,250,1121082,1533,-15952,-3028,25,-39,23
12,251,1121087,1499,-16031,-3044,24,-41,28
12,252,1121092,1396,-16131,-3075,27,-45,27
12,253,1121097,1357,-16190,-3100,25,-51,27
12,254,1121102,1264,-16237,-3011,26,-56,27
12,255,1121107,1137,-16337,-3028,28,-56,27
12,256,1121112,1099,-16427,-3074,30,-43,28
12,257,1121117,1127,-16456,-3047,29,-20,26
12,258,1121122,1161,-16454,-3087,27,2,24
12,259,1121127,1153,-16580,-2941,29,15,26
12,260,1121132,1135,-16670,-2913,30,12,26
12,261,1121137,1077,-16644,-2875,30,1,25
12,262,1121142,1070,-16649,-2854,30,-2,26
12,263,1121147,1139,-16599,-2997,31,2,24
12,264,1121152,1215,-16571,-3078,32,13,23
12,265,1121157,1261,-16621,-3117,32,30,20
12,266,1121162,1219,-16579,-3034,30,35,20
12,267,1121167,1144,-16556,-2847,29,40,20
12,268,1121172,1095,-16548,-2780,29,40,20
12,269,1121177,1086,-16612,-2689,30,49,21
12,270,1121182,1131,-16569,-2541,30,56,20
12,271,1121187,1088,-16531,-2505,31,45,20
12,272,1121192,1104,-16467,-2501,29,11,18
12,273,1121197,1193,-16415,-2468,28,7,19
12,274,1121202,1244,-16442,-2485,30,1,19
12,275,1121207,1208,-16476,-2538,31,-4,18
12,276,1121212,1126,-16448,-2717,32,-19,22
12,277,1121217,1096,-16479,-2822,29,-29,16
12,278,1121222,1117,-16441,-3048,30,-25,15
12,279,1121227,1144,-16363,-3128,28,0,16
12,280,1121232,1213,-16336,-3094,26,34,14
12,281,1121237,1266,-16251,-3140,25,67,9
12,282,1121242,1277,-16156,-3046,25,85,8
12,283,1121247,1262,-16084,-2869,21,93,6
12,284,1121252,1307,-15980,-2711,23,91,6
12,285,1121257,1374,-15953,-2558,22,71,10
12,286,1121262,1456,-15969,-2476,22,48,9
12,287,1121267,1425,-15941,-2456,23,16,11
12,288,1121272,1408,-15967,-2512,24,-19,15
12,289,1121277,1314,-16054,-2667,23,-46,15
12,290,1121282,1308,-16140,-2831,22,-55,13
12,291,1121287,1380,-16208,-2916,20,-51,15
12,292,1121292,1403,-16191,-2994,17,-33,10
12,293,1121297,1536,-16136,-3073,18,-10,7
12,294,1121302,1533,-16152,-3097,19,13,9
12,295,1121307,1479,-16233,-2881,18,27,9
12,296,1121312,1382,-16206,-2702,14,20,9
12,297,1121317,1410,-16168,-2695,16,14,9
12,298,1121322,1490,-16138,-2631,16,5,10
12,299,1121327,1506,-16187,-2693,15,-1,10
12,300,1121332,1461,-16228,-2730,13,-5,6
12,301,1121337,1451,-16269,-2808,14,-20,10
12,302,1121342,1486,-16226,-2809,11,-20,12
12,303,1121347,1599,-16231,-2782,10,-13,10
12,304,1121352,1637,-16198,-2824,9,-4,9
12,305,1121357,1579,-16202,-2747,5,9,9
12,306,1121362,1544,-16257,-2688,3,8,9
12,307,1121367,1535,-16219,-2752,3,1,10
12,308,1121372,1545,-16221,-2738,2,-5,13
12,309,1121377,1639,-16257,-2632,1,-9,13
12,310,1121382,1616,-16294,-2668,0,-14,13
12,311,1121387,1589,-16335,-2746,-2,-22,11
12,312,1121392,1584,-16309,-2832,1,-29,13
12,313,1121397,1554,-16266,-2814,-1,-30,14
12,314,1121402,1535,-16300,-2763,-3,-21,13
12,315,1121407,1517,-16352,-2677,-3,-17,13
12,316,1121412,1537,-16327,-2640,-7,-18,13
12,317,1121417,1503,-16230,-2601,-8,-22,14
12,318,1121422,1548,-16157,-2605,-9,-24,12
12,319,1121427,1537,-16095,-2604,-12,-27,14
12,320,1121432,1498,-16062,-2538,-13,-30,10
12,321,1121437,1434,-16055,-2496,-17,-38,9
12,322,1121442,1408,-16029,-2428,-17,-51,12
12,323,1121447,1458,-16005,-2426,-17,-62,12
12,324,1121452,1457,-16000,-2491,-19,-76,13
12,325,1121457,1465,-15990,-2446,-20,-87,12
12,326,1121462,1444,-16002,-2470,-22,-98,14
12,327,1121467,1369,-16066,-2591,-23,-110,16
12,328,1121472,1307,-16145,-2732,-28,-120,13
12,329,1121477,1278,-16157,-2900,-27,-128,10
12,330,1121482,1300,-16127,-2947,-25,-121,13
12,331,1121487,1373,-16076,-3015,-29,-106,9
12,332,1121492,1340,-16120,-3028,-28,-91,7
12,333,1121497,1257,-16126,-3021,-25,-81,6
12,334,1121502,1196,-16125,-3041,-27,-81,4
12,335,1121507,1249,-16124,-3015,-29,-82,2
12,336,1121512,1306,-16051,-3003,-29,-78,3
12,337,1121517,1368,-16027,-3005,-28,-72,3
12,338,1121522,1446,-16003,-3003,-27,-66,1
12,339,1121527,1359,-16032,-2941,-25,-71,0
12,340,1121532,1273,-16091,-2907,-25,-79,2
12,341,1121537,1149,-16163,-2891,-27,-86,-1
12,342,1121542,1172,-16158,-2984,-25,-90,1
12,343,1121547,1283,-16180,-3051,-25,-82,-1
12,344,1121552,1334,-16214,-3094,-24,-66,0
12,345,1121557,1295,-16228,-3042,-25,-37,-6
12,346,1121562,1216,-16242,-2955,-26,-32,-6
12,347,1121567,1172,-16252,-2878,-25,-29,-5
12,348,1121572,1228,-16221,-2835,-25,-23,-6
12,349,1121577,1242,-16190,-2768,-25,-21,-6
12,350,1121582,1166,-16250,-2789,-24,-28,-9
12,351,1121587,1216,-16251,-2884,-22,-34,-11
12,352,1121592,1248,-16195,-2930,-25,-36,-11
12,353,1121597,1358,-16089,-2885,-25,-27,-9
12,354,1121602,1316,-16008,-2921,-22,-21,-11
12,355,1121607,1389,-16018,-2962,-23,-14,-9
12,356,1121612,1366,-15965,-2911,-23,-9,-9
12,357,1121617,1362,-15980,-2845,-24,-15,-8
12,358,1121622,1350,-15940,-2741,-22,-29,-5
12,359,1121627,1384,-15930,-2739,-19,-36,-5
12,360,1121632,1419,-15979,-2761,-21,-44,-8
12,361,1121637,1381,-16046,-2768,-20,-53,-6
12,362,1121642,1294,-16119,-2839,-21,-54,-8
12,363,1121647,1266,-16126,-2864,-24,-60,-7
12,364,1121652,1282,-16115,-2928,-22,-55,-5
12,365,1121657,1305,-16102,-2946,-19,-44,-6
12,366,1121662,1282,-16087,-2895,-24,-23,-7
12,367,1121667,1260,-16055,-2912,-20,-17,-5
12,368,1121672,1291,-15993,-2876,-16,-17,-5
12,369,1121677,1282,-15999,-2908,-19,-18,-6
12,370,1121682,1275,-15977,-2833,-20,-20,-2
12,371,1121687,1244,-15978,-2753,-21,-22,-5
12,372,1121692,1227,-15959,-2872,-17,-27,-6
12,373,1121697,1281,-15942,-2926,-14,-25,-5
12,374,1121702,1329,-15918,-2977,-14,-17,-2
12,375,1121707,1279,-15961,-2952,-16,-9,-2
12,376,1121712,1259,-15987,-2910,-15,0,-6
12,377,1121717,1252,-16001,-2868,-17,2,-3
12,378,1121722,1207,-16029,-2936,-17,8,-4
12,379,1121727,1167,-16001,-2935,-16,13,-8
12,380,1121732,1168,-15996,-2895,-17,20,-8
12,381,1121737,1260,-15924,-2963,-14,31,-9
12,382,1121742,1312,-15991,-3031,-14,42,-5
12,383,1121747,1335,-16044,-3025,-15,52,-6
12,384,1121752,1262,-15949,-2889,-16,60,-6
12,385,1121757,1167,-15850,-2927,-15,67,-7
12,386,1121762,1121,-15779,-3019,-15,78,-9
12,387,1121767,1174,-15779,-3098,-12,95,-8
12,388,1121772,1192,-15851,-2983,-13,111,-9
12,389,1121777,1174,-15987,-2810,-13,117,-7
12,390,1121782,1113,-16108,-2761,-14,114,-8
12,391,1121787,1212,-16147,-2783,-13,114,-8
12,392,1121792,1274,-16218,-2715,-13,125,-7
12,393,1121797,1289,-16208,-2721,-12,126,-8
12,394,1121802,1346,-16275,-2739,-10,117,-7
12,395,1121807,1391,-16239,-2654,-13,101,-5
12,396,1121812,1350,-16286,-2505,-14,83,-7
12,397,1121817,1229,-16285,-2467,-11,61,-7
12,398,1121822,1219,-16206,-2473,-5,39,-5
12,399,1121827,1247,-16223,-2716,-4,24,-1
12,400,1121832,1284,-16254,-2858,-3,13,0
12,401,1121837,1229,-16285,-2727,-4,-1,0
12,402,1121842,1181,-16213,-2621,-9,-12,2
12,403,1121847,1095,-16236,-2621,-6,-25,4
12,404,1121852,1121,-16328,-2774,-1,-28,5
12,405,1121857,1087,-16329,-2912,0,-15,3
12,406,1121862,1009,-16395,-2868,-2,-5,1
12,407,1121867,966,-16477,-2911,-4,-2,1
12,408,1121872,938,-16444,-2981,-11,6,-1
12,409,1121877,1100,-16312,-3042,-15,36,-3
12,410,1121882,1285,-16194,-2860,-17,76,-2
12,411,1121887,1365,-16075,-2773,-18,106,-2
12,412,1121892,1331,-16094,-2690,-19,109,-2
12,413,1121897,1284,-16062,-2530,-19,84,1
12,414,1121902,1254,-16020,-2432,-19,53,5
12,415,1121907,1219,-15933,-2286,-20,23,8
12,416,1121912,1399,-15921,-2414,-19,-9,12
12,417,1121917,1506,-15912,-2467,-14,-39,20
12,418,1121922,1596,-15951,-2542,-13,-75,26
12,419,1121927,1392,-15938,-2586,-16,-143,33
12,420,1121932,1307,-15916,-2718,-15,-160,40
12,421,1121937,1194,-16030,-2780,-15,-168,45
12,422,1121942,1156,-16098,-3041,-16,-170,46
12,423,1121947,1200,-16124,-3197,-17,-162,50
12,424,1121952,1144,-16182,-3289,-23,-145,51
12,425,1121957,1071,-16194,-3309,-26,-112,50
12,426,1121962,965,-16244,-3250,-27,-75,48
12,427,1121967,992,-16276,-3340,-27,-37,50
12,428,1121972,1089,-16235,-3330,-29,-6,54
12,429,1121977,1120,-16216,-3217,-30,15,54
12,430,1121982,1111,-16168,-3101,-33,22,54
12,431,1121987,1053,-16207,-2950,-31,24,57
12,432,1121992,1007,-16230,-2876,-32,24,59
12,433,1121997,1052,-16200,-2837,-34,23,61
12,434,1122002,1020,-16132,-2779,-29,16,67
12,435,1122007,1018,-16141,-2718,-32,4,68
12,436,1122012,1036,-16140,-2733,-33,-15,67
12,437,1122017,1131,-16168,-2807,-30,-31,72
12,438,1122022,1153,-16171,-2880,-29,-35,76
12,439,1122027,1220,-16132,-2938,-28,-39,76
12,440,1122032,1151,-16139,-2912,-29,-43,77
12,441,1122037,1021,-16179,-2926,-29,-51,76
12,442,1122042,1004,-16196,-2959,-27,-60,76
12,443,1122047,990,-16191,-3010,-26,-60,81
12,444,1122052,992,-16138,-3093,-25,-52,83
12,445,1122057,1027,-16136,-3084,-24,-42,82
12,446,1122062,1037,-16126,-3035,-26,-35,83
12,447,1122067,1020,-16132,-2974,-27,-31,83
12,448,1122072,947,-16179,-2879,-27,-31,80
12,449,1122077,911,-16200,-2850,-28,-34,82
12,450,1122082,910,-16206,-2898,-24,-38,85
12,451,1122087,836,-16302,-2911,-21,-44,82
12,452,1122092,857,-16333,-3030,-26,-42,83
12,453,1122097,951,-16263,-3013,-31,-37,83
12,454,1122102,1072,-16157,-2889,-32,-23,83
12,455,1122107,1064,-16101,-2802,-30,-13,84
12,456,1122112,971,-16144,-2762,-32,-17,84
12,457,1122117,952,-16069,-2766,-31,-35,89
12,458,1122122,990,-15991,-2683,-32,-60,93
12,459,1122127,1045,-15973,-2718,-35,-88,94
12,460,1122132,932,-16045,-2745,-35,-114,97
12,461,1122137,740,-16115,-2820,-36,-134,101
12,462,1122142,625,-16235,-3098,-40,-149,102
12,463,1122147,646,-16359,-3327,-44,-137,108
12,464,1122152,832,-16326,-3512,-50,-93,109
12,465,1122157,700,-16273,-3406,-54,-25,105
12,466,1122162,461,-16202,-3511,-60,39,102
12,467,1122167,296,-16111,-3662,-68,100,103
12,468,1122172,334,-16112,-3598,-77,153,104
12,469,1122177,491,-16137,-3144,-90,193,110
12,470,1122182,619,-16125,-2345,-105,194,111
12,471,1122187,570,-16103,-2218,-103,145,116
12,472,1122192,578,-16073,-2307,-107,82,125
12,473,1122197,450,-16017,-2443,-108,7,131
12,474,1122202,369,-15969,-2642,-113,-67,143
12,475,1122207,400,-16009,-2803,-124,-129,157
12,476,1122212,698,-16045,-3136,-128,-186,169
12,477,1122217,930,-15915,-3232,-134,-198,177
12,478,1122222,848,-15882,-3510,-142,-208,186
12,479,1122227,452,-15971,-3684,-145,-213,196
12,480,1122232,222,-15973,-3894,-156,-222,209
12,481,1122237,128,-16087,-4036,-169,-220,223
12,482,1122242,244,-16056,-4072,-182,-197,231
12,483,1122247,130,-15994,-3900,-196,-157,236
12,484,1122252,-9,-15940,-4107,-196,-135,244
12,485,1122257,-94,-15900,-4326,-206,-114,255
12,486,1122262,-194,-15934,-4460,-222,-91,266
12,487,1122267,-146,-15982,-4339,-235,-76,280
12,488,1122272,-129,-15879,-4037,-251,-64,290
12,489,1122277,-96,-15872,-3885,-260,-58,302
12,490,1122282,-229,-15964,-4056,-266,-64,314
12,491,1122287,-295,-15920,-4367,-269,-73,324
12,492,1122292,-273,-15879,-4256,-283,-81,340
12,493,1122297,-99,-15965,-3692,-308,-132,375
12,494,1122302,-166,-15894,-3740,-312,-169,386
12,495,1122307,-373,-15816,-3934,-311,-211,404
12,496,1122312,-522,-15807,-4171,-320,-256,423
12,497,1122317,-650,-15937,-4576,-330,-291,439
12,498,1122322,-635,-15994,-4816,-340,-298,457
12,499,1122327,-568,-15968,-4758,-354,-273,469
12,500,1122332,-626,-15980,-4849,-363,-237,482
12,501,1122337,-777,-15996,-4974,-371,-193,495
12,502,1122342,-948,-16045,-5185,-381,-152,505
12,503,1122347,-1038,-15960,-5165,-396,-99,523
12,504,1122352,-974,-15838,-4808,-413,-52,536
12,505,1122357,-862,-15747,-4494,-423,-16,549
12,506,1122362,-806,-15692,-4234,-433,2,559
12,507,1122367,-905,-15695,-4090,-437,-11,576
12,508,1122372,-1034,-15731,-4253,-442,-47,592
12,509,1122377,-1199,-15735,-4265,-453,-91,609
12,510,1122382,-1249,-15849,-4396,-467,-132,625
12,511,1122387,-1180,-15842,-4532,-478,-141,640
12,512,1122392,-979,-15743,-4650,-490,-124,655
12,513,1122397,-1013,-15685,-4903,-498,-86,668
12,514,1122402,-953,-15614,-4981,-510,-47,677
12,515,1122407,-1151,-15557,-4486,-523,-19,692
12,516,1122412,-1269,-15630,-4241,-533,-32,709
12,517,1122417,-1232,-15686,-4168,-546,-55,727
12,518,1122422,-1044,-15757,-4321,-555,-80,741
12,519,1122427,-1012,-15727,-4398,-559,-92,752
12,520,1122432,-1232,-15763,-4517,-564,-108,766
12,521,1122437,-1375,-15842,-4884,-576,-126,780
12,522,1122442,-1298,-15889,-5134,-588,-118,794
12,523,1122447,-1262,-15912,-5030,-598,-86,807
12,524,1122452,-1207,-15840,-4697,-607,-56,819
12,525,1122457,-1324,-15857,-4583,-616,-53,826
12,526,1122462,-1535,-15819,-4569,-626,-71,837
12,527,1122467,-1531,-15789,-4573,-631,-102,848
12,528,1122472,-1427,-15721,-4366,-634,-141,862
12,529,1122477,-1483,-15711,-4287,-640,-184,875
12,530,1122482,-1655,-15724,-4475,-643,-235,885
12,531,1122487,-1848,-15715,-4792,-642,-287,897
12,532,1122492,-1885,-15746,-5248,-641,-326,909
12,533,1122497,-1955,-15687,-5515,-644,-333,915
12,534,1122502,-2244,-15766,-5390,-657,-314,920
12,535,1122507,-2113,-15751,-6008,-663,-314,927
12,536,1122512,-2173,-15666,-5611,-662,-274,932
12,537,1122517,-2400,-15721,-5527,-661,-253,934
12,538,1122522,-2558,-15719,-5984,-662,-250,938
12,539,1122527,-2472,-15591,-5817,-666,-237,939
12,540,1122532,-2434,-15554,-5737,-667,-229,940
12,541,1122537,-2490,-15607,-5573,-666,-226,939
12,542,1122542,-2657,-15502,-5306,-664,-234,939
12,543,1122547,-2731,-15529,-5454,-660,-264,944
12,544,1122552,-2833,-15557,-5667,-654,-301,942
12,545,1122557,-2831,-15430,-5862,-650,-326,943
12,546,1122562,-2889,-15282,-5941,-645,-336,935
12,547,1122567,-2814,-15177,-6034,-640,-340,932
12,548,1122572,-2900,-15129,-6213,-631,-340,927
12,549,1122577,-3063,-15111,-6365,-622,-348,921
12,550,1122582,-3352,-15077,-6459,-612,-360,914
12,551,1122587,-3449,-15032,-6469,-607,-362,907
12,552,1122592,-3433,-15068,-6567,-600,-352,900
12,553,1122597,-3433,-15128,-6583,-589,-325,891
12,554,1122602,-3611,-15167,-6544,-583,-285,880
12,555,1122607,-3674,-15255,-6724,-573,-252,865
12,556,1122612,-3723,-15210,-7003,-563,-209,848
12,557,1122617,-3732,-15133,-6754,-561,-132,831
12,558,1122622,-3629,-15124,-6890,-558,-65,812
12,559,1122627,-3610,-15094,-6516,-550,3,795
12,560,1122632,-3539,-15056,-6076,-541,43,774
12,561,1122637,-3377,-15055,-6103,-527,45,757
12,562,1122642,-3147,-14948,-6026,-516,35,740
12,563,1122647,-2916,-14802,-5719,-507,21,722
12,564,1122652,-2872,-14693,-5394,-491,-2,708
12,565,1122657,-2894,-14586,-5116,-473,-43,692
12,566,1122662,-2945,-14530,-5099,-459,-102,677
12,567,1122667,-3302,-14723,-5400,-428,-236,655
12,568,1122672,-3269,-14845,-5625,-417,-275,638
12,569,1122677,-3070,-14853,-5783,-409,-272,621
12,570,1122682,-2997,-14832,-5965,-397,-233,598
12,571,1122687,-3307,-14803,-6166,-384,-179,573
12,572,1122692,-3578,-14777,-6363,-372,-128,544
12,573,1122697,-3665,-14667,-6429,-365,-80,524
12,574,1122702,-3389,-14591,-6281,-359,-22,500
12,575,1122707,-3193,-14531,-5901,-342,27,471
12,576,1122712,-3277,-14482,-5603,-327,42,439
12,577,1122717,-3512,-14365,-5717,-307,16,415
12,578,1122722,-3546,-14159,-5968,-289,-23,392
12,579,1122727,-3417,-14015,-6083,-272,-49,373
12,580,1122732,-3290,-13950,-5901,-256,-66,345
12,581,1122737,-3379,-13933,-5621,-239,-92,317
12,582,1122742,-3741,-14011,-5567,-218,-143,291
12,583,1122747,-4054,-14230,-6059,-193,-201,265
12,584,1122752,-4000,-14348,-6578,-173,-224,243
12,585,1122757,-3656,-14403,-6649,-161,-198,214
12,586,1122762,-3428,-14450,-6455,-150,-144,179
12,587,1122767,-3531,-14495,-6292,-131,-100,148
12,588,1122772,-3753,-14527,-6391,-111,-75,117
12,589,1122777,-3844,-14518,-6487,-93,-57,90
12,590,1122782,-3798,-14538,-6308,-81,-34,55
12,591,1122787,-3754,-14573,-5972,-64,-13,28
12,592,1122792,-3712,-14636,-5831,-47,-5,-8
12,593,1122797,-3728,-14624,-5930,-26,-12,-37
12,594,1122802,-3651,-14601,-6310,-5,-15,-67
12,595,1122807,-3550,-14549,-6513,11,1,-100
12,596,1122812,-3419,-14464,-6418,28,28,-132
12,597,1122817,-3362,-14362,-6096,44,46,-161
12,598,1122822,-3457,-14385,-5996,63,50,-192
12,599,1122827,-3789,-14425,-5959,83,41,-225
12,600,1122832,-3918,-14503,-6210,100,24,-252
12,601,1122855,-3396,-14479,-6101,185,68,-406
12,602,1122855,-3396,-14479,-6101,185,68,-406
12,603,1122856,-3396,-14479,-6101,185,68,-406
12,604,1122858,-3396,-14479,-6101,185,68,-406
12,605,1122859,-3396,-14479,-6101,185,68,-406
12,606,1122862,-3358,-14468,-6251,202,52,-433
12,607,1122867,-3219,-14495,-6120,217,60,-459
12,608,1122872,-3082,-14549,-5946,233,66,-488
12,609,1122877,-3076,-14609,-5767,251,66,-520
12,610,1122882,-3137,-14545,-5990,271,54,-550
12,611,1122887,-3149,-14467,-6390,290,52,-579
12,612,1122892,-3265,-14603,-6405,301,77,-607
12,613,1122897,-3353,-14749,-6249,313,101,-637
12,614,1122902,-3245,-14768,-6133,325,114,-668
12,615,1122907,-3041,-14704,-6168,340,131,-697
12,616,1122912,-2953,-14701,-6240,358,157,-729
12,617,1122917,-3176,-14740,-6330,374,182,-761
12,618,1122922,-3413,-14729,-6277,390,181,-791
12,619,1122927,-3320,-14709,-6343,399,174,-817
12,620,1122932,-2930,-14767,-6388,414,185,-842
12,621,1122937,-2688,-14863,-6239,428,215,-869
12,622,1122942,-2651,-14870,-6057,444,242,-901
12,623,1122947,-2783,-14883,-5850,461,238,-931
12,624,1122952,-2956,-14881,-6089,480,211,-953
12,625,1122957,-2755,-14874,-6045,493,194,-971
12,626,1122962,-2433,-14887,-5669,503,189,-996
12,627,1122967,-2253,-14932,-5354,515,181,-1019
12,628,1122972,-2258,-15100,-5336,525,153,-1044
12,629,1122977,-2194,-15184,-5496,543,125,-1063
12,630,1122982,-2033,-15246,-5437,555,99,-1083
12,631,1122987,-1878,-15335,-5531,559,79,-1101
12,632,1122992,-1820,-15496,-5080,566,76,-1120
12,633,1122997,-1836,-15621,-4984,572,51,-1139
12,634,1123002,-1834,-15702,-5155,582,29,-1160
12,635,1123007,-1879,-15739,-5380,596,21,-1180
12,636,1123012,-1879,-15733,-5463,603,29,-1197
12,637,1123017,-1745,-15786,-5611,606,44,-1212
12,638,1123022,-1539,-15877,-5499,615,77,-1228
12,639,1123027,-1376,-15934,-5206,619,101,-1246
12,640,1123032,-1507,-16080,-4896,643,103,-1273
12,641,1123037,-1408,-16159,-5120,648,83,-1280
12,642,1123042,-1106,-16318,-4975,647,87,-1295
12,643,1123047,-993,-16294,-5047,653,90,-1305
12,644,1123052,-862,-16483,-4593,659,99,-1317
12,645,1123057,-891,-16466,-4587,661,82,-1325
12,646,1123062,-813,-16480,-4452,668,55,-1333
12,647,1123067,-739,-16472,-4655,672,29,-1339
12,648,1123072,-597,-16444,-4599,677,11,-1344
12,649,1123077,-402,-16431,-4394,677,-9,-1350
12,650,1123082,-296,-16417,-4642,684,-37,-1354
12,651,1123087,-333,-16443,-4607,687,-49,-1357
12,652,1123092,-229,-16447,-4597,689,-66,-1358
12,653,1123097,-165,-16424,-4711,695,-77,-1360
12,654,1123102,-343,-16477,-4396,699,-74,-1363
12,655,1123107,-656,-16643,-4589,696,-104,-1363
12,656,1123112,-680,-16719,-5020,696,-121,-1363
12,657,1123117,-222,-16690,-5128,686,-95,-1366
12,658,1123122,202,-16633,-5009,680,-35,-1367
12,659,1123127,379,-16635,-4542,675,46,-1372
12,660,1123132,191,-16584,-4174,676,84,-1373
12,661,1123137,195,-16570,-4113,676,67,-1369
12,662,1123142,290,-16460,-4076,682,17,-1363
12,663,1123147,376,-16480,-3703,680,-35,-1355
12,664,1123152,466,-16399,-3818,680,-98,-1347
12,665,1123157,681,-16278,-3856,686,-139,-1339
12,666,1123162,856,-16072,-4131,693,-176,-1330
12,667,1123167,769,-16087,-4277,692,-208,-1324
12,668,1123172,286,-16292,-4694,690,-255,-1314
12,669,1123177,-7,-16518,-4597,682,-275,-1305
12,670,1123182,462,-16341,-4776,666,-269,-1295
12,671,1123187,1142,-16260,-4519,657,-198,-1286
12,672,1123192,1326,-16252,-4342,658,-114,-1283
12,673,1123197,998,-16310,-4342,652,-48,-1279
12,674,1123202,623,-16278,-3905,645,-34,-1267
12,675,1123207,823,-16336,-3926,637,-73,-1248
12,676,1123212,1322,-16362,-3541,622,-97,-1235
12,677,1123217,1461,-16468,-2930,613,-112,-1223
12,678,1123222,1387,-16442,-3037,609,-137,-1210
12,679,1123227,1225,-16457,-3153,620,-170,-1197
12,680,1123232,1326,-16412,-3814,629,-217,-1182
12,681,1123237,529,-16718,-4508,621,-241,-1166
12,682,1123242,-289,-20282,-9002,647,-165,-1145
12,683,1123247,-2081,-22878,-28029,684,623,-1132
12,684,1123252,-1292,-29961,-30986,687,2631,-1116
12,685,1123257,-16068,-24086,-32768,558,5867,-1180
12,686,1123262,-32768,-14101,-19210,-174,9862,-986
12,687,1123267,-32768,-3689,32767,-473,11146,-231
12,688,1123272,-17769,-8895,32767,-512,6546,375
12,689,1123277,15038,-20183,31865,-223,2471,626
12,690,1123282,32767,-20887,18203,150,-965,524
12,691,1123287,6978,-10800,10733,303,-4612,327
12,692,1123292,-22849,-9143,19587,315,-8121,558
12,693,1123297,-20486,-12411,-6522,256,-10717,998
12,694,1123302,9553,-14476,-30163,314,-10499,1028
12,695,1123307,26114,-13844,-32768,77,-6438,713
12,696,1123312,7083,-14189,-27028,-83,-689,480
12,697,1123317,-10773,-14623,-20737,-69,696,368
12,698,1123322,-13253,-13350,-9800,-7,1002,441
12,699,1123327,-2069,-13002,-11742,-7,1462,505
12,700,1123332,7818,-13644,-9027,-22,2562,449
12,701,1123337,5713,-13486,1303,-152,3157,334
12,702,1123342,-168,-12889,10951,-124,2614,312
12,703,1123347,-6363,-13179,12705,-44,985,408
12,704,1123352,-2472,-13145,5638,44,-736,448
12,705,1123357,3662,-13478,-3958,82,-1516,533
12,706,1123362,6469,-14306,-6335,25,-1345,514
12,707,1123367,2185,-14382,-3017,-16,-970,446
12,708,1123372,-1469,-14737,-3749,10,-1049,428
12,709,1123377,-819,-14839,-11110,31,-1135,446
12,710,1123382,2497,-15355,-14420,15,-624,444
12,711,1123387,3184,-15458,-10500,-67,192,393
12,712,1123392,1659,-15594,-3859,-91,736,345
12,713,1123397,-130,-15613,-372,-76,739,318
12,714,1123402,1042,-16127,-5655,16,263,331
12,715,1123407,1561,-16150,-4068,-14,309,329
12,716,1123412,1347,-16076,-620,-43,262,317
12,717,1123417,1529,-16031,-151,-34,39,311
12,718,1123422,1794,-16195,-2512,5,-145,310
12,719,1123427,1813,-16549,-5348,36,-179,301
12,720,1123432,1267,-16679,-5842,26,-90,289
12,721,1123437,934,-16593,-4574,-9,-1,277
12,722,1123442,1332,-16531,-3415,-32,42,270
12,723,1123447,1932,-16641,-3390,-28,100,259
12,724,1123452,1939,-16825,-3410,-3,190,245
12,725,1123457,1344,-17022,-3407,14,225,232
12,726,1123462,837,-16975,-3201,5,184,221
12,727,1123467,1070,-16965,-3310,-13,104,217
12,728,1123472,1634,-16933,-3106,-26,82,210
12,729,1123477,1867,-17062,-2682,-21,113,198
12,730,1123482,1609,-17113,-2784,-5,128,186
12,731,1123487,1319,-17102,-3457,3,111,174
12,732,1123492,1242,-17023,-4095,-6,105,164
12,733,1123497,1492,-16979,-3970,-19,138,160
12,734,1123502,1710,-16908,-2913,-26,190,152
12,735,1123507,1808,-16919,-1998,-17,192,143
12,736,1123512,1632,-16891,-2177,-4,138,134
12,737,1123517,1497,-16873,-3019,4,64,130
12,738,1123522,1376,-16797,-3381,2,16,125
12,739,1123527,1432,-16770,-3106,-5,-12,125
12,740,1123532,1706,-16685,-2590,-7,-33,119
12,741,1123537,1923,-16646,-2666,-3,-54,110
12,742,1123542,1809,-16655,-3129,7,-64,99
12,743,1123547,1460,-16682,-3771,11,-65,92
12,744,1123552,1167,-16632,-3782,4,-41,84
12,745,1123557,1263,-16602,-3738,-4,-22,78
12,746,1123562,1668,-16491,-3450,-5,21,72
12,747,1123567,1898,-16321,-3095,-3,81,62
12,748,1123572,1828,-16248,-2986,4,116,53
12,749,1123577,1454,-16153,-2993,9,120,45
12,750,1123582,1196,-16048,-2899,8,97,45
12,751,1123587,1282,-15920,-2687,2,65,43
12,752,1123592,1563,-15821,-2284,-3,42,40
12,753,1123597,1747,-15784,-2024,2,12,38
12,754,1123602,1754,-15714,-2166,15,-35,36
12,755,1123607,1651,-15607,-2610,19,-88,36
12,756,1123612,1560,-15579,-2829,25,-129,34
12,757,1123617,1509,-15657,-2791,24,-163,37
12,758,1123622,1627,-15823,-2676,21,-186,35
12,759,1123627,1596,-15990,-2657,25,-196,32
12,760,1123632,1430,-16083,-2981,32,-198,27
12,761,1123637,1212,-16162,-3459,35,-179,18
12,762,1123642,1020,-16188,-3763,32,-137,14
12,763,1123647,994,-16122,-3778,28,-76,10
12,764,1123652,1072,-16158,-3565,24,-6,3
12,765,1123657,1086,-16176,-3322,22,62,-4
12,766,1123662,1152,-16168,-3178,23,103,-10
12,767,1123667,1119,-16130,-3007,22,124,-10
12,768,1123672,1054,-16128,-2800,24,123,-17
12,769,1123677,964,-16149,-2728,27,103,-20
12,770,1123682,949,-16145,-2732,29,72,-18
12,771,1123687,1123,-16093,-2860,34,51,-18
12,772,1123692,1351,-16105,-2945,34,43,-23
12,773,1123697,1390,-16129,-2987,37,37,-27
12,774,1123702,1289,-16048,-2886,38,30,-27
12,775,1123707,1148,-16029,-2888,38,12,-30
12,776,1123712,1103,-16024,-2885,41,-3,-27
12,777,1123717,1153,-16116,-2867,46,-12,-27
12,778,1123722,1044,-16183,-2754,46,-29,-30
12,779,1123727,991,-16192,-2769,48,-56,-32
12,780,1123732,1004,-16185,-2967,52,-77,-32
12,781,1123737,988,-16265,-3129,53,-81,-34
12,782,1123742,816,-16407,-3331,55,-68,-35
12,783,1123747,744,-16410,-3430,52,-51,-41
12,784,1123752,711,-16320,-3376,52,-28,-45
12,785,1123757,851,-16257,-3440,53,7,-48
12,786,1123762,962,-16239,-3493,52,57,-51
12,787,1123767,867,-16253,-3317,51,96,-55
12,788,1123772,919,-16146,-3129,49,115,-60
12,789,1123777,1000,-16091,-3002,51,106,-59
12,790,1123782,1103,-16061,-2836,55,88,-58
12,791,1123787,1057,-16077,-2680,56,58,-57
12,792,1123792,1012,-16142,-2823,58,13,-57
12,793,1123797,1003,-16150,-3004,64,-32,-54
12,794,1123802,1029,-16123,-3232,67,-60,-52
12,795,1123807,1001,-16188,-3366,69,-65,-52
12,796,1123812,944,-16244,-3541,67,-60,-51
12,797,1123817,975,-16282,-3620,68,-41,-53
12,798,1123822,1075,-16253,-3617,66,-11,-56
12,799,1123827,1128,-16208,-3532,69,28,-54
12,800,1123832,1040,-16215,-3278,65,57,-56
12,801,1123837,859,-16277,-3178,66,67,-58
12,802,1123842,836,-16299,-3215,68,61,-56
12,803,1123847,968,-16185,-3213,68,52,-56
12,804,1123852,1028,-16091,-3173,69,55,-55
12,805,1123857,997,-16040,-3163,68,61,-54
12,806,1123862,998,-16025,-3261,68,74,-55
12,807,1123867,993,-16015,-3267,68,71,-53
12,808,1123872,959,-16077,-3220,65,65,-52
12,809,1123877,978,-16078,-3138,64,61,-50
12,810,1123882,1024,-16044,-3052,60,57,-53
12,811,1123887,1079,-16025,-3048,62,56,-52
12,812,1123892,1098,-16000,-3019,60,52,-49
12,813,1123897,1085,-16022,-2964,59,31,-49
12,814,1123902,1062,-15967,-2878,59,9,-45
12,815,1123907,1006,-15953,-2840,61,-15,-44
12,816,1123912,948,-15971,-2922,60,-36,-42
12,817,1123917,923,-15997,-3132,62,-42,-41
12,818,1123922,1048,-15992,-3333,62,-42,-36
12,819,1123927,1146,-15974,-3335,58,-34,-38
12,820,1123932,1157,-15938,-3219,53,-22,-38
12,821,1123937,1071,-15991,-3141,53,-13,-35
12,822,1123942,879,-16057,-3142,53,1,-37
12,823,1123947,895,-16071,-3155,50,6,-37
12,824,1123952,983,-16026,-3178,49,6,-36
12,825,1123957,1037,-16079,-3161,47,3,-35
12,826,1123962,989,-16098,-3095,47,-3,-34
12,827,1123967,943,-16107,-3189,49,-2,-34
12,828,1123972,878,-16092,-3239,45,11,-35
12,829,1123977,957,-16124,-3360,43,25,-38
12,830,1123982,1073,-16143,-3333,40,49,-38
12,831,1123987,1064,-16211,-3137,35,58,-39
12,832,1123992,1004,-16254,-3023,34,51,-37
12,833,1123997,1018,-16204,-2915,34,47,-37
12,834,1124002,1059,-16146,-2968,35,46,-34
12,835,1124007,1126,-16159,-3025,34,50,-32
12,836,1124012,1178,-16184,-2932,31,47,-30
12,837,1124017,1134,-16196,-2842,28,27,-29
12,838,1124022,1166,-16229,-2835,28,0,-31
12,839,1124027,1225,-16282,-2899,29,-19,-27
12,840,1124032,1222,-16322,-2902,30,-23,-24
12,841,1124037,1152,-16261,-3000,31,-25,-23
12,842,1124042,1052,-16223,-3110,30,-24,-25
12,843,1124047,1090,-16239,-3197,27,-25,-23
12,844,1124052,1066,-16273,-3189,25,-20,-21
12,845,1124057,953,-16299,-3097,24,-10,-23
12,846,1124062,964,-16268,-3081,21,-4,-27
12,847,1124067,990,-16207,-3182,20,9,-27
12,848,1124072,908,-16204,-3257,17,27,-26
12,849,1124077,958,-16187,-3126,14,39,-27
12,850,1124082,983,-16189,-2946,12,46,-24
12,851,1124087,1008,-16123,-2903,10,42,-24
12,852,1124092,1077,-16062,-2941,8,39,-27
12,853,1124097,1156,-16075,-2921,8,38,-24
12,854,1124102,1239,-16068,-2977,7,31,-21
12,855,1124107,1306,-16057,-2811,5,18,-18
12,856,1124112,1332,-16005,-2715,3,-1,-20
12,857,1124117,1218,-15968,-2710,3,-22,-18
12,858,1124122,1110,-15974,-2809,5,-38,-15
12,859,1124127,1114,-16004,-2940,5,-54,-13
12,860,1124132,1127,-16093,-3063,3,-60,-13
12,861,1124137,1166,-16133,-3084,-3,-57,-13
12,862,1124142,1101,-16110,-3102,-4,-46,-12
12,863,1124147,1056,-16152,-3190,-4,-28,-13
12,864,1124152,1011,-16215,-3236,-3,-7,-13
12,865,1124157,985,-16220,-3144,-7,3,-13
12,866,1124162,1028,-16197,-3014,-11,10,-12
12,867,1124167,1070,-16193,-2972,-13,18,-12
12,868,1124172,1127,-16175,-2939,-15,28,-10
12,869,1124177,1079,-16160,-2877,-17,35,-9
12,870,1124182,1066,-16090,-2822,-17,35,-8
12,871,1124187,1085,-16013,-2852,-17,20,-10
12,872,1124192,1166,-15976,-2823,-19,-1,-5
12,873,1124197,1270,-15941,-2798,-19,-16,0
12,874,1124202,1317,-15930,-2842,-16,-27,0
12,875,1124207,1285,-15940,-2847,-16,-42,3
12,876,1124212,1213,-16047,-2902,-18,-60,5
12,877,1124217,1112,-16111,-2923,-18,-77,6
12,878,1124222,1021,-16064,-3018,-18,-89,7
12,879,1124227,1009,-16070,-3085,-19,-90,8
12,880,1124232,1049,-16080,-3215,-16,-81,11
12,881,1124237,1001,-16125,-3289,-16,-62,10
12,882,1124242,928,-16122,-3255,-19,-40,10
12,883,1124247,861,-16140,-3198,-23,-20,5
12,884,1124252,928,-16177,-3143,-24,3,9
12,885,1124257,981,-16261,-3116,-26,22,10
12,886,1124262,1022,-16293,-2951,-29,38,6
12,887,1124267,1032,-16230,-2829,-30,41,6
12,888,1124272,991,-16251,-2820,-29,26,7
12,889,1124277,1042,-16201,-2919,-28,11,7
12,890,1124282,1070,-16151,-2948,-27,3,9
12,891,1124287,1031,-16124,-2906,-26,-4,14
12,892,1124292,1088,-16097,-3017,-24,-16,14
12,893,1124297,1142,-16145,-3088,-24,-28,15
12,894,1124302,1125,-16247,-3103,-25,-27,16
12,895,1124307,1128,-16286,-3026,-25,-22,17
12,896,1124312,1103,-16317,-2986,-23,-19,18
12,897,1124317,1018,-16379,-3022,-21,-17,19
12,898,1124322,973,-16350,-3088,-22,-21,18
12,899,1124327,974,-16278,-3103,-23,-21,16
12,900,1124332,972,-16186,-3118,-22,-16,17
12,901,1124337,1044,-16103,-3142,-24,0,18
12,902,1124342,1119,-16037,-3154,-23,17,15
12,903,1124347,1031,-16099,-3075,-23,21,18
12,904,1124352,908,-16186,-2998,-23,15,18
12,905,1124357,900,-16177,-3023,-23,7,17
12,906,1124362,1029,-16111,-3059,-25,10,18
12,907,1124367,1157,-16022,-3031,-26,25,16
12,908,1124372,1130,-16024,-3041,-25,39,17
12,909,1124377,1077,-15928,-3021,-26,32,16
12,910,1124382,1071,-15897,-3053,-24,19,20
12,911,1124387,1097,-15892,-3029,-23,7,22
12,912,1124392,1100,-15962,-2977,-26,2,21
12,913,1124397,1188,-16036,-2928,-23,-5,21
12,914,1124402,1257,-16083,-2964,-19,-10,24
12,915,1124407,1250,-16102,-3055,-21,-14,26
12,916,1124412,1198,-16115,-3049,-22,-14,25
12,917,1124417,1103,-16119,-3050,-21,-10,25
12,918,1124422,1043,-16125,-3005,-19,-10,24
12,919,1124427,1023,-16168,-2992,-21,-11,23
12,920,1124432,1038,-16146,-3067,-23,-9,24
12,921,1124437,1081,-16148,-3070,-23,-2,26
12,922,1124442,1131,-16148,-3054,-23,6,27
12,923,1124447,1192,-16128,-3010,-26,17,28
12,924,1124452,1199,-16119,-2920,-25,21,26
12,925,1124457,1083,-16120,-2947,-24,14,23
12,926,1124462,1090,-16142,-2990,-24,2,25
12,927,1124467,1016,-16079,-3024,-23,-5,26
12,928,1124472,991,-16012,-3098,-24,-7,26
12,929,1124477,1098,-16005,-3091,-23,1,27
12,930,1124482,1142,-16044,-3052,-25,19,26
12,931,1124487,1148,-16043,-3029,-24,25,24
12,932,1124492,1125,-15995,-2920,-23,16,24
12,933,1124497,1129,-16007,-2906,-27,1,26
12,934,1124502,1154,-16046,-2893,-23,-20,27
12,935,1124507,1146,-16041,-2875,-21,-45,29
12,936,1124512,1052,-16106,-2968,-16,-61,30
12,937,1124517,999,-16233,-3101,-17,-74,31
12,938,1124522,983,-16270,-3199,-18,-72,30
12,939,1124527,1057,-16204,-3264,-19,-55,26
12,940,1124532,1091,-16157,-3258,-18,-26,26
12,941,1124537,1061,-16161,-3261,-17,-2,24
12,942,1124542,990,-16151,-3222,-16,9,24
12,943,1124547,875,-16183,-3092,-18,6,22
12,944,1124552,851,-16220,-3059,-20,0,22
12,945,1124557,920,-16227,-3045,-21,3,21
12,946,1124562,1041,-16166,-3116,-19,15,21
12,947,1124567,1112,-16152,-3045,-17,26,22
12,948,1124572,1116,-16187,-3092,-15,30,19
12,949,1124577,1036,-16173,-3052,-16,28,19
12,950,1124582,978,-16037,-3014,-16,14,19
12,951,1124587,1033,-15948,-2994,-11,3,20
12,952,1124592,1130,-15933,-2902,-12,-1,19
12,953,1124597,1148,-15987,-2932,-9,-15,21
12,954,1124602,1060,-16047,-2906,-6,-37,21
12,955,1124607,961,-16156,-2943,-6,-64,21
12,956,1124612,942,-16239,-3108,-4,-73,22
12,957,1124617,994,-16328,-3235,-5,-57,17
12,958,1124622,959,-16290,-3243,-2,-34,17
12,959,1124627,947,-16206,-3199,-5,-12,16
12,960,1124632,992,-16129,-3297,-2,-3,14
12,961,1124637,1031,-16055,-3307,-4,11,15
12,962,1124642,1019,-15999,-3080,-5,24,14
12,963,1124647,961,-16014,-2904,-2,23,12
12,964,1124652,854,-16083,-2838,-2,11,11
12,965,1124657,783,-16187,-3021,-3,-3,9
12,966,1124662,884,-16228,-3160,-2,-8,10
12,967,1124667,975,-16256,-3151,-3,6,8
12,968,1124672,1042,-16209,-3092,-2,22,7
12,969,1124677,964,-16228,-3027,-2,34,5
12,970,1124682,904,-16211,-3040,-2,34,2
12,971,1124687,887,-16155,-3042,-2,32,2
12,972,1124692,951,-16060,-3038,0,25,3
12,973,1124697,1069,-15988,-3052,0,18,3
12,974,1124702,1136,-15913,-3021,6,13,3
12,975,1124707,1084,-15944,-2950,8,4,2
12,976,1124712,986,-15982,-2955,6,-11,2
12,977,1124717,924,-16065,-3022,7,-29,4
12,978,1124722,881,-16120,-3006,9,-43,4
12,979,1124727,979,-16162,-3137,8,-40,2
12,980,1124732,1111,-16199,-3302,7,-27,1
12,981,1124737,1089,-16143,-3329,7,-9,-1
12,982,1124742,1109,-16017,-3279,7,7,-1
12,983,1124747,1024,-15990,-3172,6,24,-1
12,984,1124752,1008,-15999,-3117,4,40,-3
12,985,1124757,1020,-16027,-3040,7,47,-3
12,986,1124762,1071,-16045,-2864,7,38,-2
12,987,1124767,1020,-16046,-2854,7,18,-5
12,988,1124772,980,-15991,-2950,10,-5,-5
12,989,1124777,1011,-15995,-3054,10,-18,-3
12,990,1124782,1130,-16003,-3126,12,-9,-2
12,991,1124787,1118,-16093,-3093,11,4,1
12,992,1124792,1041,-16235,-3007,12,5,2
12,993,1124797,938,-16277,-3092,11,0,0
12,994,1124802,964,-16203,-3121,10,0,-4
12,995,1124807,1056,-16165,-3107,11,9,-4
12,996,1124812,1091,-16137,-2992,11,26,-2
12,997,1124817,1089,-16177,-2769,11,31,-3
12,998,1124822,1050,-16263,-2782,16,12,-2
12,999,1124827,920,-16304,-2929,17,-15,-1
13,0,1253117,1305,-15951,-3294,4,2,-6
13,1,1253122,1237,-15920,-3198,6,1,-5
13,2,1253127,1259,-15965,-3204,7,6,-6
13,3,1253132,1300,-16019,-3152,7,5,-4
13,4,1253137,1316,-15983,-3084,4,-1,-5
13,5,1253142,1364,-15958,-3160,8,-10,-3
13,6,1253147,1422,-16027,-3247,7,-14,-4
13,7,1253152,1287,-16135,-3187,7,-15,-6
13,8,1253157,1179,-16186,-3169,9,-16,-4
13,9,1253162,1234,-16106,-3212,8,-15,-5
13,10,1253167,1336,-16000,-3229,7,-4,-5
13,11,1253172,1302,-15997,-3272,11,35,-5
13,12,1253177,1186,-16019,-3127,11,31,-5
13,13,1253182,1152,-15989,-3081,8,21,-4
13,14,1253187,1179,-16057,-3134,8,17,-6
13,15,1253192,1239,-16093,-3187,11,23,-5
13,16,1253197,1335,-16045,-3178,12,29,-3
13,17,1253202,1352,-16036,-3112,10,32,-5
13,18,1253207,1267,-16037,-3187,12,24,-6
13,19,1253212,1316,-16044,-3247,10,16,-7
13,20,1253217,1342,-16016,-3129,12,17,-6
13,21,1253222,1340,-16009,-3075,11,22,-6
13,22,1253227,1345,-15968,-3075,9,20,-6
13,23,1253232,1350,-15929,-3138,13,14,-3
13,24,1253237,1380,-15928,-3120,13,11,1
13,25,1253242,1342,-16001,-3051,12,5,-2
13,26,1253247,1375,-16109,-2995,13,-1,-2
13,27,1253252,1377,-16148,-3027,12,-8,-3
13,28,1253257,1391,-16108,-3116,13,-4,-2
13,29,1253262,1368,-16099,-3222,10,4,-2
13,30,1253267,1368,-16081,-3184,11,14,-3
13,31,1253272,1319,-16048,-3144,10,19,-3
13,32,1253277,1306,-15996,-3042,9,18,-5
13,33,1253282,1324,-16023,-3033,10,10,-4
13,34,1253287,1285,-16017,-3056,12,5,-2
13,35,1253292,1254,-16033,-3175,11,-2,0
13,36,1253297,1254,-15981,-3269,10,-5,-3
13,37,1253302,1317,-15971,-3309,9,-5,-3
13,38,1253307,1331,-15959,-3277,8,7,-1
13,39,1253312,1384,-16036,-3161,9,10,-3
13,40,1253317,1343,-16081,-3046,9,12,-3
13,41,1253322,1297,-16074,-3086,12,6,-1
13,42,1253327,1374,-16074,-3048,10,-2,-4
13,43,1253332,1397,-16062,-3079,8,-12,-3
13,44,1253337,1420,-16010,-3051,13,-18,0
13,45,1253342,1390,-16065,-3075,14,-27,2
13,46,1253347,1302,-16193,-3181,15,-42,2
13,47,1253352,1247,-16268,-3281,17,-47,3
13,48,1253357,1271,-16225,-3411,14,-40,0
13,49,1253362,1341,-16217,-3476,9,-17,0
13,50,1253367,1351,-16213,-3366,10,11,-2
13,51,1253372,1258,-16170,-3220,13,29,-3
13,52,1253377,1186,-16184,-3133,14,32,-5
13,53,1253382,1195,-16183,-3127,12,25,-4
13,54,1253387,1212,-16144,-3117,11,18,-2
13,55,1253392,1248,-16132,-3034,11,12,-2
13,56,1253397,1237,-16096,-3106,11,8,-6
13,57,1253402,1274,-16079,-3184,12,4,-6
13,58,1253407,1275,-16028,-3201,14,-1,-4
13,59,1253412,1263,-15979,-3140,12,-3,-2
13,60,1253417,1305,-16028,-3075,11,-9,-2
13,61,1253422,1328,-16080,-3070,16,-16,-6
13,62,1253427,1252,-16095,-3032,15,-26,-5
13,63,1253432,1292,-16067,-3105,14,-35,-4
13,64,1253437,1353,-16072,-3181,17,-38,-3
13,65,1253442,1396,-16132,-3201,18,-39,-2
13,66,1253447,1319,-16133,-3095,15,-44,-2
13,67,1253452,1230,-16143,-3068,16,-49,-3
13,68,1253457,1119,-16200,-3174,17,-52,-4
13,69,1253462,1135,-16164,-3350,16,-47,-6
13,70,1253467,1209,-16100,-3407,14,-28,-7
13,71,1253472,1278,-16100,-3293,14,-5,-7
13,72,1253477,1218,-16117,-3173,13,8,-9
13,73,1253482,1219,-16113,-3143,13,13,-9
13,74,1253487,1222,-16091,-3179,14,16,-10
13,75,1253492,1255,-16052,-3116,14,20,-11
13,76,1253497,1298,-16022,-3105,11,24,-9
13,77,1253502,1275,-16016,-3044,7,21,-9
13,78,1253507,1236,-16052,-3005,10,9,-12
13,79,1253512,1265,-15985,-3052,8,-1,-12
13,80,1253517,1287,-16027,-3111,11,-5,-10
13,81,1253522,1339,-16083,-3218,12,-5,-12
13,82,1253527,1288,-16070,-3143,9,-4,-11
13,83,1253532,1306,-16054,-3127,9,-3,-10
13,84,1253537,1327,-16027,-3157,11,-5,-10
13,85,1253542,1375,-16122,-3190,12,8,-11
13,86,1253547,1359,-16140,-3106,9,7,-12
13,87,1253552,1257,-16133,-3071,8,-7,-9
13,88,1253557,1241,-16181,-3123,12,-18,-7
13,89,1253562,1259,-16227,-3162,10,-15,-8
13,90,1253567,1364,-16205,-3179,8,-8,-13
13,91,1253572,1314,-16169,-3196,9,-1,-10
13,92,1253577,1234,-16159,-3257,10,-2,-9
13,93,1253582,1220,-16195,-3323,8,5,-12
13,94,1253587,1307,-16161,-3259,7,14,-15
13,95,1253592,1286,-16126,-3147,5,24,-12
13,96,1253597,1272,-16166,-3022,5,27,-10
13,97,1253602,1229,-16174,-3102,5,26,-14
13,98,1253607,1262,-16139,-3148,5,22,-15
13,99,1253612,1322,-16070,-3128,3,18,-13
13,100,1253617,1269,-16084,-3099,2,15,-12
13,101,1253622,1287,-16116,-3097,3,16,-16
13,102,1253627,1320,-16139,-3104,5,14,-15
13,103,1253632,1343,-16127,-3174,4,8,-11
13,104,1253637,1330,-16139,-3221,4,8,-12
13,105,1253642,1303,-16177,-3265,3,12,-15
13,106,1253647,1325,-16178,-3206,4,16,-16
13,107,1253652,1350,-16110,-3144,3,17,-15
13,108,1253657,1410,-16145,-3136,4,17,-13
13,109,1253662,1343,-16195,-3126,2,16,-13
13,110,1253667,1304,-16179,-3172,-1,14,-15
13,111,1253672,1357,-16107,-3150,1,12,-15
13,112,1253677,1402,-16096,-3205,-1,14,-12
13,113,1253682,1411,-16075,-3179,0,17,-10
13,114,1253687,1441,-16090,-3053,-1,16,-10
13,115,1253692,1416,-16049,-2897,2,5,-7
13,116,1253697,1397,-16027,-2887,0,-15,-8
13,117,1253702,1366,-16076,-2973,-1,-36,-10
13,118,1253707,1334,-16122,-3030,2,-48,-8
13,119,1253712,1298,-16183,-3077,0,-57,-8
13,120,1253717,1296,-16178,-3198,-1,-63,-9
13,121,1253722,1233,-16169,-3336,0,-54,-6
13,122,1253727,1237,-16210,-3444,-1,-36,-8
13,123,1253732,1227,-16209,-3426,0,-8,-8
13,124,1253737,1217,-16163,-3326,-1,13,-12
13,125,1253742,1207,-16133,-3205,-5,28,-14
13,126,1253747,1229,-16066,-3148,-4,29,-14
13,127,1253752,1241,-16038,-3133,-3,31,-11
13,128,1253757,1290,-15984,-3073,-1,32,-11
13,129,1253762,1361,-15987,-3112,-4,29,-13
13,130,1253767,1461,-15975,-3098,-3,19,-10
13,131,1253772,1492,-15943,-3067,-4,10,-9
13,132,1253777,1460,-15930,-3035,-5,6,-9
13,133,1253782,1449,-15923,-3002,-6,1,-9
13,134,1253787,1484,-15937,-2998,-8,-4,-8
13,135,1253792,1546,-15994,-2975,-4,-9,-7
13,136,1253797,1500,-15983,-2881,-5,-22,-3
13,137,1253802,1451,-15992,-2866,-6,-41,-3
13,138,1253807,1371,-15973,-2882,-6,-58,-2
13,139,1253812,1410,-16061,-3041,-5,-71,1
13,140,1253817,1452,-16105,-3100,-6,-68,2
13,141,1253822,1401,-16120,-3197,-6,-62,2
13,142,1253827,1323,-16168,-3171,-5,-54,2
13,143,1253832,1283,-16079,-3250,-7,-43,3
13,144,1253837,1229,-16031,-3226,-9,-28,1
13,145,1253842,1262,-16082,-3176,-8,-13,0
13,146,1253847,1298,-16078,-3135,-10,-3,1
13,147,1253852,1349,-16071,-3072,-14,-3,1
13,148,1253857,1336,-16060,-3069,-12,-12,2
13,149,1253862,1263,-16088,-3147,-8,-18,2
13,150,1253867,1265,-16107,-3233,-13,-16,0
13,151,1253872,1359,-16047,-3295,-12,-10,3
13,152,1253877,1408,-15958,-3262,-9,-5,4
13,153,1253882,1430,-16005,-3161,-9,3,3
13,154,1253887,1340,-16031,-3087,-10,0,1
13,155,1253892,1331,-16050,-3050,-9,-9,0
13,156,1253897,1325,-16061,-3059,-8,-22,4
13,157,1253902,1344,-16016,-3057,-4,-37,8
13,158,1253907,1331,-16045,-3044,-4,-41,8
13,159,1253912,1359,-16130,-3199,-4,-40,11
13,160,1253917,1344,-16062,-3215,-2,-37,9
13,161,1253922,1246,-16081,-3248,-3,-26,6
13,162,1253927,1216,-16155,-3254,-1,-19,6
13,163,1253932,1226,-16157,-3176,-4,-12,5
13,164,1253937,1271,-16149,-3112,-2,-10,10
13,165,1253942,1251,-16136,-3127,-1,-10,5
13,166,1253947,1173,-16149,-3222,-2,-11,3
13,167,1253952,1169,-16141,-3308,2,-7,4
13,168,1253957,1194,-16142,-3260,1,0,4
13,169,1253962,1266,-16115,-3236,-1,8,5
13,170,1253967,1325,-16128,-3208,-2,17,4
13,171,1253972,1343,-16109,-3162,-1,20,3
13,172,1253977,1344,-16073,-3088,0,18,3
13,173,1253982,1280,-16034,-3042,1,11,4
13,174,1253987,1250,-16067,-3080,1,3,4
13,175,1253992,1319,-16042,-3071,2,-8,5
13,176,1253997,1381,-16032,-3062,1,-16,5
13,177,1254002,1410,-15996,-3099,4,-20,2
13,178,1254007,1362,-16014,-3163,6,-23,4
13,179,1254012,1273,-16008,-3261,6,-24,6
13,180,1254017,1253,-15964,-3258,7,-20,7
13,181,1254022,1293,-16017,-3179,4,-15,5
13,182,1254027,1264,-16074,-3116,5,-13,5
13,183,1254032,1260,-16086,-3091,10,-11,5
13,184,1254037,1270,-16093,-3092,9,-14,3
13,185,1254042,1291,-16089,-3221,8,-18,4
13,186,1254047,1254,-16055,-3213,6,-17,0
13,187,1254052,1225,-16025,-3227,5,-10,-2
13,188,1254057,1190,-16037,-3203,6,-4,3
13,189,1254062,1207,-15997,-3205,6,3,4
13,190,1254067,1260,-16016,-3255,8,12,-2
13,191,1254072,1281,-16047,-3229,8,19,-3
13,192,1254077,1264,-16023,-3120,7,20,-1
13,193,1254082,1287,-16018,-3100,6,17,-3
13,194,1254087,1312,-16015,-3047,6,14,-2
13,195,1254092,1314,-15963,-3018,8,9,-1
13,196,1254097,1313,-15923,-3041,7,4,0
13,197,1254102,1339,-15960,-3074,11,-2,0
13,198,1254107,1379,-15997,-3071,13,-14,-1
13,199,1254112,1374,-16003,-3052,11,-18,2
13,200,1254117,1385,-16041,-3079,12,-19,2
13,201,1254122,1390,-16013,-3102,11,-17,1
13,202,1254127,1374,-16036,-3047,13,-14,4
13,203,1254132,1335,-16103,-3033,14,-11,4
13,204,1254137,1289,-16149,-3069,13,-11,4
13,205,1254142,1342,-16169,-3079,13,-8,1
13,206,1254147,1356,-16127,-3063,11,-4,3
13,207,1254152,1372,-16124,-3043,9,2,1
13,208,1254157,1294,-16164,-3022,11,7,3
13,209,1254162,1210,-16168,-3041,12,4,2
13,210,1254167,1249,-16155,-3122,10,-2,0
13,211,1254172,1263,-16149,-3168,10,-2,-1
13,212,1254177,1299,-16147,-3220,8,7,0
13,213,1254182,1314,-16120,-3163,8,18,-1
13,214,1254187,1261,-16130,-3058,9,22,-3
13,215,1254192,1200,-16133,-3087,13,16,-2
13,216,1254197,1248,-16128,-3102,11,4,-1
13,217,1254202,1347,-16096,-3159,12,-2,0
13,218,1254207,1401,-16091,-3131,16,0,0
13,219,1254212,1397,-16176,-3067,17,-1,-2
13,220,1254217,1333,-16143,-3006,16,-12,-2
13,221,1254222,1308,-16085,-3076,14,-23,-2
13,222,1254227,1320,-16056,-3135,14,-24,0
13,223,1254232,1301,-16068,-3166,15,-21,-3
13,224,1254237,1272,-16103,-3090,14,-19,-3
13,225,1254242,1258,-16106,-3091,16,-24,-2
13,226,1254247,1228,-16103,-3172,15,-27,-1
13,227,1254252,1209,-16107,-3240,17,-19,-3
13,228,1254257,1184,-16144,-3293,16,-7,-8
13,229,1254262,1148,-16147,-3177,16,2,-7
13,230,1254267,1164,-16147,-3182,15,3,-7
13,231,1254272,1217,-16136,-3234,16,2,-9
13,232,1254277,1204,-16092,-3182,14,17,-12
13,233,1254282,1225,-16040,-3188,13,21,-11
13,234,1254287,1304,-16020,-3163,17,23,-10
13,235,1254292,1286,-16085,-3127,17,23,-12
13,236,1254297,1371,-16069,-3064,14,19,-12
13,237,1254302,1341,-16064,-3013,16,13,-12
13,238,1254307,1374,-16050,-3011,17,7,-11
13,239,1254312,1387,-16016,-3060,17,5,-11
13,240,1254317,1408,-16042,-3074,17,5,-10
13,241,1254322,1378,-16076,-3032,15,2,-12
13,242,1254327,1386,-16100,-3007,18,-1,-9
13,243,1254332,1360,-16103,-3014,17,-8,-8
13,244,1254337,1344,-16131,-3100,15,-9,-10
13,245,1254342,1334,-16148,-3168,17,-4,-9
13,246,1254347,1400,-16137,-3172,14,6,-10
13,247,1254352,1359,-16113,-3129,13,17,-10
13,248,1254357,1351,-16138,-3153,17,29,-7
13,249,1254362,1284,-16124,-3120,13,36,-10
13,250,1254367,1302,-16086,-3036,12,40,-14
13,251,1254372,1314,-16067,-2959,12,37,-12
13,252,1254377,1409,-16129,-2985,12,28,-10
13,253,1254382,1361,-16134,-2953,12,22,-10
13,254,1254387,1384,-16128,-2970,11,7,-10
13,255,1254392,1384,-16113,-3000,11,-4,-12
13,256,1254397,1396,-16065,-3041,12,-9,-12
13,257,1254402,1377,-16084,-3109,11,-9,-12
13,258,1254407,1365,-16089,-3019,9,-3,-11
13,259,1254412,1297,-16087,-3006,14,-8,-7
13,260,1254417,1253,-16096,-3085,12,-16,-10
13,261,1254422,1301,-16125,-3157,12,-19,-8
13,262,1254427,1361,-16130,-3136,13,-17,-8
13,263,1254432,1357,-16129,-3068,11,-12,-10
13,264,1254437,1308,-16121,-3127,9,-9,-9
13,265,1254442,1233,-16113,-3146,12,-10,-8
13,266,1254447,1273,-16106,-3155,11,-6,-11
13,267,1254452,1293,-16136,-3056,8,-4,-12
13,268,1254457,1351,-16130,-3047,9,0,-12
13,269,1254462,1307,-16183,-2998,10,-5,-13
13,270,1254467,1275,-16147,-3005,8,-12,-14
13,271,1254472,1258,-16159,-3053,8,-18,-11
13,272,1254477,1275,-16143,-3131,11,-19,-12
13,273,1254482,1314,-16131,-3139,9,-12,-10
13,274,1254487,1365,-16145,-3121,9,-2,-12
13,275,1254492,1376,-16127,-3095,9,1,-10
13,276,1254497,1343,-16156,-3082,9,2,-9
13,277,1254502,1252,-16150,-3082,10,2,-13
13,278,1254507,1246,-16109,-3094,8,3,-12
13,279,1254512,1237,-16115,-3020,5,5,-12
13,280,1254517,1350,-16143,-2934,5,5,-10
13,281,1254522,1377,-16121,-2927,3,-2,-9
13,282,1254527,1386,-16126,-2972,2,-7,-11
13,283,1254532,1362,-16143,-3015,4,-15,-11
13,284,1254537,1355,-16099,-3066,5,-22,-8
13,285,1254542,1385,-16107,-3066,5,-21,-9
13,286,1254547,1434,-16102,-3028,4,-21,-7
13,287,1254552,1423,-16077,-3034,3,-18,-10
13,288,1254557,1347,-16059,-3044,6,-18,-8
13,289,1254562,1296,-16050,-3095,6,-21,-6
13,290,1254567,1319,-16079,-3116,4,-21,-6
13,291,1254572,1366,-16099,-3088,1,-20,-9
13,292,1254577,1360,-16090,-3077,3,-18,-9
13,293,1254582,1315,-16095,-3103,5,-20,-7
13,294,1254587,1254,-16113,-3146,2,-19,-6
13,295,1254592,1248,-16097,-3179,2,-14,-6
13,296,1254597,1307,-16083,-3095,0,-4,-6
13,297,1254602,1286,-16117,-3034,-1,1,-8
13,298,1254607,1345,-16095,-3041,0,-4,-7
13,299,1254612,1336,-16066,-3089,1,-10,-8
13,300,1254617,1341,-16095,-3051,4,-14,-8
13,301,1254622,1312,-16144,-3051,5,-20,-6
13,302,1254627,1302,-16187,-3115,2,-19,-6
13,303,1254632,1378,-16183,-3153,3,-18,-6
13,304,1254637,1386,-16220,-3165,2,-12,-4
13,305,1254642,1376,-16229,-3152,1,-5,-5
13,306,1254647,1282,-16209,-3031,0,6,-3
13,307,1254652,1274,-16253,-3020,2,4,-4
13,308,1254657,1290,-16250,-2995,0,4,-5
13,309,1254662,1313,-16241,-3044,0,4,-4
13,310,1254667,1292,-16230,-3115,0,7,-4
13,311,1254672,1296,-16167,-3153,0,9,-5
13,312,1254677,1353,-16135,-3159,0,16,-6
13,313,1254682,1338,-16105,-3154,1,23,-6
13,314,1254687,1297,-16050,-3109,-2,27,-6
13,315,1254692,1306,-15991,-3014,-1,22,-5
13,316,1254697,1297,-15984,-3031,-2,8,-5
13,317,1254702,1322,-15949,-3011,-1,-6,-4
13,318,1254707,1375,-15974,-3045,0,-14,-1
13,319,1254712,1432,-15930,-3046,1,-20,-2
13,320,1254717,1392,-15923,-3004,5,-29,-1
13,321,1254722,1319,-15993,-2969,2,-45,-1
13,322,1254727,1216,-16108,-3010,4,-60,2
13,323,1254732,1219,-16174,-3171,7,-61,4
13,324,1254737,1298,-16157,-3280,4,-53,1
13,325,1254742,1325,-16124,-3295,3,-34,0
13,326,1254747,1285,-16124,-3341,4,-12,-1
13,327,1254752,1195,-16190,-3228,4,6,-5
13,328,1254757,1159,-16222,-3182,1,17,-4
13,329,1254762,1227,-16193,-3078,0,19,-5
13,330,1254767,1264,-16221,-3052,-1,19,-3
13,331,1254772,1220,-16212,-3077,2,20,-5
13,332,1254777,1265,-16160,-3073,0,21,-7
13,333,1254782,1298,-16099,-3071,0,25,-6
13,334,1254787,1272,-16093,-3076,-1,23,-5
13,335,1254792,1337,-16113,-2973,-1,21,-4
13,336,1254797,1319,-16091,-2907,-4,15,-5
13,337,1254802,1356,-16077,-2981,-1,-2,-7
13,338,1254807,1405,-16061,-3046,0,-16,-5
13,339,1254812,1467,-16062,-3049,-2,-23,-4
13,340,1254817,1373,-16061,-3027,1,-26,-2
13,341,1254822,1307,-16080,-3065,1,-32,-1
13,342,1254827,1244,-16142,-3092,0,-38,2
13,343,1254832,1251,-16133,-3162,1,-38,1
13,344,1254837,1333,-16074,-3287,1,-26,0
13,345,1254842,1388,-16102,-3286,-1,-3,0
13,346,1254847,1379,-16102,-3232,0,18,-3
13,347,1254852,1318,-16095,-3116,-1,30,-3
13,348,1254857,1243,-16096,-2992,-4,26,-1
13,349,1254862,1232,-16065,-2945,-5,18,0
13,350,1254867,1263,-16066,-2931,-4,16,0
13,351,1254872,1316,-16075,-2964,-4,15,-2
13,352,1254877,1290,-16011,-2996,-4,12,-2
13,353,1254882,1317,-15951,-3028,-5,3,-2
13,354,1254887,1320,-15947,-3041,-9,-2,-2
13,355,1254892,1321,-15983,-3042,-8,-3,1
13,356,1254897,1330,-15949,-2993,-8,-3,1
13,357,1254902,1445,-15932,-2886,-10,-7,4
13,358,1254907,1436,-15960,-2930,-8,-14,3
13,359,1254912,1421,-15901,-2979,-7,-23,6
13,360,1254917,1377,-15934,-2964,-8,-32,10
13,361,1254922,1354,-15992,-3007,-8,-39,12
13,362,1254927,1307,-16043,-2997,-8,-46,10
13,363,1254932,1359,-15983,-3063,-9,-45,12
13,364,1254937,1403,-15914,-3152,-8,-36,13
13,365,1254942,1312,-16001,-3088,-8,-25,14
13,366,1254947,1189,-16004,-3030,-13,-17,14
13,367,1254952,1051,-15945,-2988,-16,-22,14
13,368,1254957,1128,-15870,-2909,-16,-23,18
13,369,1254962,1297,-15765,-2796,-16,-19,22
13,370,1254967,1259,-15788,-2769,-19,-22,26
13,371,1254972,1016,-15878,-2739,-17,-39,27
13,372,1254977,870,-15905,-2961,-16,-68,33
13,373,1254982,955,-15949,-3041,-21,-83,39
13,374,1254987,1126,-16013,-2998,-27,-76,48
13,375,1254992,1317,-16087,-2894,-31,-53,51
13,376,1254997,1462,-16047,-2703,-34,-32,58
13,377,1255002,1496,-16016,-2591,-34,-25,64
13,378,1255007,1271,-15998,-2530,-37,-35,70
13,379,1255012,931,-16124,-2465,-39,-66,77
13,380,1255017,1227,-15963,-2479,-50,-117,105
13,381,1255022,1313,-15929,-2546,-54,-118,114
13,382,1255027,1167,-15972,-2678,-53,-121,121
13,383,1255032,859,-15964,-2879,-57,-133,131
13,384,1255037,765,-15891,-3009,-63,-147,143
13,385,1255042,879,-15855,-2928,-67,-148,160
13,386,1255047,1022,-15888,-2679,-68,-149,175
13,387,1255052,960,-15965,-2542,-70,-167,189
13,388,1255057,719,-15996,-2801,-75,-214,199
13,389,1255062,655,-15916,-3185,-78,-257,216
13,390,1255067,738,-15868,-3481,-80,-262,232
13,391,1255072,787,-15882,-3363,-87,-244,246
13,392,1255077,612,-15874,-3067,-89,-239,260
13,393,1255082,289,-15828,-3112,-89,-259,275
13,394,1255087,198,-15781,-3474,-92,-283,292
13,395,1255092,272,-15711,-3677,-94,-284,308
13,396,1255097,248,-15709,-3477,-98,-275,324
13,397,1255102,-39,-15821,-3218,-103,-282,338
13,398,1255107,-270,-15817,-3390,-107,-313,351
13,399,1255112,-268,-15757,-3869,-108,-323,362
13,400,1255117,-267,-15708,-4189,-107,-293,379
13,401,1255122,-277,-15695,-4169,-112,-238,394
13,402,1255127,-316,-15600,-3951,-120,-199,405
13,403,1255132,-490,-15689,-3817,-124,-189,413
13,404,1255137,-525,-15657,-3865,-124,-187,429
13,405,1255142,-409,-15570,-3808,-126,-173,445
13,406,1255147,-481,-15614,-3434,-128,-161,459
13,407,1255152,-708,-15763,-3208,-135,-173,471
13,408,1255157,-915,-15874,-3223,-137,-211,489
13,409,1255162,-1038,-15905,-3455,-136,-249,502
13,410,1255167,-851,-15842,-3848,-142,-262,517
13,411,1255172,-589,-15808,-3982,-145,-226,530
13,412,1255177,-583,-15886,-3994,-147,-175,538
13,413,1255182,-705,-15949,-3920,-154,-144,548
13,414,1255187,-961,-15887,-3824,-164,-131,557
13,415,1255192,-1072,-15937,-3819,-168,-129,571
13,416,1255197,-810,-15877,-3557,-177,-111,586
13,417,1255202,-727,-15930,-3626,-186,-60,598
13,418,1255207,-584,-16229,-4495,-182,-12,612
13,419,1255212,-725,-15891,-3778,-195,46,621
13,420,1255217,-1131,-15535,-2481,-214,53,625
13,421,1255222,-1540,-16024,-3136,-215,17,641
13,422,1255227,-767,-15682,-3014,-217,36,665
13,423,1255232,-512,-15754,-2674,-237,141,669
13,424,1255237,-599,-17299,-6295,-235,230,676
13,425,1255242,38,-16795,-6501,-228,348,699
13,426,1255247,-609,-15942,-4164,-267,364,692
13,427,1255252,-2169,-15778,-1956,-286,203,691
13,428,1255257,-2714,-15963,-2108,-275,-23,709
13,429,1255262,-1903,-16003,-3162,-241,-127,739
13,430,1255267,-807,-15958,-4518,-227,-127,757
13,431,1255272,-675,-15987,-4299,-238,-105,760
13,432,1255277,-1059,-16033,-4024,-259,-188,760
13,433,1255282,-1517,-15957,-4147,-267,-284,768
13,434,1255287,-1608,-15935,-5011,-261,-277,778
13,435,1255292,-1640,-15961,-5286,-253,-143,788
13,436,1255297,-1671,-16041,-4964,-253,-7,787
13,437,1255302,-1815,-16086,-4544,-267,34,786
13,438,1255307,-1705,-16093,-4153,-286,-15,790
13,439,1255312,-1580,-16060,-4168,-290,-78,795
13,440,1255317,-1558,-16044,-4017,-289,-77,799
13,441,1255322,-1844,-15962,-3903,-284,-50,797
13,442,1255327,-2103,-16088,-4264,-281,-53,801
13,443,1255332,-2199,-16220,-4716,-287,-84,805
13,444,1255337,-2019,-16210,-4922,-301,-114,807
13,445,1255342,-1806,-16108,-4706,-313,-113,806
13,446,1255347,-1855,-16009,-4446,-313,-67,803
13,447,1255352,-2154,-16104,-4679,-308,-23,797
13,448,1255357,-2440,-16171,-4993,-307,0,794
13,449,1255362,-2462,-16136,-5138,-315,-7,794
13,450,1255367,-2216,-16056,-4876,-326,-23,793
13,451,1255372,-1994,-15991,-4500,-332,-30,790
13,452,1255377,-2109,-16009,-4387,-328,-24,783
13,453,1255382,-2437,-16018,-4747,-319,-19,778
13,454,1255387,-2368,-15921,-5376,-327,-32,773
13,455,1255392,-2189,-15909,-5124,-335,-29,765
13,456,1255397,-2145,-15924,-4699,-340,-13,757
13,457,1255402,-2387,-15939,-4738,-340,-6,747
13,458,1255407,-2656,-15969,-4986,-335,3,738
13,459,1255412,-2656,-15904,-5310,-333,3,735
13,460,1255417,-2514,-15833,-5229,-345,7,727
13,461,1255422,-2411,-15806,-4884,-352,14,717
13,462,1255427,-2492,-15831,-4693,-347,10,710
13,463,1255432,-2658,-15882,-4697,-337,8,699
13,464,1255437,-2704,-15911,-5012,-333,-5,691
13,465,1255442,-2674,-15958,-5310,-338,-9,681
13,466,1255447,-2649,-15959,-5243,-339,0,672
13,467,1255452,-2638,-15977,-4935,-344,13,660
13,468,1255457,-2556,-15977,-4815,-342,22,649
13,469,1255462,-2572,-16015,-4936,-337,26,640
13,470,1255467,-2743,-16048,-5057,-336,26,623
13,471,1255472,-2934,-15967,-5006,-331,11,610
13,472,1255477,-2876,-15824,-5018,-333,-9,598
13,473,1255482,-2653,-15744,-5155,-331,-15,590
13,474,1255487,-2619,-15702,-5191,-321,-2,578
13,475,1255492,-2819,-15547,-5310,-314,7,562
13,476,1255497,-3122,-15723,-5241,-310,3,551
13,477,1255502,-3102,-15530,-5379,-311,9,535
13,478,1255507,-2929,-15523,-5378,-301,-6,521
13,479,1255512,-3145,-15512,-5193,-297,10,504
13,480,1255517,-3099,-15674,-5367,-291,13,487
13,481,1255522,-3197,-15713,-5392,-287,25,474
13,482,1255527,-2953,-15644,-5447,-288,48,455
13,483,1255532,-2843,-15609,-5391,-284,82,439
13,484,1255537,-2841,-15552,-5060,-278,114,421
13,485,1255542,-2952,-15493,-4899,-269,122,400
13,486,1255547,-3000,-15507,-4883,-263,114,387
13,487,1255552,-2944,-15457,-4905,-256,102,368
13,488,1255557,-2879,-15398,-4828,-251,94,355
13,489,1255562,-2834,-15356,-4641,-249,92,336
13,490,1255567,-2800,-15283,-4665,-238,74,319
13,491,1255572,-2736,-15075,-4719,-223,56,302
13,492,1255577,-2646,-14916,-5047,-215,40,288
13,493,1255582,-2675,-14763,-5079,-209,40,269
13,494,1255587,-2858,-14773,-5023,-199,35,251
13,495,1255592,-3113,-14805,-4740,-195,17,236
13,496,1255597,-3153,-14897,-4896,-188,-7,221
13,497,1255602,-2891,-15000,-5145,-179,-9,205
13,498,1255607,-2668,-14943,-5175,-170,22,186
13,499,1255612,-2667,-14974,-5009,-166,62,163
13,500,1255617,-2916,-14971,-4932,-159,82,142
13,501,1255622,-3037,-14940,-5064,-149,86,122
13,502,1255627,-3075,-14973,-5184,-139,94,102
13,503,1255632,-3048,-15054,-5114,-129,112,85
13,504,1255637,-2990,-15171,-4873,-124,133,65
13,505,1255642,-2889,-15192,-4856,-120,153,44
13,506,1255647,-2671,-15214,-5003,-110,171,23
13,507,1255652,-2659,-15197,-5011,-100,190,0
13,508,1255657,-2797,-15139,-4809,-89,189,-21
13,509,1255662,-2952,-15131,-4509,-81,164,-40
13,510,1255667,-2870,-15048,-4429,-71,129,-57
13,511,1255672,-2701,-14981,-4492,-57,96,-75
13,512,1255677,-2832,-15106,-4701,-37,68,-93
13,513,1255682,-2987,-15206,-4937,-24,35,-113
13,514,1255687,-2801,-15315,-5161,-17,1,-130
13,515,1255692,-2565,-15404,-5259,-12,-5,-150
13,516,1255697,-2363,-15484,-5237,-5,18,-171
13,517,1255702,-2314,-15553,-5006,5,53,-194
13,518,1255707,-2496,-15526,-4956,20,75,-216
13,519,1255712,-2699,-15524,-5219,33,82,-238
13,520,1255717,-2796,-15488,-5364,41,84,-258
13,521,1255722,-2719,-15444,-5435,45,96,-279
13,522,1255727,-2560,-15428,-5355,54,123,-303
13,523,1255732,-2562,-15466,-5207,63,148,-327
13,524,1255737,-2707,-15510,-5185,77,163,-352
13,525,1255742,-2794,-15482,-5347,91,170,-375
13,526,1255747,-2698,-15405,-5466,101,177,-397
13,527,1255752,-2588,-15250,-5154,124,174,-446
13,528,1255757,-2887,-15372,-5172,138,149,-468
13,529,1255762,-2911,-15457,-5458,153,120,-489
13,530,1255767,-2535,-15465,-5724,165,113,-511
13,531,1255772,-2240,-15453,-5665,174,133,-536
13,532,1255777,-2216,-15392,-5343,183,159,-564
13,533,1255782,-2461,-15397,-5320,197,166,-590
13,534,1255787,-2563,-15397,-5614,213,164,-612
13,535,1255792,-2447,-15313,-5597,221,177,-638
13,536,1255797,-2222,-15364,-5494,232,196,-663
13,537,1255802,-2357,-15322,-5295,239,208,-688
13,538,1255807,-2502,-15400,-5332,250,206,-714
13,539,1255812,-2419,-15399,-5646,260,215,-740
13,540,1255817,-2046,-15433,-5675,270,264,-766
13,541,1255822,-2039,-15494,-5436,279,329,-794
13,542,1255827,-2212,-15510,-5152,285,367,-821
13,543,1255832,-2138,-15490,-5289,292,390,-847
13,544,1255837,-1574,-15486,-5348,298,422,-867
13,545,1255842,-1156,-15430,-4999,308,461,-892
13,546,1255847,-1126,-15448,-4257,317,478,-916
13,547,1255852,-1281,-15432,-3879,327,441,-939
13,548,1255857,-1266,-15436,-4042,339,363,-956
13,549,1255862,-1109,-15352,-4249,352,300,-969
13,550,1255867,-817,-15321,-4381,362,258,-988
13,551,1255872,-740,-15424,-4448,374,229,-1005
13,552,1255877,-996,-15676,-4631,384,199,-1021
13,553,1255882,-1314,-15913,-5110,388,174,-1042
13,554,1255887,-1090,-15881,-5298,389,187,-1060
13,555,1255892,-533,-15844,-5460,391,250,-1078
13,556,1255897,-398,-15868,-5096,389,349,-1101
13,557,1255902,-630,-16029,-4691,399,418,-1123
13,558,1255907,-857,-16076,-4574,402,426,-1139
13,559,1255912,-622,-16017,-4450,411,410,-1152
13,560,1255917,-152,-15974,-4438,415,401,-1164
13,561,1255922,246,-15908,-4151,423,415,-1177
13,562,1255927,366,-15897,-3965,428,420,-1190
13,563,1255932,269,-15870,-3898,438,392,-1203
13,564,1255937,250,-15791,-3866,446,336,-1212
13,565,1255942,313,-15730,-3809,454,278,-1218
13,566,1255947,414,-15646,-3749,462,232,-1223
13,567,1255952,406,-15779,-3973,467,198,-1231
13,568,1255957,425,-16023,-4111,471,178,-1233
13,569,1255962,519,-16149,-4277,474,169,-1239
13,570,1255967,767,-16142,-4342,482,172,-1245
13,571,1255972,771,-16173,-4278,482,195,-1258
13,572,1255977,590,-16296,-4358,486,225,-1263
13,573,1255982,671,-16367,-4342,489,256,-1264
13,574,1255987,955,-16304,-4328,488,286,-1269
13,575,1255992,1265,-16244,-3764,490,316,-1271
13,576,1255997,1470,-16229,-3568,492,321,-1272
13,577,1256002,1543,-16270,-3298,495,311,-1270
13,578,1256007,1606,-16335,-3190,508,276,-1265
13,579,1256012,1675,-16400,-3078,507,229,-1263
13,580,1256017,1694,-16302,-2952,508,179,-1257
13,581,1256022,1780,-16185,-2940,516,124,-1249
13,582,1256027,1957,-16079,-3336,517,78,-1244
13,583,1256032,2000,-16026,-3766,525,59,-1235
13,584,1256037,1990,-15980,-3541,532,51,-1229
13,585,1256042,1879,-15997,-3681,529,19,-1224
13,586,1256047,1501,-16121,-3823,530,0,-1220
13,587,1256052,1269,-16244,-4223,536,-3,-1212
13,588,1256057,1673,-16295,-4142,528,35,-1200
13,589,1256062,2538,-16232,-3927,527,99,-1188
13,590,1256067,2788,-16267,-2904,528,163,-1183
13,591,1256072,2121,-16507,-2372,530,144,-1185
13,592,1256077,1406,-16633,-2612,534,64,-1172
13,593,1256082,1599,-16580,-3018,535,-2,-1149
13,594,1256087,2392,-16556,-3107,531,-10,-1130
13,595,1256092,2914,-16794,-2583,534,17,-1119
13,596,1256097,2485,-16830,-2153,529,11,-1115
13,597,1256102,1964,-16739,-2293,534,-49,-1106
13,598,1256107,2013,-16695,-3476,546,-109,-1088
13,599,1256112,2687,-16204,-3695,543,-96,-1069
13,600,1256117,15881,-13032,2486,510,-51,-1104
13,601,1256140,32767,-21411,32767,-1037,2687,387
13,602,1256140,32767,-21411,32767,-1037,2687,387
13,603,1256141,32767,-21411,32767,-1037,2687,387
13,604,1256143,-2310,-18311,26296,-619,2813,-445
13,605,1256144,-2310,-18311,26296,-619,2813,-445
13,606,1256147,-31127,-8646,-29124,659,-2921,-121
13,607,1256152,-26730,-13792,-32768,35,-3325,488
13,608,1256157,11301,-12972,-22094,-451,-2622,821
13,609,1256162,32767,-16981,2440,-729,1620,769
13,610,1256167,18481,-18536,32767,-783,5179,206
13,611,1256172,-18384,-15964,23298,-456,2587,-58
13,612,1256177,-29811,-15415,-28156,174,-2465,220
13,613,1256182,-8042,-14499,-31174,-12,-3129,601
13,614,1256187,22266,-15860,-9164,-479,-1757,615
13,615,1256192,19775,-17051,10708,-640,797,399
13,616,1256197,-1631,-16702,19461,-440,1616,105
13,617,1256202,-13533,-15578,-11890,-67,-150,176
13,618,1256207,-8884,-16010,-25073,58,-816,408
13,619,1256212,4562,-15907,-14692,-208,-367,472
13,620,1256217,8987,-15689,-615,-485,403,415
13,621,1256222,4977,-16332,14220,-547,974,264
13,622,1256227,-2008,-15615,7138,-246,310,221
13,623,1256232,-3185,-16190,-13040,25,-530,316
13,624,1256237,-1673,-15791,-13161,-38,-366,350
13,625,1256242,2074,-15778,-11004,-249,-178,372
13,626,1256247,3276,-15775,234,-406,260,342
13,627,1256252,2913,-15783,6459,-359,257,287
13,628,1256257,2180,-16106,-3486,-123,-114,287
13,629,1256262,-316,-16139,-9347,-43,74,272
13,630,1256267,-1417,-16107,-10737,-119,308,276
13,631,1256272,-191,-15783,-6203,-251,437,300
13,632,1256277,2918,-15674,1012,-312,372,301
13,633,1256282,4104,-15929,2585,-228,201,291
13,634,1256287,2921,-16211,-2070,-124,116,255
13,635,1256292,-260,-16205,-6533,-64,187,241
13,636,1256297,-1299,-16111,-7609,-103,205,261
13,637,1256302,428,-15870,-4447,-175,165,292
13,638,1256307,3318,-15974,-1308,-216,86,291
13,639,1256312,4096,-15964,-750,-177,97,262
13,640,1256317,2398,-16024,-2525,-98,182,235
13,641,1256322,-43,-16007,-4969,-49,235,230
13,642,1256327,-292,-15918,-6025,-67,189,250
13,643,1256332,1409,-15800,-4496,-127,127,265
13,644,1256337,3366,-15868,-1579,-157,105,260
13,645,1256342,3435,-15890,-508,-125,106,238
13,646,1256347,1979,-15990,-1953,-58,107,221
13,647,1256352,590,-15946,-4839,-18,74,222
13,648,1256357,692,-15937,-6008,-36,51,235
13,649,1256362,1777,-15873,-4645,-89,68,236
13,650,1256367,2901,-15829,-2114,-113,106,224
13,651,1256372,2900,-15733,-1254,-80,133,212
13,652,1256377,2073,-15750,-2703,-26,145,202
13,653,1256382,1235,-15723,-4661,-1,141,201
13,654,1256387,1296,-15624,-4892,-23,116,205
13,655,1256392,1935,-15537,-3297,-61,73,206
13,656,1256397,2689,-15494,-1578,-71,25,202
13,657,1256402,2858,-15492,-1692,-38,-8,194
13,658,1256407,2331,-15506,-3110,8,-11,185
13,659,1256412,1600,-15587,-4541,25,-10,185
13,660,1256417,1489,-15533,-4644,10,-30,184
13,661,1256422,1926,-15470,-3700,-21,-57,185
13,662,1256427,2499,-15518,-2755,-24,-56,183
13,663,1256432,2566,-15550,-2621,-2,-18,170
13,664,1256437,2018,-15557,-3370,26,17,159
13,665,1256442,1455,-15567,-4304,36,16,153
13,666,1256447,1486,-15483,-4521,21,-3,156
13,667,1256452,2087,-15440,-3975,4,-18,155
13,668,1256457,2476,-15433,-3178,6,0,143
13,669,1256462,2233,-15498,-3079,25,22,135
13,670,1256467,1710,-15547,-3926,44,44,129
13,671,1256472,1405,-15548,-4712,50,61,125
13,672,1256477,1426,-15570,-4664,39,77,122
13,673,1256482,1701,-15656,-3815,25,86,119
13,674,1256487,2160,-15702,-3082,22,87,113
13,675,1256492,2077,-15733,-3551,53,81,99
13,676,1256497,1741,-15653,-3996,58,57,96
13,677,1256502,1569,-15566,-3992,52,14,98
13,678,1256507,1774,-15587,-3704,46,-25,97
13,679,1256512,1984,-15567,-3485,48,-41,97
13,680,1256517,1962,-15606,-3667,62,-38,90
13,681,1256522,1784,-15555,-4191,71,-26,83
13,682,1256527,1571,-15524,-4723,74,-19,78
13,683,1256532,1482,-15491,-4756,65,-4,75
13,684,1256537,1611,-15497,-4387,59,16,69
13,685,1256542,1627,-15502,-3986,62,42,67
13,686,1256547,1478,-15632,-3930,68,71,58
13,687,1256552,1336,-15774,-4311,75,85,55
13,688,1256557,1301,-15734,-4527,74,95,52
13,689,1256562,1377,-15673,-4337,65,102,47
13,690,1256567,1470,-15674,-4102,62,111,43
13,691,1256572,1438,-15833,-3917,66,128,38
13,692,1256577,1324,-15963,-3909,71,140,32
13,693,1256582,1288,-15946,-4087,75,142,29
13,694,1256587,1430,-15878,-4162,76,134,27
13,695,1256592,1737,-15933,-4070,74,123,24
13,696,1256597,1767,-15975,-3756,73,107,22
13,697,1256602,1587,-15958,-3494,77,76,17
13,698,1256607,1312,-15939,-3593,84,33,18
13,699,1256612,1275,-15962,-4015,90,-2,20
13,700,1256617,1407,-15931,-4315,87,-15,17
13,701,1256622,1481,-15955,-4225,86,-16,16
13,702,1256627,1414,-15964,-4106,87,-11,15
13,703,1256632,1316,-15928,-4135,89,-11,10
13,704,1256637,1232,-15907,-4388,91,2,4
13,705,1256642,1114,-15878,-4618,93,31,1
13,706,1256647,1084,-15868,-4537,92,63,-1
13,707,1256652,1141,-15879,-4344,88,78,-8
13,708,1256657,1161,-15913,-4123,88,83,-10
13,709,1256662,1153,-15987,-4014,91,81,-14
13,710,1256667,1129,-16035,-4076,97,77,-18
13,711,1256672,1062,-15999,-4097,98,81,-21
13,712,1256677,1093,-15958,-4141,102,78,-27
13,713,1256682,1187,-15990,-4143,102,72,-29
13,714,1256687,1272,-16093,-3986,104,68,-28
13,715,1256692,1213,-16138,-3918,105,66,-33
13,716,1256697,1180,-16095,-3778,106,60,-36
13,717,1256702,1174,-16103,-3770,108,47,-34
13,718,1256707,1232,-16142,-3926,111,37,-37
13,719,1256712,1306,-16198,-3911,112,34,-38
13,720,1256717,1334,-16196,-3906,113,31,-41
13,721,1256722,1298,-16188,-3763,113,30,-45
13,722,1256727,1348,-16237,-3820,113,32,-46
13,723,1256732,1372,-16189,-4011,114,43,-46
13,724,1256737,1387,-16208,-3829,117,63,-47
13,725,1256742,1337,-16203,-3765,114,67,-50
13,726,1256747,1396,-16184,-3702,114,66,-51
13,727,1256752,1397,-16129,-3785,117,61,-52
13,728,1256757,1410,-16106,-3776,120,64,-50
13,729,1256762,1340,-16090,-3746,119,71,-49
13,730,1256767,1291,-16046,-3742,119,71,-52
13,731,1256772,1356,-15939,-3707,118,74,-53
13,732,1256777,1456,-15982,-3714,122,78,-52
13,733,1256782,1470,-16046,-3702,118,85,-54
13,734,1256787,1330,-16077,-3565,116,86,-59
13,735,1256792,1207,-15980,-3548,118,79,-59
13,736,1256797,1317,-15918,-3626,118,71,-55
13,737,1256802,1463,-15948,-3570,117,80,-55
13,738,1256807,1463,-15924,-3322,117,85,-56
13,739,1256812,1386,-15901,-3253,113,71,-56
13,740,1256817,1371,-15879,-3334,117,43,-54
13,741,1256822,1477,-15859,-3532,118,20,-54
13,742,1256827,1505,-15894,-3530,116,15,-53
13,743,1256832,1461,-15972,-3549,113,11,-54
13,744,1256837,1405,-15906,-3591,114,8,-53
13,745,1256842,1390,-15863,-3744,113,9,-53
13,746,1256847,1385,-15911,-3860,113,22,-55
13,747,1256852,1389,-15909,-3881,108,46,-53
13,748,1256857,1482,-15883,-3765,104,70,-56
13,749,1256862,1569,-15808,-3481,103,90,-56
13,750,1256867,1437,-15861,-3432,106,91,-55
13,751,1256872,1324,-15883,-3361,104,78,-53
13,752,1256877,1347,-15854,-3347,100,54,-51
13,753,1256882,1473,-15868,-3298,100,34,-49
13,754,1256887,1641,-15967,-3351,102,22,-48
13,755,1256892,1608,-16003,-3394,102,11,-51
13,756,1256897,1449,-16012,-3423,103,1,-53
13,757,1256902,1360,-16014,-3507,100,-7,-49
13,758,1256907,1363,-16023,-3591,95,-7,-48
13,759,1256912,1398,-16066,-3483,95,2,-46
13,760,1256917,1493,-16048,-3314,91,6,-45
13,761,1256922,1510,-16074,-3199,88,-3,-43
13,762,1256927,1458,-16164,-3271,88,-14,-45
13,763,1256932,1423,-16152,-3495,89,-25,-46
13,764,1256937,1357,-16133,-3534,85,-27,-43
13,765,1256942,1386,-16115,-3597,84,-23,-41
13,766,1256947,1482,-16133,-3621,84,-12,-43
13,767,1256952,1550,-16111,-3546,81,-2,-41
13,768,1256957,1530,-16093,-3458,79,2,-40
13,769,1256962,1505,-16120,-3436,79,-1,-41
13,770,1256967,1499,-16047,-3435,80,-8,-39
13,771,1256972,1533,-16053,-3450,79,-19,-37
13,772,1256977,1541,-16028,-3363,72,-26,-36
13,773,1256982,1511,-16069,-3368,70,-35,-35
13,774,1256987,1467,-16068,-3263,71,-48,-35
13,775,1256992,1490,-16033,-3317,71,-63,-31
13,776,1256997,1422,-16131,-3440,70,-68,-31
13,777,1257002,1385,-16160,-3523,65,-66,-33
13,778,1257007,1359,-16158,-3531,60,-59,-33
13,779,1257012,1497,-16131,-3601,58,-52,-33
13,780,1257017,1599,-16126,-3579,58,-38,-28
13,781,1257022,1511,-16103,-3488,54,-26,-29
13,782,1257027,1307,-16043,-3434,52,-21,-30
13,783,1257032,1216,-16009,-3414,50,-24,-31
13,784,1257037,1284,-16008,-3544,47,-20,-27
13,785,1257042,1422,-16046,-3537,46,-13,-26
13,786,1257047,1604,-16013,-3394,45,-8,-28
13,787,1257052,1620,-15969,-3386,43,-9,-28
13,788,1257057,1512,-15977,-3372,42,-16,-26
13,789,1257062,1338,-15967,-3420,42,-24,-24
13,790,1257067,1311,-15972,-3376,40,-28,-24
13,791,1257072,1357,-15934,-3341,32,-37,-24
13,792,1257077,1456,-15984,-3226,33,-41,-21
13,793,1257082,1393,-16061,-3316,34,-45,-19
13,794,1257087,1352,-16078,-3515,33,-48,-19
13,795,1257092,1289,-16084,-3558,31,-46,-20
13,796,1257097,1251,-16123,-3488,24,-42,-21
13,797,1257102,1281,-16135,-3442,22,-37,-21
13,798,1257107,1345,-16082,-3432,22,-27,-21
13,799,1257112,1357,-16049,-3497,22,-16,-21
13,800,1257117,1313,-16081,-3476,21,-7,-20
13,801,1257122,1258,-16157,-3500,20,-9,-21
13,802,1257127,1231,-16176,-3476,17,-12,-18
13,803,1257132,1341,-16206,-3528,13,-10,-18
13,804,1257137,1436,-16185,-3528,11,3,-20
13,805,1257142,1443,-16192,-3500,12,20,-21
13,806,1257147,1417,-16203,-3432,8,31,-22
13,807,1257152,1346,-16139,-3364,8,29,-19
13,808,1257157,1311,-16070,-3316,6,24,-17
13,809,1257162,1372,-15998,-3192,5,18,-16
13,810,1257167,1495,-15962,-3137,4,5,-15
13,811,1257172,1521,-16005,-3170,4,-8,-13
13,812,1257177,1546,-16109,-3245,2,-28,-9
13,813,1257182,1504,-16147,-3256,2,-46,-10
13,814,1257187,1429,-16114,-3262,-1,-62,-6
13,815,1257192,1435,-16157,-3371,4,-66,-4
13,816,1257197,1361,-16175,-3453,3,-58,-5
13,817,1257202,1330,-16165,-3449,-4,-46,-5
13,818,1257207,1322,-16142,-3432,-5,-40,-4
13,819,1257212,1303,-16145,-3363,-6,-41,-2
13,820,1257217,1350,-16100,-3382,-10,-40,-2
13,821,1257222,1453,-16069,-3362,-8,-35,-4
13,822,1257227,1369,-16081,-3437,-12,-33,-3
13,823,1257232,1327,-16053,-3435,-14,-36,-2
13,824,1257237,1308,-16005,-3439,-11,-37,-3
13,825,1257242,1368,-15982,-3449,-13,-34,1
13,826,1257247,1485,-15974,-3348,-16,-36,4
13,827,1257252,1532,-16031,-3323,-15,-37,3
13,828,1257257,1426,-16021,-3395,-16,-47,2
13,829,1257262,1312,-15929,-3442,-16,-64,4
13,830,1257267,1299,-15898,-3640,-18,-68,6
13,831,1257272,1382,-15913,-3691,-19,-56,7
13,832,1257277,1453,-15919,-3518,-18,-40,7
13,833,1257282,1340,-15923,-3387,-16,-38,7
13,834,1257287,1219,-15958,-3452,-18,-48,4
13,835,1257292,1270,-15963,-3545,-18,-51,9
13,836,1257297,1353,-15968,-3561,-20,-44,9
13,837,1257302,1355,-16024,-3413,-17,-33,8
13,838,1257307,1357,-16079,-3310,-16,-33,11
13,839,1257312,1298,-16116,-3375,-19,-37,8
13,840,1257317,1334,-16109,-3398,-24,-35,8
13,841,1257322,1374,-16103,-3489,-23,-19,8
13,842,1257327,1350,-16122,-3286,-23,0,7
13,843,1257332,1332,-16117,-3225,-26,5,7
13,844,1257337,1354,-16137,-3225,-25,-4,9
13,845,1257342,1377,-16109,-3320,-25,-8,7
13,846,1257347,1470,-16111,-3392,-29,-1,8
13,847,1257352,1540,-16072,-3369,-30,7,8
13,848,1257357,1504,-16094,-3295,-29,7,8
13,849,1257362,1421,-16067,-3232,-29,1,8
13,850,1257367,1343,-16059,-3259,-28,-6,10
13,851,1257372,1346,-16009,-3352,-29,-9,12
13,852,1257377,1414,-16014,-3413,-28,-6,13
13,853,1257382,1438,-16102,-3391,-27,-3,15
13,854,1257387,1499,-16152,-3408,-32,-3,14
13,855,1257392,1491,-16102,-3324,-33,-1,15
13,856,1257397,1424,-16068,-3300,-31,5,13
13,857,1257402,1422,-16002,-3317,-34,14,13
13,858,1257407,1372,-15928,-3306,-33,26,13
13,859,1257412,1406,-15984,-3266,-34,26,13
13,860,1257417,1360,-16048,-3245,-34,14,15
13,861,1257422,1400,-16061,-3208,-36,-1,16
13,862,1257427,1447,-16048,-3209,-35,-12,17
13,863,1257432,1432,-16058,-3302,-33,-15,19
13,864,1257437,1383,-16073,-3298,-33,-11,17
13,865,1257442,1358,-16054,-3299,-34,-14,18
13,866,1257447,1352,-15976,-3392,-34,-20,18
13,867,1257452,1412,-15975,-3438,-34,-19,18
13,868,1257457,1447,-15991,-3427,-31,-12,22
13,869,1257462,1448,-16017,-3306,-31,-9,21
13,870,1257467,1416,-16031,-3230,-34,-17,18
13,871,1257472,1431,-16018,-3272,-36,-29,18
13,872,1257477,1464,-16002,-3258,-34,-36,21
13,873,1257482,1437,-16010,-3282,-30,-39,20
13,874,1257487,1386,-15968,-3336,-32,-38,19
13,875,1257492,1336,-15967,-3420,-32,-40,22
13,876,1257497,1327,-16045,-3510,-33,-45,23
13,877,1257502,1337,-16112,-3563,-35,-39,21
13,878,1257507,1405,-16089,-3561,-35,-23,19
13,879,1257512,1447,-16049,-3460,-32,-9,15
13,880,1257517,1394,-15974,-3361,-32,6,16
13,881,1257522,1319,-15886,-3264,-35,6,15
13,882,1257527,1210,-15829,-3141,-31,-15,15
13,883,1257532,1276,-15790,-3159,-29,-46,16
13,884,1257537,1386,-15759,-3192,-29,-71,19
13,885,1257542,1476,-15802,-3291,-31,-82,21
13,886,1257547,1515,-15792,-3465,-30,-91,18
13,887,1257552,1466,-15753,-3598,-25,-98,19
13,888,1257557,1423,-15708,-3689,-24,-96,20
13,889,1257562,1347,-15732,-3732,-27,-82,18
13,890,1257567,1248,-15853,-3610,-26,-64,17
13,891,1257572,1271,-15916,-3516,-23,-57,16
13,892,1257577,1303,-15907,-3591,-21,-53,12
13,893,1257582,1327,-15845,-3702,-17,-50,11
13,894,1257587,1276,-15870,-3719,-18,-41,9
13,895,1257592,1189,-15847,-3720,-18,-36,6
13,896,1257597,1162,-15875,-3664,-16,-28,4
13,897,1257602,1214,-15824,-3705,-12,-15,2
13,898,1257607,1208,-15840,-3704,-11,-2,2
13,899,1257612,1247,-15841,-3658,-5,9,-1
13,900,1257617,1224,-15863,-3475,-7,11,-1
13,901,1257622,1240,-15877,-3417,-6,7,-3
13,902,1257627,1232,-15860,-3349,-7,0,-6
13,903,1257632,1257,-15915,-3403,-3,-5,-5
13,904,1257637,1341,-15949,-3420,0,-7,-5
13,905,1257642,1360,-16079,-3452,2,-6,-6
13,906,1257647,1351,-16166,-3482,3,-2,-8
13,907,1257652,1397,-16143,-3431,3,4,-10
13,908,1257657,1428,-16094,-3405,4,9,-10
13,909,1257662,1408,-16172,-3422,7,25,-10
13,910,1257667,1395,-16263,-3355,9,35,-12
13,911,1257672,1350,-16270,-3274,9,33,-8
13,912,1257677,1430,-16302,-3232,11,25,-7
13,913,1257682,1478,-16344,-3306,11,23,-8
13,914,1257687,1492,-16290,-3266,9,26,-9
13,915,1257692,1437,-16191,-3237,12,27,-10
13,916,1257697,1467,-16182,-3279,14,25,-10
13,917,1257702,1452,-16256,-3378,13,23,-8
13,918,1257707,1454,-16330,-3366,12,22,-10
13,919,1257712,1410,-16341,-3337,14,17,-12
13,920,1257717,1406,-16347,-3362,14,14,-8
13,921,1257722,1428,-16381,-3371,15,17,-7
13,922,1257727,1396,-16433,-3346,16,24,-6
13,923,1257732,1361,-16472,-3287,18,24,-8
13,924,1257737,1348,-16495,-3336,16,17,-9
13,925,1257742,1422,-16559,-3387,18,14,-7
13,926,1257747,1409,-16569,-3365,20,12,-8
13,927,1257752,1374,-16560,-3252,18,12,-10
13,928,1257757,1365,-16582,-3334,19,9,-9
13,929,1257762,1451,-16576,-3410,19,7,-9
13,930,1257767,1523,-16577,-3412,20,9,-10
13,931,1257772,1485,-16546,-3346,22,10,-9
13,932,1257777,1403,-16492,-3340,22,2,-9
13,933,1257782,1438,-16392,-3462,24,-11,-8
13,934,1257787,1478,-16315,-3522,25,-15,-5
13,935,1257792,1490,-16185,-3557,28,-18,-6
13,936,1257797,1504,-16115,-3513,25,-21,-1
13,937,1257802,1496,-16088,-3501,26,-32,-2
13,938,1257807,1523,-16058,-3635,28,-41,-3
13,939,1257812,1469,-16055,-3621,32,-47,-2
13,940,1257817,1448,-16054,-3676,32,-41,1
13,941,1257822,1391,-16037,-3651,31,-39,-1
13,942,1257827,1291,-16158,-3680,32,-33,-3
13,943,1257832,1144,-16302,-3662,31,-28,-4
13,944,1257837,1034,-16332,-3742,32,-27,-4
13,945,1257842,1113,-16320,-3781,33,-17,-6
13,946,1257847,1168,-16240,-3780,31,2,-8
13,947,1257852,1232,-16132,-3716,30,24,-11
13,948,1257857,1225,-16103,-3572,28,38,-12
13,949,1257862,1231,-15950,-3339,28,42,-15
13,950,1257867,1213,-15961,-3217,29,32,-15
13,951,1257872,1149,-15923,-3126,29,16,-14
13,952,1257877,1154,-15865,-3107,28,-4,-16
13,953,1257882,1199,-15833,-3214,31,-23,-17
13,954,1257887,1264,-15828,-3311,30,-26,-15
13,955,1257892,1307,-15807,-3283,28,-24,-16
13,956,1257897,1251,-15819,-3194,23,-17,-19
13,957,1257902,1118,-15814,-3114,21,-11,-21
13,958,1257907,1061,-15798,-3128,20,-11,-20
13,959,1257912,1134,-15781,-3092,20,-5,-19
13,960,1257917,1170,-15868,-2981,18,-4,-21
13,961,1257922,1072,-15965,-2919,16,-11,-25
13,962,1257927,929,-15977,-2963,13,-27,-25
13,963,1257932,995,-15917,-3200,13,-40,-28
13,964,1257937,1108,-15869,-3473,15,-36,-28
13,965,1257942,1194,-15840,-3610,13,-16,-32
13,966,1257947,1182,-15822,-3640,13,1,-33
13,967,1257952,1098,-15807,-3567,12,14,-34
13,968,1257957,1072,-15759,-3543,6,17,-33
13,969,1257962,1103,-15749,-3504,7,26,-32
13,970,1257967,1304,-15716,-3176,5,62,-36
13,971,1257972,1337,-15649,-3037,9,50,-32
13,972,1257977,1362,-15698,-3050,10,33,-32
13,973,1257982,1346,-15751,-3001,7,10,-30
13,974,1257987,1268,-15817,-3055,12,-17,-25
13,975,1257992,1232,-15854,-3073,13,-34,-25
13,976,1257997,1322,-15892,-3288,12,-47,-22
13,977,1258002,1390,-15928,-3483,16,-48,-22
13,978,1258007,1352,-15983,-3605,17,-40,-23
13,979,1258012,1304,-16040,-3505,16,-31,-20
13,980,1258017,1245,-16053,-3395,22,-30,-18
13,981,1258022,1203,-16040,-3402,20,-28,-15
13,982,1258027,1307,-16029,-3336,25,-24,-13
13,983,1258032,1332,-16036,-3242,29,-27,-12
13,984,1258037,1258,-16182,-3148,29,-36,-11
13,985,1258042,1193,-16189,-3169,32,-59,-10
13,986,1258047,1219,-16167,-3359,33,-73,-10
13,987,1258052,1346,-16159,-3483,35,-63,-6
13,988,1258057,1407,-16142,-3443,34,-43,-5
13,989,1258062,1406,-16139,-3329,38,-29,-6
13,990,1258067,1246,-16170,-3305,42,-31,-3
13,991,1258072,1221,-16229,-3322,41,-43,-1
13,992,1258077,1250,-16238,-3306,43,-52,2
13,993,1258082,1294,-16279,-3287,46,-46,5
13,994,1258087,1334,-16283,-3260,47,-43,5
13,995,1258092,1375,-16265,-3314,46,-37,5
13,996,1258097,1363,-16203,-3295,48,-31,6
13,997,1258102,1389,-16200,-3279,52,-34,11
13,998,1258107,1407,-16180,-3154,53,-38,12
13,999,1258112,1442,-16154,-3135,55,-45,13
14,0,1275037,486,-16666,56,14,-262,-15
14,1,1275042,418,-16623,152,12,-259,-20
14,2,1275047,294,-16722,-116,17,-258,-21
14,3,1275052,394,-16794,-432,21,-248,-21
14,4,1275057,376,-16796,-300,14,-227,-31
14,5,1275062,534,-16850,-212,12,-217,-37
14,6,1275067,639,-16872,-15,9,-213,-39
14,7,1275072,640,-16831,195,14,-212,-40
14,8,1275077,450,-16741,405,15,-215,-43
14,9,1275082,423,-16621,515,12,-225,-48
14,10,1275087,484,-16586,572,11,-237,-48
14,11,1275092,746,-16249,706,6,-248,-50
14,12,1275097,925,-16030,991,3,-262,-50
14,13,1275102,1172,-16154,793,7,-305,-47
14,14,1275107,767,-16344,754,9,-353,-48
14,15,1275112,1981,-15674,713,4,-418,-43
14,16,1275117,481,-16032,838,8,-473,-39
14,17,1275122,687,-16284,-292,17,-569,-48
14,18,1275127,-580,-16598,420,13,-598,-46
14,19,1275132,313,-16843,-826,12,-646,-40
14,20,1275137,1052,-16670,-709,12,-580,-44
14,21,1275142,1016,-16557,-660,17,-530,-57
14,22,1275147,898,-16278,-666,13,-514,-65
14,23,1275152,675,-16186,-801,10,-514,-61
14,24,1275157,702,-16362,-1276,8,-499,-63
14,25,1275162,610,-16479,-1002,4,-419,-72
14,26,1275167,460,-16536,-885,0,-342,-77
14,27,1275172,110,-16190,-477,-1,-275,-82
14,28,1275177,513,-15211,-100,-6,-224,-97
14,29,1275182,1152,-15595,-1410,-5,-160,-97
14,30,1275187,1445,-16160,-1740,-6,-72,-91
14,31,1275192,1368,-16671,-489,-17,-6,-104
14,32,1275197,872,-17131,-229,-25,-35,-105
14,33,1275202,652,-17317,-384,-23,-45,-108
14,34,1275207,625,-17167,-563,-22,13,-112
14,35,1275212,508,-15759,-1119,-22,92,-114
14,36,1275217,1464,-14381,-1178,-23,174,-119
14,37,1275222,503,-15010,-889,-27,206,-118
14,38,1275227,1321,-15517,-526,-43,182,-122
14,39,1275232,1401,-15822,-83,-39,191,-117
14,40,1275237,1544,-16556,-375,-24,202,-114
14,41,1275242,1177,-16952,166,-30,245,-124
14,42,1275247,304,-16724,553,-35,223,-129
14,43,1275252,405,-16810,-58,-36,159,-129
14,44,1275257,365,-16986,-807,-32,141,-120
14,45,1275262,911,-17398,-1387,-23,144,-120
14,46,1275267,962,-17476,-1202,-23,141,-126
14,47,1275272,931,-17349,-823,-27,83,-126
14,48,1275277,1072,-16588,-1531,-21,14,-123
14,49,1275282,1276,-16802,-1904,1,20,-117
14,50,1275287,1001,-16749,-1432,-11,91,-126
14,51,1275292,418,-16334,766,-35,151,-143
14,52,1275297,1307,-16658,-1211,-8,232,-125
14,53,1275302,1192,-16691,-1086,-18,357,-140
14,54,1275307,527,-16462,-450,-34,398,-152
14,55,1275312,130,-16229,-21,-44,363,-150
14,56,1275317,608,-16184,-395,-44,348,-144
14,57,1275322,1228,-16246,-772,-45,416,-149
14,58,1275327,1227,-16305,-95,-45,510,-156
14,59,1275332,1061,-16373,632,-53,515,-156
14,60,1275337,1157,-16439,272,-54,436,-153
14,61,1275342,1330,-16517,-171,-54,385,-149
14,62,1275347,1233,-16554,-154,-56,384,-149
14,63,1275352,954,-16529,240,-57,383,-151
14,64,1275357,927,-16598,302,-57,340,-146
14,65,1275362,1174,-16584,-93,-57,286,-142
14,66,1275367,1340,-16453,-294,-56,255,-143
14,67,1275372,1090,-16345,-447,-50,232,-144
14,68,1275377,919,-16353,-818,-41,196,-140
14,69,1275382,1034,-16459,-1083,-41,156,-134
14,70,1275387,1201,-16123,-905,-44,135,-128
14,71,1275392,1842,-16050,-634,-47,135,-131
14,72,1275397,2042,-16569,-762,-41,154,-121
14,73,1275402,1977,-16918,-528,-41,182,-117
14,74,1275407,1386,-17065,-233,-36,183,-122
14,75,1275412,880,-16908,-498,-36,151,-119
14,76,1275417,820,-16597,-668,-39,149,-116
14,77,1275422,1059,-16367,-595,-40,174,-110
14,78,1275427,1221,-16271,-224,-42,202,-111
14,79,1275432,1296,-16321,113,-40,194,-109
14,80,1275437,1252,-16457,-92,-38,144,-108
14,81,1275442,1182,-16553,-412,-34,96,-105
14,82,1275447,1115,-16544,-493,-32,69,-102
14,83,1275452,1077,-16532,-380,-32,58,-98
14,84,1275457,1109,-16523,-200,-31,50,-92
14,85,1275462,1190,-16503,-196,-27,34,-91
14,86,1275467,1176,-16558,-351,-26,15,-89
14,87,1275472,1117,-16578,-503,-21,-2,-84
14,88,1275477,999,-16639,-580,-19,-10,-84
14,89,1275482,966,-16682,-545,-24,-15,-83
14,90,1275487,951,-16683,-475,-22,-18,-80
14,91,1275492,937,-16685,-416,-21,-19,-77
14,92,1275497,940,-16729,-344,-18,-14,-77
14,93,1275502,931,-16723,-292,-20,-10,-78
14,94,1275507,921,-16726,-335,-19,-7,-76
14,95,1275512,928,-16687,-344,-20,-6,-75
14,96,1275517,974,-16632,-345,-20,-1,-69
14,97,1275522,1001,-16561,-267,-21,8,-71
14,98,1275527,1004,-16517,-219,-21,18,-73
14,99,1275532,1020,-16521,-276,-22,24,-70
14,100,1275537,1056,-16466,-246,-21,28,-67
14,101,1275542,1165,-16425,-276,-23,33,-63
14,102,1275547,1187,-16389,-219,-22,36,-63
14,103,1275552,1181,-16364,-188,-23,37,-59
14,104,1275557,1186,-16296,-217,-24,35,-57
14,105,1275562,1261,-16286,-244,-22,34,-54
14,106,1275567,1268,-16273,-248,-19,30,-51
14,107,1275572,1281,-16206,-260,-20,26,-46
14,108,1275577,1259,-16220,-257,-20,25,-43
14,109,1275582,1235,-16220,-425,-18,16,-40
14,110,1275587,1212,-16261,-358,-17,13,-36
14,111,1275592,1218,-16307,-368,-19,9,-33
14,112,1275597,1181,-16367,-363,-19,7,-31
14,113,1275602,1162,-16439,-335,-18,9,-27
14,114,1275607,1209,-16489,-370,-18,10,-24
14,115,1275612,1189,-16498,-329,-16,14,-19
14,116,1275617,1160,-16469,-311,-20,23,-19
14,117,1275622,1107,-16480,-254,-20,25,-17
14,118,1275627,1167,-16496,-299,-22,31,-15
14,119,1275632,1229,-16492,-313,-23,41,-13
14,120,1275637,1247,-16461,-268,-23,53,-12
14,121,1275642,1286,-16448,-224,-25,54,-10
14,122,1275647,1300,-16452,-248,-29,54,-6
14,123,1275652,1239,-16457,-274,-27,55,-3
14,124,1275657,1185,-16472,-283,-26,51,-1
14,125,1275662,1307,-16470,-385,-26,48,3
14,126,1275667,1271,-16459,-410,-23,40,5
14,127,1275672,1278,-16490,-403,-23,29,9
14,128,1275677,1270,-16457,-349,-25,15,9
14,129,1275682,1302,-16450,-355,-21,1,14
14,130,1275687,1283,-16425,-428,-21,-3,14
14,131,1275692,1300,-16407,-476,-19,-5,18
14,132,1275697,1257,-16378,-459,-19,-5,20
14,133,1275702,1241,-16379,-451,-17,-8,20
14,134,1275707,1239,-16427,-446,-20,-5,21
14,135,1275712,1213,-16457,-443,-18,-5,26
14,136,1275717,1233,-16450,-347,-21,2,23
14,137,1275722,1199,-16495,-250,-20,2,25
14,138,1275727,1239,-16521,-192,-20,-3,27
14,139,1275732,1265,-16526,-202,-19,-10,29
14,140,1275737,1288,-16549,-297,-20,-17,31
14,141,1275742,1266,-16597,-244,-19,-25,32
14,142,1275747,1220,-16603,-247,-22,-35,29
14,143,1275752,1175,-16533,-295,-21,-43,31
14,144,1275757,1200,-16501,-349,-19,-43,34
14,145,1275762,1291,-16488,-431,-20,-38,36
14,146,1275767,1366,-16428,-442,-20,-37,35
14,147,1275772,1454,-16389,-441,-21,-34,37
14,148,1275777,1509,-16346,-480,-24,-32,36
14,149,1275782,1508,-16356,-482,-24,-35,35
14,150,1275787,1415,-16367,-504,-19,-37,39
14,151,1275792,1369,-16384,-482,-19,-38,42
14,152,1275797,1354,-16320,-489,-23,-36,38
14,153,1275802,1387,-16296,-504,-20,-31,41
14,154,1275807,1392,-16306,-491,-17,-27,43
14,155,1275812,1406,-16293,-426,-16,-30,42
14,156,1275817,1392,-16291,-432,-20,-33,44
14,157,1275822,1452,-16242,-459,-19,-32,43
14,158,1275827,1470,-16273,-506,-18,-22,44
14,159,1275832,1379,-16349,-571,-19,-11,43
14,160,1275837,1291,-16353,-569,-23,0,45
14,161,1275842,1283,-16393,-552,-24,1,44
14,162,1275847,1325,-16409,-542,-21,7,46
14,163,1275852,1361,-16466,-501,-21,18,44
14,164,1275857,1352,-16487,-396,-20,23,44
14,165,1275862,1266,-16544,-323,-19,17,44
14,166,1275867,1245,-16557,-417,-20,8,43
14,167,1275872,1229,-16528,-432,-18,5,41
14,168,1275877,1297,-16514,-492,-20,9,43
14,169,1275882,1305,-16524,-410,-20,12,43
14,170,1275887,1321,-16508,-338,-21,6,42
14,171,1275892,1354,-16461,-444,-19,-5,39
14,172,1275897,1391,-16427,-498,-16,-13,41
14,173,1275902,1392,-16452,-501,-17,-11,41
14,174,1275907,1418,-16419,-424,-18,-9,42
14,175,1275912,1387,-16394,-440,-19,-17,44
14,176,1275917,1386,-16407,-488,-17,-30,41
14,177,1275922,1357,-16409,-603,-17,-33,41
14,178,1275927,1276,-16395,-656,-16,-33,44
14,179,1275932,1258,-16377,-566,-16,-31,41
14,180,1275937,1306,-16357,-501,-17,-26,41
14,181,1275942,1345,-16385,-507,-15,-26,38
14,182,1275947,1331,-16388,-510,-16,-25,38
14,183,1275952,1283,-16406,-542,-14,-26,38
14,184,1275957,1239,-16474,-582,-13,-29,39
14,185,1275962,1184,-16461,-549,-14,-32,35
14,186,1275967,1195,-16479,-494,-14,-30,35
14,187,1275972,1231,-16477,-545,-15,-18,33
14,188,1275977,1272,-16515,-561,-14,-7,32
14,189,1275982,1298,-16532,-586,-12,-1,31
14,190,1275987,1228,-16479,-541,-14,0,30
14,191,1275992,1294,-16462,-536,-14,-2,29
14,192,1275997,1265,-16481,-457,-15,2,31
14,193,1276002,1277,-16439,-412,-15,5,30
14,194,1276007,1292,-16400,-450,-16,13,27
14,195,1276012,1284,-16383,-410,-16,14,23
14,196,1276017,1288,-16412,-419,-15,9,24
14,197,1276022,1327,-16399,-451,-15,-3,25
14,198,1276027,1299,-16357,-412,-12,-17,27
14,199,1276032,1249,-16392,-534,-11,-38,25
14,200,1276037,1257,-16403,-520,-9,-43,25
14,201,1276042,1240,-16437,-524,-9,-47,24
14,202,1276047,1191,-16465,-423,-10,-46,19
14,203,1276052,1137,-16459,-456,-8,-52,21
14,204,1276057,1205,-16467,-510,-9,-50,21
14,205,1276062,1254,-16455,-552,-8,-47,18
14,206,1276067,1228,-16460,-589,-9,-44,15
14,207,1276072,1220,-16497,-576,-6,-45,17
14,208,1276077,1240,-16530,-559,-8,-47,17
14,209,1276082,1188,-16530,-518,-7,-45,15
14,210,1276087,1097,-16513,-447,-9,-40,12
14,211,1276092,1096,-16493,-486,-10,-33,11
14,212,1276097,1169,-16482,-540,-8,-24,11
14,213,1276102,1225,-16438,-602,-7,-15,11
14,214,1276107,1245,-16447,-622,-6,-12,8
14,215,1276112,1273,-16439,-656,-6,-9,7
14,216,1276117,1282,-16438,-608,-7,-8,6
14,217,1276122,1287,-16382,-587,-7,-7,2
14,218,1276127,1255,-16334,-521,-8,-2,3
14,219,1276132,1242,-16287,-457,-7,2,6
14,220,1276137,1259,-16254,-439,-5,6,4
14,221,1276142,1296,-16210,-525,-4,7,6
14,222,1276147,1339,-16206,-489,-2,8,5
14,223,1276152,1376,-16284,-412,-5,6,3
14,224,1276157,1317,-16416,-350,-6,-3,2
14,225,1276162,1161,-16506,-387,-3,-21,1
14,226,1276167,1019,-16498,-360,-7,-32,2
14,227,1276172,979,-16433,-378,-5,-45,2
14,228,1276177,1059,-16405,-456,-3,-48,4
14,229,1276182,1205,-16462,-528,-2,-44,0
14,230,1276187,1209,-16427,-533,-1,-38,-2
14,231,1276192,1212,-16452,-573,2,-42,0
14,232,1276197,1217,-16489,-606,2,-44,-2
14,233,1276202,1232,-16599,-604,0,-41,-4
14,234,1276207,1145,-16665,-596,-1,-30,-4
14,235,1276212,1097,-16674,-566,1,-18,-7
14,236,1276217,1066,-16649,-655,1,-4,-9
14,237,1276222,1097,-16594,-664,1,7,-10
14,238,1276227,1113,-16517,-631,0,18,-11
14,239,1276232,1150,-16442,-587,-3,21,-15
14,240,1276237,1219,-16353,-533,0,21,-15
14,241,1276242,1289,-16307,-516,1,22,-15
14,242,1276247,1341,-16258,-554,2,23,-13
14,243,1276252,1349,-16272,-508,3,19,-15
14,244,1276257,1273,-16319,-468,1,9,-17
14,245,1276262,1197,-16347,-403,1,1,-17
14,246,1276267,1144,-16356,-376,2,-8,-17
14,247,1276272,1121,-16418,-436,3,-14,-16
14,248,1276277,1193,-16448,-524,5,-15,-17
14,249,1276282,1143,-16390,-585,5,-13,-16
14,250,1276287,1169,-16346,-611,4,-15,-16
14,251,1276292,1253,-16289,-645,4,-19,-16
14,252,1276297,1267,-16240,-664,6,-19,-20
14,253,1276302,1248,-16175,-673,8,-17,-18
14,254,1276307,1233,-16212,-637,6,-6,-18
14,255,1276312,1201,-16274,-544,7,2,-17
14,256,1276317,1186,-16340,-498,9,4,-17
14,257,1276322,1170,-16478,-464,8,6,-19
14,258,1276327,1152,-16590,-416,7,8,-19
14,259,1276332,1118,-16633,-420,6,9,-19
14,260,1276337,1092,-16643,-481,7,8,-20
14,261,1276342,1098,-16615,-580,7,9,-19
14,262,1276347,1094,-16591,-575,6,12,-21
14,263,1276352,1103,-16543,-540,6,15,-24
14,264,1276357,1179,-16529,-492,5,14,-23
14,265,1276362,1217,-16472,-518,5,17,-21
14,266,1276367,1199,-16420,-552,7,23,-23
14,267,1276372,1218,-16444,-426,11,21,-23
14,268,1276377,1158,-16484,-303,7,12,-22
14,269,1276382,1175,-16535,-278,7,-1,-24
14,270,1276387,1167,-16550,-335,7,-11,-26
14,271,1276392,1147,-16556,-409,7,-20,-22
14,272,1276397,1119,-16515,-444,9,-33,-23
14,273,1276402,1132,-16388,-538,11,-47,-22
14,274,1276407,1191,-16327,-617,11,-40,-23
14,275,1276412,1253,-16330,-665,11,-27,-22
14,276,1276417,1290,-16315,-733,11,-15,-20
14,277,1276422,1260,-16282,-758,10,-6,-19
14,278,1276427,1213,-16271,-733,9,4,-21
14,279,1276432,1231,-16278,-636,10,15,-23
14,280,1276437,1189,-16304,-572,12,28,-21
14,281,1276442,1163,-16322,-459,10,34,-19
14,282,1276447,1171,-16314,-379,10,33,-22
14,283,1276452,1214,-16408,-355,9,24,-20
14,284,1276457,1206,-16380,-426,10,10,-17
14,285,1276462,1195,-16410,-430,13,-5,-18
14,286,1276467,1127,-16448,-372,11,-23,-14
14,287,1276472,1123,-16451,-428,9,-29,-12
14,288,1276477,1151,-16503,-463,14,-28,-16
14,289,1276482,1163,-16545,-520,14,-22,-15
14,290,1276487,1155,-16526,-538,14,-11,-13
14,291,1276492,1119,-16507,-537,13,-8,-13
14,292,1276497,1102,-16542,-588,12,-8,-16
14,293,1276502,1145,-16561,-545,9,-6,-18
14,294,1276507,1170,-16539,-440,11,-1,-12
14,295,1276512,1164,-16533,-355,13,0,-14
14,296,1276517,1159,-16529,-408,12,-5,-16
14,297,1276522,1185,-16486,-520,11,-14,-13
14,298,1276527,1212,-16441,-631,12,-22,-13
14,299,1276532,1320,-16359,-648,13,-26,-12
14,300,1276537,1352,-16357,-637,11,-26,-11
14,301,1276542,1328,-16356,-723,15,-21,-9
14,302,1276547,1230,-16363,-703,12,-16,-8
14,303,1276552,1195,-16330,-702,14,-3,-9
14,304,1276557,1194,-16326,-643,12,13,-9
14,305,1276562,1243,-16360,-591,8,27,-7
14,306,1276567,1298,-16394,-550,8,41,-9
14,307,1276572,1285,-16387,-490,8,46,-9
14,308,1276577,1199,-16381,-409,8,40,-7
14,309,1276582,1136,-16408,-378,8,28,-8
14,310,1276587,1115,-16419,-341,7,21,-5
14,311,1276592,1195,-16423,-310,9,21,-3
14,312,1276597,1256,-16431,-287,7,19,-6
14,313,1276602,1273,-16431,-306,7,10,-7
14,314,1276607,1230,-16431,-371,7,-7,-5
14,315,1276612,1157,-16477,-436,6,-22,-1
14,316,1276617,1169,-16491,-500,6,-24,2
14,317,1276622,1114,-16480,-539,4,-26,1
14,318,1276627,1165,-16459,-475,4,-24,1
14,319,1276632,1165,-16436,-484,5,-22,2
14,320,1276637,1172,-16446,-522,6,-15,2
14,321,1276642,1214,-16466,-512,6,-9,-1
14,322,1276647,1199,-16484,-511,6,-13,3
14,323,1276652,1204,-16451,-522,3,-19,3
14,324,1276657,1204,-16459,-505,2,-28,3
14,325,1276662,1199,-16480,-566,2,-33,5
14,326,1276667,1144,-16426,-585,4,-30,2
14,327,1276672,1115,-16376,-578,2,-22,3
14,328,1276677,1178,-16363,-532,0,-17,3
14,329,1276682,1204,-16349,-480,0,-13,5
14,330,1276687,1271,-16337,-449,-1,-10,5
14,331,1276692,1232,-16364,-514,0,-10,2
14,332,1276697,1230,-16399,-513,2,-13,4
14,333,1276702,1178,-16386,-519,-1,-16,5
14,334,1276707,1175,-16424,-503,-2,-20,7
14,335,1276712,1210,-16429,-481,1,-17,9
14,336,1276717,1195,-16451,-497,-1,-12,7
14,337,1276722,1173,-16458,-501,-1,-9,7
14,338,1276727,1181,-16420,-518,-3,-10,7
14,339,1276732,1201,-16408,-548,-4,-12,7
14,340,1276737,1197,-16395,-555,-2,-13,10
14,341,1276742,1238,-16376,-529,-2,-9,9
14,342,1276747,1210,-16408,-514,-4,-5,8
14,343,1276752,1190,-16433,-531,0,-6,9
14,344,1276757,1181,-16437,-504,-2,-8,9
14,345,1276762,1187,-16399,-506,-4,-13,9
14,346,1276767,1134,-16434,-525,-3,-16,8
14,347,1276772,1174,-16418,-540,1,-26,10
14,348,1276777,1118,-16426,-550,2,-25,9
14,349,1276782,1133,-16453,-579,0,-17,7
14,350,1276787,1219,-16438,-558,-4,-6,6
14,351,1276792,1183,-16444,-536,-4,5,5
14,352,1276797,1189,-16425,-653,-2,12,8
14,353,1276802,1183,-16390,-710,-5,20,6
14,354,1276807,1166,-16410,-660,-6,26,6
14,355,1276812,1174,-16403,-573,-4,30,5
14,356,1276817,1157,-16436,-492,-4,38,7
14,357,1276822,1192,-16480,-493,-5,45,6
14,358,1276827,1223,-16441,-507,-4,47,5
14,359,1276832,1188,-16473,-427,-3,46,5
14,360,1276837,1212,-16375,-285,-6,36,5
14,361,1276842,1205,-16382,-263,-6,27,8
14,362,1276847,1273,-16381,-341,-4,18,9
14,363,1276852,1298,-16408,-347,-5,12,9
14,364,1276857,1285,-16406,-398,-4,4,8
14,365,1276862,1247,-16400,-470,-4,-5,12
14,366,1276867,1279,-16409,-529,-6,-15,11
14,367,1276872,1285,-16424,-592,-4,-22,12
14,368,1276877,1210,-16426,-617,-4,-23,9
14,369,1276882,1210,-16438,-613,-3,-25,7
14,370,1276887,1229,-16400,-693,-2,-20,9
14,371,1276892,1246,-16480,-711,-1,-9,10
14,372,1276897,1256,-16515,-632,0,4,11
14,373,1276902,1237,-16533,-575,0,5,8
14,374,1276907,1179,-16553,-570,1,-1,10
14,375,1276912,1145,-16558,-540,2,-9,10
14,376,1276917,1150,-16526,-498,1,-12,9
14,377,1276922,1123,-16523,-432,1,-12,8
14,378,1276927,1103,-16543,-381,-1,-15,8
14,379,1276932,1123,-16510,-402,2,-23,8
14,380,1276937,1197,-16478,-480,0,-28,7
14,381,1276942,1251,-16465,-549,-1,-29,6
14,382,1276947,1264,-16467,-525,1,-30,8
14,383,1276952,1239,-16466,-476,-1,-32,6
14,384,1276957,1205,-16455,-469,0,-30,8
14,385,1276962,1206,-16466,-496,0,-25,7
14,386,1276967,1244,-16426,-508,0,-18,5
14,387,1276972,1220,-16432,-501,-1,-14,6
14,388,1276977,1213,-16382,-518,-2,-12,5
14,389,1276982,1229,-16357,-532,-1,-18,6
14,390,1276987,1230,-16335,-548,1,-21,6
14,391,1276992,1231,-16318,-557,2,-20,7
14,392,1276997,1246,-16300,-570,0,-15,6
14,393,1277002,1155,-16365,-590,1,-11,3
14,394,1277007,1109,-16361,-567,3,-17,8
14,395,1277012,1139,-16335,-519,1,-22,6
14,396,1277017,1116,-16361,-581,-1,-23,4
14,397,1277022,1109,-16402,-554,0,-21,7
14,398,1277027,1109,-16415,-461,1,-17,5
14,399,1277032,1122,-16448,-514,3,-16,2
14,400,1277037,1058,-16469,-550,0,-12,2
14,401,1277042,1048,-16500,-533,1,-8,2
14,402,1277047,1065,-16528,-474,-1,-2,2
14,403,1277052,1125,-16503,-456,-2,7,0
14,404,1277057,1105,-16518,-356,-2,9,1
14,405,1277062,1131,-16465,-352,-2,14,1
14,406,1277067,1185,-16397,-321,-5,14,1
14,407,1277072,1195,-16333,-319,-7,16,-1
14,408,1277077,1129,-16300,-352,-5,14,1
14,409,1277082,1061,-16305,-369,-6,11,0
14,410,1277087,1071,-16320,-437,-9,4,3
14,411,1277092,1167,-16292,-510,-9,2,6
14,412,1277097,1203,-16291,-511,-15,10,5
14,413,1277102,1187,-16310,-536,-14,17,6
14,414,1277107,1180,-16353,-547,-11,19,5
14,415,1277112,1102,-16376,-605,-11,22,6
14,416,1277117,1082,-16389,-697,-15,28,6
14,417,1277122,1006,-16380,-670,-14,34,5
14,418,1277127,975,-16349,-566,-14,38,8
14,419,1277132,967,-16345,-574,-15,32,10
14,420,1277137,978,-16388,-362,-18,10,15
14,421,1277142,1019,-16362,-363,-17,-1,20
14,422,1277147,1064,-16355,-331,-17,-11,22
14,423,1277152,1172,-16355,-328,-22,-20,26
14,424,1277157,1262,-16337,-325,-26,-27,29
14,425,1277162,1322,-16346,-262,-28,-36,35
14,426,1277167,1245,-16347,-207,-32,-44,42
14,427,1277172,1101,-16316,-174,-39,-55,43
14,428,1277177,948,-16325,-182,-40,-70,48
14,429,1277182,785,-16362,-212,-42,-79,55
14,430,1277187,743,-16380,-364,-45,-94,61
14,431,1277192,680,-16468,-440,-46,-110,66
14,432,1277197,786,-16453,-285,-53,-128,71
14,433,1277202,751,-16482,-177,-58,-152,73
14,434,1277207,749,-16544,-352,-58,-176,82
14,435,1277212,701,-16642,-399,-62,-184,90
14,436,1277217,670,-16679,-427,-66,-192,98
14,437,1277222,690,-16657,-484,-72,-199,103
14,438,1277227,687,-16729,-550,-81,-205,111
14,439,1277232,702,-16686,-632,-85,-212,120
14,440,1277237,610,-16641,-607,-89,-218,127
14,441,1277242,381,-16606,-744,-94,-223,136
14,442,1277247,343,-16594,-892,-100,-220,143
14,443,1277252,285,-16594,-1008,-109,-203,152
14,444,1277257,358,-16664,-1115,-118,-178,158
14,445,1277262,374,-16507,-719,-125,-158,166
14,446,1277267,303,-16186,-319,-134,-162,172
14,447,1277272,182,-16082,-645,-139,-197,182
14,448,1277277,277,-16245,-1072,-137,-215,196
14,449,1277282,261,-16246,-1073,-144,-225,203
14,450,1277287,327,-16272,-904,-149,-257,214
14,451,1277292,180,-16173,-633,-157,-291,224
14,452,1277297,200,-16075,-860,-161,-332,236
14,453,1277302,158,-16007,-1364,-159,-350,249
14,454,1277307,51,-15982,-1692,-160,-344,258
14,455,1277312,-66,-15985,-1662,-171,-339,268
14,456,1277317,14,-15964,-1578,-177,-347,280
14,457,1277322,260,-16066,-1639,-183,-337,291
14,458,1277327,367,-16196,-1597,-188,-306,297
14,459,1277332,203,-16292,-1609,-192,-274,306
14,460,1277337,-67,-16433,-1653,-198,-256,316
14,461,1277342,-199,-16526,-1647,-210,-239,326
14,462,1277347,-123,-16487,-1683,-219,-204,335
14,463,1277352,-126,-16472,-1472,-224,-151,344
14,464,1277357,-207,-16429,-1247,-231,-102,352
14,465,1277362,-260,-16372,-1251,-238,-77,360
14,466,1277367,-297,-16366,-1442,-243,-74,367
14,467,1277372,-225,-16254,-1346,-253,-68,374
14,468,1277377,-96,-16314,-1492,-261,-69,384
14,469,1277382,19,-16396,-1427,-267,-73,397
14,470,1277387,-61,-16399,-1226,-268,-83,407
14,471,1277392,-171,-16460,-1426,-268,-112,413
14,472,1277397,-465,-16551,-1666,-269,-152,423
14,473,1277402,-410,-16791,-1899,-272,-185,434
14,474,1277407,-530,-16867,-1866,-276,-199,442
14,475,1277412,-471,-16898,-1764,-279,-209,448
14,476,1277417,-479,-16883,-1965,-274,-216,455
14,477,1277422,-444,-16896,-2324,-268,-219,462
14,478,1277427,-462,-16853,-2398,-269,-222,470
14,479,1277432,-408,-16856,-2395,-273,-227,480
14,480,1277437,-367,-16883,-1959,-277,-229,484
14,481,1277442,-517,-16917,-1751,-277,-230,487
14,482,1277447,-674,-16922,-1847,-274,-226,491
14,483,1277452,-844,-16849,-1922,-273,-209,494
14,484,1277457,-849,-16807,-2013,-276,-195,501
14,485,1277462,-672,-16763,-1936,-283,-180,504
14,486,1277467,-424,-16649,-1693,-289,-162,506
14,487,1277472,-365,-16585,-1397,-286,-156,509
14,488,1277477,-447,-16566,-1380,-286,-157,508
14,489,1277482,-660,-16500,-1597,-282,-162,513
14,490,1277487,-642,-16466,-2045,-283,-166,523
14,491,1277492,-557,-16520,-2078,-289,-152,526
14,492,1277497,-471,-16496,-1868,-296,-140,526
14,493,1277502,-594,-16484,-1395,-296,-152,525
14,494,1277507,-866,-16481,-1484,-286,-228,531
14,495,1277512,-920,-16432,-1665,-283,-247,530
14,496,1277517,-953,-16372,-1667,-285,-253,533
14,497,1277522,-1057,-16244,-1401,-289,-267,536
14,498,1277527,-1116,-16228,-1159,-289,-288,536
14,499,1277532,-918,-16543,-1465,-285,-306,538
14,500,1277537,-695,-16453,-1854,-282,-301,538
14,501,1277542,-823,-16301,-1966,-281,-285,530
14,502,1277547,-1206,-16408,-2430,-275,-291,527
14,503,1277552,-1380,-16363,-2455,-282,-291,524
14,504,1277557,-1325,-16270,-2210,-284,-274,523
14,505,1277562,-1078,-16297,-2065,-277,-234,522
14,506,1277567,-1042,-16273,-1835,-273,-177,515
14,507,1277572,-1195,-16354,-1738,-274,-142,505
14,508,1277577,-1322,-16716,-2020,-274,-136,500
14,509,1277582,-1205,-16551,-2343,-279,-137,496
14,510,1277587,-1219,-16403,-2148,-277,-128,490
14,511,1277592,-1409,-16425,-2155,-265,-130,480
14,512,1277597,-1600,-16340,-1916,-260,-137,471
14,513,1277602,-1713,-16166,-1948,-254,-157,466
14,514,1277607,-1605,-16216,-2188,-248,-172,464
14,515,1277612,-1435,-16306,-2202,-249,-163,452
14,516,1277617,-1221,-16385,-2445,-245,-157,440
14,517,1277622,-1275,-16443,-2493,-239,-149,429
14,518,1277627,-1286,-16396,-2558,-236,-153,419
14,519,1277632,-1460,-16341,-2623,-232,-151,411
14,520,1277637,-1531,-16295,-2772,-225,-139,400
14,521,1277642,-1541,-16186,-2598,-219,-111,387
14,522,1277647,-1461,-16369,-2354,-215,-77,375
14,523,1277652,-1432,-16662,-2099,-216,-44,366
14,524,1277657,-1189,-16492,-2158,-214,-17,348
14,525,1277662,-1388,-16460,-2115,-204,7,330
14,526,1277667,-1668,-16520,-2373,-200,3,309
14,527,1277672,-1948,-16389,-2066,-194,-2,297
14,528,1277677,-1859,-16302,-1978,-193,-18,286
14,529,1277682,-1534,-16338,-2046,-190,-20,270
14,530,1277687,-1268,-16270,-1986,-182,-4,252
14,531,1277692,-1381,-16185,-1972,-176,2,231
14,532,1277697,-1342,-15989,-2180,-171,-14,213
14,533,1277702,-1222,-15663,-2114,-167,-35,202
14,534,1277707,-815,-15881,-2104,-158,-47,187
14,535,1277712,-700,-15872,-2018,-153,-47,173
14,536,1277717,-426,-15639,-1932,-147,-50,157
14,537,1277722,-881,-15831,-2317,-132,-74,137
14,538,1277727,-1261,-16023,-2580,-125,-116,116
14,539,1277732,-1492,-15923,-2326,-124,-152,98
14,540,1277737,-1411,-16060,-2115,-115,-182,82
14,541,1277742,-996,-16119,-1898,-106,-178,65
14,542,1277747,-994,-16083,-1664,-95,-178,43
14,543,1277752,-1229,-16043,-1878,-82,-214,20
14,544,1277757,-1241,-16015,-2241,-78,-253,0
14,545,1277762,-954,-15974,-2567,-70,-270,-16
14,546,1277767,-714,-15960,-2644,-69,-246,-37
14,547,1277772,-678,-15798,-2362,-65,-204,-62
14,548,1277777,-659,-15778,-1861,-59,-161,-90
14,549,1277782,-930,-16218,-2306,-50,-134,-110
14,550,1277787,-554,-15976,-2975,-45,-101,-129
14,551,1277792,-660,-15867,-2676,-38,-40,-156
14,552,1277797,-623,-15992,-3010,-31,-23,-179
14,553,1277802,-720,-15905,-2457,-30,1,-207
14,554,1277807,-594,-15839,-2422,-23,0,-228
14,555,1277812,-421,-15832,-2448,-16,22,-248
14,556,1277817,-268,-15807,-2417,-6,69,-272
14,557,1277822,-320,-15741,-2375,-1,107,-293
14,558,1277827,-361,-15709,-2382,5,121,-314
14,559,1277832,-175,-15628,-2434,12,131,-337
14,560,1277837,-26,-15605,-2346,14,143,-354
14,561,1277842,5,-15615,-2235,18,162,-377
14,562,1277847,-98,-15522,-2058,24,178,-402
14,563,1277852,-239,-15880,-2025,32,183,-422
14,564,1277857,-561,-16091,-2381,39,180,-443
14,565,1277862,-403,-15913,-2337,46,190,-467
14,566,1277867,-597,-15882,-2185,55,194,-483
14,567,1277872,-331,-15950,-2287,65,189,-505
14,568,1277877,-426,-16079,-2077,76,184,-551
14,569,1277882,-283,-16046,-2234,82,178,-571
14,570,1277887,-157,-15986,-2191,88,183,-593
14,571,1277892,-127,-15927,-2080,94,187,-613
14,572,1277897,-275,-15991,-1886,101,174,-636
14,573,1277902,-381,-16020,-1794,110,150,-655
14,574,1277907,-248,-16014,-2010,121,122,-673
14,575,1277912,0,-16008,-2148,127,109,-696
14,576,1277917,116,-15984,-1913,131,99,-716
14,577,1277922,127,-15855,-1250,131,69,-739
14,578,1277927,-73,-15925,-1332,135,13,-758
14,579,1277932,316,-15736,-1799,148,-45,-766
14,580,1277937,427,-15620,-1853,159,-80,-785
14,581,1277942,426,-15845,-2027,165,-134,-805
14,582,1277947,138,-15919,-1463,170,-202,-827
14,583,1277952,35,-16233,-1817,172,-283,-844
14,584,1277957,348,-16221,-2524,181,-311,-858
14,585,1277962,517,-16238,-2583,187,-275,-878
14,586,1277967,523,-16436,-2577,186,-244,-901
14,587,1277972,321,-16510,-2462,185,-231,-921
14,588,1277977,471,-16603,-2688,188,-233,-939
14,589,1277982,733,-17057,-2931,188,-193,-957
14,590,1277987,656,-17355,-2910,191,-113,-976
14,591,1277992,734,-17337,-2602,190,-26,-998
14,592,1277997,347,-17367,-2426,190,29,-1020
14,593,1278002,332,-17494,-2513,195,56,-1038
14,594,1278007,212,-17561,-2236,192,89,-1055
14,595,1278012,462,-17682,-2038,187,110,-1072
14,596,1278017,593,-17593,-1624,183,148,-1092
14,597,1278022,658,-17535,-1094,190,169,-1105
14,598,1278027,558,-17329,-1122,196,158,-1122
14,599,1278032,628,-17107,-1351,198,134,-1133
14,600,1278037,837,-16931,-1919,203,107,-1138
14,601,1278042,1024,-16643,-1900,206,102,-1143
14,602,1278047,1360,-16914,-2264,204,87,-1151
14,603,1278052,1186,-17514,-2498,211,83,-1158
14,604,1278057,1341,-17311,-2271,208,106,-1171
14,605,1278062,1088,-16806,-1712,209,145,-1176
14,606,1278067,1134,-16657,-2202,223,173,-1175
14,607,1278072,1119,-17063,-2756,225,215,-1181
14,608,1278077,1352,-17073,-2778,220,245,-1182
14,609,1278082,1874,-16637,-2309,219,286,-1185
14,610,1278087,2145,-16329,-1844,220,316,-1189
14,611,1278092,1506,-16372,-1553,225,333,-1193
14,612,1278097,910,-16701,-2157,237,328,-1183
14,613,1278102,1737,-16790,-2667,242,359,-1173
14,614,1278107,1898,-16189,-1790,233,431,-1172
14,615,1278112,-954,-20138,-14281,259,522,-1159
14,616,1278117,6975,-22992,-32768,617,2290,-1443
14,617,1278122,-32768,-5472,-29342,-240,5649,-1463
14,618,1278145,2369,-18858,15440,500,1502,-81
14,619,1278146,2369,-18858,15440,500,1502,-81
14,620,1278148,2369,-18858,15440,500,1502,-81
14,621,1278149,-11384,-17939,-372,590,-3341,227
14,622,1278150,-11384,-17939,-372,590,-3341,227
14,623,1278152,-11384,-17939,-372,590,-3341,227
14,624,1278157,-4239,-15021,-2677,320,-4573,430
14,625,1278162,4228,-13875,-7751,-144,-4351,477
14,626,1278167,6762,-14891,1956,-277,-3350,370
14,627,1278172,-534,-15820,12002,-199,-3162,381
14,628,1278177,-2861,-15476,4724,106,-4239,463
14,629,1278182,-322,-15201,-5213,311,-4998,542
14,630,1278187,2928,-16022,-14739,244,-5039,552
14,631,1278192,4921,-16915,-18161,47,-4186,514
14,632,1278197,5081,-16352,-13457,-40,-2760,444
14,633,1278202,3639,-16126,-10352,-38,-1583,392
14,634,1278207,2685,-16344,-13984,-22,-595,332
14,635,1278212,3446,-16274,-12490,-26,432,282
14,636,1278217,2177,-16326,-9311,-85,1079,253
14,637,1278222,98,-16137,-1784,-132,1404,253
14,638,1278227,927,-15718,4027,-180,1345,249
14,639,1278232,1835,-16126,6355,-122,1046,271
14,640,1278237,2597,-16567,5625,-82,571,279
14,641,1278242,2171,-16645,2093,-39,17,293
14,642,1278247,1802,-16548,-1296,-50,-711,329
14,643,1278252,2793,-16653,-2344,-62,-791,337
14,644,1278257,3579,-16907,-3576,-64,-625,321
14,645,1278262,3192,-16859,-4833,-57,-335,297
14,646,1278267,2216,-16797,-4789,-55,-55,278
14,647,1278272,1616,-16801,-4559,-62,64,275
14,648,1278277,1924,-16714,-3733,-84,91,271
14,649,1278282,2261,-16764,-1759,-100,107,264
14,650,1278287,2126,-16770,-482,-93,95,254
14,651,1278292,1670,-16758,-328,-71,55,245
14,652,1278297,1265,-16798,-1053,-47,-16,244
14,653,1278302,1313,-16807,-1974,-47,-96,250
14,654,1278307,1754,-16819,-2331,-66,-148,250
14,655,1278312,2147,-16760,-1859,-79,-157,242
14,656,1278317,2197,-16767,-1768,-74,-150,232
14,657,1278322,1899,-16756,-2323,-59,-115,224
14,658,1278327,1411,-16802,-3095,-49,-48,213
14,659,1278332,1221,-16804,-3400,-53,41,202
14,660,1278337,1332,-16658,-2893,-70,118,195
14,661,1278342,1613,-16458,-2200,-79,160,187
14,662,1278347,1837,-16337,-1539,-80,189,180
14,663,1278352,1947,-16303,-1366,-70,197,175
14,664,1278357,1891,-16217,-1528,-64,183,172
14,665,1278362,1686,-16143,-1622,-64,158,167
14,666,1278367,1675,-16061,-1723,-63,120,168
14,667,1278372,1825,-15974,-1721,-71,95,165
14,668,1278377,1976,-16017,-1740,-72,85,161
14,669,1278382,1977,-15998,-1815,-64,92,159
14,670,1278387,1824,-15995,-1945,-61,100,158
14,671,1278392,1734,-16026,-2213,-60,98,153
14,672,1278397,1780,-16052,-2204,-62,99,152
14,673,1278402,1872,-16035,-1996,-66,104,154
14,674,1278407,1820,-15996,-1658,-65,106,152
14,675,1278412,1676,-16044,-1548,-57,92,146
14,676,1278417,1408,-16261,-1666,-51,60,144
14,677,1278422,1091,-16463,-1788,-48,24,141
14,678,1278427,827,-16533,-1823,-48,-4,134
14,679,1278432,745,-16629,-1883,-48,-12,132
14,680,1278437,852,-16781,-1949,-46,11,128
14,681,1278442,855,-16893,-1950,-46,48,120
14,682,1278447,780,-16979,-2019,-47,82,113
14,683,1278452,839,-16907,-2249,-48,116,106
14,684,1278457,1060,-16839,-2326,-52,163,101
14,685,1278462,1189,-16708,-2236,-54,220,94
14,686,1278467,1212,-16578,-1897,-55,274,87
14,687,1278472,1234,-16401,-1663,-55,298,82
14,688,1278477,1228,-16331,-1696,-54,294,82
14,689,1278482,1330,-16217,-1676,-53,286,83
14,690,1278487,1463,-16111,-1555,-52,262,84
14,691,1278492,1429,-15927,-1386,-51,223,85
14,692,1278497,1330,-16043,-1462,-46,164,92
14,693,1278502,1627,-15897,-1718,-38,108,96
14,694,1278507,1909,-15771,-1921,-32,77,99
14,695,1278512,1901,-15646,-2124,-28,54,103
14,696,1278517,1783,-15441,-2162,-22,24,108
14,697,1278522,1635,-15369,-2254,-17,-2,114
14,698,1278527,1734,-15560,-2542,-11,-16,116
14,699,1278532,1524,-15856,-2417,-6,0,121
14,700,1278537,1097,-16072,-2155,-7,18,119
14,701,1278542,424,-16208,-2132,-7,18,113
14,702,1278547,-25,-16521,-2177,-2,19,112
14,703,1278552,-93,-16622,-2512,-4,48,111
14,704,1278557,309,-16700,-2340,-3,110,108
14,705,1278562,704,-16663,-2019,-9,170,101
14,706,1278567,893,-16676,-1721,-11,198,95
14,707,1278572,837,-16644,-1650,-15,199,96
14,708,1278577,794,-16603,-1744,-13,200,97
14,709,1278582,707,-16662,-1694,-14,211,95
14,710,1278587,796,-16742,-1621,-14,232,98
14,711,1278592,855,-16399,-881,-18,242,98
14,712,1278597,877,-16186,-941,-20,218,96
14,713,1278602,1010,-16253,-1587,-16,190,99
14,714,1278607,1211,-16221,-1772,-16,174,102
14,715,1278612,1278,-16039,-1624,-17,121,113
14,716,1278617,1248,-15979,-1705,-14,93,114
14,717,1278622,1074,-16027,-2051,-8,78,117
14,718,1278627,923,-16037,-2293,-1,82,123
14,719,1278632,847,-16089,-2261,-4,91,123
14,720,1278637,853,-16177,-2202,-4,86,125
14,721,1278642,868,-16222,-2171,-1,82,124
14,722,1278647,884,-16274,-2137,1,93,122
14,723,1278652,752,-16301,-2212,5,109,126
14,724,1278657,574,-16369,-2305,8,125,128
14,725,1278662,537,-16460,-2302,8,141,126
14,726,1278667,511,-16576,-2278,2,164,123
14,727,1278672,598,-16573,-2075,1,194,121
14,728,1278677,676,-16524,-1848,3,227,122
14,729,1278682,725,-16498,-1723,4,248,119
14,730,1278687,653,-16452,-1675,6,247,117
14,731,1278692,592,-16449,-1632,5,227,116
14,732,1278697,649,-16458,-1537,3,201,118
14,733,1278702,816,-16427,-1425,6,178,121
14,734,1278707,994,-16406,-1427,3,158,125
14,735,1278712,994,-16397,-1507,8,144,124
14,736,1278717,1015,-16393,-1666,13,119,129
14,737,1278722,991,-16338,-1901,15,95,128
14,738,1278727,1006,-16368,-2127,15,86,131
14,739,1278732,1042,-16348,-2297,14,97,131
14,740,1278737,1030,-16278,-2347,16,118,130
14,741,1278742,980,-16267,-2578,21,138,130
14,742,1278747,854,-16356,-2769,25,161,131
14,743,1278752,668,-16384,-2792,24,186,125
14,744,1278757,598,-16347,-2631,24,209,123
14,745,1278762,720,-16293,-2449,23,232,125
14,746,1278767,863,-16235,-2209,27,263,126
14,747,1278772,907,-16204,-2223,34,286,124
14,748,1278777,909,-16151,-2347,36,291,124
14,749,1278782,835,-16170,-2401,37,282,121
14,750,1278787,931,-16178,-2399,38,263,123
14,751,1278792,932,-16145,-2337,41,249,124
14,752,1278797,923,-16213,-2256,48,246,125
14,753,1278802,818,-16279,-2344,57,254,128
14,754,1278807,791,-16329,-2428,60,267,127
14,755,1278812,835,-16358,-2569,62,285,121
14,756,1278817,872,-16407,-2393,62,302,120
14,757,1278822,815,-16433,-2027,60,313,121
14,758,1278827,669,-16485,-1743,62,309,118
14,759,1278832,683,-16502,-1796,66,296,120
14,760,1278837,700,-16396,-1634,73,284,118
14,761,1278842,749,-15958,-833,69,258,116
14,762,1278847,1019,-16099,-357,63,194,119
14,763,1278852,324,-16505,-107,76,107,126
14,764,1278857,732,-16137,-586,85,1,120
14,765,1278862,122,-16384,-632,92,-89,130
14,766,1278867,937,-16759,-2189,109,-182,141
14,767,1278872,1108,-16757,-1469,96,-204,133
14,768,1278877,659,-16631,-1036,98,-275,128
14,769,1278882,437,-16656,-1304,103,-350,130
14,770,1278887,416,-16289,-1486,105,-378,128
14,771,1278892,339,-16606,-1993,115,-368,132
14,772,1278897,1097,-16649,-2854,123,-350,132
14,773,1278902,960,-16587,-1040,98,-329,131
14,774,1278907,337,-17185,-829,103,-428,130
14,775,1278912,584,-17748,-2512,138,-504,121
14,776,1278917,353,-17595,-2915,140,-482,117
14,777,1278922,-457,-17178,-2088,125,-445,116
14,778,1278927,-289,-16882,-1286,110,-442,113
14,779,1278932,88,-15671,-782,113,-426,109
14,780,1278937,1753,-14253,-1993,130,-388,105
14,781,1278942,1128,-14329,-1707,136,-325,107
14,782,1278947,-30,-13889,-119,99,-359,102
14,783,1278952,261,-14267,-207,90,-479,100
14,784,1278957,-160,-14765,-1997,102,-507,101
14,785,1278962,1795,-14244,-3023,102,-320,85
14,786,1278967,528,-15572,-1067,78,-75,84
14,787,1278972,-790,-16058,1110,31,-32,87
14,788,1278977,-269,-16499,-329,38,-77,76
14,789,1278982,207,-17106,-4446,42,281,57
14,790,1278987,-416,-16881,-2800,3,513,45
14,791,1278992,-114,-17078,-1563,-16,588,32
14,792,1278997,619,-17205,-2329,-5,632,29
14,793,1279002,924,-17230,-3154,0,746,25
14,794,1279007,348,-17164,-2666,-7,870,19
14,795,1279012,-73,-16916,-1616,-18,892,16
14,796,1279017,495,-15486,-1561,-24,809,19
14,797,1279022,987,-15523,-1725,-25,757,21
14,798,1279027,1109,-15914,-1178,-24,716,24
14,799,1279032,562,-15924,-980,-6,634,28
14,800,1279037,792,-16148,-827,3,502,34
14,801,1279042,465,-16102,-1617,9,338,46
14,802,1279047,601,-16295,-1538,8,216,49
14,803,1279052,437,-16365,-1394,13,115,52
14,804,1279057,334,-16499,-1357,28,9,62
14,805,1279062,509,-16641,-1737,33,-95,65
14,806,1279067,408,-16703,-1774,36,-167,68
14,807,1279072,394,-16714,-1814,35,-228,71
14,808,1279077,278,-16696,-1861,36,-251,71
14,809,1279082,307,-16685,-2086,40,-243,70
14,810,1279087,203,-16760,-2306,41,-212,69
14,811,1279092,-160,-16681,-2009,32,-166,64
14,812,1279097,-172,-16600,-1685,23,-134,61
14,813,1279102,-95,-16551,-1809,11,-91,57
14,814,1279107,-47,-16427,-1551,2,-11,50
14,815,1279112,-120,-16298,-1401,-8,68,41
14,816,1279117,-227,-16172,-1347,-18,123,36
14,817,1279122,-71,-16032,-1615,-27,162,33
14,818,1279127,96,-15906,-1861,-36,212,28
14,819,1279132,244,-15935,-1882,-44,278,23
14,820,1279137,238,-15968,-1876,-53,335,20
14,821,1279142,225,-16071,-1935,-59,369,16
14,822,1279147,195,-16253,-1931,-67,385,14
14,823,1279152,182,-16430,-1822,-70,387,13
14,824,1279157,237,-16616,-1719,-73,385,10
14,825,1279162,237,-16801,-1765,-68,375,11
14,826,1279167,242,-16900,-1672,-68,348,8
14,827,1279172,123,-16913,-1555,-74,303,8
14,828,1279177,54,-16945,-1524,-77,248,12
14,829,1279182,66,-16972,-1703,-68,199,11
14,830,1279187,73,-16949,-1812,-65,165,9
14,831,1279192,126,-16836,-1715,-69,142,9
14,832,1279197,196,-16641,-1700,-71,112,8
14,833,1279202,266,-16510,-1771,-71,87,7
14,834,1279207,287,-16377,-1860,-70,76,9
14,835,1279212,267,-16207,-1970,-73,79,7
14,836,1279217,321,-16060,-1934,-72,92,4
14,837,1279222,410,-15982,-1963,-79,105,4
14,838,1279227,440,-15928,-1900,-80,109,5
14,839,1279232,490,-15925,-1867,-81,119,5
14,840,1279237,490,-15959,-1849,-83,121,3
14,841,1279242,407,-16030,-1854,-85,119,4
14,842,1279247,458,-16182,-2016,-80,103,4
14,843,1279252,511,-16309,-2039,-82,83,3
14,844,1279257,534,-16400,-1870,-83,60,7
14,845,1279262,476,-16464,-1748,-81,35,6
14,846,1279267,420,-16550,-1815,-79,10,7
14,847,1279272,337,-16606,-1919,-77,-7,11
14,848,1279277,362,-16628,-1975,-73,-14,11
14,849,1279282,352,-16611,-1952,-76,-19,9
14,850,1279287,258,-16567,-1959,-79,-24,5
14,851,1279292,157,-16532,-2090,-79,-22,4
14,852,1279297,194,-16476,-2190,-75,-14,6
14,853,1279302,190,-16361,-1996,-80,-2,1
14,854,1279307,180,-16278,-1814,-81,5,0
14,855,1279312,109,-16136,-1809,-78,3,-1
14,856,1279317,100,-16103,-1902,-80,1,-4
14,857,1279322,133,-16049,-1959,-81,7,-6
14,858,1279327,181,-16015,-1828,-81,19,-9
14,859,1279332,198,-16007,-1801,-80,18,-10
14,860,1279337,200,-16017,-1846,-83,20,-13
14,861,1279342,208,-16032,-1923,-81,27,-16
14,862,1279347,182,-16037,-1820,-83,40,-16
14,863,1279352,206,-16156,-1832,-85,57,-19
14,864,1279357,236,-16294,-2049,-83,71,-19
14,865,1279362,212,-16380,-2156,-84,89,-21
14,866,1279367,266,-16432,-2197,-87,105,-26
14,867,1279372,328,-16494,-2313,-88,117,-28
14,868,1279377,377,-16491,-2415,-85,128,-27
14,869,1279382,466,-16491,-2371,-81,140,-31
14,870,1279387,579,-16503,-2346,-81,144,-33
14,871,1279392,707,-16449,-2305,-77,142,-34
14,872,1279397,757,-16435,-2275,-73,133,-32
14,873,1279402,720,-16363,-2237,-67,114,-31
14,874,1279407,719,-16341,-2160,-63,88,-30
14,875,1279412,698,-16330,-2118,-57,57,-26
14,876,1279417,642,-16355,-2032,-50,24,-24
14,877,1279422,490,-16358,-1732,-47,-7,-23
14,878,1279427,229,-16354,-1341,-46,-42,-23
14,879,1279432,-4,-16397,-1168,-43,-84,-21
14,880,1279437,-214,-16434,-1101,-42,-115,-22
14,881,1279442,-299,-16485,-1146,-42,-121,-30
14,882,1279447,-283,-16474,-1269,-46,-116,-31
14,883,1279452,-145,-16433,-1411,-45,-103,-34
14,884,1279457,40,-16412,-1655,-48,-80,-39
14,885,1279462,201,-16325,-1779,-57,-52,-45
14,886,1279467,335,-16189,-1953,-60,-13,-49
14,887,1279472,468,-16065,-2202,-61,31,-50
14,888,1279477,581,-15987,-2342,-62,83,-50
14,889,1279482,699,-15900,-2409,-65,135,-54
14,890,1279487,706,-15903,-2409,-66,173,-55
14,891,1279492,775,-15959,-2309,-67,207,-56
14,892,1279497,790,-16005,-2231,-67,234,-57
14,893,1279502,793,-16045,-2115,-62,246,-54
14,894,1279507,676,-16130,-1942,-59,244,-53
14,895,1279512,584,-16259,-1849,-60,229,-51
14,896,1279517,452,-16415,-1773,-54,199,-52
14,897,1279522,225,-16540,-1710,-50,163,-53
14,898,1279527,111,-16706,-1688,-45,126,-49
14,899,1279532,115,-16768,-1555,-42,97,-48
14,900,1279537,93,-16833,-1422,-41,67,-53
14,901,1279542,36,-16862,-1385,-35,32,-52
14,902,1279547,21,-16825,-1668,-32,-1,-49
14,903,1279552,141,-16742,-1935,-27,-24,-47
14,904,1279557,375,-16669,-2153,-27,-30,-51
14,905,1279562,420,-16534,-2251,-27,-31,-51
14,906,1279567,404,-16406,-2405,-20,-34,-54
14,907,1279572,501,-16204,-2606,-15,-29,-54
14,908,1279577,495,-16068,-2683,-14,-11,-53
14,909,1279582,508,-15943,-2529,-12,8,-54
14,910,1279587,540,-15887,-2274,-11,22,-52
14,911,1279592,453,-15826,-1999,-9,30,-53
14,912,1279597,292,-15821,-1810,-6,30,-53
14,913,1279602,224,-15865,-1746,-4,27,-54
14,914,1279607,115,-16003,-1701,-4,21,-54
14,915,1279612,90,-16138,-1731,-3,14,-55
14,916,1279617,124,-16278,-1751,-3,8,-57
14,917,1279622,109,-16408,-1717,1,-7,-54
14,918,1279627,176,-16515,-1842,1,-19,-55
14,919,1279632,266,-16553,-1952,4,-32,-56
14,920,1279637,375,-16557,-2097,10,-42,-53
14,921,1279642,455,-16552,-2288,13,-43,-56
14,922,1279647,625,-16556,-2496,14,-35,-54
14,923,1279652,766,-16475,-2580,16,-22,-51
14,924,1279657,782,-16450,-2557,18,-1,-52
14,925,1279662,697,-16381,-2439,20,25,-51
14,926,1279667,598,-16311,-2269,21,44,-48
14,927,1279672,539,-16276,-2093,24,66,-48
14,928,1279677,499,-16207,-1928,23,87,-50
14,929,1279682,395,-16244,-1763,24,102,-48
14,930,1279687,190,-16240,-1684,24,104,-47
14,931,1279692,216,-16209,-1711,25,99,-47
14,932,1279697,214,-16142,-1778,24,93,-49
14,933,1279702,288,-16135,-1780,27,82,-45
14,934,1279707,330,-16105,-1636,27,59,-46
14,935,1279712,325,-15997,-1485,27,26,-45
14,936,1279717,327,-16016,-1506,33,-8,-43
14,937,1279722,535,-16065,-1670,38,-68,-37
14,938,1279727,616,-16149,-1749,38,-81,-37
14,939,1279732,690,-16213,-1904,41,-85,-34
14,940,1279737,792,-16245,-2217,40,-83,-33
14,941,1279742,831,-16328,-2415,44,-66,-29
14,942,1279747,916,-16330,-2571,46,-40,-26
14,943,1279752,784,-16437,-2531,44,-8,-27
14,944,1279757,749,-16503,-2597,44,26,-26
14,945,1279762,536,-16495,-2493,49,60,-26
14,946,1279767,434,-16518,-2590,48,90,-24
14,947,1279772,244,-16513,-2400,50,127,-28
14,948,1279777,77,-16506,-2236,53,142,-27
14,949,1279782,88,-16588,-2236,56,144,-27
14,950,1279787,167,-16631,-2181,59,142,-24
14,951,1279792,205,-16603,-2005,61,123,-24
14,952,1279797,145,-16516,-1813,63,86,-25
14,953,1279802,212,-16333,-1760,70,32,-24
14,954,1279807,471,-16475,-1891,75,-23,-20
14,955,1279812,613,-16553,-1717,77,-64,-13
14,956,1279817,527,-16127,-1458,75,-106,-14
14,957,1279822,537,-16056,-1802,84,-151,-16
14,958,1279827,568,-16123,-2303,91,-173,-7
14,959,1279832,578,-16067,-2112,86,-164,-3
14,960,1279837,708,-16116,-1873,86,-157,-5
14,961,1279842,674,-16145,-1864,90,-150,-6
14,962,1279847,527,-16155,-2056,90,-125,-1
14,963,1279852,379,-16181,-2176,90,-89,-3
14,964,1279857,313,-16219,-1874,84,-59,-6
14,965,1279862,336,-16255,-1579,78,-42,-4
14,966,1279867,426,-16246,-1586,77,-26,-1
14,967,1279872,419,-16229,-1642,76,-4,-1
14,968,1279877,388,-16232,-1584,76,11,-2
14,969,1279882,348,-16210,-1735,75,13,-1
14,970,1279887,451,-16291,-2004,73,13,2
14,971,1279892,657,-16382,-2208,73,31,0
14,972,1279897,696,-16466,-2231,73,42,-1
14,973,1279902,660,-16487,-2218,77,45,4
14,974,1279907,699,-16530,-2219,79,34,5
14,975,1279912,713,-16531,-2181,76,23,10
14,976,1279917,694,-16486,-1950,81,13,11
14,977,1279922,533,-16446,-1667,81,-3,13
14,978,1279927,443,-16471,-1483,84,-26,17
14,979,1279932,384,-16420,-1489,86,-52,19
14,980,1279937,332,-16402,-1511,87,-72,19
14,981,1279942,276,-16441,-1498,89,-87,22
14,982,1279947,238,-16410,-1590,87,-101,24
14,983,1279952,246,-16375,-1818,86,-109,25
14,984,1279957,300,-16348,-2057,89,-105,23
14,985,1279962,351,-16303,-2248,88,-90,21
14,986,1279967,448,-16237,-2341,89,-66,20
14,987,1279972,500,-16168,-2293,87,-45,22
14,988,1279977,497,-16146,-2240,87,-29,20
14,989,1279982,508,-16152,-2219,89,-16,19
14,990,1279987,546,-16231,-2055,89,-2,22
14,991,1279992,588,-16215,-1865,89,6,20
14,992,1279997,538,-16310,-1718,88,1,23
14,993,1280002,410,-16398,-1643,88,-6,22
14,994,1280007,315,-16397,-1667,90,-14,22
14,995,1280012,310,-16471,-1717,90,-18,25
14,996,1280017,351,-16550,-1776,93,-16,25
14,997,1280022,355,-16569,-1812,88,-15,25
14,998,1280027,359,-16561,-1911,88,-18,25
14,999,1280032,275,-16542,-1948,90,-19,25
15,0,1311372,611,-16559,-459,3,22,-18
15,1,1311377,603,-16501,-477,3,17,-17
15,2,1311382,600,-16499,-488,4,9,-14
15,3,1311387,646,-16441,-462,6,0,-13
15,4,1311392,645,-16431,-509,4,-7,-13
15,5,1311397,585,-16431,-459,5,-10,-13
15,6,1311402,578,-16398,-495,3,-18,-11
15,7,1311407,559,-16396,-582,5,-29,-11
15,8,1311412,571,-16414,-562,5,-33,-12
15,9,1311417,584,-16386,-553,4,-28,-12
15,10,1311422,643,-16410,-542,5,-25,-13
15,11,1311427,643,-16396,-570,4,-22,-10
15,12,1311432,566,-16469,-590,2,-16,-9
15,13,1311437,556,-16482,-617,1,-17,-12
15,14,1311442,569,-16474,-597,0,-10,-13
15,15,1311447,566,-16483,-531,0,-1,-12
15,16,1311452,544,-16530,-543,0,8,-11
15,17,1311457,539,-16536,-598,0,19,-12
15,18,1311462,507,-16522,-516,0,27,-13
15,19,1311467,531,-16510,-535,-3,30,-10
15,20,1311472,557,-16531,-494,0,25,-8
15,21,1311477,627,-16509,-372,-4,16,-10
15,22,1311482,617,-16491,-353,-3,4,-13
15,23,1311487,556,-16445,-462,-1,-7,-12
15,24,1311492,571,-16425,-582,-1,-21,-8
15,25,1311497,565,-16355,-604,1,-26,-6
15,26,1311502,606,-16330,-646,-2,-31,-5
15,27,1311507,728,-16313,-708,-3,-26,-5
15,28,1311512,782,-16257,-687,-1,-20,-4
15,29,1311517,750,-16236,-783,-3,-15,-4
15,30,1311522,741,-16189,-872,-2,-12,1
15,31,1311527,666,-16222,-981,0,-4,0
15,32,1311532,670,-16288,-1120,1,3,-1
15,33,1311537,575,-16353,-1127,6,10,2
15,34,1311542,533,-16422,-1061,6,13,2
15,35,1311547,437,-16446,-968,6,3,2
15,36,1311552,364,-16505,-835,9,-7,0
15,37,1311557,304,-16597,-727,13,-22,1
15,38,1311562,254,-16546,-487,12,-32,2
15,39,1311567,326,-16566,-309,15,-51,2
15,40,1311572,351,-16543,-259,14,-75,4
15,41,1311577,372,-16553,-141,13,-100,6
15,42,1311582,394,-16558,-145,14,-121,8
15,43,1311587,447,-16500,-242,15,-139,7
15,44,1311592,451,-16335,-352,15,-151,6
15,45,1311597,717,-16056,-209,12,-153,9
15,46,1311602,494,-15610,-248,9,-154,10
15,47,1311607,1142,-16555,-583,17,-162,10
15,48,1311612,647,-17258,-935,15,-152,17
15,49,1311617,698,-17333,-578,13,-155,15
15,50,1311622,511,-17080,-685,12,-165,13
15,51,1311627,438,-16993,-1091,16,-157,18
15,52,1311632,617,-16813,-880,10,-131,18
15,53,1311637,565,-16625,-229,9,-103,16
15,54,1311642,735,-16533,-326,10,-104,18
15,55,1311647,453,-16468,-464,11,-93,17
15,56,1311652,422,-16444,-808,13,-86,15
15,57,1311657,57,-16310,-797,9,-71,13
15,58,1311662,335,-16289,-688,7,-64,9
15,59,1311667,684,-16298,-317,1,-50,13
15,60,1311672,842,-16260,-222,-11,-37,18
15,61,1311677,751,-16353,176,-6,-24,13
15,62,1311682,539,-16293,273,1,-42,11
15,63,1311687,292,-16245,468,-12,-56,18
15,64,1311692,211,-16295,-241,-18,-56,22
15,65,1311697,590,-16514,-530,-7,-6,13
15,66,1311702,475,-16432,-454,-18,60,11
15,67,1311707,415,-16248,-4,-38,98,9
15,68,1311712,545,-16385,-371,-42,106,9
15,69,1311717,736,-16546,-846,-34,143,10
15,70,1311722,671,-16579,-741,-38,200,6
15,71,1311727,325,-16625,-622,-40,215,7
15,72,1311732,409,-16609,-348,-39,188,8
15,73,1311737,553,-16523,-378,-41,153,10
15,74,1311742,780,-16466,-432,-40,139,13
15,75,1311747,732,-16381,-139,-41,137,13
15,76,1311752,540,-16319,24,-37,105,16
15,77,1311757,432,-16362,-254,-34,53,20
15,78,1311762,517,-16435,-584,-31,6,25
15,79,1311767,582,-16501,-747,-27,-18,25
15,80,1311772,556,-16491,-633,-27,-42,24
15,81,1311777,506,-16544,-623,-26,-72,29
15,82,1311782,504,-16504,-696,-24,-95,32
15,83,1311787,506,-16558,-843,-21,-99,29
15,84,1311792,430,-16631,-841,-21,-85,30
15,85,1311797,494,-16617,-684,-23,-43,26
15,86,1311802,503,-16562,-580,-23,-36,26
15,87,1311807,504,-16502,-490,-24,-28,26
15,88,1311812,416,-16446,-406,-27,-23,26
15,89,1311817,443,-16462,-437,-26,-20,26
15,90,1311822,417,-16520,-456,-26,-12,26
15,91,1311827,393,-16544,-432,-30,-4,26
15,92,1311832,385,-16514,-454,-33,4,24
15,93,1311837,453,-16489,-542,-32,12,23
15,94,1311842,504,-16487,-519,-32,24,21
15,95,1311847,479,-16420,-440,-34,32,22
15,96,1311852,515,-16354,-364,-37,34,21
15,97,1311857,567,-16296,-423,-34,30,21
15,98,1311862,602,-16283,-444,-36,25,21
15,99,1311867,575,-16260,-487,-34,19,22
15,100,1311872,533,-16320,-526,-36,11,23
15,101,1311877,529,-16386,-527,-35,-2,22
15,102,1311882,547,-16430,-541,-35,-19,23
15,103,1311887,513,-16470,-441,-33,-30,23
15,104,1311892,440,-16435,-312,-32,-44,22
15,105,1311897,452,-16445,-312,-29,-67,26
15,106,1311902,454,-16436,-440,-25,-86,25
15,107,1311907,447,-16471,-459,-27,-90,24
15,108,1311912,440,-16449,-475,-28,-89,27
15,109,1311917,405,-16446,-554,-29,-88,23
15,110,1311922,378,-16405,-689,-28,-83,23
15,111,1311927,363,-16375,-717,-28,-67,22
15,112,1311932,393,-16338,-717,-29,-46,19
15,113,1311937,441,-16350,-659,-28,-18,20
15,114,1311942,536,-16345,-606,-31,9,17
15,115,1311947,535,-16332,-625,-33,36,15
15,116,1311952,540,-16441,-685,-37,63,15
15,117,1311957,516,-16561,-667,-37,84,11
15,118,1311962,352,-16616,-622,-38,95,10
15,119,1311967,372,-16638,-548,-39,103,8
15,120,1311972,409,-16674,-473,-37,104,7
15,121,1311977,433,-16680,-346,-35,99,7
15,122,1311982,464,-16664,-261,-34,88,8
15,123,1311987,445,-16626,-215,-31,65,6
15,124,1311992,377,-16597,-287,-30,32,7
15,125,1311997,344,-16570,-431,-29,5,6
15,126,1312002,378,-16521,-509,-28,-15,3
15,127,1312007,413,-16492,-483,-26,-33,6
15,128,1312012,468,-16396,-436,-22,-48,8
15,129,1312017,483,-16361,-436,-23,-60,7
15,130,1312022,488,-16272,-537,-21,-71,6
15,131,1312027,410,-16244,-622,-18,-69,6
15,132,1312032,403,-16205,-726,-18,-61,6
15,133,1312037,482,-16151,-685,-20,-51,4
15,134,1312042,559,-16080,-658,-20,-34,4
15,135,1312047,604,-16111,-631,-23,-12,2
15,136,1312052,597,-16150,-630,-22,10,1
15,137,1312057,545,-16197,-675,-20,28,-1
15,138,1312062,471,-16272,-719,-21,42,-2
15,139,1312067,507,-16356,-697,-24,59,-4
15,140,1312072,564,-16407,-641,-23,69,-6
15,141,1312077,604,-16483,-548,-23,75,-5
15,142,1312082,563,-16579,-549,-21,80,-6
15,143,1312087,497,-16627,-585,-20,73,-6
15,144,1312092,433,-16730,-668,-19,63,-5
15,145,1312097,374,-16804,-632,-20,58,-8
15,146,1312102,377,-16836,-526,-18,53,-9
15,147,1312107,379,-16828,-423,-15,45,-8
15,148,1312112,339,-16809,-405,-16,31,-11
15,149,1312117,278,-16782,-392,-14,17,-13
15,150,1312122,247,-16727,-463,-10,-4,-12
15,151,1312127,279,-16654,-491,-9,-21,-13
15,152,1312132,326,-16544,-472,-7,-35,-12
15,153,1312137,432,-16453,-523,-7,-46,-13
15,154,1312142,474,-16370,-474,-4,-57,-13
15,155,1312147,454,-16281,-605,-3,-66,-15
15,156,1312152,443,-16219,-683,-3,-70,-15
15,157,1312157,482,-16194,-743,-4,-67,-16
15,158,1312162,598,-16186,-774,-2,-57,-18
15,159,1312167,713,-16240,-902,-2,-33,-19
15,160,1312172,613,-16312,-928,-1,-26,-16
15,161,1312177,524,-16323,-944,2,-15,-17
15,162,1312182,510,-16349,-910,-3,4,-18
15,163,1312187,578,-16364,-755,-3,24,-19
15,164,1312192,585,-16412,-598,-3,42,-22
15,165,1312197,514,-16462,-607,0,46,-19
15,166,1312202,446,-16518,-602,2,42,-16
15,167,1312207,374,-16558,-583,1,30,-18
15,168,1312212,400,-16629,-547,-1,24,-21
15,169,1312217,392,-16614,-500,-1,13,-19
15,170,1312222,408,-16589,-469,5,4,-21
15,171,1312227,322,-16605,-453,6,-10,-21
15,172,1312232,245,-16597,-493,6,-31,-23
15,173,1312237,325,-16546,-513,4,-50,-22
15,174,1312242,386,-16503,-554,7,-57,-20
15,175,1312247,423,-16440,-521,6,-56,-21
15,176,1312252,453,-16429,-553,5,-64,-23
15,177,1312257,425,-16414,-664,5,-72,-23
15,178,1312262,423,-16382,-784,7,-69,-25
15,179,1312267,446,-16399,-864,8,-62,-24
15,180,1312272,450,-16397,-865,8,-49,-24
15,181,1312277,524,-16427,-777,8,-36,-26
15,182,1312282,552,-16413,-807,8,-25,-24
15,183,1312287,537,-16390,-848,6,-12,-24
15,184,1312292,547,-16342,-846,7,-2,-26
15,185,1312297,569,-16349,-759,6,12,-26
15,186,1312302,641,-16342,-719,5,23,-28
15,187,1312307,619,-16375,-675,6,29,-26
15,188,1312312,601,-16412,-668,5,26,-24
15,189,1312317,517,-16431,-657,7,23,-26
15,190,1312322,392,-16421,-551,5,17,-25
15,191,1312327,423,-16376,-477,6,9,-25
15,192,1312332,311,-16374,-454,7,3,-22
15,193,1312337,417,-16435,-700,12,-7,-22
15,194,1312342,500,-16492,-601,10,-7,-22
15,195,1312347,472,-16509,-572,7,-18,-21
15,196,1312352,428,-16552,-515,6,-29,-21
15,197,1312357,336,-16576,-571,10,-42,-20
15,198,1312362,326,-16529,-665,14,-46,-19
15,199,1312367,310,-16560,-642,14,-44,-20
15,200,1312372,458,-16515,-629,14,-43,-22
15,201,1312377,528,-16482,-690,13,-42,-22
15,202,1312382,528,-16422,-741,13,-36,-21
15,203,1312387,471,-16395,-763,13,-30,-20
15,204,1312392,465,-16350,-789,14,-23,-20
15,205,1312397,538,-16359,-811,13,-15,-18
15,206,1312402,619,-16418,-846,11,-6,-18
15,207,1312407,588,-16408,-779,12,2,-18
15,208,1312412,522,-16404,-776,15,-1,-19
15,209,1312417,521,-16400,-780,12,-2,-16
15,210,1312422,599,-16456,-713,14,-3,-14
15,211,1312427,633,-16470,-624,13,2,-14
15,212,1312432,537,-16515,-611,14,1,-11
15,213,1312437,437,-16523,-591,15,-9,-13
15,214,1312442,444,-16448,-621,15,-21,-12
15,215,1312447,431,-16463,-600,14,-25,-9
15,216,1312452,384,-16483,-654,16,-28,-10
15,217,1312457,387,-16482,-637,15,-34,-10
15,218,1312462,347,-16487,-642,17,-44,-7
15,219,1312467,355,-16491,-575,17,-52,-7
15,220,1312472,377,-16537,-567,16,-52,-9
15,221,1312477,354,-16537,-628,17,-46,-7
15,222,1312482,413,-16528,-640,19,-40,-5
15,223,1312487,437,-16512,-666,17,-37,-5
15,224,1312492,459,-16493,-760,13,-41,-9
15,225,1312497,490,-16411,-768,13,-37,-5
15,226,1312502,513,-16363,-672,14,-32,-5
15,227,1312507,531,-16372,-666,13,-29,-5
15,228,1312512,530,-16363,-703,13,-27,-4
15,229,1312517,536,-16334,-706,12,-24,-2
15,230,1312522,589,-16305,-719,12,-23,0
15,231,1312527,593,-16273,-663,12,-17,1
15,232,1312532,578,-16306,-641,14,-12,1
15,233,1312537,465,-16339,-635,13,-7,2
15,234,1312542,412,-16450,-691,11,-12,4
15,235,1312547,453,-16443,-619,12,-9,4
15,236,1312552,449,-16517,-532,11,1,3
15,237,1312557,464,-16525,-569,10,6,4
15,238,1312562,432,-16561,-635,10,12,5
15,239,1312567,386,-16582,-653,8,17,6
15,240,1312572,382,-16584,-595,11,17,6
15,241,1312577,408,-16546,-511,10,27,7
15,242,1312582,422,-16529,-492,6,35,5
15,243,1312587,414,-16524,-507,5,38,3
15,244,1312592,396,-16473,-489,6,33,5
15,245,1312597,426,-16442,-500,5,22,6
15,246,1312602,457,-16441,-508,5,14,9
15,247,1312607,482,-16405,-587,4,16,12
15,248,1312612,480,-16411,-726,3,17,10
15,249,1312617,463,-16437,-773,5,19,8
15,250,1312622,446,-16475,-854,5,22,8
15,251,1312627,498,-16418,-856,5,22,11
15,252,1312632,541,-16387,-778,7,22,10
15,253,1312637,533,-16375,-672,7,24,12
15,254,1312642,544,-16328,-671,9,21,11
15,255,1312647,459,-16294,-711,7,11,12
15,256,1312652,421,-16271,-742,7,4,13
15,257,1312657,476,-16278,-674,10,1,16
15,258,1312662,542,-16311,-609,10,1,18
15,259,1312667,482,-16381,-601,10,1,16
15,260,1312672,404,-16453,-619,12,1,14
15,261,1312677,370,-16543,-644,10,-1,13
15,262,1312682,359,-16573,-626,11,-1,14
15,263,1312687,452,-16615,-583,7,9,13
15,264,1312692,443,-16632,-561,5,23,13
15,265,1312697,400,-16613,-487,4,30,11
15,266,1312702,401,-16614,-513,3,30,9
15,267,1312707,462,-16607,-584,1,33,9
15,268,1312712,480,-16620,-639,3,35,11
15,269,1312717,472,-16636,-666,3,38,11
15,270,1312722,478,-16594,-653,4,30,13
15,271,1312727,508,-16518,-579,5,14,12
15,272,1312732,504,-16514,-553,6,1,11
15,273,1312737,479,-16493,-526,4,-4,11
15,274,1312742,452,-16428,-493,5,-7,12
15,275,1312747,475,-16387,-516,6,-16,13
15,276,1312752,470,-16364,-589,6,-27,15
15,277,1312757,516,-16325,-655,6,-34,13
15,278,1312762,538,-16334,-694,4,-37,12
15,279,1312767,517,-16305,-750,5,-34,13
15,280,1312772,534,-16270,-755,6,-30,13
15,281,1312777,557,-16236,-832,6,-22,13
15,282,1312782,582,-16242,-861,4,-9,14
15,283,1312787,536,-16250,-828,3,8,10
15,284,1312792,533,-16280,-795,2,25,9
15,285,1312797,561,-16319,-772,2,43,11
15,286,1312802,531,-16342,-753,1,64,9
15,287,1312807,526,-16395,-694,-4,82,11
15,288,1312812,447,-16442,-602,-4,93,10
15,289,1312817,367,-16413,-427,-4,97,9
15,290,1312822,411,-16401,-475,-8,100,6
15,291,1312827,542,-16400,-484,-6,104,8
15,292,1312832,591,-16459,-476,-5,105,9
15,293,1312837,468,-16502,-443,-6,103,8
15,294,1312842,322,-16647,-605,-6,91,6
15,295,1312847,337,-16765,-788,-6,79,5
15,296,1312852,370,-16758,-684,-5,74,7
15,297,1312857,465,-16723,-532,-5,65,7
15,298,1312862,487,-16670,-391,0,49,9
15,299,1312867,439,-16652,-431,-2,27,6
15,300,1312872,406,-16606,-537,1,11,8
15,301,1312877,348,-16591,-594,4,2,8
15,302,1312882,332,-16550,-529,1,-8,9
15,303,1312887,342,-16557,-537,-2,-14,6
15,304,1312892,415,-16504,-459,0,-23,6
15,305,1312897,440,-16506,-479,1,-31,7
15,306,1312902,398,-16472,-529,1,-45,5
15,307,1312907,431,-16451,-698,2,-64,5
15,308,1312912,388,-16473,-737,0,-62,9
15,309,1312917,334,-16484,-790,0,-61,8
15,310,1312922,342,-16529,-780,4,-56,3
15,311,1312927,451,-16466,-756,2,-43,2
15,312,1312932,519,-16432,-710,1,-28,3
15,313,1312937,544,-16429,-731,2,-14,0
15,314,1312942,494,-16433,-718,1,-3,1
15,315,1312947,465,-16460,-754,1,2,0
15,316,1312952,446,-16399,-772,0,8,2
15,317,1312957,504,-16405,-747,-1,15,0
15,318,1312962,543,-16390,-650,-3,22,-1
15,319,1312967,518,-16347,-493,-4,18,-4
15,320,1312972,436,-16332,-439,-6,7,-1
15,321,1312977,438,-16309,-401,-4,-9,2
15,322,1312982,424,-16352,-458,-3,-18,1
15,323,1312987,394,-16353,-482,-3,-24,0
15,324,1312992,383,-16338,-516,-4,-35,1
15,325,1312997,418,-16371,-514,-2,-46,4
15,326,1313002,487,-16380,-576,-1,-53,3
15,327,1313007,500,-16371,-668,-1,-55,2
15,328,1313012,458,-16343,-695,-1,-49,3
15,329,1313017,440,-16378,-740,-3,-41,2
15,330,1313022,466,-16427,-739,-2,-33,1
15,331,1313027,455,-16483,-695,-2,-19,1
15,332,1313032,418,-16490,-608,-4,-4,1
15,333,1313037,405,-16563,-600,-3,4,-2
15,334,1313042,403,-16615,-649,-7,12,-3
15,335,1313047,377,-16638,-647,-5,15,-4
15,336,1313052,364,-16614,-654,-6,13,-2
15,337,1313057,448,-16589,-661,-4,13,-1
15,338,1313062,488,-16565,-603,-3,11,-2
15,339,1313067,452,-16473,-614,-6,9,-2
15,340,1313072,450,-16389,-556,-3,4,-4
15,341,1313077,455,-16332,-534,-5,-3,-1
15,342,1313082,435,-16272,-610,-6,-11,-1
15,343,1313087,430,-16229,-716,-6,-14,-2
15,344,1313092,479,-16192,-715,-4,-17,-1
15,345,1313097,481,-16215,-743,-5,-22,-1
15,346,1313102,504,-16218,-780,-4,-26,0
15,347,1313107,480,-16291,-764,-2,-19,1
15,348,1313112,490,-16281,-684,-3,-12,-2
15,349,1313117,461,-16305,-672,-5,-6,2
15,350,1313122,482,-16328,-681,-5,-2,3
15,351,1313127,479,-16378,-684,-6,5,1
15,352,1313132,450,-16402,-646,-5,12,1
15,353,1313137,444,-16447,-653,-4,19,1
15,354,1313142,402,-16472,-622,-3,22,3
15,355,1313147,368,-16466,-646,-5,24,1
15,356,1313152,380,-16481,-630,-9,25,-2
15,357,1313157,393,-16531,-571,-8,27,-1
15,358,1313162,381,-16530,-548,-7,24,0
15,359,1313167,413,-16546,-483,-6,21,1
15,360,1313172,397,-16606,-461,-7,24,-2
15,361,1313177,377,-16563,-488,-6,25,0
15,362,1313182,381,-16548,-509,-7,24,-1
15,363,1313187,409,-16488,-524,-7,21,0
15,364,1313192,417,-16410,-644,-8,23,-1
15,365,1313197,428,-16355,-590,-11,29,-3
15,366,1313202,416,-16355,-593,-10,28,-5
15,367,1313207,444,-16346,-634,-8,29,-1
15,368,1313212,437,-16345,-624,-8,30,2
15,369,1313217,459,-16406,-633,-12,32,1
15,370,1313222,391,-16463,-589,-10,31,1
15,371,1313227,405,-16486,-569,-9,24,1
15,372,1313232,458,-16543,-553,-9,9,4
15,373,1313237,496,-16557,-560,-8,-4,3
15,374,1313242,437,-16557,-543,-7,-14,4
15,375,1313247,429,-16524,-545,-9,-24,6
15,376,1313252,317,-16494,-549,-9,-38,6
15,377,1313257,258,-16503,-607,-5,-46,7
15,378,1313262,253,-16487,-727,-7,-44,12
15,379,1313267,260,-16469,-829,-10,-33,12
15,380,1313272,291,-16477,-801,-7,-13,14
15,381,1313277,209,-16518,-807,-10,-4,15
15,382,1313282,122,-16502,-757,-13,6,13
15,383,1313287,121,-16467,-622,-16,9,16
15,384,1313292,193,-16361,-534,-20,15,21
15,385,1313297,339,-16286,-478,-24,19,22
15,386,1313302,398,-16169,-411,-21,19,26
15,387,1313307,409,-16002,-357,-25,10,30
15,388,1313312,606,-15868,-355,-29,-2,35
15,389,1313317,766,-15701,-463,-33,-8,47
15,390,1313322,936,-15580,-588,-35,-12,53
15,391,1313327,1094,-15475,-596,-39,-13,60
15,392,1313332,1186,-15421,-753,-44,-16,73
15,393,1313337,1209,-15436,-856,-43,-23,83
15,394,1313342,1158,-15433,-970,-46,-17,93
15,395,1313347,968,-15528,-1060,-49,-12,104
15,396,1313352,851,-15723,-1076,-48,-5,119
15,397,1313357,782,-15921,-1015,-54,13,132
15,398,1313362,714,-16157,-890,-57,32,142
15,399,1313367,448,-16517,-755,-59,40,150
15,400,1313372,42,-16839,-710,-63,45,159
15,401,1313377,-322,-17154,-780,-66,46,169
15,402,1313382,-589,-17314,-745,-69,46,181
15,403,1313387,-808,-17463,-564,-75,61,189
15,404,1313392,-877,-17563,-467,-79,70,199
15,405,1313397,-926,-17645,-509,-81,78,204
15,406,1313402,-989,-17505,-718,-87,84,209
15,407,1313407,-1034,-17357,-828,-93,88,217
15,408,1313412,-962,-17172,-790,-104,85,223
15,409,1313417,-811,-16836,-741,-111,78,232
15,410,1313422,-621,-16632,-673,-115,74,239
15,411,1313427,-480,-16462,-560,-119,76,248
15,412,1313432,-451,-16218,-545,-125,66,261
15,413,1313437,-516,-15993,-489,-129,49,271
15,414,1313442,-525,-15836,-525,-136,34,283
15,415,1313447,-385,-15818,-842,-143,20,297
15,416,1313452,-352,-15760,-760,-147,22,308
15,417,1313457,-335,-15656,-689,-154,17,321
15,418,1313462,-351,-15602,-710,-160,-4,338
15,419,1313467,-619,-15782,-797,-164,-28,351
15,420,1313472,-798,-15935,-1913,-152,-51,373
15,421,1313477,-414,-16318,-2323,-155,-28,382
15,422,1313482,-1264,-16252,-1372,-182,3,386
15,423,1313487,-1412,-16502,-1437,-181,-2,393
15,424,1313492,-1612,-16662,-1858,-180,18,401
15,425,1313497,-1351,-16685,-2462,-182,89,406
15,426,1313502,-1250,-16715,-2166,-188,180,412
15,427,1313507,-1428,-16922,-1582,-198,232,417
15,428,1313512,-1266,-16844,-1908,-201,249,428
15,429,1313517,-1217,-16835,-2634,-201,288,429
15,430,1313522,-1590,-16943,-2588,-213,357,432
15,431,1313527,-1871,-16975,-1934,-226,410,435
15,432,1313532,-1744,-16888,-1596,-228,440,439
15,433,1313537,-1425,-16816,-1653,-231,466,447
15,434,1313542,-1284,-16770,-2137,-244,512,447
15,435,1313547,-1449,-16567,-1259,-244,570,451
15,436,1313552,-1481,-16546,-1591,-239,537,462
15,437,1313557,-1495,-16635,-1594,-246,512,467
15,438,1313562,-1242,-16735,-2035,-254,493,473
15,439,1313567,-1382,-16796,-1971,-265,503,476
15,440,1313572,-1551,-16758,-1500,-263,517,482
15,441,1313577,-1723,-16648,-1650,-261,493,490
15,442,1313582,-1631,-16588,-2037,-266,468,495
15,443,1313587,-1471,-16461,-2241,-270,475,500
15,444,1313592,-1426,-16440,-2258,-277,503,505
15,445,1313597,-1666,-16150,-2142,-283,533,503
15,446,1313602,-1723,-15809,-2166,-282,547,505
15,447,1313607,-1539,-16251,-2406,-286,571,508
15,448,1313612,-977,-16537,-2434,-288,609,513
15,449,1313617,-1250,-16409,-1923,-295,656,507
15,450,1313622,-1589,-16224,-1854,-302,662,508
15,451,1313627,-1729,-16099,-2044,-301,659,513
15,452,1313632,-1534,-16244,-2349,-307,660,515
15,453,1313637,-1484,-16386,-2077,-312,676,518
15,454,1313642,-1655,-16550,-1535,-317,666,514
15,455,1313647,-1762,-16606,-1697,-315,643,515
15,456,1313652,-1669,-16695,-2082,-315,621,518
15,457,1313657,-1716,-16735,-1877,-316,613,516
15,458,1313662,-1747,-16886,-1785,-319,581,515
15,459,1313667,-1805,-16856,-1655,-321,569,510
15,460,1313672,-1683,-16860,-1448,-322,529,509
15,461,1313677,-1612,-16685,-1761,-318,494,507
15,462,1313682,-1570,-16557,-2311,-315,481,504
15,463,1313687,-1723,-16810,-2462,-307,501,509
15,464,1313692,-1237,-16922,-3251,-310,518,495
15,465,1313697,-2070,-16761,-1754,-320,544,484
15,466,1313702,-1873,-16458,-2392,-316,514,481
15,467,1313707,-1860,-16339,-2449,-311,537,476
15,468,1313712,-1512,-16294,-2434,-308,575,471
15,469,1313717,-1442,-16238,-2046,-310,604,465
15,470,1313722,-1522,-16221,-1472,-310,580,453
15,471,1313727,-1533,-16182,-1612,-303,512,447
15,472,1313732,-1462,-16116,-2042,-302,457,445
15,473,1313737,-1389,-16065,-2050,-294,442,442
15,474,1313742,-1354,-15949,-1821,-289,439,436
15,475,1313747,-1608,-15854,-1453,-288,416,424
15,476,1313752,-1825,-15936,-1798,-283,363,413
15,477,1313757,-1947,-16076,-2291,-272,325,406
15,478,1313762,-1814,-16160,-2365,-265,309,403
15,479,1313767,-1643,-16224,-2036,-266,298,393
15,480,1313772,-1632,-16155,-1579,-262,279,377
15,481,1313777,-1735,-16141,-1579,-254,238,366
15,482,1313782,-1803,-16173,-2083,-243,212,356
15,483,1313787,-1897,-16090,-2185,-236,206,344
15,484,1313792,-1870,-16071,-2121,-232,197,333
15,485,1313797,-1759,-16094,-2043,-226,184,321
15,486,1313802,-1647,-16120,-2092,-217,161,307
15,487,1313807,-1741,-16110,-2203,-209,143,291
15,488,1313812,-1884,-16085,-2144,-198,135,277
15,489,1313817,-1942,-16043,-2259,-190,128,262
15,490,1313822,-1859,-15999,-2301,-184,120,251
15,491,1313827,-1477,-15991,-2452,-176,119,237
15,492,1313832,-1241,-16043,-2427,-167,129,225
15,493,1313837,-1065,-15972,-2290,-160,136,213
15,494,1313842,-1124,-15888,-2206,-153,125,195
15,495,1313847,-1279,-15813,-2334,-142,115,177
15,496,1313852,-1453,-15754,-2522,-130,111,164
15,497,1313857,-1570,-15738,-2578,-123,121,153
15,498,1313862,-1593,-15701,-2451,-114,135,140
15,499,1313867,-1557,-15777,-2282,-105,140,121
15,500,1313872,-1565,-15827,-2147,-96,126,105
15,501,1313877,-1636,-15840,-2075,-83,102,88
15,502,1313882,-1723,-15881,-2115,-68,68,72
15,503,1313887,-1734,-15935,-2118,-59,36,56
15,504,1313892,-1791,-15950,-2012,-48,9,40
15,505,1313897,-1831,-15987,-1942,-37,-24,25
15,506,1313902,-1863,-16020,-1926,-22,-58,6
15,507,1313907,-1904,-16041,-2068,-7,-92,-8
15,508,1313912,-1835,-16098,-2115,1,-122,-27
15,509,1313917,-1736,-16132,-2109,9,-150,-43
15,510,1313922,-1637,-16166,-2155,20,-176,-60
15,511,1313927,-1512,-16215,-2168,31,-194,-79
15,512,1313932,-1525,-16207,-2205,43,-201,-94
15,513,1313937,-1529,-16137,-2199,55,-203,-112
15,514,1313942,-1466,-16087,-2191,66,-206,-128
15,515,1313947,-1378,-16063,-2302,76,-203,-145
15,516,1313952,-1345,-16048,-2499,88,-193,-164
15,517,1313957,-1357,-16035,-2470,99,-188,-184
15,518,1313962,-1564,-15979,-2341,109,-189,-202
15,519,1313967,-1593,-15890,-2404,120,-199,-222
15,520,1313972,-1566,-15840,-2298,128,-202,-236
15,521,1313977,-1444,-15846,-2228,141,-203,-250
15,522,1313982,-1425,-15785,-2109,155,-202,-270
15,523,1313987,-1529,-15754,-2006,169,-225,-291
15,524,1313992,-1621,-15797,-2005,182,-264,-308
15,525,1313997,-1678,-15872,-2141,195,-300,-323
15,526,1314002,-1694,-15968,-2268,207,-328,-338
15,527,1314007,-1703,-16018,-2234,219,-351,-359
15,528,1314012,-1715,-16187,-1979,241,-406,-398
15,529,1314017,-1621,-16213,-1933,255,-428,-415
15,530,1314022,-1352,-16295,-2168,266,-446,-434
15,531,1314027,-1118,-16319,-1912,275,-450,-453
15,532,1314032,-975,-16337,-1761,286,-470,-468
15,533,1314037,-967,-16323,-1690,292,-503,-487
15,534,1314042,-1001,-16306,-1758,304,-536,-503
15,535,1314047,-1030,-16318,-1902,316,-553,-519
15,536,1314052,-1130,-16232,-1795,323,-553,-538
15,537,1314057,-1271,-16189,-1424,328,-557,-555
15,538,1314062,-1350,-16311,-1184,330,-574,-576
15,539,1314067,-1261,-16432,-989,342,-597,-593
15,540,1314072,-906,-16510,-1642,359,-619,-605
15,541,1314077,-1023,-16824,-1706,373,-627,-622
15,542,1314082,-1098,-16528,-1593,372,-664,-643
15,543,1314087,-992,-16518,-1703,381,-724,-659
15,544,1314092,-1832,-17854,-1262,393,-787,-676
15,545,1314097,-1911,-17806,-1184,388,-854,-698
15,546,1314102,-1739,-17851,-935,405,-878,-714
15,547,1314107,-1291,-17922,-2108,427,-881,-732
15,548,1314112,-943,-17622,-2519,429,-830,-756
15,549,1314117,-1070,-17274,-2005,423,-803,-780
15,550,1314122,-980,-16998,-2133,420,-839,-797
15,551,1314127,-699,-16790,-2206,430,-848,-809
15,552,1314132,-499,-16583,-2048,434,-799,-829
15,553,1314137,-387,-16436,-1776,436,-736,-846
15,554,1314142,-573,-16268,-1380,440,-686,-861
15,555,1314147,-571,-16045,-1156,443,-667,-878
15,556,1314152,-482,-15867,-1324,443,-655,-894
15,557,1314157,-327,-15774,-1248,444,-624,-907
15,558,1314162,-213,-15788,-1124,448,-592,-918
15,559,1314167,-140,-15805,-895,446,-572,-932
15,560,1314172,-118,-15764,-865,443,-575,-948
15,561,1314177,-99,-15603,-763,442,-573,-957
15,562,1314182,7,-15490,-445,446,-559,-964
15,563,1314187,147,-15641,-245,443,-537,-977
15,564,1314192,74,-15781,-83,441,-527,-984
15,565,1314197,151,-15953,-270,447,-539,-987
15,566,1314202,180,-16092,-647,446,-552,-994
15,567,1314207,281,-16168,-848,445,-554,-1000
15,568,1314212,193,-16197,-523,438,-551,-1006
15,569,1314217,169,-16297,-121,437,-554,-1008
15,570,1314222,271,-16519,-194,437,-551,-1013
15,571,1314227,463,-16668,-347,439,-516,-1016
15,572,1314232,461,-16765,-286,435,-480,-1021
15,573,1314237,338,-16769,-113,422,-462,-1025
15,574,1314242,422,-16755,-19,414,-460,-1026
15,575,1314247,541,-16649,161,409,-453,-1027
15,576,1314252,563,-16607,340,415,-446,-1023
15,577,1314257,565,-16564,454,412,-439,-1024
15,578,1314262,407,-16585,296,407,-464,-1024
15,579,1314267,462,-16568,202,414,-487,-1019
15,580,1314272,556,-16557,25,410,-514,-1016
15,581,1314277,744,-16577,34,406,-527,-1011
15,582,1314282,776,-16591,193,402,-533,-1005
15,583,1314287,812,-16639,149,408,-555,-997
15,584,1314292,916,-16653,-220,405,-569,-989
15,585,1314297,848,-16732,-267,403,-566,-982
15,586,1314302,907,-16926,-620,406,-567,-973
15,587,1314307,922,-16993,-694,405,-559,-964
15,588,1314312,997,-17097,-698,402,-553,-952
15,589,1314317,1019,-17176,-851,399,-537,-945
15,590,1314322,965,-17099,-658,397,-500,-938
15,591,1314327,968,-17067,-684,398,-465,-931
15,592,1314332,1145,-17143,-770,402,-421,-915
15,593,1314337,1216,-17212,-1010,398,-374,-906
15,594,1314342,1219,-17104,-952,393,-317,-899
15,595,1314347,1289,-17108,-1083,392,-265,-886
15,596,1314352,896,-16791,-1073,395,-214,-871
15,597,1314357,-1793,-19093,-13326,424,-91,-845
15,598,1314362,9109,-28048,-32768,638,1739,-946
15,599,1314367,-10425,-8172,-23134,-72,5780,-1091
15,600,1314372,-32768,-13745,32767,-451,10915,-331
15,601,1314395,-21989,-16387,-7763,-30,-4622,324
15,602,1314396,-21989,-16387,-7763,-30,-4622,324
15,603,1314398,-21173,-16883,-9773,-61,-3653,553
15,604,1314399,-21173,-16883,-9773,-61,-3653,553
15,605,1314400,-21173,-16883,-9773,-61,-3653,553
15,606,1314402,4561,-17675,-23927,-98,-3033,668
15,607,1314407,15761,-16145,-19900,-29,-872,606
15,608,1314412,9787,-16194,8989,-80,1030,433
15,609,1314417,-2647,-16144,7986,1,455,388
15,610,1314422,-2290,-16764,-8247,62,-380,448
15,611,1314427,1959,-16577,-14151,16,-158,490
15,612,1314432,3089,-15951,-9382,-60,682,455
15,613,1314437,1061,-16185,-1643,-113,1493,427
15,614,1314442,-1033,-16906,7022,-130,1757,430
15,615,1314447,3540,-16962,4054,-59,1196,457
15,616,1314452,4053,-16615,667,-17,774,446
15,617,1314457,343,-16264,-232,-26,654,429
15,618,1314462,-1271,-16255,-164,-67,672,454
15,619,1314467,144,-16407,2184,-90,686,490
15,620,1314472,2674,-16594,3159,-87,510,503
15,621,1314477,3271,-16812,3189,-65,284,496
15,622,1314482,1897,-16792,2132,-43,36,486
15,623,1314487,510,-16705,-331,-31,-146,494
15,624,1314492,300,-16563,-1333,-51,-153,506
15,625,1314497,1332,-16553,-1397,-64,-68,514
15,626,1314502,2186,-16584,103,-76,35,507
15,627,1314507,2118,-16597,772,-72,37,493
15,628,1314512,1537,-16574,33,-65,-14,486
15,629,1314517,943,-16417,-1095,-68,-16,485
15,630,1314522,867,-16362,-1521,-76,57,486
15,631,1314527,1145,-16320,-708,-92,154,480
15,632,1314532,1478,-16349,240,-96,194,478
15,633,1314537,1594,-16426,510,-94,168,472
15,634,1314542,1425,-16397,10,-83,125,463
15,635,1314547,1057,-16356,-274,-82,113,459
15,636,1314552,821,-16275,-456,-91,113,457
15,637,1314557,911,-16267,-70,-94,120,456
15,638,1314562,1240,-16269,-22,-99,106,450
15,639,1314567,1348,-16244,23,-108,99,441
15,640,1314572,1146,-16241,42,-103,95,437
15,641,1314577,930,-16224,64,-102,93,431
15,642,1314582,888,-16260,-172,-106,86,424
15,643,1314587,990,-16327,-172,-112,99,421
15,644,1314592,1075,-16406,-79,-114,109,414
15,645,1314597,1133,-16546,101,-118,113,407
15,646,1314602,1031,-16633,28,-118,102,400
15,647,1314607,934,-16665,-109,-123,86,393
15,648,1314612,816,-16671,14,-127,77,387
15,649,1314617,844,-16639,12,-122,67,379
15,650,1314622,853,-16669,34,-124,57,372
15,651,1314627,804,-16654,-61,-124,45,363
15,652,1314632,711,-16643,-179,-122,23,356
15,653,1314637,532,-16624,-312,-124,0,346
15,654,1314642,516,-16588,-394,-130,-17,337
15,655,1314647,496,-16553,-348,-123,-28,329
15,656,1314652,513,-16556,-480,-121,-31,320
15,657,1314657,422,-16601,-606,-122,-25,310
15,658,1314662,371,-16604,-767,-121,-21,299
15,659,1314667,361,-16512,-831,-122,-2,289
15,660,1314672,474,-16526,-822,-125,23,280
15,661,1314677,542,-16518,-631,-126,57,264
15,662,1314682,589,-16575,-569,-125,75,253
15,663,1314687,559,-16675,-522,-121,89,244
15,664,1314692,458,-16777,-500,-120,98,235
15,665,1314697,300,-16772,-448,-122,101,223
15,666,1314702,268,-16720,-406,-122,100,213
15,667,1314707,279,-16684,-433,-124,95,203
15,668,1314712,308,-16723,-494,-124,92,195
15,669,1314717,337,-16709,-411,-123,93,185
15,670,1314722,312,-16656,-165,-122,85,174
15,671,1314727,291,-16582,-244,-120,65,166
15,672,1314732,274,-16544,-362,-119,48,159
15,673,1314737,277,-16544,-536,-114,41,153
15,674,1314742,189,-16481,-495,-113,42,142
15,675,1314747,142,-16409,-776,-109,23,125
15,676,1314752,113,-16438,-879,-106,24,116
15,677,1314757,180,-16436,-872,-105,45,107
15,678,1314762,218,-16458,-807,-109,68,98
15,679,1314767,216,-16442,-797,-108,89,88
15,680,1314772,244,-16452,-775,-104,113,78
15,681,1314777,211,-16488,-743,-104,129,68
15,682,1314782,266,-16535,-704,-105,145,60
15,683,1314787,265,-16528,-640,-105,157,54
15,684,1314792,266,-16563,-473,-104,169,47
15,685,1314797,151,-16601,-375,-106,171,39
15,686,1314802,100,-16568,-330,-106,161,29
15,687,1314807,29,-16524,-255,-103,147,25
15,688,1314812,-26,-16471,-278,-98,130,20
15,689,1314817,-62,-16360,-206,-93,112,17
15,690,1314822,-22,-16294,-247,-91,87,11
15,691,1314827,29,-16271,-283,-91,62,8
15,692,1314832,89,-16267,-325,-90,47,0
15,693,1314837,125,-16271,-357,-87,44,-2
15,694,1314842,27,-16283,-517,-88,44,-7
15,695,1314847,-86,-16298,-667,-84,42,-13
15,696,1314852,-150,-16376,-767,-82,41,-21
15,697,1314857,-121,-16446,-794,-83,44,-23
15,698,1314862,-15,-16491,-742,-82,50,-29
15,699,1314867,32,-16517,-603,-78,60,-34
15,700,1314872,-31,-16510,-542,-76,66,-42
15,701,1314877,-67,-16473,-593,-76,65,-48
15,702,1314882,-21,-16392,-634,-72,59,-49
15,703,1314887,28,-16338,-613,-71,56,-53
15,704,1314892,28,-16331,-503,-70,44,-57
15,705,1314897,-97,-16308,-385,-67,29,-59
15,706,1314902,-138,-16313,-481,-64,8,-61
15,707,1314907,-86,-16356,-643,-62,-11,-63
15,708,1314912,-83,-16314,-658,-59,-16,-67
15,709,1314917,-46,-16367,-652,-55,-19,-68
15,710,1314922,-26,-16381,-658,-55,-25,-72
15,711,1314927,-19,-16468,-718,-51,-31,-74
15,712,1314932,7,-16453,-819,-46,-29,-78
15,713,1314937,-89,-16389,-801,-46,-23,-80
15,714,1314942,-182,-16333,-768,-42,-15,-83
15,715,1314947,-161,-16324,-838,-41,-6,-82
15,716,1314952,-172,-16317,-823,-37,3,-86
15,717,1314957,-32,-16312,-810,-35,11,-88
15,718,1314962,34,-16319,-735,-34,16,-90
15,719,1314967,24,-16297,-629,-34,16,-92
15,720,1314972,20,-16306,-618,-31,9,-92
15,721,1314977,-80,-16360,-638,-24,-3,-95
15,722,1314982,-143,-16395,-661,-18,-14,-96
15,723,1314987,-129,-16424,-710,-17,-17,-94
15,724,1314992,-107,-16460,-648,-18,-17,-96
15,725,1314997,-62,-16472,-621,-21,-20,-100
15,726,1315002,-43,-16425,-688,-16,-22,-98
15,727,1315007,6,-16410,-704,-9,-20,-96
15,728,1315012,3,-16373,-761,-9,-15,-97
15,729,1315017,0,-16388,-806,-9,-4,-99
15,730,1315022,11,-16333,-808,-6,3,-99
15,731,1315027,-8,-16333,-839,-5,12,-97
15,732,1315032,22,-16346,-809,-2,20,-100
15,733,1315037,-61,-16393,-772,3,25,-100
15,734,1315042,-89,-16348,-709,4,31,-100
15,735,1315047,-84,-16317,-623,-1,25,-97
15,736,1315052,-137,-16286,-608,6,24,-96
15,737,1315057,-128,-16262,-635,6,24,-98
15,738,1315062,-76,-16233,-632,9,23,-96
15,739,1315067,-21,-16263,-590,10,21,-97
15,740,1315072,-71,-16333,-599,12,13,-99
15,741,1315077,-93,-16428,-606,13,5,-98
15,742,1315082,-193,-16568,-687,17,-3,-94
15,743,1315087,-261,-16619,-785,18,-6,-94
15,744,1315092,-228,-16624,-797,19,-4,-94
15,745,1315097,-129,-16611,-858,20,6,-96
15,746,1315102,1,-16600,-983,22,25,-95
15,747,1315107,-10,-16497,-896,23,43,-95
15,748,1315112,-98,-16406,-832,25,52,-95
15,749,1315117,17,-16395,-932,26,75,-94
15,750,1315122,56,-16413,-833,26,96,-95
15,751,1315127,121,-16387,-732,27,107,-91
15,752,1315132,151,-16351,-661,33,104,-90
15,753,1315137,133,-16391,-571,32,92,-90
15,754,1315142,60,-16394,-475,30,78,-88
15,755,1315147,-29,-16414,-475,35,58,-85
15,756,1315152,-93,-16456,-384,35,33,-82
15,757,1315157,-88,-16518,-340,35,5,-81
15,758,1315162,-88,-16552,-459,41,-23,-75
15,759,1315167,-68,-16545,-552,45,-46,-71
15,760,1315172,2,-16528,-626,44,-64,-70
15,761,1315177,129,-16552,-714,46,-72,-68
15,762,1315182,175,-16510,-769,48,-64,-68
15,763,1315187,130,-16516,-750,49,-61,-65
15,764,1315192,45,-16490,-843,50,-55,-67
15,765,1315197,6,-16461,-996,51,-50,-65
15,766,1315202,40,-16433,-943,49,-40,-60
15,767,1315207,75,-16432,-784,47,-31,-62
15,768,1315212,93,-16439,-669,50,-27,-61
15,769,1315217,71,-16450,-608,54,-33,-57
15,770,1315222,58,-16402,-713,57,-43,-56
15,771,1315227,88,-16377,-738,59,-45,-53
15,772,1315232,58,-16350,-792,57,-50,-48
15,773,1315237,98,-16358,-835,57,-57,-46
15,774,1315242,77,-16336,-809,60,-61,-44
15,775,1315247,85,-16385,-824,60,-57,-44
15,776,1315252,137,-16400,-838,61,-43,-40
15,777,1315257,213,-16428,-855,60,-25,-39
15,778,1315262,242,-16436,-786,58,-12,-38
15,779,1315267,178,-16396,-638,55,-9,-38
15,780,1315272,135,-16349,-601,55,-13,-37
15,781,1315277,170,-16326,-589,58,-16,-30
15,782,1315282,172,-16327,-542,58,-16,-29
15,783,1315287,134,-16290,-553,58,-18,-26
15,784,1315292,199,-16400,-586,60,-25,-25
15,785,1315297,267,-16439,-623,60,-36,-21
15,786,1315302,285,-16486,-668,59,-47,-17
15,787,1315307,250,-16478,-667,62,-53,-15
15,788,1315312,137,-16430,-677,61,-57,-14
15,789,1315317,125,-16465,-766,60,-53,-10
15,790,1315322,176,-16459,-812,60,-36,-8
15,791,1315327,197,-16531,-771,60,-17,-10
15,792,1315332,202,-16538,-735,61,-5,-9
15,793,1315337,152,-16607,-719,59,-2,-5
15,794,1315342,115,-16649,-747,58,-4,-3
15,795,1315347,123,-16636,-715,56,-5,-2
15,796,1315352,96,-16580,-711,58,-2,-4
15,797,1315357,67,-16553,-692,60,-1,-3
15,798,1315362,24,-16518,-699,57,2,-5
15,799,1315367,58,-16453,-675,60,-3,0
15,800,1315372,123,-16440,-580,58,-4,2
15,801,1315377,142,-16386,-571,58,-4,2
15,802,1315382,159,-16403,-502,54,-7,1
15,803,1315387,183,-16398,-582,57,-7,3
15,804,1315392,201,-16409,-669,55,-9,5
15,805,1315397,175,-16398,-669,54,-14,4
15,806,1315402,165,-16428,-609,54,-22,6
15,807,1315407,206,-16460,-620,53,-30,8
15,808,1315412,199,-16441,-611,55,-41,9
15,809,1315417,87,-16407,-623,54,-53,12
15,810,1315422,47,-16406,-549,53,-62,9
15,811,1315427,173,-16386,-624,53,-62,11
15,812,1315432,293,-16399,-602,52,-56,13
15,813,1315437,345,-16389,-571,52,-49,12
15,814,1315442,289,-16383,-582,51,-48,11
15,815,1315447,245,-16356,-666,51,-53,15
15,816,1315452,228,-16335,-735,50,-47,14
15,817,1315457,307,-16365,-688,48,-34,14
15,818,1315462,335,-16447,-548,47,-23,15
15,819,1315467,267,-16522,-502,47,-15,12
15,820,1315472,186,-16631,-642,50,-17,13
15,821,1315477,93,-16682,-715,46,-21,13
15,822,1315482,71,-16626,-764,43,-19,13
15,823,1315487,136,-16593,-581,41,-1,11
15,824,1315492,174,-16566,-491,41,9,10
15,825,1315497,189,-16530,-570,38,14,7
15,826,1315502,209,-16508,-595,38,15,8
15,827,1315507,209,-16489,-603,40,13,7
15,828,1315512,240,-16493,-538,37,5,7
15,829,1315517,277,-16506,-497,37,-5,11
15,830,1315522,294,-16483,-448,40,-17,12
15,831,1315527,292,-16531,-457,39,-31,9
15,832,1315532,280,-16559,-489,40,-40,10
15,833,1315537,301,-16547,-529,40,-43,10
15,834,1315542,177,-16575,-537,40,-53,10
15,835,1315547,148,-16623,-537,38,-59,9
15,836,1315552,189,-16574,-574,37,-65,8
15,837,1315557,242,-16563,-590,38,-60,7
15,838,1315562,239,-16492,-558,35,-50,6
15,839,1315567,178,-16456,-515,32,-46,6
15,840,1315572,128,-16391,-505,33,-47,5
15,841,1315577,161,-16351,-521,33,-46,1
15,842,1315582,202,-16284,-597,32,-41,3
15,843,1315587,250,-16268,-524,32,-34,4
15,844,1315592,279,-16271,-510,31,-33,3
15,845,1315597,232,-16268,-562,26,-31,1
15,846,1315602,270,-16316,-620,27,-24,-3
15,847,1315607,280,-16340,-618,29,-14,-2
15,848,1315612,319,-16365,-594,27,4,-2
15,849,1315617,285,-16318,-491,22,14,-4
15,850,1315622,304,-16327,-423,20,19,-5
15,851,1315627,350,-16358,-384,19,24,-5
15,852,1315632,338,-16421,-328,18,25,-6
15,853,1315637,345,-16464,-276,18,20,-7
15,854,1315642,311,-16508,-305,17,9,-7
15,855,1315647,297,-16505,-297,18,-4,-6
15,856,1315652,254,-16511,-394,17,-11,-7
15,857,1315657,202,-16486,-456,15,-15,-8
15,858,1315662,225,-16522,-534,14,-14,-11
15,859,1315667,212,-16542,-582,16,-17,-9
15,860,1315672,129,-16515,-579,12,-20,-7
15,861,1315677,152,-16522,-568,11,-13,-12
15,862,1315682,260,-16550,-569,12,0,-13
15,863,1315687,250,-16558,-538,12,19,-15
15,864,1315692,260,-16574,-543,11,33,-16
15,865,1315697,247,-16563,-569,7,42,-19
15,866,1315702,200,-16541,-490,6,42,-20
15,867,1315707,200,-16491,-392,7,36,-20
15,868,1315712,176,-16483,-343,6,30,-22
15,869,1315717,193,-16524,-271,5,23,-22
15,870,1315722,229,-16481,-302,8,8,-21
15,871,1315727,239,-16487,-363,5,-6,-19
15,872,1315732,252,-16459,-368,3,-17,-19
15,873,1315737,305,-16448,-395,3,-28,-23
15,874,1315742,271,-16476,-530,6,-37,-23
15,875,1315747,238,-16506,-563,6,-38,-20
15,876,1315752,241,-16473,-586,5,-36,-22
15,877,1315757,160,-16473,-597,4,-31,-24
15,878,1315762,150,-16465,-563,4,-26,-22
15,879,1315767,176,-16444,-572,3,-16,-25
15,880,1315772,237,-16456,-529,0,-2,-25
15,881,1315777,226,-16448,-431,1,4,-24
15,882,1315782,188,-16440,-363,1,2,-28
15,883,1315787,190,-16407,-351,3,-9,-28
15,884,1315792,183,-16438,-386,2,-17,-24
15,885,1315797,193,-16480,-373,2,-26,-24
15,886,1315802,143,-16459,-355,2,-29,-29
15,887,1315807,170,-16411,-332,1,-34,-28
15,888,1315812,201,-16407,-351,1,-38,-28
15,889,1315817,249,-16455,-415,-1,-32,-28
15,890,1315822,350,-16390,-444,-1,-23,-25
15,891,1315827,333,-16409,-442,-3,-15,-26
15,892,1315832,289,-16416,-413,-2,-15,-26
15,893,1315837,267,-16398,-439,-4,-24,-26
15,894,1315842,303,-16423,-511,-4,-24,-29
15,895,1315847,310,-16476,-518,-3,-20,-25
15,896,1315852,308,-16449,-473,-5,-16,-24
15,897,1315857,249,-16446,-552,-4,-17,-22
15,898,1315862,190,-16477,-572,-3,-15,-22
15,899,1315867,188,-16444,-539,-5,-2,-23
15,900,1315872,242,-16401,-471,-5,5,-24
15,901,1315877,266,-16400,-392,-7,10,-23
15,902,1315882,275,-16414,-341,-7,13,-23
15,903,1315887,219,-16415,-322,-5,10,-22
15,904,1315892,143,-16488,-365,-8,1,-20
15,905,1315897,158,-16511,-324,-5,-8,-21
15,906,1315902,122,-16512,-393,-4,-20,-20
15,907,1315907,159,-16454,-396,-6,-25,-18
15,908,1315912,262,-16461,-413,-6,-27,-17
15,909,1315917,243,-16484,-422,-7,-30,-16
15,910,1315922,259,-16485,-470,-5,-26,-16
15,911,1315927,274,-16484,-499,-6,-24,-18
15,912,1315932,261,-16438,-487,-8,-18,-18
15,913,1315937,278,-16426,-438,-9,-10,-16
15,914,1315942,336,-16432,-326,-11,-3,-17
15,915,1315947,338,-16436,-295,-8,-1,-15
15,916,1315952,326,-16480,-355,-7,-5,-15
15,917,1315957,253,-16431,-391,-9,-8,-15
15,918,1315962,203,-16434,-428,-8,-13,-16
15,919,1315967,207,-16463,-455,-10,-13,-12
15,920,1315972,246,-16460,-414,-12,-10,-11
15,921,1315977,228,-16478,-381,-10,-6,-11
15,922,1315982,209,-16479,-459,-9,-10,-12
15,923,1315987,129,-16482,-571,-8,-10,-11
15,924,1315992,87,-16477,-622,-8,-9,-10
15,925,1315997,125,-16439,-594,-10,-3,-10
15,926,1316002,220,-16513,-587,-9,6,-14
15,927,1316007,228,-16486,-507,-9,15,-13
15,928,1316012,224,-16483,-417,-6,17,-12
15,929,1316017,174,-16495,-408,-8,12,-13
15,930,1316022,160,-16458,-423,-10,10,-11
15,931,1316027,199,-16494,-448,-9,11,-9
15,932,1316032,311,-16525,-401,-9,13,-9
15,933,1316037,295,-16543,-306,-9,5,-11
15,934,1316042,231,-16527,-243,-8,-14,-9
15,935,1316047,235,-16524,-346,-7,-26,-11
15,936,1316052,201,-16529,-376,-6,-31,-10
15,937,1316057,207,-16506,-411,-6,-33,-9
15,938,1316062,165,-16479,-419,-7,-33,-6
15,939,1316067,205,-16434,-489,-6,-34,-5
15,940,1316072,364,-16446,-527,-5,-29,-4
15,941,1316077,387,-16381,-473,-4,-22,-4
15,942,1316082,367,-16383,-364,-9,-16,-7
15,943,1316087,299,-16356,-336,-8,-23,-6
15,944,1316092,244,-16362,-435,-5,-29,-6
15,945,1316097,291,-16340,-488,-6,-33,-4
15,946,1316102,298,-16359,-464,-5,-27,-2
15,947,1316107,305,-16380,-446,-5,-27,-2
15,948,1316112,292,-16436,-371,-6,-30,-4
15,949,1316117,297,-16405,-406,-6,-34,-1
15,950,1316122,304,-16395,-501,-4,-36,0
15,951,1316127,242,-16425,-514,-3,-34,-3
15,952,1316132,251,-16479,-491,-2,-35,-6
15,953,1316137,268,-16492,-493,-1,-36,-1
15,954,1316142,288,-16517,-578,-1,-39,-2
15,955,1316147,283,-16505,-562,-3,-35,-1
15,956,1316152,313,-16509,-468,1,-25,0
15,957,1316157,318,-16542,-482,0,-19,-3
15,958,1316162,285,-16561,-470,-3,-16,-3
15,959,1316167,290,-16504,-422,-4,-12,-3
15,960,1316172,289,-16498,-422,-3,-14,-4
15,961,1316177,351,-16514,-434,-2,-15,-2
15,962,1316182,369,-16556,-424,1,-17,-3
15,963,1316187,322,-16546,-486,1,-22,-2
15,964,1316192,241,-16511,-460,1,-25,-1
15,965,1316197,230,-16518,-464,0,-28,-2
15,966,1316202,266,-16492,-486,-2,-27,-3
15,967,1316207,295,-16531,-446,2,-21,-2
15,968,1316212,296,-16521,-456,2,-16,-2
15,969,1316217,252,-16505,-451,2,-21,-6
15,970,1316222,187,-16461,-551,4,-26,-5
15,971,1316227,174,-16457,-430,1,-22,-5
15,972,1316232,256,-16419,-396,0,-24,-6
15,973,1316237,313,-16406,-358,3,-24,-4
15,974,1316242,269,-16425,-420,5,-23,-5
15,975,1316247,301,-16433,-522,2,-22,-9
15,976,1316252,320,-16432,-509,1,-19,-7
15,977,1316257,309,-16435,-463,1,-18,-5
15,978,1316262,351,-16406,-430,1,-16,-9
15,979,1316267,364,-16416,-475,2,-14,-8
15,980,1316272,355,-16452,-505,0,-12,-6
15,981,1316277,297,-16443,-545,2,-9,-10
15,982,1316282,281,-16433,-503,2,-13,-9
15,983,1316287,310,-16462,-484,4,-14,-7
15,984,1316292,355,-16479,-459,4,-16,-7
15,985,1316297,333,-16452,-440,2,-16,-9
15,986,1316302,294,-16495,-487,4,-14,-9
15,987,1316307,272,-16510,-583,5,-17,-6
15,988,1316312,305,-16494,-606,4,-13,-8
15,989,1316317,274,-16458,-632,4,-9,-14
15,990,1316322,305,-16472,-556,4,-1,-8
15,991,1316327,301,-16516,-502,2,6,-11
15,992,1316332,242,-16520,-473,5,11,-13
15,993,1316337,240,-16500,-415,5,16,-9
15,994,1316342,201,-16486,-356,6,18,-10
15,995,1316347,263,-16455,-440,3,12,-12
15,996,1316352,282,-16427,-465,1,3,-11
15,997,1316357,307,-16385,-462,3,-7,-11
15,998,1316362,345,-16349,-491,5,-14,-11
15,999,1316367,379,-16334,-445,4,-20,-11
16,0,1462157,1277,-16395,-969,65,-608,-28
16,1,1462162,970,-16471,-615,70,-627,-28
16,2,1462167,654,-16574,-187,71,-680,-32
16,3,1462172,837,-16743,128,73,-753,-37
16,4,1462177,1137,-17445,254,79,-832,-39
16,5,1462182,1760,-18339,281,94,-889,-51
16,6,1462187,1491,-18864,-611,104,-935,-67
16,7,1462192,1384,-19027,-1070,89,-933,-81
16,8,1462197,1775,-19276,-925,72,-881,-86
16,9,1462202,2279,-19467,-840,63,-802,-92
16,10,1462207,2371,-19478,-42,57,-704,-103
16,11,1462212,1778,-19361,1,57,-669,-122
16,12,1462217,1332,-19162,-256,53,-664,-132
16,13,1462222,1452,-18971,-883,45,-660,-130
16,14,1462227,1999,-18771,-1085,31,-610,-138
16,15,1462232,2062,-18274,-365,17,-546,-161
16,16,1462237,1837,-18052,-933,16,-567,-171
16,17,1462242,1767,-17874,-1734,15,-564,-179
16,18,1462247,1928,-17617,-1926,3,-509,-189
16,19,1462252,2074,-17379,-1523,-9,-441,-197
16,20,1462257,1995,-17168,-1215,-12,-395,-211
16,21,1462262,2159,-17018,-1700,-9,-371,-222
16,22,1462267,2249,-16719,-2184,-13,-337,-226
16,23,1462272,2505,-16349,-1966,-22,-295,-231
16,24,1462277,2626,-16083,-1435,-32,-269,-235
16,25,1462282,2611,-15922,-1053,-36,-270,-240
16,26,1462287,2665,-15815,-1203,-35,-290,-242
16,27,1462292,2662,-15775,-1383,-31,-307,-242
16,28,1462297,2667,-15724,-1273,-37,-332,-244
16,29,1462302,2626,-15611,-877,-42,-380,-244
16,30,1462307,2623,-15553,-807,-46,-444,-243
16,31,1462312,2658,-15563,-963,-46,-489,-240
16,32,1462317,2622,-15535,-1056,-47,-516,-240
16,33,1462322,2449,-15599,-1136,-47,-551,-239
16,34,1462327,2271,-15666,-1264,-50,-584,-238
16,35,1462332,2263,-15603,-1473,-59,-605,-240
16,36,1462337,2363,-15440,-1584,-68,-593,-244
16,37,1462342,2428,-15261,-1646,-74,-541,-243
16,38,1462347,2471,-15212,-1951,-77,-480,-247
16,39,1462352,2528,-15134,-2082,-84,-414,-247
16,40,1462357,2557,-14902,-1731,-95,-368,-248
16,41,1462362,2513,-14773,-1574,-100,-347,-250
16,42,1462367,2498,-14746,-1416,-103,-339,-247
16,43,1462372,2421,-14725,-1301,-105,-341,-244
16,44,1462377,2286,-14563,-1205,-106,-355,-243
16,45,1462382,2175,-14426,-1117,-111,-383,-237
16,46,1462387,2162,-14286,-1310,-112,-417,-233
16,47,1462392,2318,-14229,-1558,-113,-440,-226
16,48,1462397,2369,-14289,-1630,-116,-455,-221
16,49,1462402,2353,-14325,-1557,-117,-469,-215
16,50,1462407,2301,-14303,-1649,-116,-485,-209
16,51,1462412,2245,-14280,-1886,-118,-483,-205
16,52,1462417,2324,-14321,-2099,-121,-458,-199
16,53,1462422,2329,-14348,-2048,-122,-427,-195
16,54,1462427,2282,-14440,-1811,-123,-410,-190
16,55,1462432,2108,-14510,-1679,-124,-410,-186
16,56,1462437,1975,-14566,-1736,-124,-419,-180
16,57,1462442,1933,-14616,-1910,-122,-404,-173
16,58,1462447,1906,-14629,-1928,-120,-377,-165
16,59,1462452,1877,-14710,-1873,-123,-355,-159
16,60,1462457,1693,-14888,-1889,-123,-343,-158
16,61,1462462,1567,-15108,-2063,-123,-328,-155
16,62,1462467,1649,-15136,-2216,-124,-292,-150
16,63,1462472,1861,-15098,-2186,-130,-224,-148
16,64,1462477,2055,-15117,-1896,-131,-152,-141
16,65,1462482,2135,-15225,-1599,-133,-105,-137
16,66,1462487,2091,-15386,-1281,-131,-102,-129
16,67,1462492,1946,-15544,-1031,-133,-121,-117
16,68,1462497,1751,-15731,-910,-132,-147,-111
16,69,1462502,1730,-15973,-907,-129,-170,-103
16,70,1462507,1904,-16136,-1023,-129,-174,-93
16,71,1462512,2087,-16235,-1236,-130,-173,-83
16,72,1462517,2301,-16330,-1422,-133,-175,-78
16,73,1462522,2350,-16318,-1576,-132,-172,-70
16,74,1462527,2346,-16260,-1679,-131,-160,-60
16,75,1462532,2325,-16257,-1788,-130,-134,-48
16,76,1462537,2253,-16302,-1770,-133,-99,-40
16,77,1462542,2187,-16315,-1621,-133,-71,-32
16,78,1462547,2103,-16329,-1433,-132,-50,-23
16,79,1462552,2089,-16372,-1386,-132,-43,-17
16,80,1462557,2079,-16386,-1298,-130,-44,-10
16,81,1462562,2105,-16429,-1280,-133,-48,1
16,82,1462567,2039,-16495,-1219,-128,-63,12
16,83,1462572,1986,-16443,-1378,-128,-81,18
16,84,1462577,1963,-16439,-1580,-128,-89,26
16,85,1462582,2009,-16499,-1801,-124,-86,35
16,86,1462587,1999,-16550,-1837,-126,-66,40
16,87,1462592,1911,-16589,-1822,-129,-50,44
16,88,1462597,1713,-16591,-1998,-128,-13,52
16,89,1462602,1725,-16487,-2090,-126,22,56
16,90,1462607,1818,-16442,-1895,-129,56,60
16,91,1462612,1877,-16372,-1553,-134,73,66
16,92,1462617,1833,-16339,-1309,-129,58,68
16,93,1462622,1700,-16353,-1341,-122,17,75
16,94,1462627,1572,-16355,-1597,-118,-23,76
16,95,1462632,1564,-16365,-1863,-116,-44,80
16,96,1462637,1650,-16267,-2077,-118,-48,85
16,97,1462642,1735,-16211,-2204,-115,-41,88
16,98,1462647,1797,-16213,-2300,-114,-21,87
16,99,1462652,1769,-16153,-2337,-115,3,88
16,100,1462657,1682,-16122,-2280,-109,20,90
16,101,1462662,1660,-16146,-2235,-109,35,91
16,102,1462667,1641,-16226,-2140,-108,44,91
16,103,1462672,1591,-16227,-2031,-105,46,90
16,104,1462677,1692,-16191,-1973,-103,45,91
16,105,1462682,1853,-16167,-1930,-102,46,93
16,106,1462687,1936,-16169,-1838,-99,47,95
16,107,1462692,1987,-16134,-1708,-97,35,92
16,108,1462697,1933,-16083,-1612,-95,5,94
16,109,1462702,1798,-16018,-1707,-95,-32,98
16,110,1462707,1798,-16034,-1840,-90,-61,103
16,111,1462712,1858,-16040,-1911,-83,-73,109
16,112,1462717,1883,-16051,-1830,-84,-83,109
16,113,1462722,1763,-16173,-1802,-82,-101,109
16,114,1462727,1601,-16247,-2019,-76,-115,108
16,115,1462732,1522,-16297,-2263,-73,-110,106
16,116,1462737,1508,-16290,-2440,-72,-86,104
16,117,1462742,1730,-16254,-2477,-73,-39,107
16,118,1462747,1857,-16217,-2384,-73,6,102
16,119,1462752,1807,-16211,-2171,-71,33,98
16,120,1462757,1547,-16189,-2043,-71,43,98
16,121,1462762,1462,-16171,-2014,-67,47,97
16,122,1462767,1564,-16178,-1956,-64,59,95
16,123,1462772,1633,-16190,-1845,-63,66,96
16,124,1462777,1694,-16198,-1691,-63,63,92
16,125,1462782,1690,-16203,-1593,-60,43,93
16,126,1462787,1685,-16272,-1618,-57,21,92
16,127,1462792,1722,-16259,-1666,-55,11,93
16,128,1462797,1707,-16292,-1651,-56,3,90
16,129,1462802,1719,-16316,-1625,-55,-5,89
16,130,1462807,1769,-16309,-1708,-50,-16,86
16,131,1462812,1813,-16279,-1835,-46,-24,87
16,132,1462817,1830,-16246,-1891,-43,-23,89
16,133,1462822,1850,-16301,-1867,-43,-14,85
16,134,1462827,1859,-16226,-1855,-41,-11,82
16,135,1462832,1838,-16186,-1842,-39,-7,85
16,136,1462837,1829,-16195,-1880,-37,-3,83
16,137,1462842,1895,-16218,-1890,-36,6,82
16,138,1462847,1877,-16235,-1785,-35,13,81
16,139,1462852,1887,-16299,-1743,-34,14,81
16,140,1462857,1959,-16272,-1685,-30,6,79
16,141,1462862,1831,-16276,-1627,-25,1,78
16,142,1462867,1761,-16295,-1662,-25,-10,77
16,143,1462872,1838,-16323,-1693,-23,-27,79
16,144,1462877,1966,-16339,-1746,-22,-32,80
16,145,1462882,2032,-16370,-1673,-20,-33,79
16,146,1462887,2001,-16385,-1629,-18,-42,78
16,147,1462892,1872,-16439,-1598,-12,-53,79
16,148,1462897,1803,-16488,-1688,-11,-67,77
16,149,1462902,1783,-16546,-1627,-12,-71,78
16,150,1462907,1778,-16614,-1660,-9,-76,78
16,151,1462912,1751,-16678,-1617,-9,-82,76
16,152,1462917,1722,-16685,-1642,-5,-88,75
16,153,1462922,1695,-16702,-1796,-6,-90,71
16,154,1462927,1612,-16781,-1846,-3,-85,72
16,155,1462932,1622,-16808,-1845,1,-74,69
16,156,1462937,1600,-16827,-1800,0,-63,68
16,157,1462942,1564,-16868,-1801,-1,-54,65
16,158,1462947,1586,-16834,-1845,4,-53,61
16,159,1462952,1584,-16858,-1826,5,-54,60
16,160,1462957,1594,-16820,-1844,5,-48,59
16,161,1462962,1532,-16818,-1902,7,-44,56
16,162,1462967,1499,-16795,-1996,10,-42,56
16,163,1462972,1648,-16785,-1989,9,-31,54
16,164,1462977,1787,-16775,-1902,11,-18,52
16,165,1462982,1793,-16778,-1774,12,-16,50
16,166,1462987,1693,-16730,-1712,14,-23,46
16,167,1462992,1601,-16687,-1731,14,-39,45
16,168,1462997,1493,-16654,-1728,17,-56,44
16,169,1463002,1484,-16625,-1737,19,-69,45
16,170,1463007,1526,-16592,-1786,20,-78,44
16,171,1463012,1583,-16545,-1872,23,-89,44
16,172,1463017,1600,-16500,-1959,25,-101,43
16,173,1463022,1532,-16414,-2048,24,-103,42
16,174,1463027,1425,-16378,-2144,27,-100,41
16,175,1463032,1391,-16421,-2162,29,-91,40
16,176,1463037,1389,-16388,-2124,27,-76,35
16,177,1463042,1407,-16328,-2135,25,-66,32
16,178,1463047,1414,-16223,-2219,30,-56,31
16,179,1463052,1445,-16162,-2291,32,-42,30
16,180,1463057,1511,-16110,-2249,29,-29,29
16,181,1463062,1592,-16104,-2055,28,-25,27
16,182,1463067,1567,-16066,-1961,31,-34,25
16,183,1463072,1481,-16048,-1975,35,-51,24
16,184,1463077,1442,-16043,-2115,36,-64,25
16,185,1463082,1389,-16031,-2166,39,-72,28
16,186,1463087,1435,-16064,-2093,39,-78,25
16,187,1463092,1496,-16052,-2008,38,-81,23
16,188,1463097,1355,-16119,-2111,41,-85,21
16,189,1463102,1224,-16178,-2216,43,-83,21
16,190,1463107,1166,-16281,-2309,41,-73,14
16,191,1463112,1219,-16353,-2379,43,-56,16
16,192,1463117,1299,-16391,-2343,42,-27,14
16,193,1463122,1283,-16507,-2254,40,-2,9
16,194,1463127,1121,-16595,-2257,40,17,5
16,195,1463132,1108,-16593,-2282,42,32,0
16,196,1463137,1060,-16573,-2299,41,50,0
16,197,1463142,1092,-16601,-2219,39,71,-4
16,198,1463147,1217,-16592,-2149,40,87,-10
16,199,1463152,1311,-16583,-2132,40,93,-12
16,200,1463157,1431,-16532,-2033,41,92,-14
16,201,1463162,1445,-16478,-1933,44,89,-14
16,202,1463167,1417,-16451,-1892,44,77,-12
16,203,1463172,1452,-16395,-1842,46,52,-11
16,204,1463177,1514,-16364,-1870,47,29,-13
16,205,1463182,1526,-16363,-1909,49,4,-13
16,206,1463187,1578,-16290,-2022,50,-15,-10
16,207,1463192,1620,-16238,-2125,53,-30,-10
16,208,1463197,1586,-16259,-2172,54,-37,-8
16,209,1463202,1496,-16305,-2181,54,-35,-10
16,210,1463207,1417,-16314,-2140,54,-33,-14
16,211,1463212,1368,-16323,-2133,54,-28,-14
16,212,1463217,1310,-16364,-2195,57,-20,-14
16,213,1463222,1277,-16404,-2336,55,-2,-18
16,214,1463227,1327,-16428,-2360,54,20,-20
16,215,1463232,1422,-16327,-2216,52,39,-21
16,216,1463237,1460,-16315,-2152,51,60,-23
16,217,1463242,1448,-16320,-2160,52,80,-27
16,218,1463247,1399,-16308,-1999,52,96,-26
16,219,1463252,1397,-16279,-1859,51,96,-27
16,220,1463257,1480,-16236,-1794,49,87,-25
16,221,1463262,1559,-16229,-1745,51,71,-26
16,222,1463267,1595,-16260,-1721,49,56,-26
16,223,1463272,1637,-16271,-1716,49,32,-22
16,224,1463277,1628,-16325,-1691,51,7,-23
16,225,1463282,1639,-16327,-1806,52,-8,-23
16,226,1463287,1706,-16325,-1841,50,-11,-21
16,227,1463292,1623,-16284,-1824,49,-9,-19
16,228,1463297,1566,-16255,-1861,52,-18,-19
16,229,1463302,1534,-16229,-1967,50,-21,-21
16,230,1463307,1539,-16198,-1941,47,-21,-20
16,231,1463312,1554,-16192,-1932,47,-19,-18
16,232,1463317,1479,-16197,-1924,48,-16,-16
16,233,1463322,1439,-16262,-2015,49,-13,-17
16,234,1463327,1362,-16252,-2058,47,-3,-19
16,235,1463332,1315,-16303,-2087,45,15,-23
16,236,1463337,1432,-16278,-1901,41,60,-27
16,237,1463342,1481,-16294,-1779,40,70,-28
16,238,1463347,1445,-16266,-1698,39,68,-31
16,239,1463352,1384,-16237,-1697,38,59,-28
16,240,1463357,1351,-16281,-1772,37,45,-28
16,241,1463362,1500,-16295,-1753,35,39,-30
16,242,1463367,1669,-16248,-1713,34,39,-30
16,243,1463372,1755,-16219,-1609,32,35,-29
16,244,1463377,1747,-16229,-1692,33,29,-26
16,245,1463382,1680,-16219,-1705,36,15,-26
16,246,1463387,1676,-16234,-1721,33,4,-26
16,247,1463392,1797,-16286,-1703,31,-9,-23
16,248,1463397,1906,-16262,-1772,32,-20,-23
16,249,1463402,1896,-16204,-1818,33,-30,-21
16,250,1463407,1789,-16228,-1882,31,-37,-22
16,251,1463412,1651,-16245,-1948,32,-38,-20
16,252,1463417,1604,-16286,-1974,33,-29,-18
16,253,1463422,1612,-16310,-1892,28,-18,-20
16,254,1463427,1602,-16324,-1873,29,-9,-19
16,255,1463432,1538,-16344,-1933,27,-6,-22
16,256,1463437,1562,-16299,-1981,29,-3,-20
16,257,1463442,1563,-16295,-1950,26,2,-18
16,258,1463447,1563,-16357,-1923,23,14,-20
16,259,1463452,1501,-16374,-1822,18,25,-25
16,260,1463457,1463,-16389,-1797,21,28,-22
16,261,1463462,1501,-16407,-1816,20,24,-22
16,262,1463467,1560,-16378,-1830,18,28,-26
16,263,1463472,1639,-16360,-1767,15,32,-27
16,264,1463477,1669,-16290,-1652,14,32,-26
16,265,1463482,1698,-16265,-1592,13,24,-25
16,266,1463487,1751,-16292,-1604,13,4,-23
16,267,1463492,1738,-16276,-1617,11,-16,-21
16,268,1463497,1783,-16282,-1650,12,-35,-20
16,269,1463502,1778,-16250,-1741,11,-53,-17
16,270,1463507,1712,-16178,-1782,10,-60,-18
16,271,1463512,1603,-16179,-1899,11,-61,-18
16,272,1463517,1524,-16292,-1940,10,-61,-17
16,273,1463522,1470,-16321,-1913,7,-55,-15
16,274,1463527,1556,-16270,-1981,5,-44,-16
16,275,1463532,1626,-16248,-2049,2,-25,-18
16,276,1463537,1632,-16166,-2088,5,-3,-18
16,277,1463542,1620,-16164,-2056,1,17,-21
16,278,1463547,1557,-16089,-1898,-6,25,-23
16,279,1463552,1576,-16115,-1743,-4,25,-19
16,280,1463557,1605,-16096,-1732,-5,23,-18
16,281,1463562,1620,-16037,-1660,-8,17,-20
16,282,1463567,1702,-16050,-1649,-7,-1,-19
16,283,1463572,1657,-16097,-1663,-5,-25,-15
16,284,1463577,1617,-16121,-1676,-6,-53,-14
16,285,1463582,1557,-16130,-1816,-10,-77,-13
16,286,1463587,1532,-16098,-2054,-7,-82,-11
16,287,1463592,1608,-16124,-2234,-7,-68,-13
16,288,1463597,1630,-16130,-2250,-10,-51,-11
16,289,1463602,1568,-16119,-2232,-12,-36,-14
16,290,1463607,1537,-16118,-2223,-12,-26,-14
16,291,1463612,1481,-16129,-2204,-12,-15,-16
16,292,1463617,1525,-16078,-2149,-14,4,-16
16,293,1463622,1569,-16079,-2024,-13,16,-14
16,294,1463627,1496,-16105,-1921,-12,18,-17
16,295,1463632,1492,-16137,-1900,-14,8,-15
16,296,1463637,1527,-16118,-1922,-14,-1,-15
16,297,1463642,1487,-16161,-1901,-12,1,-18
16,298,1463647,1371,-16309,-1816,-15,2,-16
16,299,1463652,1304,-16293,-1784,-16,-4,-13
16,300,1463657,1374,-16254,-1880,-16,-8,-15
16,301,1463662,1440,-16248,-2127,-11,-8,-13
16,302,1463667,1505,-16229,-2068,-14,7,-13
16,303,1463672,1494,-16277,-1920,-19,15,-16
16,304,1463677,1440,-16297,-1827,-17,13,-15
16,305,1463682,1475,-16295,-1904,-14,6,-12
16,306,1463687,1591,-16265,-2020,-14,10,-13
16,307,1463692,1617,-16256,-1957,-15,22,-13
16,308,1463697,1591,-16303,-1808,-18,26,-12
16,309,1463702,1481,-16222,-1707,-18,-8,-10
16,310,1463707,1485,-16167,-1794,-17,-18,-9
16,311,1463712,1462,-16165,-1863,-15,-23,-6
16,312,1463717,1400,-16173,-1917,-15,-35,-6
16,313,1463722,1455,-16158,-1965,-16,-45,-6
16,314,1463727,1549,-16195,-2076,-17,-45,-4
16,315,1463732,1594,-16167,-2164,-13,-33,-4
16,316,1463737,1504,-16207,-2117,-16,-19,-6
16,317,1463742,1348,-16284,-2081,-19,-5,-8
16,318,1463747,1342,-16342,-2049,-18,-1,-10
16,319,1463752,1403,-16341,-2053,-18,5,-8
16,320,1463757,1449,-16300,-1972,-16,19,-11
16,321,1463762,1426,-16276,-1931,-17,29,-12
16,322,1463767,1454,-16323,-1894,-20,30,-10
16,323,1463772,1475,-16305,-1828,-20,24,-10
16,324,1463777,1547,-16317,-1757,-19,14,-9
16,325,1463782,1575,-16328,-1784,-19,5,-7
16,326,1463787,1583,-16322,-1787,-17,-4,-6
16,327,1463792,1606,-16306,-1867,-15,-10,-5
16,328,1463797,1611,-16348,-1902,-17,-9,-6
16,329,1463802,1653,-16399,-1869,-18,-9,-4
16,330,1463807,1654,-16456,-1803,-19,-10,-2
16,331,1463812,1750,-16427,-1812,-17,-6,0
16,332,1463817,1805,-16408,-1815,-16,3,2
16,333,1463822,1762,-16385,-1771,-16,6,3
16,334,1463827,1656,-16423,-1694,-17,-5,3
16,335,1463832,1609,-16403,-1627,-16,-21,6
16,336,1463837,1576,-16409,-1674,-15,-27,9
16,337,1463842,1574,-16426,-1810,-15,-29,11
16,338,1463847,1565,-16390,-1885,-11,-25,10
16,339,1463852,1577,-16447,-1946,-13,-22,11
16,340,1463857,1627,-16398,-2006,-18,-12,12
16,341,1463862,1644,-16345,-2025,-17,-2,10
16,342,1463867,1640,-16365,-1937,-17,7,12
16,343,1463872,1544,-16414,-1824,-16,18,14
16,344,1463877,1451,-16417,-1845,-17,21,15
16,345,1463882,1465,-16362,-1891,-16,21,17
16,346,1463887,1601,-16328,-1927,-18,22,16
16,347,1463892,1771,-16296,-1920,-18,27,15
16,348,1463897,1803,-16262,-1823,-19,30,15
16,349,1463902,1710,-16223,-1706,-16,22,16
16,350,1463907,1620,-16160,-1701,-15,6,16
16,351,1463912,1573,-16150,-1766,-13,-10,17
16,352,1463917,1566,-16191,-1730,-15,-19,19
16,353,1463922,1568,-16186,-1691,-16,-29,21
16,354,1463927,1612,-16263,-1763,-11,-42,21
16,355,1463932,1620,-16275,-1934,-10,-50,22
16,356,1463937,1573,-16292,-2097,-10,-49,22
16,357,1463942,1562,-16277,-2154,-13,-32,19
16,358,1463947,1536,-16240,-2137,-15,-10,20
16,359,1463952,1566,-16225,-2164,-13,11,17
16,360,1463957,1560,-16238,-2129,-12,28,17
16,361,1463962,1562,-16239,-1987,-13,35,14
16,362,1463967,1475,-16252,-1875,-16,37,11
16,363,1463972,1510,-16247,-1831,-14,36,12
16,364,1463977,1572,-16155,-1866,-12,35,14
16,365,1463982,1545,-16102,-1863,-10,34,12
16,366,1463987,1472,-16105,-1827,-11,27,10
16,367,1463992,1481,-16043,-1826,-11,13,10
16,368,1463997,1528,-15996,-1842,-9,-4,12
16,369,1464002,1609,-15995,-1908,-11,-14,13
16,370,1464007,1535,-16032,-1949,-10,-18,10
16,371,1464012,1442,-16040,-2004,-7,-26,6
16,372,1464017,1394,-16055,-2130,-6,-34,5
16,373,1464022,1415,-16020,-2209,-7,-34,4
16,374,1464027,1482,-16004,-2285,-6,-19,5
16,375,1464032,1465,-15982,-2224,-4,4,1
16,376,1464037,1453,-15982,-2198,-3,12,-2
16,377,1464042,1453,-16006,-2248,-1,7,0
16,378,1464047,1434,-16054,-2311,-3,16,-6
16,379,1464052,1428,-16064,-2231,-2,24,-8
16,380,1464057,1480,-16075,-2100,1,34,-7
16,381,1464062,1508,-16078,-1975,2,35,-9
16,382,1464067,1490,-16083,-2063,3,31,-13
16,383,1464072,1406,-16131,-2031,4,18,-12
16,384,1464077,1402,-16173,-1975,6,18,-12
16,385,1464082,1520,-16183,-1996,7,25,-14
16,386,1464087,1633,-16182,-1984,6,38,-13
16,387,1464092,1615,-16288,-1907,6,53,-15
16,388,1464097,1563,-16345,-1776,6,53,-17
16,389,1464102,1558,-16367,-1707,5,40,-18
16,390,1464107,1610,-16359,-1681,5,33,-18
16,391,1464112,1646,-16390,-1660,7,28,-15
16,392,1464117,1600,-16512,-1585,8,20,-16
16,393,1464122,1558,-16512,-1629,11,8,-17
16,394,1464127,1592,-16553,-1711,8,-1,-16
16,395,1464132,1645,-16606,-1802,7,1,-15
16,396,1464137,1688,-16581,-1802,6,14,-14
16,397,1464142,1661,-16534,-1727,6,26,-16
16,398,1464147,1645,-16529,-1695,9,32,-17
16,399,1464152,1702,-16531,-1685,8,30,-17
16,400,1464157,1707,-16488,-1674,7,27,-15
16,401,1464162,1723,-16422,-1640,6,23,-14
16,402,1464167,1708,-16358,-1650,10,15,-11
16,403,1464172,1766,-16326,-1659,7,9,-9
16,404,1464177,1787,-16361,-1684,7,-1,-12
16,405,1464182,1761,-16317,-1776,6,-6,-12
16,406,1464187,1780,-16251,-1884,5,-3,-11
16,407,1464192,1810,-16154,-1960,6,7,-9
16,408,1464197,1796,-16097,-1993,9,23,-5
16,409,1464202,1809,-16085,-1847,6,37,-7
16,410,1464207,1754,-16088,-1653,5,33,-6
16,411,1464212,1666,-16071,-1665,7,18,-6
16,412,1464217,1697,-16121,-1738,7,7,-3
16,413,1464222,1755,-16121,-1746,9,5,-3
16,414,1464227,1792,-16135,-1773,9,3,-4
16,415,1464232,1723,-16173,-1687,10,-8,0
16,416,1464237,1660,-16309,-1666,10,-20,0
16,417,1464242,1624,-16363,-1697,8,-31,0
16,418,1464247,1602,-16352,-1711,9,-36,3
16,419,1464252,1624,-16346,-1798,13,-33,4
16,420,1464257,1605,-16382,-1864,13,-33,5
16,421,1464262,1553,-16459,-1847,14,-38,7
16,422,1464267,1597,-16500,-1841,13,-43,6
16,423,1464272,1577,-16500,-1817,10,-40,1
16,424,1464277,1542,-16513,-1844,16,-35,2
16,425,1464282,1585,-16492,-1964,15,-29,3
16,426,1464287,1643,-16493,-1945,15,-24,4
16,427,1464292,1646,-16493,-1880,15,-31,4
16,428,1464297,1626,-16420,-1842,15,-38,3
16,429,1464302,1615,-16355,-1914,15,-44,2
16,430,1464307,1598,-16333,-1972,16,-41,3
16,431,1464312,1626,-16282,-2042,18,-34,6
16,432,1464317,1650,-16265,-2004,17,-36,3
16,433,1464322,1623,-16326,-1886,18,-44,2
16,434,1464327,1535,-16344,-1954,21,-53,4
16,435,1464332,1471,-16325,-2008,21,-50,2
16,436,1464337,1473,-16358,-2110,24,-36,0
16,437,1464342,1487,-16404,-2113,21,-19,1
16,438,1464347,1480,-16433,-2016,19,-9,0
16,439,1464352,1427,-16406,-1875,19,-5,-1
16,440,1464357,1441,-16360,-1906,18,-1,-1
16,441,1464362,1498,-16322,-1898,19,5,-3
16,442,1464367,1516,-16329,-1919,22,10,-4
16,443,1464372,1607,-16277,-1865,21,10,-5
16,444,1464377,1649,-16204,-1828,19,-3,-1
16,445,1464382,1565,-16206,-1821,18,-14,-4
16,446,1464387,1558,-16224,-1851,18,-18,-6
16,447,1464392,1563,-16241,-1873,20,-20,-5
16,448,1464397,1550,-16242,-1925,21,-21,-2
16,449,1464402,1609,-16255,-1917,19,-24,-3
16,450,1464407,1576,-16289,-1906,18,-25,-3
16,451,1464412,1552,-16305,-1875,20,-27,-5
16,452,1464417,1580,-16257,-1893,19,-23,-3
16,453,1464422,1581,-16243,-1885,20,-22,-3
16,454,1464427,1481,-16261,-1877,16,-21,-6
16,455,1464432,1422,-16197,-1875,14,-24,-5
16,456,1464437,1440,-16138,-1880,15,-30,-4
16,457,1464442,1486,-16201,-1989,15,-16,-2
16,458,1464447,1531,-16164,-1867,11,-8,-4
16,459,1464452,1470,-16152,-1822,8,-7,-9
16,460,1464457,1462,-16098,-1889,9,-12,-5
16,461,1464462,1430,-16081,-1898,10,-9,-3
16,462,1464467,1396,-16105,-1860,9,-9,0
16,463,1464472,1327,-16149,-1777,6,-13,1
16,464,1464477,1200,-16317,-1756,2,-23,0
16,465,1464482,1329,-16317,-1764,-4,-32,1
16,466,1464487,1585,-16256,-1668,-7,-27,7
16,467,1464492,1798,-16183,-1518,-9,-15,10
16,468,1464497,1651,-16212,-1529,-10,-17,12
16,469,1464502,1396,-16201,-1551,-14,-40,11
16,470,1464507,1329,-16126,-1572,-19,-76,18
16,471,1464512,1393,-16172,-1640,-23,-107,32
16,472,1464517,1545,-16194,-1698,-28,-117,37
16,473,1464522,1569,-16190,-1671,-31,-124,38
16,474,1464527,1454,-16089,-1822,-34,-137,41
16,475,1464532,1416,-16035,-2034,-39,-147,51
16,476,1464537,1327,-16106,-2117,-47,-145,57
16,477,1464542,1116,-16194,-1967,-53,-136,66
16,478,1464547,1021,-16228,-1838,-60,-139,75
16,479,1464552,1165,-16228,-1849,-65,-148,85
16,480,1464557,1466,-16213,-1841,-72,-150,97
16,481,1464562,1391,-16186,-1667,-80,-158,103
16,482,1464567,1035,-16214,-1504,-92,-194,112
16,483,1464572,784,-16167,-1543,-97,-244,127
16,484,1464577,936,-16071,-1804,-105,-284,141
16,485,1464582,1120,-16130,-1797,-111,-310,158
16,486,1464587,996,-16229,-1658,-122,-343,168
16,487,1464592,676,-16262,-1776,-129,-395,177
16,488,1464597,373,-16354,-2347,-131,-450,197
16,489,1464602,419,-16366,-3076,-142,-461,210
16,490,1464607,570,-16381,-3384,-154,-407,221
16,491,1464612,544,-16370,-3439,-163,-332,233
16,492,1464617,430,-16307,-3376,-177,-269,241
16,493,1464622,357,-16189,-3583,-191,-220,252
16,494,1464627,265,-16247,-3692,-202,-162,270
16,495,1464632,272,-16448,-3427,-215,-99,285
16,496,1464637,387,-16376,-2855,-235,-54,297
16,497,1464642,532,-16189,-2428,-247,-47,310
16,498,1464647,481,-16167,-2498,-252,-69,330
16,499,1464652,341,-16149,-2621,-259,-101,350
16,500,1464657,272,-16093,-2546,-271,-139,368
16,501,1464662,209,-16049,-2394,-286,-184,389
16,502,1464667,269,-16039,-2543,-296,-227,414
16,503,1464672,346,-16038,-2773,-305,-251,432
16,504,1464677,308,-16023,-3026,-315,-266,453
16,505,1464682,136,-16009,-3120,-325,-272,474
16,506,1464687,-166,-16093,-3117,-337,-282,493
16,507,1464692,-257,-16074,-3317,-351,-291,514
16,508,1464697,-215,-16048,-3540,-364,-277,533
16,509,1464702,-257,-16157,-3622,-376,-242,554
16,510,1464707,-283,-16089,-3600,-385,-205,569
16,511,1464712,-385,-15904,-3493,-402,-171,584
16,512,1464717,-500,-15764,-3452,-415,-148,604
16,513,1464722,-597,-15558,-3274,-426,-134,621
16,514,1464727,-550,-15797,-3380,-435,-129,643
16,515,1464732,-494,-15945,-3583,-449,-130,667
16,516,1464737,-288,-15981,-3206,-458,-133,688
16,517,1464742,-489,-15809,-2938,-470,-163,701
16,518,1464747,-671,-15816,-3383,-472,-206,718
16,519,1464752,-886,-15788,-3526,-485,-216,739
16,520,1464757,-785,-15823,-3818,-493,-214,763
16,521,1464762,-819,-15800,-3386,-504,-196,783
16,522,1464767,-787,-15860,-3221,-516,-211,799
16,523,1464772,-891,-15861,-3226,-520,-240,815
16,524,1464777,-977,-15906,-3576,-524,-266,833
16,525,1464782,-1079,-15962,-3856,-530,-269,850
16,526,1464787,-1057,-16019,-4079,-539,-264,865
16,527,1464792,-998,-16026,-4317,-551,-239,880
16,528,1464797,-1045,-15934,-4448,-563,-200,891
16,529,1464802,-1324,-15824,-4532,-570,-145,903
16,530,1464807,-1503,-15892,-4477,-578,-79,916
16,531,1464812,-1496,-15827,-3795,-594,8,935
16,532,1464817,-1499,-15731,-3411,-599,12,947
16,533,1464822,-1584,-15769,-3295,-607,-15,954
16,534,1464827,-1595,-15844,-3295,-606,-56,969
16,535,1464832,-1618,-15916,-3450,-606,-107,980
16,536,1464837,-1549,-15919,-3686,-612,-149,990
16,537,1464842,-1509,-15939,-3991,-614,-172,999
16,538,1464847,-1584,-15916,-4332,-615,-171,1006
16,539,1464852,-1802,-15846,-4611,-621,-145,1005
16,540,1464857,-2018,-15824,-4675,-628,-102,1010
16,541,1464862,-1944,-15732,-4803,-629,-61,1015
16,542,1464867,-1611,-15630,-4447,-633,-16,1016
16,543,1464872,-1524,-15492,-4144,-632,1,1017
16,544,1464877,-1703,-15376,-3892,-632,-13,1016
16,545,1464882,-2080,-15337,-3875,-627,-60,1019
16,546,1464887,-2245,-15392,-4087,-619,-118,1020
16,547,1464892,-2274,-15426,-4353,-617,-162,1018
16,548,1464897,-2099,-15365,-4631,-611,-185,1017
16,549,1464902,-2171,-15306,-4866,-606,-180,1011
16,550,1464907,-2519,-15460,-5211,-599,-165,1002
16,551,1464912,-2671,-15469,-5472,-597,-139,993
16,552,1464917,-2494,-15373,-5533,-600,-92,985
16,553,1464922,-2352,-15382,-5266,-597,-29,971
16,554,1464927,-2471,-15417,-4917,-593,31,953
16,555,1464932,-2840,-15416,-4566,-583,53,938
16,556,1464937,-3227,-15553,-4638,-573,29,924
16,557,1464942,-3154,-15655,-4788,-572,-5,911
16,558,1464947,-2973,-15716,-4738,-569,-17,895
16,559,1464952,-2812,-15711,-4714,-558,-4,873
16,560,1464957,-2886,-15667,-4750,-548,3,851
16,561,1464962,-3157,-15775,-4983,-536,-6,830
16,562,1464967,-3157,-15790,-5232,-529,-13,809
16,563,1464972,-3031,-15831,-5057,-524,-11,785
16,564,1464977,-2922,-15869,-4789,-516,-11,764
16,565,1464982,-2953,-15893,-4711,-502,-11,743
16,566,1464987,-2995,-15836,-5040,-489,-27,718
16,567,1464992,-3041,-15688,-5297,-478,-37,693
16,568,1464997,-3055,-15686,-5357,-469,-37,669
16,569,1465002,-3054,-15756,-5368,-463,-17,643
16,570,1465007,-2888,-15743,-5393,-453,12,614
16,571,1465012,-2742,-15730,-5346,-442,50,588
16,572,1465017,-2718,-15730,-5244,-432,83,557
16,573,1465022,-2827,-15761,-5146,-420,105,527
16,574,1465027,-2949,-15776,-4924,-408,107,500
16,575,1465032,-2796,-15742,-4877,-399,104,473
16,576,1465037,-2670,-15690,-4792,-388,108,443
16,577,1465042,-2701,-15651,-4712,-374,104,417
16,578,1465047,-2709,-15573,-4747,-363,92,387
16,579,1465052,-2686,-15564,-4921,-346,75,361
16,580,1465057,-2641,-15528,-5038,-333,62,332
16,581,1465062,-2579,-15589,-4932,-320,55,303
16,582,1465067,-2701,-15648,-4966,-308,44,274
16,583,1465072,-2739,-15654,-5175,-292,33,244
16,584,1465077,-2676,-15672,-5416,-277,40,214
16,585,1465082,-2559,-15702,-5586,-263,67,185
16,586,1465087,-2589,-15762,-5449,-255,98,154
16,587,1465092,-2677,-15791,-5355,-238,120,122
16,588,1465097,-2607,-15789,-5477,-221,144,91
16,589,1465102,-2509,-15766,-5527,-207,170,60
16,590,1465107,-2506,-15712,-5356,-194,195,29
16,591,1465112,-2523,-15672,-5166,-179,207,2
16,592,1465117,-2527,-15701,-5083,-161,205,-27
16,593,1465122,-2488,-15678,-5236,-147,199,-59
16,594,1465127,-2575,-15685,-5339,-132,195,-90
16,595,1465132,-2488,-15667,-5398,-117,191,-115
16,596,1465137,-2346,-15618,-5399,-101,196,-141
16,597,1465142,-2291,-15659,-5403,-85,206,-169
16,598,1465147,-2282,-15690,-5335,-71,221,-200
16,599,1465152,-2297,-15594,-5282,-54,221,-227
16,600,1465157,-2156,-15573,-5285,-37,215,-254
16,601,1465180,-2083,-15615,-5435,43,113,-375
16,602,1465181,-2083,-15615,-5435,43,113,-375
16,603,1465181,-2083,-15615,-5435,43,113,-375
16,604,1465183,-1921,-15646,-5635,56,119,-400
16,605,1465184,-1921,-15646,-5635,56,119,-400
16,606,1465187,-1815,-15611,-5638,68,144,-429
16,607,1465192,-1918,-15507,-5664,81,174,-457
16,608,1465197,-2060,-15410,-5718,95,196,-481
16,609,1465202,-2014,-15359,-5706,110,213,-504
16,610,1465207,-1887,-15291,-5470,123,225,-524
16,611,1465212,-1802,-15282,-5127,140,223,-546
16,612,1465217,-1881,-15369,-4948,152,202,-573
16,613,1465222,-1822,-15364,-5102,169,165,-595
16,614,1465227,-1649,-15340,-5269,183,147,-613
16,615,1465232,-1345,-15348,-5310,198,146,-632
16,616,1465237,-1207,-15376,-5067,209,146,-651
16,617,1465242,-1363,-15484,-4796,221,130,-674
16,618,1465247,-1480,-15466,-4819,231,90,-697
16,619,1465252,-1539,-15372,-4991,244,54,-716
16,620,1465257,-1417,-15408,-5086,260,35,-730
16,621,1465262,-1275,-15466,-4990,269,34,-750
16,622,1465267,-1114,-15468,-5017,278,22,-769
16,623,1465272,-1071,-15268,-4830,285,10,-795
16,624,1465277,-1041,-15208,-4793,296,-9,-809
16,625,1465282,-912,-15106,-4965,308,-29,-824
16,626,1465287,-969,-14976,-4705,321,-40,-842
16,627,1465292,-1085,-14950,-4669,334,-80,-856
16,628,1465297,-1121,-15028,-4924,344,-127,-870
16,629,1465302,-1073,-15173,-5195,355,-157,-888
16,630,1465307,-1137,-15273,-5629,366,-161,-905
16,631,1465312,-1186,-15299,-5922,370,-124,-924
16,632,1465317,-937,-15212,-6057,375,-59,-947
16,633,1465322,-711,-15193,-5910,379,24,-966
16,634,1465327,-677,-15264,-5489,384,97,-988
16,635,1465332,-749,-15195,-4928,393,125,-1011
16,636,1465337,-833,-14979,-4572,406,106,-1030
16,637,1465342,-921,-14906,-4544,419,59,-1039
16,638,1465347,-966,-15159,-4468,429,17,-1048
16,639,1465352,-734,-15415,-4382,433,-34,-1057
16,640,1465357,-397,-15575,-4141,437,-82,-1071
16,641,1465362,-374,-15733,-4332,444,-125,-1089
16,642,1465367,-612,-15876,-4785,458,-137,-1105
16,643,1465372,-752,-16005,-5184,461,-119,-1119
16,644,1465377,-581,-16112,-5489,461,-77,-1136
16,645,1465382,-419,-16070,-5048,465,-11,-1156
16,646,1465387,-576,-15913,-4368,467,30,-1177
16,647,1465392,-614,-15865,-4446,476,22,-1192
16,648,1465397,-534,-15969,-4589,489,15,-1206
16,649,1465402,-536,-16115,-4410,498,1,-1222
16,650,1465407,-667,-16186,-4322,502,-38,-1237
16,651,1465412,-866,-16213,-4445,513,-79,-1249
16,652,1465417,-951,-16429,-4974,521,-104,-1262
16,653,1465422,-1019,-16752,-5662,529,-89,-1276
16,654,1465427,-1054,-17199,-5856,523,-25,-1294
16,655,1465432,-786,-17178,-5670,510,66,-1315
16,656,1465437,-159,-17014,-4887,508,187,-1334
16,657,1465442,-72,-16991,-4761,514,283,-1352
16,658,1465447,-367,-17020,-4487,531,353,-1368
16,659,1465452,-503,-16853,-3980,535,355,-1377
16,660,1465457,-45,-16821,-4081,531,300,-1383
16,661,1465462,564,-16777,-3453,534,275,-1386
16,662,1465467,752,-16687,-2943,545,243,-1390
16,663,1465472,714,-16678,-3349,560,184,-1394
16,664,1465477,394,-16829,-3949,576,124,-1389
16,665,1465482,532,-16908,-4209,571,76,-1385
16,666,1465487,1018,-16826,-4265,564,67,-1381
16,667,1465492,1379,-16752,-3551,557,110,-1377
16,668,1465497,1177,-16861,-3682,562,140,-1378
16,669,1465502,901,-16939,-3669,570,158,-1370
16,670,1465507,1177,-16927,-3703,567,137,-1355
16,671,1465512,1554,-16963,-3358,559,127,-1342
16,672,1465517,1702,-17176,-2821,550,123,-1332
16,673,1465522,1644,-17356,-2649,548,121,-1318
16,674,1465527,1669,-17335,-2819,549,118,-1303
16,675,1465532,1757,-17164,-3046,553,109,-1284
16,676,1465537,2041,-17124,-2882,544,107,-1259
16,677,1465542,4823,-18269,-8550,539,110,-1234
16,678,1465547,-32768,-9708,-32032,263,3360,-978
16,679,1465552,-32332,-9685,23794,-825,6667,-230
16,680,1465557,-6198,-13348,32767,-849,5383,764
16,681,1465562,32767,-16854,32022,-436,2524,501
16,682,1465567,20985,-20737,30278,-18,994,-234
16,683,1465572,-23518,-14815,-16886,684,-5363,-326
16,684,1465577,-32430,-14133,-32768,291,-9926,598
16,685,1465582,7868,-14311,-28702,-137,-9256,1014
16,686,1465587,32767,-18817,-20187,-561,-3559,568
16,687,1465592,11750,-18143,7236,-463,2848,-187
16,688,1465597,-19420,-14842,-25087,191,2458,-312
16,689,1465602,-30032,-14391,-16284,87,2094,100
16,690,1465607,2238,-13960,-783,-169,1288,477
16,691,1465612,26085,-15846,5988,-407,991,473
16,692,1465617,14708,-15076,23246,-397,1907,24
16,693,1465622,-15748,-14964,19461,-13,879,-35
16,694,1465627,-17848,-15007,-24654,187,-1925,245
16,695,1465632,1034,-15007,-17065,5,-1791,486
16,696,1465637,15790,-15763,-3029,-242,-1074,478
16,697,1465642,10237,-16185,2262,-324,-386,224
16,698,1465647,-5988,-15240,2783,-100,-152,87
16,699,1465652,-7961,-15244,-18473,148,-678,213
16,700,1465657,-854,-16108,-21641,82,-127,332
16,701,1465662,5695,-15705,-7628,-197,839,283
16,702,1465667,3739,-15592,7243,-335,1137,191
16,703,1465672,-317,-15203,8087,-210,565,140
16,704,1465677,-1655,-15833,-3532,59,-190,207
16,705,1465682,-195,-16135,-9078,116,-372,248
16,706,1465687,1315,-16147,-10327,-30,-306,251
16,707,1465692,948,-16043,-1901,-165,-33,230
16,708,1465697,1017,-15916,1481,-136,-114,212
16,709,1465702,1513,-16043,-3833,6,-216,208
16,710,1465707,1082,-16102,-9889,73,6,187
16,711,1465712,-117,-15983,-9896,21,309,171
16,712,1465717,-384,-15604,-4970,-70,413,182
16,713,1465722,1393,-15536,-190,-97,290,190
16,714,1465727,2725,-15830,-1059,-19,154,182
16,715,1465732,2070,-15989,-4545,57,173,153
16,716,1465737,-287,-15888,-5752,85,235,142
16,717,1465742,-881,-15757,-5189,46,153,158
16,718,1465747,1017,-15763,-3605,1,28,181
16,719,1465752,2979,-15801,-3284,3,9,175
16,720,1465757,2651,-15707,-3435,52,144,140
16,721,1465762,854,-15623,-4552,106,258,121
16,722,1465767,-62,-15591,-5552,115,272,128
16,723,1465772,923,-15523,-5304,79,242,144
16,724,1465777,2332,-15413,-3254,45,255,141
16,725,1465782,2515,-15280,-1507,58,291,122
16,726,1465787,1727,-15144,-2096,108,273,110
16,727,1465792,930,-15196,-4076,151,208,115
16,728,1465797,1027,-15346,-5056,145,143,129
16,729,1465802,1693,-15338,-4090,113,118,132
16,730,1465807,2313,-15216,-2560,100,132,124
16,731,1465812,2440,-15109,-2625,124,167,112
16,732,1465817,2095,-15100,-4030,165,224,107
16,733,1465822,1494,-15139,-4417,176,272,110
16,734,1465827,1426,-15193,-3785,159,245,116
16,735,1465832,1857,-15119,-2461,139,186,117
16,736,1465837,2269,-15069,-2060,144,143,112
16,737,1465842,2115,-15099,-2798,177,143,103
16,738,1465847,1521,-15220,-3656,203,157,103
16,739,1465852,1163,-15396,-3998,201,142,107
16,740,1465857,1557,-15375,-3654,182,116,110
16,741,1465862,2166,-15391,-3242,169,129,107
16,742,1465867,2369,-15399,-3241,182,198,96
16,743,1465872,2059,-15363,-3512,207,285,88
16,744,1465877,1599,-15338,-3822,218,324,84
16,745,1465882,1502,-15370,-3690,212,317,86
16,746,1465887,1815,-15362,-3098,197,299,90
16,747,1465892,2127,-15441,-2582,196,303,86
16,748,1465897,2091,-15443,-2495,212,317,79
16,749,1465902,1740,-15463,-2903,230,318,79
16,750,1465907,1559,-15534,-3184,234,292,81
16,751,1465912,1660,-15534,-3017,226,256,83
16,752,1465917,1546,-15968,-2397,226,226,80
16,753,1465922,1428,-16206,-2899,241,228,72
16,754,1465927,1580,-16230,-3537,246,243,63
16,755,1465932,1857,-16152,-3733,244,277,63
16,756,1465937,2074,-16092,-3455,238,320,59
16,757,1465942,2071,-16055,-2904,231,359,55
16,758,1465947,1943,-16036,-2631,238,374,53
16,759,1465952,1694,-16052,-2726,249,367,51
16,760,1465957,1543,-16098,-2712,251,341,51
16,761,1465962,1506,-16107,-2571,248,295,52
16,762,1465967,1575,-16058,-2566,246,250,49
16,763,1465972,1743,-16062,-2569,246,225,43
16,764,1465977,1832,-16070,-2856,250,220,42
16,765,1465982,1810,-16050,-3051,256,226,39
16,766,1465987,1775,-16092,-3078,251,230,36
16,767,1465992,1754,-16086,-2996,248,228,37
16,768,1465997,1688,-16080,-2817,247,231,33
16,769,1466002,1608,-16131,-2737,246,233,28
16,770,1466007,1523,-16241,-2818,253,232,28
16,771,1466012,1438,-16443,-2814,254,225,26
16,772,1466017,1420,-16645,-2875,248,213,23
16,773,1466022,1499,-16634,-2813,240,215,15
16,774,1466027,1755,-16448,-2852,238,237,9
16,775,1466032,1916,-16296,-2932,236,276,9
16,776,1466037,1986,-16262,-2933,236,314,3
16,777,1466042,1977,-16258,-2750,232,321,1
16,778,1466047,1897,-16186,-2414,228,296,0
16,779,1466052,1960,-16110,-2214,223,260,1
16,780,1466057,1995,-16027,-2165,222,228,3
16,781,1466062,2049,-15940,-2211,220,202,5
16,782,1466067,1974,-15985,-2233,222,166,9
16,783,1466072,1855,-16067,-2212,219,117,10
16,784,1466077,1834,-16105,-2208,216,58,12
16,785,1466082,1812,-16071,-2383,212,15,13
16,786,1466087,1800,-16091,-2732,213,4,13
16,787,1466092,1679,-16162,-2989,210,19,9
16,788,1466097,1634,-16200,-3040,206,31,9
16,789,1466102,1576,-16151,-3077,198,43,6
16,790,1466107,1665,-16259,-3158,191,62,1
16,791,1466112,1625,-16353,-3118,189,93,-4
16,792,1466117,1531,-16465,-2906,188,119,-6
16,793,1466122,1445,-16475,-2745,186,131,-8
16,794,1466127,1535,-16418,-2750,182,130,-12
16,795,1466132,1522,-16425,-2763,177,134,-10
16,796,1466137,1610,-16522,-2644,175,140,-8
16,797,1466142,1419,-16583,-2515,169,143,-15
16,798,1466147,1509,-16626,-2554,167,127,-17
16,799,1466152,1572,-16558,-2661,165,121,-22
16,800,1466157,1758,-16400,-2711,159,126,-22
16,801,1466162,1825,-16324,-2701,155,140,-22
16,802,1466167,1904,-16389,-2475,152,147,-25
16,803,1466172,1866,-16370,-2275,144,134,-23
16,804,1466177,1784,-16331,-2113,143,107,-21
16,805,1466182,1717,-16364,-2064,141,75,-21
16,806,1466187,1672,-16374,-2132,140,45,-20
16,807,1466192,1654,-16368,-2179,136,17,-19
16,808,1466197,1598,-16467,-2384,130,-2,-21
16,809,1466202,1623,-16531,-2529,128,-14,-21
16,810,1466207,1681,-16519,-2642,125,-11,-21
16,811,1466212,1787,-16567,-2789,121,13,-20
16,812,1466217,1697,-16583,-2777,116,48,-24
16,813,1466222,1553,-16601,-2747,113,80,-23
16,814,1466227,1474,-16610,-2666,110,99,-28
16,815,1466232,1431,-16643,-2545,102,115,-30
16,816,1466237,1545,-16654,-2382,96,128,-29
16,817,1466242,1531,-16683,-2207,94,141,-31
16,818,1466247,1515,-16731,-2157,93,148,-32
16,819,1466252,1459,-16787,-2122,91,144,-33
16,820,1466257,1420,-16834,-2151,87,125,-34
16,821,1466262,1507,-16887,-2116,83,109,-34
16,822,1466267,1530,-16929,-2009,78,89,-31
16,823,1466272,1533,-16878,-2061,79,65,-33
16,824,1466277,1541,-16894,-2138,78,44,-36
16,825,1466282,1537,-16918,-2512,75,15,-36
16,826,1466287,1565,-16861,-2621,69,21,-38
16,827,1466292,1656,-16754,-2806,68,39,-38
16,828,1466297,1750,-16653,-2826,68,70,-40
16,829,1466302,1797,-16612,-2808,68,103,-43
16,830,1466307,1694,-16591,-2645,66,122,-42
16,831,1466312,1685,-16575,-2443,61,128,-42
16,832,1466317,1677,-16581,-2296,60,131,-42
16,833,1466322,1736,-16548,-2190,60,133,-43
16,834,1466327,1817,-16475,-2139,58,133,-43
16,835,1466332,1878,-16506,-2104,59,126,-43
16,836,1466337,1855,-16548,-2000,59,110,-42
16,837,1466342,1786,-16588,-1925,53,86,-44
16,838,1466347,1723,-16678,-1864,51,69,-44
16,839,1466352,1737,-16658,-1945,51,61,-45
16,840,1466357,1785,-16565,-2037,49,66,-47
16,841,1466362,1899,-16494,-2151,45,70,-47
16,842,1466367,2001,-16421,-2134,41,71,-50
16,843,1466372,2130,-16326,-2155,38,71,-48
16,844,1466377,2164,-16234,-2108,39,74,-47
16,845,1466382,2172,-16173,-2101,37,75,-47
16,846,1466387,2131,-16098,-2070,39,69,-46
16,847,1466392,2148,-16059,-2021,36,63,-47
16,848,1466397,2122,-16012,-1913,32,58,-43
16,849,1466402,2174,-16032,-1887,31,52,-41
16,850,1466407,2238,-16021,-1819,29,43,-41
16,851,1466412,2239,-15947,-1867,25,40,-44
16,852,1466417,2208,-15854,-2001,26,42,-40
16,853,1466422,2271,-15788,-2008,24,45,-39
16,854,1466427,2356,-15748,-1848,20,46,-38
16,855,1466432,2398,-15763,-1709,17,39,-35
16,856,1466437,2351,-15832,-1687,17,28,-33
16,857,1466442,2317,-15791,-1772,18,14,-32
16,858,1466447,2316,-15710,-1891,15,6,-31
16,859,1466452,2309,-15751,-1964,14,0,-29
16,860,1466457,2304,-15862,-1889,10,-5,-25
16,861,1466462,2217,-15949,-1833,8,-5,-25
16,862,1466467,2118,-15923,-1862,7,0,-26
16,863,1466472,2078,-15910,-2047,8,7,-24
16,864,1466477,2134,-15948,-2246,7,23,-22
16,865,1466482,2121,-15884,-2119,4,43,-21
16,866,1466487,2036,-15917,-2026,-2,50,-20
16,867,1466492,2012,-16067,-1972,-2,55,-20
16,868,1466497,2009,-16130,-2091,-2,68,-20
16,869,1466502,2071,-16130,-2176,-1,88,-20
16,870,1466507,2080,-16125,-2268,-3,106,-20
16,871,1466512,1908,-16209,-2322,-4,119,-21
16,872,1466517,1662,-16306,-2496,-5,124,-19
16,873,1466522,1616,-16310,-2739,-5,143,-20
16,874,1466527,1560,-16320,-3095,-2,184,-25
16,875,1466532,1684,-16317,-3396,-1,251,-30
16,876,1466537,1790,-16282,-3645,-2,340,-36
16,877,1466542,1800,-16234,-3747,-1,432,-39
16,878,1466547,1752,-16268,-3950,-1,518,-42
16,879,1466552,1410,-16187,-3795,-1,620,-49
16,880,1466557,1844,-16075,-3969,3,715,-53
16,881,1466562,2038,-15901,-3753,1,838,-54
16,882,1466567,2194,-15794,-3578,-2,968,-60
16,883,1466572,1998,-15752,-3607,-3,1074,-69
16,884,1466577,1764,-15762,-3368,-2,1151,-70
16,885,1466582,1881,-15888,-3261,1,1194,-69
16,886,1466587,2073,-15952,-2858,5,1229,-62
16,887,1466592,2207,-15948,-2354,8,1248,-63
16,888,1466597,1948,-15922,-2152,16,1240,-65
16,889,1466602,1595,-15919,-2148,27,1215,-65
16,890,1466607,1590,-15988,-2273,35,1181,-60
16,891,1466612,1904,-16014,-2178,39,1159,-53
16,892,1466617,2337,-16017,-1866,40,1151,-50
16,893,1466622,2536,-16022,-1412,49,1130,-51
16,894,1466627,2441,-16023,-1169,57,1076,-47
16,895,1466632,2271,-15991,-1208,65,999,-38
16,896,1466637,2184,-16065,-1405,73,924,-28
16,897,1466642,2231,-16107,-1438,78,873,-25
16,898,1466647,2530,-16112,-1500,81,837,-19
16,899,1466652,2571,-15909,-1274,87,800,-11
16,900,1466657,2365,-16016,-1321,93,779,-13
16,901,1466662,2362,-16031,-1844,101,764,-7
16,902,1466667,2574,-16063,-2133,106,767,3
16,903,1466672,2633,-16016,-1596,105,776,8
16,904,1466677,2716,-15987,-1239,104,762,5
16,905,1466682,2640,-15942,-1047,109,743,10
16,906,1466687,2874,-16012,-1405,117,736,16
16,907,1466692,3007,-16106,-1259,120,739,23
16,908,1466697,3013,-16190,-679,120,718,29
16,909,1466702,2776,-16385,-94,121,653,36
16,910,1466707,2559,-16586,179,123,563,42
16,911,1466712,2422,-16629,287,128,479,47
16,912,1466717,2178,-16628,428,137,407,53
16,913,1466722,1552,-16516,1599,138,320,56
16,914,1466727,1361,-16355,1697,132,153,56
16,915,1466732,1306,-16864,1133,151,-47,74
16,916,1466737,2204,-17248,343,171,-247,89
16,917,1466742,1674,-16539,576,161,-412,83
16,918,1466747,1810,-16983,180,178,-580,84
16,919,1466752,1414,-16580,-1065,184,-693,92
16,920,1466757,1713,-16502,-1692,194,-686,86
16,921,1466762,1833,-16183,-1998,189,-625,78
16,922,1466767,2194,-15206,1,184,-547,76
16,923,1466772,2538,-15315,-346,172,-568,83
16,924,1466777,2074,-16396,-1548,214,-643,89
16,925,1466782,2721,-17035,-2756,240,-698,87
16,926,1466787,2162,-17130,-2749,216,-732,83
16,927,1466792,1829,-16948,-2058,206,-731,83
16,928,1466797,2398,-16610,-3292,219,-644,76
16,929,1466802,2434,-16395,-4081,230,-419,61
16,930,1466807,2422,-16218,-4365,225,-181,52
16,931,1466812,2399,-15956,-3534,211,3,47
16,932,1466817,2862,-15869,-3427,201,113,45
16,933,1466822,3111,-16115,-3189,200,257,32
16,934,1466827,2718,-16368,-2458,197,421,26
16,935,1466832,2258,-16405,-1566,190,551,23
16,936,1466837,1888,-16302,-1313,200,619,24
16,937,1466842,1990,-16327,-1440,208,656,21
16,938,1466847,1643,-15957,-793,197,683,12
16,939,1466852,1535,-15745,369,190,662,13
16,940,1466857,1707,-15878,1066,189,600,17
16,941,1466862,2120,-16018,1818,188,532,19
16,942,1466867,2703,-15719,3100,180,462,19
16,943,1466872,2571,-15614,3924,178,339,27
16,944,1466877,2465,-15698,3631,185,138,41
16,945,1466882,2281,-15061,4716,187,-73,54
16,946,1466887,1807,-14836,4396,177,-331,64
16,947,1466892,1958,-15406,1038,184,-583,79
16,948,1466897,3866,-15464,-179,189,-726,100
16,949,1466902,3866,-15116,1141,178,-830,100
16,950,1466907,2537,-15163,995,186,-976,87
16,951,1466912,1172,-15344,-1048,205,-1072,88
16,952,1466917,1332,-15821,-3241,223,-1006,106
16,953,1466922,2306,-15924,-4623,207,-813,108
16,954,1466927,2544,-15796,-2948,187,-594,92
16,955,1466932,2066,-15604,-1638,187,-531,74
16,956,1466937,1567,-15632,-2369,204,-546,68
16,957,1466942,1377,-15587,-3467,214,-489,68
16,958,1466947,1717,-15282,-3206,212,-333,66
16,959,1466952,2206,-15004,-1872,207,-201,63
16,960,1466957,2420,-15065,-816,205,-165,59
16,961,1466962,2554,-15171,-499,207,-213,56
16,962,1466967,2185,-14842,-681,205,-246,53
16,963,1466972,2210,-15027,-1866,221,-222,59
16,964,1466977,1824,-15981,-2519,232,-131,66
16,965,1466982,2129,-16324,-1920,214,-50,67
16,966,1466987,2376,-16325,-1119,196,-12,66
16,967,1466992,2584,-16512,-1060,204,9,61
16,968,1466997,2274,-16702,-1304,216,84,54
16,969,1467002,1795,-17000,-1221,222,156,50
16,970,1467007,1499,-17238,-1090,216,180,54
16,971,1467012,1946,-17426,-617,210,160,61
16,972,1467017,2298,-17353,-46,203,124,62
16,973,1467022,1626,-17242,231,221,32,63
16,974,1467027,1465,-17348,49,230,-28,72
16,975,1467032,1646,-17522,-216,230,-84,80
16,976,1467037,1827,-17703,-94,226,-124,81
16,977,1467042,1635,-17869,310,227,-159,79
16,978,1467047,1262,-17878,299,228,-189,77
16,979,1467052,1038,-18236,-1791,235,-185,77
16,980,1467057,1397,-18549,-2655,238,-75,78
16,981,1467062,1818,-18441,-1813,217,70,71
16,982,1467067,1895,-18239,-791,201,159,60
16,983,1467072,1613,-18172,-347,199,191,54
16,984,1467077,1334,-18061,-344,207,212,51
16,985,1467082,1321,-18132,-1267,213,247,50
16,986,1467087,1242,-18114,-1057,211,316,54
16,987,1467092,1726,-17921,-587,202,353,53
16,988,1467097,2064,-17732,-549,198,354,51
16,989,1467102,2214,-17613,-528,205,334,50
16,990,1467107,1910,-17227,-277,214,301,53
16,991,1467112,1533,-16831,-345,220,238,58
16,992,1467117,1366,-16594,-744,224,166,65
16,993,1467122,1506,-16262,-964,224,119,69
16,994,1467127,1705,-15925,-739,226,92,70
16,995,1467132,1763,-15682,-430,231,60,75
16,996,1467137,1431,-15043,1334,233,20,80
16,997,1467142,2764,-14126,2427,226,-74,82
16,998,1467147,3927,-12851,6590,205,-193,102
16,999,1467152,3962,-14261,4563,224,-485,144
